{"authorDailyContributionsMap":{"luluyousef":[{"date":"2021-08-19","commitResults":[{"hash":"661654c2e56d1a4db0cf85ef24094c24cbc4a310","messageTitle":"Greet, Echo, and Exit","messageBody":"","tags":["Level-1"],"fileTypesAndContributionMap":{"java":{"insertions":19,"deletions":6}}},{"hash":"b0037be63e6dd8226d7a75dd767bb1f5bb618cb2","messageTitle":"Add and List","messageBody":"","tags":["Level-2"],"fileTypesAndContributionMap":{"java":{"insertions":15,"deletions":6}}},{"hash":"8c89dc5fecac98c615125fe38bbe19b181fec0e2","messageTitle":"Added ability to mark tasks as done.","messageBody":"","tags":["Level-3"],"fileTypesAndContributionMap":{"java":{"insertions":36,"deletions":7}}}]},{"date":"2021-08-20","commitResults":[{"hash":"fad94ab6ee799a5ece9c51cde65b36e91d4e0814","messageTitle":"Added support for tracking todo, deadlines, and events","messageBody":"","tags":["Level-4"],"fileTypesAndContributionMap":{"java":{"insertions":77,"deletions":0}}}]},{"date":"2021-08-21","commitResults":[{"hash":"cf8150a95f38f887b516aff2bb58bb2728495616","messageTitle":" Automated Text UI Testing","messageBody":"","tags":["A-TextUITesting"],"fileTypesAndContributionMap":{"txt":{"insertions":12,"deletions":0}}},{"hash":"d66b8022a8ecf67efa12929e5732f23975ce01c3","messageTitle":" Handled user input errors","messageBody":"","tags":["Level-5"],"fileTypesAndContributionMap":{"java":{"insertions":71,"deletions":63}}},{"hash":"7b3a3eaebb104c1a5ea7dcdcab72af03a008f5e5","messageTitle":"Added deleting task from the list.","messageBody":"","tags":["Level-6"],"fileTypesAndContributionMap":{"java":{"insertions":23,"deletions":8}}}]},{"date":"2021-08-26","commitResults":[{"hash":"1385ef2de59d4c9ffe11fac5bd060758034bbe2d","messageTitle":"Complete level 7.","messageBody":"","tags":["Level-7"],"fileTypesAndContributionMap":{"java":{"insertions":153,"deletions":73}}}]},{"date":"2021-08-28","commitResults":[{"hash":"0b59ceb678466b6071693405e783c4ae0985deac","messageTitle":"Level 8","messageBody":"","fileTypesAndContributionMap":{"java":{"insertions":8,"deletions":5}}}]}]},"authorFileTypeContributionMap":{"luluyousef":{"java":241,"md":0,"fxml":0,"sh":0,"bat":0,"gradle":0,"txt":12}},"authorContributionVariance":{"luluyousef":3974.3894},"authorDisplayNameMap":{"luluyousef":"CS2103T-T11-4 YOUS..UD A"}}
