{"authorDailyContributionsMap":{"luluyousef":[{"date":"2021-08-19","commitResults":[{"hash":"661654c2e56d1a4db0cf85ef24094c24cbc4a310","messageTitle":"Greet, Echo, and Exit","messageBody":"","tags":["Level-1"],"fileTypesAndContributionMap":{"java":{"insertions":19,"deletions":6}}},{"hash":"b0037be63e6dd8226d7a75dd767bb1f5bb618cb2","messageTitle":"Add and List","messageBody":"","tags":["Level-2"],"fileTypesAndContributionMap":{"java":{"insertions":15,"deletions":6}}},{"hash":"8c89dc5fecac98c615125fe38bbe19b181fec0e2","messageTitle":"Added ability to mark tasks as done.","messageBody":"","tags":["Level-3"],"fileTypesAndContributionMap":{"java":{"insertions":36,"deletions":7}}}]},{"date":"2021-08-20","commitResults":[{"hash":"fad94ab6ee799a5ece9c51cde65b36e91d4e0814","messageTitle":"Added support for tracking todo, deadlines, and events","messageBody":"","tags":["Level-4"],"fileTypesAndContributionMap":{"java":{"insertions":77,"deletions":0}}}]},{"date":"2021-08-21","commitResults":[{"hash":"cf8150a95f38f887b516aff2bb58bb2728495616","messageTitle":" Automated Text UI Testing","messageBody":"","tags":["A-TextUITesting"],"fileTypesAndContributionMap":{"txt":{"insertions":12,"deletions":0}}},{"hash":"d66b8022a8ecf67efa12929e5732f23975ce01c3","messageTitle":" Handled user input errors","messageBody":"","tags":["Level-5"],"fileTypesAndContributionMap":{"java":{"insertions":71,"deletions":63}}},{"hash":"7b3a3eaebb104c1a5ea7dcdcab72af03a008f5e5","messageTitle":"Added deleting task from the list.","messageBody":"","tags":["Level-6"],"fileTypesAndContributionMap":{"java":{"insertions":23,"deletions":8}}}]},{"date":"2021-08-26","commitResults":[{"hash":"1385ef2de59d4c9ffe11fac5bd060758034bbe2d","messageTitle":"Complete level 7.","messageBody":"","tags":["Level-7"],"fileTypesAndContributionMap":{"java":{"insertions":153,"deletions":73}}}]},{"date":"2021-08-28","commitResults":[{"hash":"0b59ceb678466b6071693405e783c4ae0985deac","messageTitle":"Level 8","messageBody":"","tags":["Level-8"],"fileTypesAndContributionMap":{"java":{"insertions":8,"deletions":5}}}]},{"date":"2021-09-05","commitResults":[{"hash":"8a580c2ade02c6df66e7fdfd96d9990ad8a0d1c3","messageTitle":"Use More OOP","messageBody":"","tags":["A-MoreOOP"],"fileTypesAndContributionMap":{"java":{"insertions":311,"deletions":164}}},{"hash":"3658c71a2aa243a6956f9ebbe00d680aeb100797","messageTitle":"Organize into package duke","messageBody":"","tags":["A-Packages"],"fileTypesAndContributionMap":{"java":{"insertions":0,"deletions":0}}},{"hash":"aace4c929de20518b0d34c26e1292dd9f81d27ac","messageTitle":"Add JUnit tests","messageBody":"","tags":["A-JUnit"],"fileTypesAndContributionMap":{"txt":{"insertions":3,"deletions":0},"java":{"insertions":76,"deletions":2}}},{"hash":"a0d5982550b3e2fdeef55ab338a1fdc191fadf2b","messageTitle":"Package app as a JAR file","messageBody":"","tags":["A-Jar"],"fileTypesAndContributionMap":{"txt":{"insertions":1,"deletions":1},"java":{"insertions":9,"deletions":6}}},{"hash":"96f9d691f0ed7668a97bb49d6d4463b84357a778","messageTitle":"Add JavaDoc comments","messageBody":"","tags":["A-JavaDoc"],"fileTypesAndContributionMap":{"java":{"insertions":139,"deletions":4}}},{"hash":"2b3acec8ed4558b891e61596ba5768a31ccd73a3","messageTitle":"Tweak Code to comply with coding standard","messageBody":"","tags":["A-CodingStandard"],"fileTypesAndContributionMap":{"java":{"insertions":99,"deletions":92}}},{"hash":"d00efa7f248c230ab226a3569089ec841956b63e","messageTitle":"Implement Level 9","messageBody":"","tags":["Level-9"],"fileTypesAndContributionMap":{"txt":{"insertions":2,"deletions":2},"java":{"insertions":36,"deletions":0}}}]},{"date":"2021-09-06","commitResults":[{"hash":"a0ab049ea3c67f8a2da84d9b67dd1d302c54afee","messageTitle":"Automate project builds using Gradle","messageBody":"","tags":["A-Gradle"],"fileTypesAndContributionMap":{"gradle":{"insertions":1,"deletions":1},"txt":{"insertions":2,"deletions":3}}}]},{"date":"2021-09-14","commitResults":[{"hash":"53e21c57bd0424f15e6ce45d10ee009f0aa27fde","messageTitle":"Add a GUI to Duke.","messageBody":"","tags":["Level-10"],"fileTypesAndContributionMap":{"gradle":{"insertions":25,"deletions":0},"txt":{"insertions":0,"deletions":2},"java":{"insertions":301,"deletions":102}}}]}]},"authorFileTypeContributionMap":{"luluyousef":{"java":843,"md":0,"fxml":0,"sh":0,"bat":0,"gradle":26,"txt":12}},"authorContributionVariance":{"luluyousef":29019.408},"authorDisplayNameMap":{"luluyousef":"CS2103T-T11-4 YOUS..UD A"}}
