{"authorDailyContributionsMap":{"aishh12":[{"date":"2021-08-18","commitResults":[{"hash":"a89112ee9cf9c2b356b302487a991af3c7aca11e","messageTitle":"greet,echo,exit","messageBody":"","tags":["Level-1"],"fileTypesAndContributionMap":{"java":{"insertions":23,"deletions":6}}},{"hash":"23ad40bf8de68e8b3581351e36441ed11f7124f2","messageTitle":"Add,List","messageBody":"","tags":["Level-2"],"fileTypesAndContributionMap":{"java":{"insertions":30,"deletions":1}}},{"hash":"bbc6b202a55ef75c1bb875ca509af4af97219393","messageTitle":"mark task as done feature","messageBody":"","tags":["Level-3"],"fileTypesAndContributionMap":{"java":{"insertions":75,"deletions":25}}},{"hash":"ecf2fa50d7605597c757704bcbda9138251c0c27","messageTitle":"ToDos, Events, Deadlines","messageBody":"","tags":["Level-4"],"fileTypesAndContributionMap":{"java":{"insertions":76,"deletions":18}}}]},{"date":"2021-08-19","commitResults":[{"hash":"b72afc1205e47f68cf0a72eec9af2d7c82e15aea","messageTitle":"Automated Text UI Testing","messageBody":"","tags":["A-TextUiTesting"],"fileTypesAndContributionMap":{"txt":{"insertions":12,"deletions":0},"java":{"insertions":1,"deletions":6}}},{"hash":"19524cd128fc6011180c0ef2135882fa2ac9c848","messageTitle":"handle errors","messageBody":"","tags":["Level-5"],"fileTypesAndContributionMap":{"txt":{"insertions":8,"deletions":11},"java":{"insertions":74,"deletions":28}}},{"hash":"41bc8bd25e3f6eba2e23b17914f4215c9e624742","messageTitle":"add delete item feature","messageBody":"","tags":["Level-6"],"fileTypesAndContributionMap":{"txt":{"insertions":5,"deletions":6},"java":{"insertions":47,"deletions":30}}}]},{"date":"2021-08-23","commitResults":[{"hash":"0b56f1a85c87582052f300c956fc937255245eeb","messageTitle":"update to conditional statements and coding style","messageBody":"","fileTypesAndContributionMap":{"java":{"insertions":57,"deletions":50}}}]},{"date":"2021-08-24","commitResults":[{"hash":"0b3e48c7ff155cefb3675250d8707053fd277189","messageTitle":"add save feature","messageBody":"","tags":["Level-7"],"fileTypesAndContributionMap":{"txt":{"insertions":4,"deletions":4},"java":{"insertions":253,"deletions":160},"bat":{"insertions":1,"deletions":1},"sh":{"insertions":7,"deletions":1},"md":{"insertions":2,"deletions":2}}},{"hash":"30c5bcbc69cb61c027ddbbd255fb86f531e70bdd","messageTitle":"add dates and times feature","messageBody":"","tags":["Level-8"],"fileTypesAndContributionMap":{"txt":{"insertions":6,"deletions":4},"java":{"insertions":49,"deletions":27},"bat":{"insertions":1,"deletions":1},"sh":{"insertions":1,"deletions":1},"md":{"insertions":2,"deletions":2}}}]},{"date":"2021-08-25","commitResults":[{"hash":"103ff124b88de407c7070e3aee1f8645a157c62b","messageTitle":"add more OOP","messageBody":"","tags":["A-MoreOOP"],"fileTypesAndContributionMap":{"java":{"insertions":303,"deletions":223}}},{"hash":"4b08346f2c1d1ed0cad866d6958e9b2b02bd95eb","messageTitle":"add organize into packages","messageBody":"","tags":["A-Packages"],"fileTypesAndContributionMap":{"java":{"insertions":29,"deletions":1}}},{"hash":"94bfab958d38f44a1431b01b0f5de262a173d117","messageTitle":"add JUnit Tests","messageBody":"","tags":["A-JUnit"],"fileTypesAndContributionMap":{"java":{"insertions":104,"deletions":5}}}]}]},"authorFileTypeContributionMap":{"aishh12":{"java":557,"md":2,"fxml":0,"sh":7,"bat":1,"gradle":0,"txt":10}},"authorContributionVariance":{"aishh12":39000.58},"authorDisplayNameMap":{"aishh12":"CS2103T-T10-1 AISH..NAIR"}}
