{"authorDailyContributionsMap":{"markuslim24":[{"date":"2021-08-18","commitResults":[{"hash":"247342361bba0148bc4892cef46009fc2c8744d1","messageTitle":"level1-Greet,Echo,Exit","messageBody":"","tags":["Level-1"],"fileTypesAndContributionMap":{"java":{"insertions":11,"deletions":6}}},{"hash":"d53e9e8dd2eaad2b86e72647184ab9e4e3d0daa4","messageTitle":"level2-Add,List","messageBody":"","fileTypesAndContributionMap":{"java":{"insertions":18,"deletions":3}}},{"hash":"8a4199fb73736a51ecc4b1277a6bbe1bcaf8f209","messageTitle":"implemented stop message when max list size is hit","messageBody":"","tags":["Level-2"],"fileTypesAndContributionMap":{"java":{"insertions":9,"deletions":4}}},{"hash":"abb66395a3a992a4e25517a852aa951b8ef2d335","messageTitle":"Modified Task to be its own class and modified list output to show if task is completed","messageBody":"","fileTypesAndContributionMap":{"java":{"insertions":37,"deletions":4}}},{"hash":"abc4d60b1a1d30f3c7f944011df465b930b55786","messageTitle":"Implemented done keyword functionality","messageBody":"","fileTypesAndContributionMap":{"java":{"insertions":14,"deletions":8}}},{"hash":"794889daede29443a59a9711dd5ef2c6e2112e5b","messageTitle":"added deadline and event classes","messageBody":"","fileTypesAndContributionMap":{"java":{"insertions":27,"deletions":0}}},{"hash":"469bd2a9c923622386ea200f1a2f1c095662646b","messageTitle":"fixed some bugs in Level-3(single word inputs not registered)","messageBody":"","tags":["Level-3"],"fileTypesAndContributionMap":{"java":{"insertions":18,"deletions":6}}}]},{"date":"2021-08-19","commitResults":[{"hash":"0745c63aedc3610d3c816f0c155f4e03f1d381e6","messageTitle":" added Todo class and implemented todo, deadline and event keyword recognition","messageBody":"","fileTypesAndContributionMap":{"java":{"insertions":34,"deletions":12}}},{"hash":"07da89d3c96163478dd41d354249ba4c908feaa9","messageTitle":"abstracted task list into new TaskList class","messageBody":"","fileTypesAndContributionMap":{"java":{"insertions":46,"deletions":34}}},{"hash":"8df9177155566f36901180633bdb0c853bd2bbae","messageTitle":"modified message for unrecognized input","messageBody":"","tags":["Level-4"],"fileTypesAndContributionMap":{"java":{"insertions":5,"deletions":2}}},{"hash":"c4802bff938c982db81a7bd2efc63bae2b673a6b","messageTitle":"organised classes into packages and created automated testcase","messageBody":"","tags":["A-TextUiTesting"],"fileTypesAndContributionMap":{"txt":{"insertions":13,"deletions":0},"java":{"insertions":35,"deletions":19}}},{"hash":"7022d4b5bd32221492c90b184a0a8794dee0c4f7","messageTitle":"added exception handling for invalid commands, invalids command parameter and no such tasks error(when marking tasks as done)","messageBody":"","fileTypesAndContributionMap":{"java":{"insertions":85,"deletions":34}}},{"hash":"fa82c06a9e582f8fb8d992c154b6492623080706","messageTitle":"modified test case to handle new error messages","messageBody":"","tags":["Level-5"],"fileTypesAndContributionMap":{"java":{"insertions":1,"deletions":1}}},{"hash":"83e7bbe853c531e5d467317a3dd4e2290212407f","messageTitle":"updated TaskList class to use ArrayList to store tasks instead of a simple limited Task Array","messageBody":"","fileTypesAndContributionMap":{"java":{"insertions":14,"deletions":15}}},{"hash":"e57622a9625ce3e90847cdb54cddadddf277c2e2","messageTitle":"implemented delete functionality","messageBody":"","fileTypesAndContributionMap":{"java":{"insertions":23,"deletions":8}}},{"hash":"1c66a78f385fdf55bf7661401d1a7c431668477b","messageTitle":"updated test case to also test delete command","messageBody":"","tags":["Level-6"],"fileTypesAndContributionMap":{"txt":{"insertions":3,"deletions":0}}}]},{"date":"2021-08-23","commitResults":[{"hash":"54f8845a6d8ae6ce4126db5e44068e863982839b","messageTitle":"create a UI class to handle terminal input/output","messageBody":"","fileTypesAndContributionMap":{"java":{"insertions":77,"deletions":17}}},{"hash":"b18eedf5f49a14a6243721ac9ffe0c9292296351","messageTitle":"create a parser class to process user input and execute the intended action","messageBody":"","fileTypesAndContributionMap":{"java":{"insertions":126,"deletions":69}}},{"hash":"b413df0c7d1857b68b9828d377ca82df4d104e6b","messageTitle":"remove unnecessary ui package and move UI class directly to the root directory of Duke package","messageBody":"","fileTypesAndContributionMap":{"java":{"insertions":3,"deletions":4}}},{"hash":"c6ab0d4542c31e1793e265ffae6417266a5c52cf","messageTitle":"implement printError function on UI so UI handles printing of exception messages to terminal","messageBody":"","fileTypesAndContributionMap":{"java":{"insertions":7,"deletions":1}}}]},{"date":"2021-08-24","commitResults":[{"hash":"f044c63caf696c1a0292a61339126f8b0845198c","messageTitle":"create toStorageString function in tasklist to output a string version of itself for storage","messageBody":"","fileTypesAndContributionMap":{"txt":{"insertions":0,"deletions":0},"java":{"insertions":98,"deletions":22}}},{"hash":"c6325121617c19417fbdbdda535cc064deefc06d","messageTitle":"write tasklist storage string to savefile after any change to list","messageBody":"","fileTypesAndContributionMap":{"txt":{"insertions":2,"deletions":0},"java":{"insertions":33,"deletions":16}}},{"hash":"78ab8de771d1429365da564cf7c7eea6e11d7cb3","messageTitle":"read tasklist from storage","messageBody":"","fileTypesAndContributionMap":{"txt":{"insertions":0,"deletions":2},"java":{"insertions":48,"deletions":14}}},{"hash":"93b370e1cdf7554a0ecf6f7f6f97df71a054e750","messageTitle":"refactor package to follow coding standard","messageBody":"","fileTypesAndContributionMap":{"java":{"insertions":0,"deletions":0},"bat":{"insertions":1,"deletions":1}}},{"hash":"68c55e1d8e54171ac795c1cf8baa3d66d2b07c56","messageTitle":"refactor code to follow coding standard","messageBody":"","fileTypesAndContributionMap":{"java":{"insertions":102,"deletions":112},"md":{"insertions":2,"deletions":2}}},{"hash":"82cca4112885cc654ef5fc9d9ac19bee99cc1d8c","messageTitle":"implement date parsing in parser and format output of task dates","messageBody":"","fileTypesAndContributionMap":{"txt":{"insertions":4,"deletions":4},"java":{"insertions":30,"deletions":13}}},{"hash":"b2364e8dacff129b326dc96e21ddacd0bb982621","messageTitle":"add JUnit tests","messageBody":"","tags":["A-JUnit"],"fileTypesAndContributionMap":{"gradle":{"insertions":4,"deletions":4},"java":{"insertions":134,"deletions":50}}},{"hash":"7924832cd8b162a845d65c857f3fd40f5b7cc29e","messageTitle":"add javadocs for exception package","messageBody":"","fileTypesAndContributionMap":{"java":{"insertions":25,"deletions":0}}},{"hash":"165e71a384e2d74fa82e49fd93b589ab1e75715c","messageTitle":"add javadocs for main duke class","messageBody":"","fileTypesAndContributionMap":{"java":{"insertions":3,"deletions":0}}},{"hash":"8fe56324ca756d59723de78eaf2abc6e1bd093aa","messageTitle":"add javadocs for UI class","messageBody":"","fileTypesAndContributionMap":{"java":{"insertions":44,"deletions":0}}},{"hash":"33c95eefb5f2a45c02164dc12493ffbedbf9252f","messageTitle":"add javadocs for Storage class","messageBody":"","fileTypesAndContributionMap":{"java":{"insertions":15,"deletions":1}}},{"hash":"f78d3607c76c9fa98f6cca774d3ae04240455ba3","messageTitle":"add javadocs for Task package","messageBody":"","fileTypesAndContributionMap":{"java":{"insertions":107,"deletions":1}}},{"hash":"f7f4903042c7d494697669fbbf8cf7e8d02e28cc","messageTitle":"add javadocs for DukeParser class","messageBody":"","fileTypesAndContributionMap":{"java":{"insertions":45,"deletions":1}}},{"hash":"f8dc4821f34ba69fa133ab20ccde6607d4bb44ac","messageTitle":"Implement find command.","messageBody":"Find for tasks matching a specified search word and print it out as a\nlist.\n","fileTypesAndContributionMap":{"java":{"insertions":53,"deletions":3}}}]},{"date":"2021-08-30","commitResults":[{"hash":"02d1eda416deeb659c4f7ba3e37a1201ef127cb1","messageTitle":"Rename entire program to brobot","messageBody":"The program name and theme is Duke\n\nDuke is the original brownfield project name which is very unoriginal\n\nlets change the program name and messages to fit a new name: Brobot.\n","fileTypesAndContributionMap":{"java":{"insertions":65,"deletions":70},"bat":{"insertions":1,"deletions":1},"sh":{"insertions":1,"deletions":1},"md":{"insertions":2,"deletions":2}}},{"hash":"416e0155bce18bef6933e812e8743d8a85622de5","messageTitle":"Edit readme file with description of brobot","messageBody":"","tags":["A-Gradle"],"fileTypesAndContributionMap":{"gradle":{"insertions":2,"deletions":2},"md":{"insertions":50,"deletions":24}}},{"hash":"78c06d5ba6f1c6aba2e0eacc91008745f41418bf","messageTitle":"add checkstyle-IDEA plugin and configure plugin with checkstyle.xml file","messageBody":"","fileTypesAndContributionMap":{"gradle":{"insertions":1,"deletions":1}}},{"hash":"28fc439b725ca079695e162ec736d77d4a7889fa","messageTitle":"reformat code to follow checkstyle using checkstyle-IDEA plugin","messageBody":"","fileTypesAndContributionMap":{"gradle":{"insertions":4,"deletions":4},"java":{"insertions":153,"deletions":103}}},{"hash":"86ab2356c29438e6e4a42a68a1e8c6316e93380d","messageTitle":"update build.gradle file to include javafx dependancies","messageBody":"","fileTypesAndContributionMap":{"gradle":{"insertions":15,"deletions":0}}},{"hash":"de84439cc896af9db7d7963c90d6b7472f3c0f33","messageTitle":"Setup launcher and initialize application for javaFX","messageBody":"","fileTypesAndContributionMap":{"java":{"insertions":23,"deletions":1}}}]},{"date":"2021-08-31","commitResults":[{"hash":"e80c25087bc76079fd5cf30d6fcc526536be68b7","messageTitle":"add GUI mockup from tutorial","messageBody":"","fileTypesAndContributionMap":{"java":{"insertions":158,"deletions":4}}},{"hash":"46b3e11eaf36c80ce18526907a88d4e1e18264a0","messageTitle":"implement broParser into GUI to handle user input and respond correctly","messageBody":"","fileTypesAndContributionMap":{"java":{"insertions":53,"deletions":33}}},{"hash":"be61bf5f45faa22a03ba6eb43d595b3aaa437d32","messageTitle":"clip display pictures to be a circle","messageBody":"","fileTypesAndContributionMap":{"java":{"insertions":4,"deletions":0}}},{"hash":"8d9145a3acedc3d4d432a64e4ca1631924767579","messageTitle":"add padding to dialogbox","messageBody":"","fileTypesAndContributionMap":{"java":{"insertions":6,"deletions":3}}},{"hash":"24993e9b3137e11eff2b3c9ebfa22adb7207b9e5","messageTitle":"polish up javadocs comments and modify build.gradle file to use Launcher class as entry point","messageBody":"","fileTypesAndContributionMap":{"gradle":{"insertions":1,"deletions":1},"java":{"insertions":47,"deletions":37}}}]},{"date":"2021-09-06","commitResults":[{"hash":"e7357590e15fddd9e8538fa9fffc2a58ca93650c","messageTitle":"Refactor UI class functions to be more basic and reusable","messageBody":"Most functions in the UI class handle both the string formatting of\nthe text and printing it.\n\nThe GUI does not need to print the text to the terminal, it just needs\nthe text.\n\nI will separate out the print to Terminal functionality into a separate\nfunction so the main functions will only return the formatted text.\n","fileTypesAndContributionMap":{"java":{"insertions":41,"deletions":50}}},{"hash":"af4ca2bd98f9f9bc8ca994ccaf0f36f7344e868a","messageTitle":"Tasklist, Storage and Parser class: Add assertions","messageBody":"The above-mentioned classes make unchecked assumptions such as the\ntaskNUmber being more than 0 and the filePath being writable in storage\n\nShould these criterias not be checked and indeed fail, there could be serious\nbugs occuring during runtime.\n\nI will add assertions to check for the assumptions made in Tasklist,\nStorage and Parser class to ensure that the program stops if these\nassumptions are not met.\n","tags":["A-FullCommitMessage"],"fileTypesAndContributionMap":{"java":{"insertions":6,"deletions":1}}},{"hash":"039f748e8853e3692246470fa4ed0faa9f0ac0e7","messageTitle":"JUnit Tests: remove unsued test cases and refactor test classes to follow checkStyle","messageBody":"There are unused JUnit test classes and the ones that are necessary do\nnot follow the checkStyle\n\nResolving these issues will clean up the code and make it more\nreader-friendly\n\nI will remove the unused classes and refactor the test cases to follow\ncheckStyle\n","fileTypesAndContributionMap":{"java":{"insertions":13,"deletions":21}}},{"hash":"64692fe7afe97a7504e423b0fcb3b2797b0f07ea","messageTitle":"Separate main Brobot class into BrobotGui and Brobot Cli","messageBody":"","fileTypesAndContributionMap":{"java":{"insertions":39,"deletions":29}}},{"hash":"b3867dbc7eb485213833664b4035398f5eeab7f1","messageTitle":"Improve code quality in UI class","messageBody":"Some functions and variables in the UI class were not reader-friendly\n\nRefactoring the code to be more reader-friendly would improve code\nquality.\n\nI will refactor the code to make it more readable.\n","fileTypesAndContributionMap":{"java":{"insertions":24,"deletions":25}}},{"hash":"fc1c751392783f8d93b0845a0e0ab33b243df2b2","messageTitle":"improve code quality in Storage class","messageBody":"","fileTypesAndContributionMap":{"java":{"insertions":47,"deletions":31}}},{"hash":"395107bd7be57e8646f011ec3f145070178fb15b","messageTitle":"improve code quality in classes under task package","messageBody":"","fileTypesAndContributionMap":{"java":{"insertions":25,"deletions":28}}}]},{"date":"2021-09-07","commitResults":[{"hash":"57f3e74c25791fdbf1b3fc4ae56ac0a0e999ef37","messageTitle":"Update JUnit tests to to handle new exception messages for brobot","messageBody":"The current JUnit tests still test for the exception messages when it\nwas a Duke program\n\nThis change to test the new messages will fix the tests\n\nI will edit the test to ensure it is testing for the correct message\n","fileTypesAndContributionMap":{"java":{"insertions":2,"deletions":2}}},{"hash":"03ae55e2cbedc715d397c396e856dff29b2d2be1","messageTitle":"update TaskList test to handle exception messages from brobot","messageBody":"","fileTypesAndContributionMap":{"java":{"insertions":1,"deletions":1}}},{"hash":"f539c0ffe127b6022b5628f580a31c13d56d3a19","messageTitle":"Storage command: type \u0027storage\u0027 to change storage directory","messageBody":"The current storage directory is fixed to ./data and cannot be changed\nby the user.\n\nAllowing the user to change the directory will allow more flexibility\nfor the user to choose where he/she wants to store their data\n\nI will implement the storage command to open a GUI for which the user\ncan select their new save directory. The directory will be remembered\neven after the application is closed.\n","fileTypesAndContributionMap":{"txt":{"insertions":1,"deletions":0},"java":{"insertions":156,"deletions":16}}},{"hash":"108631426c459bb4e92975cdcb091be7c3a714d4","messageTitle":"Clean up code and improve code quality for storage command","messageBody":"The current implementation for storage command has missing javadoc\ncomments and messy code\n\nCleaning up the code will improve code quality and make it more readable\n\nI will package the storage classes together, clean up unnecessary code\nand input the missing javadocs\n","fileTypesAndContributionMap":{"java":{"insertions":35,"deletions":28},"md":{"insertions":3,"deletions":3}}},{"hash":"09458eddc9d7dce0ee817500d8db7b54e68d8030","messageTitle":"removed some temp directories for push to repo","messageBody":"","fileTypesAndContributionMap":{"txt":{"insertions":0,"deletions":1}}},{"hash":"b28e42954cff5bb8395a4f21150aa17dc6c9e944","messageTitle":"rearrange import statements to pass checkstyle","messageBody":"","fileTypesAndContributionMap":{"java":{"insertions":5,"deletions":5}}},{"hash":"25032e984a4b85a12945979d06b2a2c9ccca1d3f","messageTitle":"rearrange import statement again to pass checkstyle","messageBody":"","fileTypesAndContributionMap":{"java":{"insertions":1,"deletions":1}}}]},{"date":"2021-09-15","commitResults":[{"hash":"6b4f397c69eaf43c53b6a44a8ef733f07f497bc3","messageTitle":"separate formatting function from messages for cleaner GUI outputs","messageBody":"","fileTypesAndContributionMap":{"java":{"insertions":19,"deletions":11}}},{"hash":"d128d07a21b93dbc7b1ac91250f75a5e48f5137f","messageTitle":"wrap reply in text bubble and improve padding","messageBody":"","fileTypesAndContributionMap":{"java":{"insertions":15,"deletions":4}}},{"hash":"cd7905a200f3bfe066aaeb814bfb4693aabc09b4","messageTitle":"minor padding tweaks to gui","messageBody":"","tags":["A-BetterGui"],"fileTypesAndContributionMap":{"java":{"insertions":6,"deletions":0}}},{"hash":"6bbda7dee2923bcc396ea9c4313e6f7ba2ef2a0d","messageTitle":"add greeting to Gui upon first load","messageBody":"","fileTypesAndContributionMap":{"java":{"insertions":3,"deletions":0}}},{"hash":"2ae7b3bc8bb6640580c7ca6e33f50bee3e94287a","messageTitle":"remove unnecessary code in custom DialogBox class","messageBody":"","fileTypesAndContributionMap":{"java":{"insertions":0,"deletions":7}}},{"hash":"e7d6512a015f742ac888472a45254a2ad210cf29","messageTitle":"update readme","messageBody":"","fileTypesAndContributionMap":{"md":{"insertions":12,"deletions":2}}},{"hash":"9b2ff0b4d7000889232f6a85582d3333c882ed66","messageTitle":"update pages config.yml","messageBody":"","fileTypesAndContributionMap":{"md":{"insertions":1,"deletions":1}}},{"hash":"2b6d63beda6e1106596b5d32ae33f6d8d56f9150","messageTitle":"update readme","messageBody":"","fileTypesAndContributionMap":{"md":{"insertions":1,"deletions":3}}},{"hash":"fc004fde0dc171d2fa9f1d98159e322195c4caee","messageTitle":"update readme","messageBody":"","fileTypesAndContributionMap":{"md":{"insertions":4,"deletions":1}}},{"hash":"dbe4a682a67bc59d59d98bf957dee3e8171c59ca","messageTitle":"update readme","messageBody":"","fileTypesAndContributionMap":{"md":{"insertions":6,"deletions":3}}},{"hash":"848b934289043990d7fa074f10adae4d6f47b578","messageTitle":"update readme","messageBody":"","fileTypesAndContributionMap":{"md":{"insertions":0,"deletions":3}}},{"hash":"cd11e478c496f5b700d7ce509bc090f664da5198","messageTitle":"update readme","messageBody":"","fileTypesAndContributionMap":{"md":{"insertions":1,"deletions":1}}},{"hash":"30cf7307b87982f4ed5515f26c9008c975813ed0","messageTitle":"update readme","messageBody":"","fileTypesAndContributionMap":{"md":{"insertions":62,"deletions":4}}},{"hash":"7479ee93d499cd4d983c7a75c5c46ea0a1da842c","messageTitle":"update readme","messageBody":"","fileTypesAndContributionMap":{"md":{"insertions":7,"deletions":7}}},{"hash":"6b65bdfa581d1613925fce0ef61f14470d6d081d","messageTitle":"update readme","messageBody":"","fileTypesAndContributionMap":{"md":{"insertions":29,"deletions":40}}},{"hash":"b1e52e69dcdc97241bfbcf7e33109098b297d557","messageTitle":"update readme","messageBody":"","fileTypesAndContributionMap":{"md":{"insertions":1,"deletions":3}}},{"hash":"83491905880f356257cd9418dfaabbc7cdabd0f4","messageTitle":"update readme","messageBody":"","fileTypesAndContributionMap":{"md":{"insertions":1,"deletions":1}}},{"hash":"98717b41d6f8acd9d31d80e3ffa598c68bc1bc3f","messageTitle":"update readme","messageBody":"","tags":["v2.1","A-UserGuide"],"fileTypesAndContributionMap":{"md":{"insertions":1,"deletions":1}}}]},{"date":"2021-09-17","commitResults":[{"hash":"0eb901ded1f908b871eb14e6094d778db005d4f8","messageTitle":"include photo credits","messageBody":"","fileTypesAndContributionMap":{"java":{"insertions":2,"deletions":0}}}]},{"date":"2021-09-21","commitResults":[{"hash":"c53db239f50d14ee8c3a231c32259a8c00a997fa","messageTitle":"reduce photo credit line to less than 120 words","messageBody":"","tags":["v2.2"],"fileTypesAndContributionMap":{"java":{"insertions":3,"deletions":1}}}]}]},"authorFileTypeContributionMap":{"markuslim24":{"java":1296,"md":112,"fxml":0,"sh":1,"bat":1,"gradle":17,"txt":16}},"authorContributionVariance":{"markuslim24":37213.297},"authorDisplayNameMap":{"markuslim24":"CS2103T-W11-3 MARK..HENG"}}
