{"authorDailyContributionsMap":{"tanhuakun":[{"date":"2021-08-18","commitResults":[{"hash":"e1e04600de3d8d1c7afbd3e2e4266e655a1a3544","messageTitle":"Level 1, added Greet Echo Exit","messageBody":"","tags":["Level-1"],"fileTypesAndContributionMap":{"java":{"insertions":20,"deletions":0}}},{"hash":"fb0c2eda83fd9fdd597109da74454dcffa9e66f1","messageTitle":"Added Level-2 Add, List","messageBody":"","tags":["Level-2"],"fileTypesAndContributionMap":{"java":{"insertions":31,"deletions":3}}},{"hash":"384c8a2501b5faade4a112a9eade30cba5fbb9f6","messageTitle":"Added Level-3 mark as done","messageBody":"","tags":["Level-3"],"fileTypesAndContributionMap":{"java":{"insertions":45,"deletions":9}}},{"hash":"6f22bcbf60d6dd0a9d935b58bcd6d3ef4ab885af","messageTitle":"Added Level 4 Todos, events and deadlines","messageBody":"","tags":["Level-4"],"fileTypesAndContributionMap":{"java":{"insertions":79,"deletions":19}}},{"hash":"452b2cf365790f6bfda374b2849a10e010cb1dea","messageTitle":"Modified testing files","messageBody":"","tags":["A-TextUiTesting"],"fileTypesAndContributionMap":{"txt":{"insertions":10,"deletions":0},"bat":{"insertions":1,"deletions":1}}}]},{"date":"2021-08-19","commitResults":[{"hash":"d00b1285419f915f7984d4594c850d247ba681cf","messageTitle":"Added exception handling","messageBody":"","tags":["Level-5"],"fileTypesAndContributionMap":{"txt":{"insertions":5,"deletions":0},"java":{"insertions":75,"deletions":25}}},{"hash":"743eaa147f1e561ffd14a3154f16cbf19b562505","messageTitle":"Added delete function for level-6","messageBody":"","tags":["Level-6"],"fileTypesAndContributionMap":{"txt":{"insertions":2,"deletions":0},"java":{"insertions":44,"deletions":16}}}]},{"date":"2021-08-22","commitResults":[{"hash":"c19a5b319747b2233e31902e94ea7e20295a55af","messageTitle":"Added saving for Level-7","messageBody":"","tags":["Level-7"],"fileTypesAndContributionMap":{"java":{"insertions":208,"deletions":8}}},{"hash":"53c923f24d76ce4e6344c15671e82fd0c23443ba","messageTitle":"Added date-time for level-8.","messageBody":"","fileTypesAndContributionMap":{"java":{"insertions":60,"deletions":12}}},{"hash":"0b633300917ada44a50d2d44e0fbd5dc95220ccc","messageTitle":"Fixed compile error undetected during merge","messageBody":"","fileTypesAndContributionMap":{"java":{"insertions":4,"deletions":2}}}]},{"date":"2021-08-23","commitResults":[{"hash":"1a2a3cecb5316cae9388007533f950842aeac8fa","messageTitle":"Added A-MoreOOP","messageBody":"","tags":["A-MoreOOP"],"fileTypesAndContributionMap":{"java":{"insertions":336,"deletions":187}}},{"hash":"c7fd5fbf6c049f44dcde89806acc9e3a1fae22f7","messageTitle":"Created Packages","messageBody":"","tags":["A-Packages"],"fileTypesAndContributionMap":{"java":{"insertions":71,"deletions":4}}},{"hash":"8e04f8f49a6bc5a2e4ba14be8d783bee050536c3","messageTitle":"Added tests","messageBody":"","tags":["v0.1","A-JUnit"],"fileTypesAndContributionMap":{"txt":{"insertions":1,"deletions":0},"java":{"insertions":88,"deletions":0}}},{"hash":"cc2e6304a84d7fc6739c85d2a3684bc1319a352d","messageTitle":"Add A-JavaDoc requirement","messageBody":"","tags":["A-JavaDoc"],"fileTypesAndContributionMap":{"java":{"insertions":79,"deletions":34}}},{"hash":"bf9b02643966def215f74431f56f8b25c3b0ac29","messageTitle":"Format to coding standard","messageBody":"","fileTypesAndContributionMap":{"java":{"insertions":18,"deletions":18}}},{"hash":"40ba6c9608988d77dd4e84763e9ccb15e9ece5cb","messageTitle":"Add find feature","messageBody":"","fileTypesAndContributionMap":{"java":{"insertions":56,"deletions":0}}},{"hash":"c9af6922119713e117b4cce7c1437a3fdb986c82","messageTitle":"Fix compile error","messageBody":"","tags":["Level-9","A-CodingStandard"],"fileTypesAndContributionMap":{"java":{"insertions":2,"deletions":2}}}]},{"date":"2021-08-31","commitResults":[{"hash":"78481ea430f45914f8601e2eb78e17f0830978ee","messageTitle":"Fix things from previous week","messageBody":"","fileTypesAndContributionMap":{"java":{"insertions":22,"deletions":21}}},{"hash":"8e60d7711f2571c5ec028cb67677b5653c1eaf08","messageTitle":"Add Gradle and Checkstyle","messageBody":"","tags":["A-Gradle","A-CheckStyle"],"fileTypesAndContributionMap":{"gradle":{"insertions":4,"deletions":0},"txt":{"insertions":0,"deletions":0},"java":{"insertions":2,"deletions":2}}},{"hash":"b8cba7c9cd592e1518b37220f5d3338cecea7a34","messageTitle":"Add support for GUI level-10. Removed UI and exit command","messageBody":"","tags":["Level-10"],"fileTypesAndContributionMap":{"gradle":{"insertions":15,"deletions":0},"fxml":{"insertions":35,"deletions":0},"java":{"insertions":223,"deletions":126}}}]},{"date":"2021-09-04","commitResults":[{"hash":"b986c6ae88999bce79fb24521c57b0c71589bc5f","messageTitle":"Remove var declaration in dialogbox","messageBody":"","fileTypesAndContributionMap":{"java":{"insertions":1,"deletions":1}}},{"hash":"caeb4690546ab7b5f862e257405057c00348eeb7","messageTitle":"Fix some checkstyle changes","messageBody":"","fileTypesAndContributionMap":{"java":{"insertions":5,"deletions":4}}},{"hash":"526ce34d4e2b0f50d25079c89fa0b3865e0f057e","messageTitle":"Fulfill requirements for A-CodeQuality","messageBody":"Requirements state that code must adhere to code quality guidelines.\n\nMany cases of magic Strings were refactored and comments were added to\nimprove readability.\n\nThese changes were done to ensure that code is of good quality.\n\nCode quality guide can be found on CS2103 website.\n","tags":["A-FullCommitMessage"],"fileTypesAndContributionMap":{"java":{"insertions":29,"deletions":10}}}]}]},"authorFileTypeContributionMap":{"tanhuakun":{"java":1006,"md":0,"fxml":35,"sh":0,"bat":1,"gradle":19,"txt":18}},"authorContributionVariance":{"tanhuakun":37414.707},"authorDisplayNameMap":{"tanhuakun":"CS2103T-W16-4 TAN .. KUN"}}
