[{"path":"src/main/java/Deadline.java","fileType":"java","lines":[{"lineNumber":1,"author":{"gitId":"Manoharan-Ajay-Anand"},"content":"public class Deadline extends Task {","lastModifiedDate":"2021-08-18"},{"lineNumber":2,"author":{"gitId":"Manoharan-Ajay-Anand"},"content":"    private String date;","lastModifiedDate":"2021-08-18"},{"lineNumber":3,"author":{"gitId":"Manoharan-Ajay-Anand"},"content":"","lastModifiedDate":"2021-08-18"},{"lineNumber":4,"author":{"gitId":"Manoharan-Ajay-Anand"},"content":"    public Deadline(String description, String date) {","lastModifiedDate":"2021-08-18"},{"lineNumber":5,"author":{"gitId":"Manoharan-Ajay-Anand"},"content":"        super(description);","lastModifiedDate":"2021-08-18"},{"lineNumber":6,"author":{"gitId":"Manoharan-Ajay-Anand"},"content":"        this.date \u003d date;","lastModifiedDate":"2021-08-18"},{"lineNumber":7,"author":{"gitId":"Manoharan-Ajay-Anand"},"content":"    }","lastModifiedDate":"2021-08-18"},{"lineNumber":8,"author":{"gitId":"Manoharan-Ajay-Anand"},"content":"","lastModifiedDate":"2021-08-18"},{"lineNumber":9,"author":{"gitId":"Manoharan-Ajay-Anand"},"content":"    @Override","lastModifiedDate":"2021-08-18"},{"lineNumber":10,"author":{"gitId":"Manoharan-Ajay-Anand"},"content":"    public String toString() {","lastModifiedDate":"2021-08-18"},{"lineNumber":11,"author":{"gitId":"Manoharan-Ajay-Anand"},"content":"        return \"[D]\" + super.toString() + \" (by: \" + date + \")\";","lastModifiedDate":"2021-08-18"},{"lineNumber":12,"author":{"gitId":"Manoharan-Ajay-Anand"},"content":"    }","lastModifiedDate":"2021-08-18"},{"lineNumber":13,"author":{"gitId":"Manoharan-Ajay-Anand"},"content":"}","lastModifiedDate":"2021-08-18"}],"authorContributionMap":{"Manoharan-Ajay-Anand":13}},{"path":"src/main/java/Duke.java","fileType":"java","lines":[{"lineNumber":1,"author":{"gitId":"Manoharan-Ajay-Anand"},"content":"import java.util.Scanner;","lastModifiedDate":"2021-08-18"},{"lineNumber":2,"author":{"gitId":"Manoharan-Ajay-Anand"},"content":"","lastModifiedDate":"2021-08-18"},{"lineNumber":3,"author":{"gitId":"-"},"content":"public class Duke {","lastModifiedDate":"2019-07-29"},{"lineNumber":4,"author":{"gitId":"-"},"content":"    public static void main(String[] args) {","lastModifiedDate":"2019-07-29"},{"lineNumber":5,"author":{"gitId":"Manoharan-Ajay-Anand"},"content":"        System.out.println(\"Hello! This is Jarvis.\");","lastModifiedDate":"2021-08-18"},{"lineNumber":6,"author":{"gitId":"Manoharan-Ajay-Anand"},"content":"        System.out.println(\"What can I do for you sir?\");","lastModifiedDate":"2021-08-18"},{"lineNumber":7,"author":{"gitId":"Manoharan-Ajay-Anand"},"content":"        System.out.println(\"---------------------------------\");","lastModifiedDate":"2021-08-18"},{"lineNumber":8,"author":{"gitId":"Manoharan-Ajay-Anand"},"content":"        Task [] tasks \u003d new Task[100];","lastModifiedDate":"2021-08-18"},{"lineNumber":9,"author":{"gitId":"Manoharan-Ajay-Anand"},"content":"        int taskIndex \u003d 0;","lastModifiedDate":"2021-08-18"},{"lineNumber":10,"author":{"gitId":"Manoharan-Ajay-Anand"},"content":"        Scanner sc \u003d new Scanner(System.in);","lastModifiedDate":"2021-08-18"},{"lineNumber":11,"author":{"gitId":"Manoharan-Ajay-Anand"},"content":"        while (true) {","lastModifiedDate":"2021-08-18"},{"lineNumber":12,"author":{"gitId":"Manoharan-Ajay-Anand"},"content":"            String taskDescription \u003d sc.nextLine();","lastModifiedDate":"2021-08-18"},{"lineNumber":13,"author":{"gitId":"Manoharan-Ajay-Anand"},"content":"            if (taskDescription.equals(\"bye\")) {","lastModifiedDate":"2021-08-18"},{"lineNumber":14,"author":{"gitId":"Manoharan-Ajay-Anand"},"content":"                System.out.println(\"---------------------------------\");","lastModifiedDate":"2021-08-18"},{"lineNumber":15,"author":{"gitId":"Manoharan-Ajay-Anand"},"content":"                System.out.println(\"Goodbye Sir. Hope you have a pleasant day sir.\");","lastModifiedDate":"2021-08-18"},{"lineNumber":16,"author":{"gitId":"Manoharan-Ajay-Anand"},"content":"                System.out.println(\"---------------------------------\");","lastModifiedDate":"2021-08-18"},{"lineNumber":17,"author":{"gitId":"Manoharan-Ajay-Anand"},"content":"                break;","lastModifiedDate":"2021-08-18"},{"lineNumber":18,"author":{"gitId":"Manoharan-Ajay-Anand"},"content":"            } else if (taskDescription.equals(\"list\")) {","lastModifiedDate":"2021-08-18"},{"lineNumber":19,"author":{"gitId":"Manoharan-Ajay-Anand"},"content":"                System.out.println(\"---------------------------------\");","lastModifiedDate":"2021-08-18"},{"lineNumber":20,"author":{"gitId":"Manoharan-Ajay-Anand"},"content":"                System.out.println(\"Here are the tasks in your list:\");","lastModifiedDate":"2021-08-18"},{"lineNumber":21,"author":{"gitId":"Manoharan-Ajay-Anand"},"content":"                for (int i \u003d 0; i \u003c taskIndex; i++) {","lastModifiedDate":"2021-08-18"},{"lineNumber":22,"author":{"gitId":"Manoharan-Ajay-Anand"},"content":"                    Task task \u003d tasks[i];","lastModifiedDate":"2021-08-18"},{"lineNumber":23,"author":{"gitId":"Manoharan-Ajay-Anand"},"content":"                    System.out.printf(\"%d. %s%n\", i + 1, task);","lastModifiedDate":"2021-08-18"},{"lineNumber":24,"author":{"gitId":"Manoharan-Ajay-Anand"},"content":"                }","lastModifiedDate":"2021-08-18"},{"lineNumber":25,"author":{"gitId":"Manoharan-Ajay-Anand"},"content":"                System.out.println(\"---------------------------------\");","lastModifiedDate":"2021-08-18"},{"lineNumber":26,"author":{"gitId":"Manoharan-Ajay-Anand"},"content":"            } else if (taskDescription.startsWith(\"done \")) {","lastModifiedDate":"2021-08-18"},{"lineNumber":27,"author":{"gitId":"Manoharan-Ajay-Anand"},"content":"                int serialNum \u003d Integer.parseInt(taskDescription.split(\" \")[1]);","lastModifiedDate":"2021-08-18"},{"lineNumber":28,"author":{"gitId":"Manoharan-Ajay-Anand"},"content":"                Task task \u003d tasks[serialNum - 1];","lastModifiedDate":"2021-08-18"},{"lineNumber":29,"author":{"gitId":"Manoharan-Ajay-Anand"},"content":"                task.markAsDone();","lastModifiedDate":"2021-08-18"},{"lineNumber":30,"author":{"gitId":"Manoharan-Ajay-Anand"},"content":"                System.out.println(\"---------------------------------\");","lastModifiedDate":"2021-08-18"},{"lineNumber":31,"author":{"gitId":"Manoharan-Ajay-Anand"},"content":"                System.out.println(\"I have marked this task as done\");","lastModifiedDate":"2021-08-18"},{"lineNumber":32,"author":{"gitId":"Manoharan-Ajay-Anand"},"content":"                System.out.printf(\"[%s] %s%n\", task.getStatusIcon(), task.getDescription());","lastModifiedDate":"2021-08-18"},{"lineNumber":33,"author":{"gitId":"Manoharan-Ajay-Anand"},"content":"                System.out.println(\"---------------------------------\");","lastModifiedDate":"2021-08-18"},{"lineNumber":34,"author":{"gitId":"Manoharan-Ajay-Anand"},"content":"            } else if (taskDescription.startsWith(\"deadline \")) {","lastModifiedDate":"2021-08-18"},{"lineNumber":35,"author":{"gitId":"Manoharan-Ajay-Anand"},"content":"                String [] splitText \u003d taskDescription.split(\" \");","lastModifiedDate":"2021-08-18"},{"lineNumber":36,"author":{"gitId":"Manoharan-Ajay-Anand"},"content":"                String description \u003d \"\";","lastModifiedDate":"2021-08-18"},{"lineNumber":37,"author":{"gitId":"Manoharan-Ajay-Anand"},"content":"                StringBuilder sb \u003d new StringBuilder();","lastModifiedDate":"2021-08-18"},{"lineNumber":38,"author":{"gitId":"Manoharan-Ajay-Anand"},"content":"                for (int i \u003d 1; i \u003c splitText.length; i++) {","lastModifiedDate":"2021-08-18"},{"lineNumber":39,"author":{"gitId":"Manoharan-Ajay-Anand"},"content":"                    if (splitText[i].equals(\"/by\")) {","lastModifiedDate":"2021-08-18"},{"lineNumber":40,"author":{"gitId":"Manoharan-Ajay-Anand"},"content":"                        description \u003d sb.toString().trim();","lastModifiedDate":"2021-08-18"},{"lineNumber":41,"author":{"gitId":"Manoharan-Ajay-Anand"},"content":"                        sb \u003d new StringBuilder();","lastModifiedDate":"2021-08-18"},{"lineNumber":42,"author":{"gitId":"Manoharan-Ajay-Anand"},"content":"                    } else {","lastModifiedDate":"2021-08-18"},{"lineNumber":43,"author":{"gitId":"Manoharan-Ajay-Anand"},"content":"                        sb.append(splitText[i]).append(\" \");","lastModifiedDate":"2021-08-18"},{"lineNumber":44,"author":{"gitId":"Manoharan-Ajay-Anand"},"content":"                    }","lastModifiedDate":"2021-08-18"},{"lineNumber":45,"author":{"gitId":"Manoharan-Ajay-Anand"},"content":"                }","lastModifiedDate":"2021-08-18"},{"lineNumber":46,"author":{"gitId":"Manoharan-Ajay-Anand"},"content":"                String date \u003d sb.toString().trim();","lastModifiedDate":"2021-08-18"},{"lineNumber":47,"author":{"gitId":"Manoharan-Ajay-Anand"},"content":"                Task task \u003d new Deadline(description, date);","lastModifiedDate":"2021-08-18"},{"lineNumber":48,"author":{"gitId":"Manoharan-Ajay-Anand"},"content":"                tasks[taskIndex] \u003d task;","lastModifiedDate":"2021-08-18"},{"lineNumber":49,"author":{"gitId":"Manoharan-Ajay-Anand"},"content":"                taskIndex++;","lastModifiedDate":"2021-08-18"},{"lineNumber":50,"author":{"gitId":"Manoharan-Ajay-Anand"},"content":"                System.out.println(\"---------------------------------\");","lastModifiedDate":"2021-08-18"},{"lineNumber":51,"author":{"gitId":"Manoharan-Ajay-Anand"},"content":"                System.out.println(\"I have added this task: \");","lastModifiedDate":"2021-08-18"},{"lineNumber":52,"author":{"gitId":"Manoharan-Ajay-Anand"},"content":"                System.out.println(task.toString());","lastModifiedDate":"2021-08-18"},{"lineNumber":53,"author":{"gitId":"Manoharan-Ajay-Anand"},"content":"                System.out.printf(\"Now you have %d tasks.%n\", taskIndex);","lastModifiedDate":"2021-08-18"},{"lineNumber":54,"author":{"gitId":"Manoharan-Ajay-Anand"},"content":"                System.out.println(\"---------------------------------\");","lastModifiedDate":"2021-08-18"},{"lineNumber":55,"author":{"gitId":"Manoharan-Ajay-Anand"},"content":"            } else if (taskDescription.startsWith(\"event \")) {","lastModifiedDate":"2021-08-18"},{"lineNumber":56,"author":{"gitId":"Manoharan-Ajay-Anand"},"content":"                String [] splitText \u003d taskDescription.split(\" \");","lastModifiedDate":"2021-08-18"},{"lineNumber":57,"author":{"gitId":"Manoharan-Ajay-Anand"},"content":"                String description \u003d \"\";","lastModifiedDate":"2021-08-18"},{"lineNumber":58,"author":{"gitId":"Manoharan-Ajay-Anand"},"content":"                StringBuilder sb \u003d new StringBuilder();","lastModifiedDate":"2021-08-18"},{"lineNumber":59,"author":{"gitId":"Manoharan-Ajay-Anand"},"content":"                for (int i \u003d 1; i \u003c splitText.length; i++) {","lastModifiedDate":"2021-08-18"},{"lineNumber":60,"author":{"gitId":"Manoharan-Ajay-Anand"},"content":"                    if (splitText[i].equals(\"/at\")) {","lastModifiedDate":"2021-08-18"},{"lineNumber":61,"author":{"gitId":"Manoharan-Ajay-Anand"},"content":"                        description \u003d sb.toString().trim();","lastModifiedDate":"2021-08-18"},{"lineNumber":62,"author":{"gitId":"Manoharan-Ajay-Anand"},"content":"                        sb \u003d new StringBuilder();","lastModifiedDate":"2021-08-18"},{"lineNumber":63,"author":{"gitId":"Manoharan-Ajay-Anand"},"content":"                    } else {","lastModifiedDate":"2021-08-18"},{"lineNumber":64,"author":{"gitId":"Manoharan-Ajay-Anand"},"content":"                        sb.append(splitText[i]).append(\" \");","lastModifiedDate":"2021-08-18"},{"lineNumber":65,"author":{"gitId":"Manoharan-Ajay-Anand"},"content":"                    }","lastModifiedDate":"2021-08-18"},{"lineNumber":66,"author":{"gitId":"Manoharan-Ajay-Anand"},"content":"                }","lastModifiedDate":"2021-08-18"},{"lineNumber":67,"author":{"gitId":"Manoharan-Ajay-Anand"},"content":"                String date \u003d sb.toString().trim();","lastModifiedDate":"2021-08-18"},{"lineNumber":68,"author":{"gitId":"Manoharan-Ajay-Anand"},"content":"                Task task \u003d new Event(description, date);","lastModifiedDate":"2021-08-18"},{"lineNumber":69,"author":{"gitId":"Manoharan-Ajay-Anand"},"content":"                tasks[taskIndex] \u003d task;","lastModifiedDate":"2021-08-18"},{"lineNumber":70,"author":{"gitId":"Manoharan-Ajay-Anand"},"content":"                taskIndex++;","lastModifiedDate":"2021-08-18"},{"lineNumber":71,"author":{"gitId":"Manoharan-Ajay-Anand"},"content":"                System.out.println(\"---------------------------------\");","lastModifiedDate":"2021-08-18"},{"lineNumber":72,"author":{"gitId":"Manoharan-Ajay-Anand"},"content":"                System.out.println(\"I have added this task: \");","lastModifiedDate":"2021-08-18"},{"lineNumber":73,"author":{"gitId":"Manoharan-Ajay-Anand"},"content":"                System.out.println(task.toString());","lastModifiedDate":"2021-08-18"},{"lineNumber":74,"author":{"gitId":"Manoharan-Ajay-Anand"},"content":"                System.out.printf(\"Now you have %d tasks.%n\", taskIndex);","lastModifiedDate":"2021-08-18"},{"lineNumber":75,"author":{"gitId":"Manoharan-Ajay-Anand"},"content":"                System.out.println(\"---------------------------------\");","lastModifiedDate":"2021-08-18"},{"lineNumber":76,"author":{"gitId":"Manoharan-Ajay-Anand"},"content":"            } else if (taskDescription.startsWith(\"todo \")){","lastModifiedDate":"2021-08-18"},{"lineNumber":77,"author":{"gitId":"Manoharan-Ajay-Anand"},"content":"                String [] splitText \u003d taskDescription.split(\" \");","lastModifiedDate":"2021-08-18"},{"lineNumber":78,"author":{"gitId":"Manoharan-Ajay-Anand"},"content":"                StringBuilder sb \u003d new StringBuilder();","lastModifiedDate":"2021-08-18"},{"lineNumber":79,"author":{"gitId":"Manoharan-Ajay-Anand"},"content":"                for (int i \u003d 1; i \u003c splitText.length; i++) {","lastModifiedDate":"2021-08-18"},{"lineNumber":80,"author":{"gitId":"Manoharan-Ajay-Anand"},"content":"                    sb.append(splitText[i]).append(\" \");","lastModifiedDate":"2021-08-18"},{"lineNumber":81,"author":{"gitId":"Manoharan-Ajay-Anand"},"content":"                }","lastModifiedDate":"2021-08-18"},{"lineNumber":82,"author":{"gitId":"Manoharan-Ajay-Anand"},"content":"                Task task \u003d new ToDo(sb.toString().trim());","lastModifiedDate":"2021-08-18"},{"lineNumber":83,"author":{"gitId":"Manoharan-Ajay-Anand"},"content":"                tasks[taskIndex] \u003d task;","lastModifiedDate":"2021-08-18"},{"lineNumber":84,"author":{"gitId":"Manoharan-Ajay-Anand"},"content":"                taskIndex++;","lastModifiedDate":"2021-08-18"},{"lineNumber":85,"author":{"gitId":"Manoharan-Ajay-Anand"},"content":"                System.out.println(\"---------------------------------\");","lastModifiedDate":"2021-08-18"},{"lineNumber":86,"author":{"gitId":"Manoharan-Ajay-Anand"},"content":"                System.out.println(\"I have added this task: \");","lastModifiedDate":"2021-08-18"},{"lineNumber":87,"author":{"gitId":"Manoharan-Ajay-Anand"},"content":"                System.out.println(task.toString());","lastModifiedDate":"2021-08-18"},{"lineNumber":88,"author":{"gitId":"Manoharan-Ajay-Anand"},"content":"                System.out.printf(\"Now you have %d tasks.%n\", taskIndex);","lastModifiedDate":"2021-08-18"},{"lineNumber":89,"author":{"gitId":"Manoharan-Ajay-Anand"},"content":"                System.out.println(\"---------------------------------\");","lastModifiedDate":"2021-08-18"},{"lineNumber":90,"author":{"gitId":"Manoharan-Ajay-Anand"},"content":"            }","lastModifiedDate":"2021-08-18"},{"lineNumber":91,"author":{"gitId":"Manoharan-Ajay-Anand"},"content":"        }","lastModifiedDate":"2021-08-18"},{"lineNumber":92,"author":{"gitId":"Manoharan-Ajay-Anand"},"content":"        sc.close();","lastModifiedDate":"2021-08-18"},{"lineNumber":93,"author":{"gitId":"-"},"content":"    }","lastModifiedDate":"2019-07-29"},{"lineNumber":94,"author":{"gitId":"-"},"content":"}","lastModifiedDate":"2019-07-29"}],"authorContributionMap":{"Manoharan-Ajay-Anand":90,"-":4}},{"path":"src/main/java/Event.java","fileType":"java","lines":[{"lineNumber":1,"author":{"gitId":"Manoharan-Ajay-Anand"},"content":"public class Event extends Task {","lastModifiedDate":"2021-08-18"},{"lineNumber":2,"author":{"gitId":"Manoharan-Ajay-Anand"},"content":"    private String date;","lastModifiedDate":"2021-08-18"},{"lineNumber":3,"author":{"gitId":"Manoharan-Ajay-Anand"},"content":"","lastModifiedDate":"2021-08-18"},{"lineNumber":4,"author":{"gitId":"Manoharan-Ajay-Anand"},"content":"    public Event(String description, String date) {","lastModifiedDate":"2021-08-18"},{"lineNumber":5,"author":{"gitId":"Manoharan-Ajay-Anand"},"content":"        super(description);","lastModifiedDate":"2021-08-18"},{"lineNumber":6,"author":{"gitId":"Manoharan-Ajay-Anand"},"content":"        this.date \u003d date;","lastModifiedDate":"2021-08-18"},{"lineNumber":7,"author":{"gitId":"Manoharan-Ajay-Anand"},"content":"    }","lastModifiedDate":"2021-08-18"},{"lineNumber":8,"author":{"gitId":"Manoharan-Ajay-Anand"},"content":"","lastModifiedDate":"2021-08-18"},{"lineNumber":9,"author":{"gitId":"Manoharan-Ajay-Anand"},"content":"    @Override","lastModifiedDate":"2021-08-18"},{"lineNumber":10,"author":{"gitId":"Manoharan-Ajay-Anand"},"content":"    public String toString() {","lastModifiedDate":"2021-08-18"},{"lineNumber":11,"author":{"gitId":"Manoharan-Ajay-Anand"},"content":"        return \"[E]\" + super.toString() + \" (at: \" + date + \")\";","lastModifiedDate":"2021-08-18"},{"lineNumber":12,"author":{"gitId":"Manoharan-Ajay-Anand"},"content":"    }","lastModifiedDate":"2021-08-18"},{"lineNumber":13,"author":{"gitId":"Manoharan-Ajay-Anand"},"content":"}","lastModifiedDate":"2021-08-18"}],"authorContributionMap":{"Manoharan-Ajay-Anand":13}},{"path":"src/main/java/Task.java","fileType":"java","lines":[{"lineNumber":1,"author":{"gitId":"Manoharan-Ajay-Anand"},"content":"public class Task {","lastModifiedDate":"2021-08-18"},{"lineNumber":2,"author":{"gitId":"Manoharan-Ajay-Anand"},"content":"    protected String description;","lastModifiedDate":"2021-08-18"},{"lineNumber":3,"author":{"gitId":"Manoharan-Ajay-Anand"},"content":"    protected boolean isDone;","lastModifiedDate":"2021-08-18"},{"lineNumber":4,"author":{"gitId":"Manoharan-Ajay-Anand"},"content":"","lastModifiedDate":"2021-08-18"},{"lineNumber":5,"author":{"gitId":"Manoharan-Ajay-Anand"},"content":"    public Task(String description) {","lastModifiedDate":"2021-08-18"},{"lineNumber":6,"author":{"gitId":"Manoharan-Ajay-Anand"},"content":"        this.description \u003d description;","lastModifiedDate":"2021-08-18"},{"lineNumber":7,"author":{"gitId":"Manoharan-Ajay-Anand"},"content":"        this.isDone \u003d false;","lastModifiedDate":"2021-08-18"},{"lineNumber":8,"author":{"gitId":"Manoharan-Ajay-Anand"},"content":"    }","lastModifiedDate":"2021-08-18"},{"lineNumber":9,"author":{"gitId":"Manoharan-Ajay-Anand"},"content":"","lastModifiedDate":"2021-08-18"},{"lineNumber":10,"author":{"gitId":"Manoharan-Ajay-Anand"},"content":"    public String getDescription() {","lastModifiedDate":"2021-08-18"},{"lineNumber":11,"author":{"gitId":"Manoharan-Ajay-Anand"},"content":"        return this.description;","lastModifiedDate":"2021-08-18"},{"lineNumber":12,"author":{"gitId":"Manoharan-Ajay-Anand"},"content":"    }","lastModifiedDate":"2021-08-18"},{"lineNumber":13,"author":{"gitId":"Manoharan-Ajay-Anand"},"content":"","lastModifiedDate":"2021-08-18"},{"lineNumber":14,"author":{"gitId":"Manoharan-Ajay-Anand"},"content":"    public void markAsDone() {","lastModifiedDate":"2021-08-18"},{"lineNumber":15,"author":{"gitId":"Manoharan-Ajay-Anand"},"content":"        this.isDone \u003d true;","lastModifiedDate":"2021-08-18"},{"lineNumber":16,"author":{"gitId":"Manoharan-Ajay-Anand"},"content":"    }","lastModifiedDate":"2021-08-18"},{"lineNumber":17,"author":{"gitId":"Manoharan-Ajay-Anand"},"content":"","lastModifiedDate":"2021-08-18"},{"lineNumber":18,"author":{"gitId":"Manoharan-Ajay-Anand"},"content":"    public String getStatusIcon() {","lastModifiedDate":"2021-08-18"},{"lineNumber":19,"author":{"gitId":"Manoharan-Ajay-Anand"},"content":"        return isDone ? \"X\" : \" \";","lastModifiedDate":"2021-08-18"},{"lineNumber":20,"author":{"gitId":"Manoharan-Ajay-Anand"},"content":"    }","lastModifiedDate":"2021-08-18"},{"lineNumber":21,"author":{"gitId":"Manoharan-Ajay-Anand"},"content":"","lastModifiedDate":"2021-08-18"},{"lineNumber":22,"author":{"gitId":"Manoharan-Ajay-Anand"},"content":"    @Override","lastModifiedDate":"2021-08-18"},{"lineNumber":23,"author":{"gitId":"Manoharan-Ajay-Anand"},"content":"    public String toString() {","lastModifiedDate":"2021-08-18"},{"lineNumber":24,"author":{"gitId":"Manoharan-Ajay-Anand"},"content":"        return String.format(\"[%s] %s\", getStatusIcon(), getDescription());","lastModifiedDate":"2021-08-18"},{"lineNumber":25,"author":{"gitId":"Manoharan-Ajay-Anand"},"content":"    }","lastModifiedDate":"2021-08-18"},{"lineNumber":26,"author":{"gitId":"Manoharan-Ajay-Anand"},"content":"}","lastModifiedDate":"2021-08-18"}],"authorContributionMap":{"Manoharan-Ajay-Anand":26}},{"path":"src/main/java/ToDo.java","fileType":"java","lines":[{"lineNumber":1,"author":{"gitId":"Manoharan-Ajay-Anand"},"content":"public class ToDo extends Task {","lastModifiedDate":"2021-08-18"},{"lineNumber":2,"author":{"gitId":"Manoharan-Ajay-Anand"},"content":"    public ToDo(String description) {","lastModifiedDate":"2021-08-18"},{"lineNumber":3,"author":{"gitId":"Manoharan-Ajay-Anand"},"content":"        super(description);","lastModifiedDate":"2021-08-18"},{"lineNumber":4,"author":{"gitId":"Manoharan-Ajay-Anand"},"content":"    }","lastModifiedDate":"2021-08-18"},{"lineNumber":5,"author":{"gitId":"Manoharan-Ajay-Anand"},"content":"","lastModifiedDate":"2021-08-18"},{"lineNumber":6,"author":{"gitId":"Manoharan-Ajay-Anand"},"content":"    @Override","lastModifiedDate":"2021-08-18"},{"lineNumber":7,"author":{"gitId":"Manoharan-Ajay-Anand"},"content":"    public String toString() {","lastModifiedDate":"2021-08-18"},{"lineNumber":8,"author":{"gitId":"Manoharan-Ajay-Anand"},"content":"        return \"[T]\" + super.toString();","lastModifiedDate":"2021-08-18"},{"lineNumber":9,"author":{"gitId":"Manoharan-Ajay-Anand"},"content":"    }","lastModifiedDate":"2021-08-18"},{"lineNumber":10,"author":{"gitId":"Manoharan-Ajay-Anand"},"content":"}","lastModifiedDate":"2021-08-18"}],"authorContributionMap":{"Manoharan-Ajay-Anand":10}}]
