{"authorDailyContributionsMap":{"LeopardMerkava":[{"date":"2021-08-17","commitResults":[{"hash":"314c21aaaaf7ad07f27637c0b984d966f79aec38","messageTitle":"Set Level 1. Added Greeting, Echo, and Exit","messageBody":"","tags":["Level-1"],"fileTypesAndContributionMap":{"java":{"insertions":29,"deletions":1}}},{"hash":"ba89a4c626551585ab52873a5cb87b99a02e5d7f","messageTitle":"Change horizontal line to constant","messageBody":"","fileTypesAndContributionMap":{"java":{"insertions":4,"deletions":2}}},{"hash":"f41062838fc8ac4fcd13aa4adf2b656ddfc03736","messageTitle":"Add ability to store input text into a list and display the list","messageBody":"","tags":["Level-2"],"fileTypesAndContributionMap":{"java":{"insertions":15,"deletions":4}}},{"hash":"e2f9b1a7eae5de655ae367ad019cf4e01972c5d6","messageTitle":"Add Task class, Add support for marking task as done","messageBody":"","tags":["Level-3"],"fileTypesAndContributionMap":{"java":{"insertions":52,"deletions":13}}},{"hash":"8e39086b1d15811174df9937f5efb1696500cc29","messageTitle":"Add Deadline, Event, ToDo. Add support for adding deadlines and time.","messageBody":"","tags":["Level-4"],"fileTypesAndContributionMap":{"java":{"insertions":74,"deletions":19}}},{"hash":"6c5f2225e40b64c94aa74643749ff72de58a8c02","messageTitle":"Add Ai Testing, Fix bug on print","messageBody":"","tags":["A-TextUiTesting"],"fileTypesAndContributionMap":{"txt":{"insertions":10,"deletions":0},"java":{"insertions":19,"deletions":13}}}]},{"date":"2021-08-18","commitResults":[{"hash":"562c7fdf9cdf6016349f86ace0464dcd34794fdb","messageTitle":"Add DukeExceptions, Handle most exceptions, Update Expected","messageBody":"","tags":["Level-5"],"fileTypesAndContributionMap":{"txt":{"insertions":13,"deletions":1},"java":{"insertions":109,"deletions":45}}},{"hash":"bb6119ff9cfe0d0706ef2ab5df7ba5800d3c84a9","messageTitle":"Add delete command","messageBody":"","tags":["Level-6"],"fileTypesAndContributionMap":{"java":{"insertions":14,"deletions":0}}}]},{"date":"2021-08-19","commitResults":[{"hash":"2233c6227021f30b1793adf2376f10d586600e0f","messageTitle":"Move constant and variable out of main","messageBody":"Done to make the main code more readable\n","tags":["A-Enums"],"fileTypesAndContributionMap":{"java":{"insertions":14,"deletions":13}}},{"hash":"1fab44449d4f39332ac3b30ec5ed46d6dd131191","messageTitle":"Fix bug, split processing to different functions, overhaul command detect","messageBody":"This step is important as it makes the code much more readable\n","fileTypesAndContributionMap":{"txt":{"insertions":3,"deletions":0},"java":{"insertions":183,"deletions":112}}}]}]},"authorFileTypeContributionMap":{"LeopardMerkava":{"java":293,"md":0,"fxml":0,"sh":0,"bat":0,"gradle":0,"txt":25}},"authorContributionVariance":{"LeopardMerkava":13726.197},"authorDisplayNameMap":{"LeopardMerkava":"ANDR..RUCH"}}
