[{"path":"src/main/java/Deadlines.java","fileType":"java","lines":[{"lineNumber":1,"author":{"gitId":"HangZelin"},"content":"public class Deadlines extends Task{","lastModifiedDate":"2021-08-17"},{"lineNumber":2,"author":{"gitId":"HangZelin"},"content":"","lastModifiedDate":"2021-08-17"},{"lineNumber":3,"author":{"gitId":"HangZelin"},"content":"    private boolean done \u003d false;","lastModifiedDate":"2021-08-17"},{"lineNumber":4,"author":{"gitId":"HangZelin"},"content":"    private String task \u003d \"\";","lastModifiedDate":"2021-08-17"},{"lineNumber":5,"author":{"gitId":"HangZelin"},"content":"    private String time \u003d \"\";","lastModifiedDate":"2021-08-17"},{"lineNumber":6,"author":{"gitId":"HangZelin"},"content":"","lastModifiedDate":"2021-08-17"},{"lineNumber":7,"author":{"gitId":"HangZelin"},"content":"    public Deadlines(boolean done, String task, String time) {","lastModifiedDate":"2021-08-17"},{"lineNumber":8,"author":{"gitId":"HangZelin"},"content":"        super(done, task);","lastModifiedDate":"2021-08-17"},{"lineNumber":9,"author":{"gitId":"HangZelin"},"content":"        this.done \u003d done;","lastModifiedDate":"2021-08-17"},{"lineNumber":10,"author":{"gitId":"HangZelin"},"content":"        this.task \u003d task;","lastModifiedDate":"2021-08-17"},{"lineNumber":11,"author":{"gitId":"HangZelin"},"content":"        this.time \u003d time;","lastModifiedDate":"2021-08-17"},{"lineNumber":12,"author":{"gitId":"HangZelin"},"content":"    }","lastModifiedDate":"2021-08-17"},{"lineNumber":13,"author":{"gitId":"HangZelin"},"content":"","lastModifiedDate":"2021-08-17"},{"lineNumber":14,"author":{"gitId":"HangZelin"},"content":"    @Override","lastModifiedDate":"2021-08-17"},{"lineNumber":15,"author":{"gitId":"HangZelin"},"content":"    public String PrintTaskInfo() {","lastModifiedDate":"2021-08-17"},{"lineNumber":16,"author":{"gitId":"HangZelin"},"content":"        String done_str \u003d \"\";","lastModifiedDate":"2021-08-17"},{"lineNumber":17,"author":{"gitId":"HangZelin"},"content":"        if (!this.done) {","lastModifiedDate":"2021-08-17"},{"lineNumber":18,"author":{"gitId":"HangZelin"},"content":"            done_str \u003d \" \";","lastModifiedDate":"2021-08-17"},{"lineNumber":19,"author":{"gitId":"HangZelin"},"content":"        } else {","lastModifiedDate":"2021-08-17"},{"lineNumber":20,"author":{"gitId":"HangZelin"},"content":"            done_str \u003d \"X\";","lastModifiedDate":"2021-08-17"},{"lineNumber":21,"author":{"gitId":"HangZelin"},"content":"        }","lastModifiedDate":"2021-08-17"},{"lineNumber":22,"author":{"gitId":"HangZelin"},"content":"","lastModifiedDate":"2021-08-17"},{"lineNumber":23,"author":{"gitId":"HangZelin"},"content":"        return \"[\" + \"D\" + \"]\" + \"[\" + done_str + \"] \"  + task +\" (by:\" + time + \")\";","lastModifiedDate":"2021-08-17"},{"lineNumber":24,"author":{"gitId":"HangZelin"},"content":"    }","lastModifiedDate":"2021-08-17"},{"lineNumber":25,"author":{"gitId":"HangZelin"},"content":"","lastModifiedDate":"2021-08-17"},{"lineNumber":26,"author":{"gitId":"HangZelin"},"content":"    @Override","lastModifiedDate":"2021-08-17"},{"lineNumber":27,"author":{"gitId":"HangZelin"},"content":"    public void MarkDone() {","lastModifiedDate":"2021-08-17"},{"lineNumber":28,"author":{"gitId":"HangZelin"},"content":"        this.done \u003d true;","lastModifiedDate":"2021-08-17"},{"lineNumber":29,"author":{"gitId":"HangZelin"},"content":"    }","lastModifiedDate":"2021-08-17"},{"lineNumber":30,"author":{"gitId":"HangZelin"},"content":"}","lastModifiedDate":"2021-08-17"}],"authorContributionMap":{"HangZelin":30}},{"path":"src/main/java/Duke.java","fileType":"java","lines":[{"lineNumber":1,"author":{"gitId":"HangZelin"},"content":"import java.util.ArrayList;","lastModifiedDate":"2021-08-17"},{"lineNumber":2,"author":{"gitId":"HangZelin"},"content":"import java.util.List;","lastModifiedDate":"2021-08-17"},{"lineNumber":3,"author":{"gitId":"HangZelin"},"content":"import java.util.Locale;","lastModifiedDate":"2021-08-17"},{"lineNumber":4,"author":{"gitId":"HangZelin"},"content":"import java.util.Scanner;","lastModifiedDate":"2021-08-17"},{"lineNumber":5,"author":{"gitId":"HangZelin"},"content":"","lastModifiedDate":"2021-08-17"},{"lineNumber":6,"author":{"gitId":"-"},"content":"public class Duke {","lastModifiedDate":"2019-07-29"},{"lineNumber":7,"author":{"gitId":"HangZelin"},"content":"","lastModifiedDate":"2021-08-17"},{"lineNumber":8,"author":{"gitId":"HangZelin"},"content":"","lastModifiedDate":"2021-08-17"},{"lineNumber":9,"author":{"gitId":"HangZelin"},"content":"    static String line \u003d \"____________________________________________________________\";","lastModifiedDate":"2021-08-17"},{"lineNumber":10,"author":{"gitId":"HangZelin"},"content":"","lastModifiedDate":"2021-08-17"},{"lineNumber":11,"author":{"gitId":"HangZelin"},"content":"    static List\u003cTask\u003e list \u003d new ArrayList\u003cTask\u003e();","lastModifiedDate":"2021-08-17"},{"lineNumber":12,"author":{"gitId":"HangZelin"},"content":"","lastModifiedDate":"2021-08-17"},{"lineNumber":13,"author":{"gitId":"HangZelin"},"content":"    public static void HelloMessage() {","lastModifiedDate":"2021-08-17"},{"lineNumber":14,"author":{"gitId":"HangZelin"},"content":"        String Hello_message \u003d \"Hello! I\u0027m Duke\\n\" +","lastModifiedDate":"2021-08-17"},{"lineNumber":15,"author":{"gitId":"HangZelin"},"content":"                                \"What can I do for you?\\n\";","lastModifiedDate":"2021-08-17"},{"lineNumber":16,"author":{"gitId":"HangZelin"},"content":"","lastModifiedDate":"2021-08-17"},{"lineNumber":17,"author":{"gitId":"HangZelin"},"content":"        System.out.println(line + \"\\n\" + Hello_message + line + \"\\n\");","lastModifiedDate":"2021-08-17"},{"lineNumber":18,"author":{"gitId":"HangZelin"},"content":"    }","lastModifiedDate":"2021-08-17"},{"lineNumber":19,"author":{"gitId":"HangZelin"},"content":"","lastModifiedDate":"2021-08-17"},{"lineNumber":20,"author":{"gitId":"HangZelin"},"content":"    public static void PrintList() {","lastModifiedDate":"2021-08-17"},{"lineNumber":21,"author":{"gitId":"HangZelin"},"content":"        int index \u003d 0;","lastModifiedDate":"2021-08-17"},{"lineNumber":22,"author":{"gitId":"HangZelin"},"content":"","lastModifiedDate":"2021-08-17"},{"lineNumber":23,"author":{"gitId":"HangZelin"},"content":"        System.out.println(\"Here are the tasks in your list:\");","lastModifiedDate":"2021-08-17"},{"lineNumber":24,"author":{"gitId":"HangZelin"},"content":"        for (int i \u003d 0; i \u003c list.size(); i++) {","lastModifiedDate":"2021-08-17"},{"lineNumber":25,"author":{"gitId":"HangZelin"},"content":"            index++;","lastModifiedDate":"2021-08-17"},{"lineNumber":26,"author":{"gitId":"HangZelin"},"content":"            System.out.println(index + \".\" + list.get(i).PrintTaskInfo());","lastModifiedDate":"2021-08-17"},{"lineNumber":27,"author":{"gitId":"HangZelin"},"content":"        }","lastModifiedDate":"2021-08-17"},{"lineNumber":28,"author":{"gitId":"HangZelin"},"content":"    }","lastModifiedDate":"2021-08-17"},{"lineNumber":29,"author":{"gitId":"HangZelin"},"content":"","lastModifiedDate":"2021-08-17"},{"lineNumber":30,"author":{"gitId":"HangZelin"},"content":"    public static void HandleTask(String Message) throws DukeException{","lastModifiedDate":"2021-08-18"},{"lineNumber":31,"author":{"gitId":"HangZelin"},"content":"        String task \u003d \"\";","lastModifiedDate":"2021-08-18"},{"lineNumber":32,"author":{"gitId":"HangZelin"},"content":"        String deadline \u003d \"\";","lastModifiedDate":"2021-08-18"},{"lineNumber":33,"author":{"gitId":"HangZelin"},"content":"","lastModifiedDate":"2021-08-17"},{"lineNumber":34,"author":{"gitId":"HangZelin"},"content":"        //If the task type does not belong to the three types, throw an error.","lastModifiedDate":"2021-08-18"},{"lineNumber":35,"author":{"gitId":"HangZelin"},"content":"        if (!(Message.startsWith(\"todo\") || Message.startsWith(\"event\") || Message.startsWith(\"deadline\"))){","lastModifiedDate":"2021-08-18"},{"lineNumber":36,"author":{"gitId":"HangZelin"},"content":"            throw new DukeException(\"☹ OOPS!!! I\u0027m sorry, but I don\u0027t know what that means :-(\");","lastModifiedDate":"2021-08-18"},{"lineNumber":37,"author":{"gitId":"HangZelin"},"content":"        }","lastModifiedDate":"2021-08-17"},{"lineNumber":38,"author":{"gitId":"HangZelin"},"content":"","lastModifiedDate":"2021-08-17"},{"lineNumber":39,"author":{"gitId":"HangZelin"},"content":"        //Get Task description and time if it has it.","lastModifiedDate":"2021-08-18"},{"lineNumber":40,"author":{"gitId":"HangZelin"},"content":"        if (Message.indexOf(\"/\") !\u003d -1) {","lastModifiedDate":"2021-08-17"},{"lineNumber":41,"author":{"gitId":"HangZelin"},"content":"            task \u003d Message.substring(Message.indexOf(\" \") + 1, Message.indexOf(\"/\") - 1);","lastModifiedDate":"2021-08-17"},{"lineNumber":42,"author":{"gitId":"HangZelin"},"content":"","lastModifiedDate":"2021-08-17"},{"lineNumber":43,"author":{"gitId":"HangZelin"},"content":"            //throw exceptions for deadline or events\u0027 format.","lastModifiedDate":"2021-08-18"},{"lineNumber":44,"author":{"gitId":"HangZelin"},"content":"","lastModifiedDate":"2021-08-18"},{"lineNumber":45,"author":{"gitId":"HangZelin"},"content":"            if (Message.startsWith(\"deadline\")) {","lastModifiedDate":"2021-08-18"},{"lineNumber":46,"author":{"gitId":"HangZelin"},"content":"                if (Message.indexOf(\"/by\") !\u003d -1) {","lastModifiedDate":"2021-08-17"},{"lineNumber":47,"author":{"gitId":"HangZelin"},"content":"                    deadline \u003d Message.substring(Message.indexOf(\"/by\") + 3);","lastModifiedDate":"2021-08-17"},{"lineNumber":48,"author":{"gitId":"HangZelin"},"content":"                } else {","lastModifiedDate":"2021-08-18"},{"lineNumber":49,"author":{"gitId":"HangZelin"},"content":"                    throw new DukeException(\"☹ OOPS!!! I\u0027m sorry, but the format of deadline is wrong :-(\");","lastModifiedDate":"2021-08-18"},{"lineNumber":50,"author":{"gitId":"HangZelin"},"content":"                }","lastModifiedDate":"2021-08-18"},{"lineNumber":51,"author":{"gitId":"HangZelin"},"content":"            } else if (Message.startsWith(\"event\")) {","lastModifiedDate":"2021-08-18"},{"lineNumber":52,"author":{"gitId":"HangZelin"},"content":"                if (Message.indexOf(\"/at\") !\u003d -1) {","lastModifiedDate":"2021-08-18"},{"lineNumber":53,"author":{"gitId":"HangZelin"},"content":"                    deadline \u003d Message.substring(Message.indexOf(\"/at\") + 3);","lastModifiedDate":"2021-08-17"},{"lineNumber":54,"author":{"gitId":"HangZelin"},"content":"                } else {","lastModifiedDate":"2021-08-18"},{"lineNumber":55,"author":{"gitId":"HangZelin"},"content":"                    throw new DukeException(\"☹ OOPS!!! I\u0027m sorry, but the format of event is wrong :-(\");","lastModifiedDate":"2021-08-18"},{"lineNumber":56,"author":{"gitId":"HangZelin"},"content":"                }","lastModifiedDate":"2021-08-18"},{"lineNumber":57,"author":{"gitId":"HangZelin"},"content":"            } else {","lastModifiedDate":"2021-08-18"},{"lineNumber":58,"author":{"gitId":"HangZelin"},"content":"                throw new DukeException(\"☹ OOPS!!! I\u0027m sorry, but the format of todo is wrong :-(\");","lastModifiedDate":"2021-08-18"},{"lineNumber":59,"author":{"gitId":"HangZelin"},"content":"            }","lastModifiedDate":"2021-08-17"},{"lineNumber":60,"author":{"gitId":"HangZelin"},"content":"        }","lastModifiedDate":"2021-08-17"},{"lineNumber":61,"author":{"gitId":"HangZelin"},"content":"        else {","lastModifiedDate":"2021-08-17"},{"lineNumber":62,"author":{"gitId":"HangZelin"},"content":"            if (Message.indexOf(\" \") \u003d\u003d -1) {","lastModifiedDate":"2021-08-18"},{"lineNumber":63,"author":{"gitId":"HangZelin"},"content":"                throw new DukeException(\"☹ OOPS!!! The description of a \" + Message +\" cannot be empty.\");","lastModifiedDate":"2021-08-18"},{"lineNumber":64,"author":{"gitId":"HangZelin"},"content":"            }else {","lastModifiedDate":"2021-08-18"},{"lineNumber":65,"author":{"gitId":"HangZelin"},"content":"                task \u003d Message.substring(Message.indexOf(\" \") + 1);","lastModifiedDate":"2021-08-17"},{"lineNumber":66,"author":{"gitId":"HangZelin"},"content":"","lastModifiedDate":"2021-08-17"},{"lineNumber":67,"author":{"gitId":"HangZelin"},"content":"                deadline \u003d \"\";","lastModifiedDate":"2021-08-17"},{"lineNumber":68,"author":{"gitId":"HangZelin"},"content":"            }","lastModifiedDate":"2021-08-17"},{"lineNumber":69,"author":{"gitId":"HangZelin"},"content":"        }","lastModifiedDate":"2021-08-18"},{"lineNumber":70,"author":{"gitId":"HangZelin"},"content":"","lastModifiedDate":"2021-08-18"},{"lineNumber":71,"author":{"gitId":"HangZelin"},"content":"        //Time for deadlines or event cannot be empty.","lastModifiedDate":"2021-08-18"},{"lineNumber":72,"author":{"gitId":"HangZelin"},"content":"        if ((Message.startsWith(\"event\") || Message.startsWith(\"deadline\")) \u0026\u0026 deadline.equals(\"\")) {","lastModifiedDate":"2021-08-18"},{"lineNumber":73,"author":{"gitId":"HangZelin"},"content":"            throw new DukeException(\"☹ OOPS!!! The time of a \" + Message.substring(0, Message.indexOf(\" \")) +\" cannot be empty.\");","lastModifiedDate":"2021-08-18"},{"lineNumber":74,"author":{"gitId":"HangZelin"},"content":"        }","lastModifiedDate":"2021-08-18"},{"lineNumber":75,"author":{"gitId":"HangZelin"},"content":"","lastModifiedDate":"2021-08-17"},{"lineNumber":76,"author":{"gitId":"HangZelin"},"content":"","lastModifiedDate":"2021-08-17"},{"lineNumber":77,"author":{"gitId":"HangZelin"},"content":"        System.out.println(\"Got it. I\u0027ve added this task: \");","lastModifiedDate":"2021-08-17"},{"lineNumber":78,"author":{"gitId":"HangZelin"},"content":"        if (Message.startsWith(\"todo\")) {","lastModifiedDate":"2021-08-17"},{"lineNumber":79,"author":{"gitId":"HangZelin"},"content":"                Task newTask \u003d new ToDos(false, task);","lastModifiedDate":"2021-08-17"},{"lineNumber":80,"author":{"gitId":"HangZelin"},"content":"                System.out.println(\" \" + newTask.PrintTaskInfo());","lastModifiedDate":"2021-08-17"},{"lineNumber":81,"author":{"gitId":"HangZelin"},"content":"                list.add(newTask);","lastModifiedDate":"2021-08-17"},{"lineNumber":82,"author":{"gitId":"HangZelin"},"content":"        } else if (Message.startsWith(\"event\")) {","lastModifiedDate":"2021-08-17"},{"lineNumber":83,"author":{"gitId":"HangZelin"},"content":"                Task newTask \u003d new Events(false, task, deadline);","lastModifiedDate":"2021-08-17"},{"lineNumber":84,"author":{"gitId":"HangZelin"},"content":"                System.out.println(\" \" + newTask.PrintTaskInfo());","lastModifiedDate":"2021-08-17"},{"lineNumber":85,"author":{"gitId":"HangZelin"},"content":"                list.add(newTask);","lastModifiedDate":"2021-08-17"},{"lineNumber":86,"author":{"gitId":"HangZelin"},"content":"        } else if (Message.startsWith(\"deadline\")){","lastModifiedDate":"2021-08-18"},{"lineNumber":87,"author":{"gitId":"HangZelin"},"content":"                Task newTask \u003d new Deadlines(false, task, deadline);","lastModifiedDate":"2021-08-17"},{"lineNumber":88,"author":{"gitId":"HangZelin"},"content":"                System.out.println(\" \" + newTask.PrintTaskInfo());","lastModifiedDate":"2021-08-17"},{"lineNumber":89,"author":{"gitId":"HangZelin"},"content":"                list.add(newTask);","lastModifiedDate":"2021-08-17"},{"lineNumber":90,"author":{"gitId":"HangZelin"},"content":"        }","lastModifiedDate":"2021-08-17"},{"lineNumber":91,"author":{"gitId":"HangZelin"},"content":"","lastModifiedDate":"2021-08-17"},{"lineNumber":92,"author":{"gitId":"HangZelin"},"content":"        System.out.println(\"Now you have \" + list.size() + \"\" +","lastModifiedDate":"2021-08-17"},{"lineNumber":93,"author":{"gitId":"HangZelin"},"content":"                \" tasks in the list.\");","lastModifiedDate":"2021-08-17"},{"lineNumber":94,"author":{"gitId":"HangZelin"},"content":"    }","lastModifiedDate":"2021-08-17"},{"lineNumber":95,"author":{"gitId":"HangZelin"},"content":"","lastModifiedDate":"2021-08-18"},{"lineNumber":96,"author":{"gitId":"HangZelin"},"content":"    public static void MarkDone(int index) throws DukeException{","lastModifiedDate":"2021-08-18"},{"lineNumber":97,"author":{"gitId":"HangZelin"},"content":"        if (index \u003c\u003d 0) {","lastModifiedDate":"2021-08-18"},{"lineNumber":98,"author":{"gitId":"HangZelin"},"content":"            throw new DukeException(\"☹ OOPS!!! The index is invalid!!!\");","lastModifiedDate":"2021-08-18"},{"lineNumber":99,"author":{"gitId":"HangZelin"},"content":"        } else {","lastModifiedDate":"2021-08-18"},{"lineNumber":100,"author":{"gitId":"HangZelin"},"content":"            System.out.println(\"Nice! I\u0027ve marked this task as done:\");","lastModifiedDate":"2021-08-18"},{"lineNumber":101,"author":{"gitId":"HangZelin"},"content":"            list.get(index).MarkDone();","lastModifiedDate":"2021-08-18"},{"lineNumber":102,"author":{"gitId":"HangZelin"},"content":"            System.out.println(\" \" + list.get(index).PrintTaskInfo());","lastModifiedDate":"2021-08-18"},{"lineNumber":103,"author":{"gitId":"HangZelin"},"content":"        }","lastModifiedDate":"2021-08-18"},{"lineNumber":104,"author":{"gitId":"HangZelin"},"content":"    }","lastModifiedDate":"2021-08-18"},{"lineNumber":105,"author":{"gitId":"HangZelin"},"content":"","lastModifiedDate":"2021-08-18"},{"lineNumber":106,"author":{"gitId":"HangZelin"},"content":"    public static void Delete(int index) throws DukeException{","lastModifiedDate":"2021-08-18"},{"lineNumber":107,"author":{"gitId":"HangZelin"},"content":"        if (index \u003c 0) {","lastModifiedDate":"2021-08-18"},{"lineNumber":108,"author":{"gitId":"HangZelin"},"content":"            throw new DukeException(\"☹ OOPS!!! The index is invalid!!!\");","lastModifiedDate":"2021-08-18"},{"lineNumber":109,"author":{"gitId":"HangZelin"},"content":"        } else {","lastModifiedDate":"2021-08-18"},{"lineNumber":110,"author":{"gitId":"HangZelin"},"content":"            System.out.println(\"Noted. I\u0027ve removed this task:\");","lastModifiedDate":"2021-08-18"},{"lineNumber":111,"author":{"gitId":"HangZelin"},"content":"            System.out.println(\" \" + list.get(index).PrintTaskInfo());","lastModifiedDate":"2021-08-18"},{"lineNumber":112,"author":{"gitId":"HangZelin"},"content":"            list.remove(index);","lastModifiedDate":"2021-08-18"},{"lineNumber":113,"author":{"gitId":"HangZelin"},"content":"            System.out.println(\"Now you have \" + list.size() + \" tasks in the list.\");","lastModifiedDate":"2021-08-18"},{"lineNumber":114,"author":{"gitId":"HangZelin"},"content":"        }","lastModifiedDate":"2021-08-18"},{"lineNumber":115,"author":{"gitId":"HangZelin"},"content":"    }","lastModifiedDate":"2021-08-18"},{"lineNumber":116,"author":{"gitId":"HangZelin"},"content":"","lastModifiedDate":"2021-08-18"},{"lineNumber":117,"author":{"gitId":"HangZelin"},"content":"","lastModifiedDate":"2021-08-18"},{"lineNumber":118,"author":{"gitId":"HangZelin"},"content":"    public static void PrintMessage() {","lastModifiedDate":"2021-08-18"},{"lineNumber":119,"author":{"gitId":"HangZelin"},"content":"        Scanner scanner \u003d new Scanner(System.in);","lastModifiedDate":"2021-08-18"},{"lineNumber":120,"author":{"gitId":"HangZelin"},"content":"        String Message \u003d \"\";","lastModifiedDate":"2021-08-18"},{"lineNumber":121,"author":{"gitId":"HangZelin"},"content":"        String Goodbye_message \u003d \"Bye. Hope to see you again soon!\";","lastModifiedDate":"2021-08-18"},{"lineNumber":122,"author":{"gitId":"HangZelin"},"content":"","lastModifiedDate":"2021-08-18"},{"lineNumber":123,"author":{"gitId":"HangZelin"},"content":"        //Use loop to determine if a user enters \"bye\" or not.","lastModifiedDate":"2021-08-18"},{"lineNumber":124,"author":{"gitId":"HangZelin"},"content":"        while (true) {","lastModifiedDate":"2021-08-18"},{"lineNumber":125,"author":{"gitId":"HangZelin"},"content":"            Message \u003d scanner.nextLine();","lastModifiedDate":"2021-08-18"},{"lineNumber":126,"author":{"gitId":"HangZelin"},"content":"            System.out.println(line);","lastModifiedDate":"2021-08-18"},{"lineNumber":127,"author":{"gitId":"HangZelin"},"content":"            if (Message.equals(\"bye\")) {","lastModifiedDate":"2021-08-18"},{"lineNumber":128,"author":{"gitId":"HangZelin"},"content":"                System.out.println(Goodbye_message);","lastModifiedDate":"2021-08-18"},{"lineNumber":129,"author":{"gitId":"HangZelin"},"content":"                System.out.println(line + \"\\n\");","lastModifiedDate":"2021-08-18"},{"lineNumber":130,"author":{"gitId":"HangZelin"},"content":"                break;","lastModifiedDate":"2021-08-18"},{"lineNumber":131,"author":{"gitId":"HangZelin"},"content":"            }","lastModifiedDate":"2021-08-18"},{"lineNumber":132,"author":{"gitId":"HangZelin"},"content":"            else if (Message.equals(\"list\")){","lastModifiedDate":"2021-08-18"},{"lineNumber":133,"author":{"gitId":"HangZelin"},"content":"                PrintList();","lastModifiedDate":"2021-08-18"},{"lineNumber":134,"author":{"gitId":"HangZelin"},"content":"            }","lastModifiedDate":"2021-08-18"},{"lineNumber":135,"author":{"gitId":"HangZelin"},"content":"            else if (Message.startsWith(\"done\")) {","lastModifiedDate":"2021-08-18"},{"lineNumber":136,"author":{"gitId":"HangZelin"},"content":"                int index \u003d Integer.parseInt(Message.substring(Message.indexOf(\" \") + 1)) - 1;","lastModifiedDate":"2021-08-18"},{"lineNumber":137,"author":{"gitId":"HangZelin"},"content":"","lastModifiedDate":"2021-08-18"},{"lineNumber":138,"author":{"gitId":"HangZelin"},"content":"                try {","lastModifiedDate":"2021-08-18"},{"lineNumber":139,"author":{"gitId":"HangZelin"},"content":"                    MarkDone(index);","lastModifiedDate":"2021-08-18"},{"lineNumber":140,"author":{"gitId":"HangZelin"},"content":"                } catch (DukeException e){","lastModifiedDate":"2021-08-18"},{"lineNumber":141,"author":{"gitId":"HangZelin"},"content":"                    e.PrintErrorMessage();","lastModifiedDate":"2021-08-18"},{"lineNumber":142,"author":{"gitId":"HangZelin"},"content":"                }","lastModifiedDate":"2021-08-18"},{"lineNumber":143,"author":{"gitId":"HangZelin"},"content":"","lastModifiedDate":"2021-08-18"},{"lineNumber":144,"author":{"gitId":"HangZelin"},"content":"            } else if (Message.startsWith(\"delete\")) {","lastModifiedDate":"2021-08-18"},{"lineNumber":145,"author":{"gitId":"HangZelin"},"content":"                int index \u003d  Integer.parseInt(Message.substring(Message.indexOf(\" \") + 1)) - 1;","lastModifiedDate":"2021-08-18"},{"lineNumber":146,"author":{"gitId":"HangZelin"},"content":"","lastModifiedDate":"2021-08-18"},{"lineNumber":147,"author":{"gitId":"HangZelin"},"content":"                try {","lastModifiedDate":"2021-08-18"},{"lineNumber":148,"author":{"gitId":"HangZelin"},"content":"                    Delete(index);","lastModifiedDate":"2021-08-18"},{"lineNumber":149,"author":{"gitId":"HangZelin"},"content":"                } catch (DukeException e){","lastModifiedDate":"2021-08-18"},{"lineNumber":150,"author":{"gitId":"HangZelin"},"content":"                    e.PrintErrorMessage();","lastModifiedDate":"2021-08-18"},{"lineNumber":151,"author":{"gitId":"HangZelin"},"content":"                }","lastModifiedDate":"2021-08-18"},{"lineNumber":152,"author":{"gitId":"HangZelin"},"content":"            }","lastModifiedDate":"2021-08-18"},{"lineNumber":153,"author":{"gitId":"HangZelin"},"content":"            else  {","lastModifiedDate":"2021-08-17"},{"lineNumber":154,"author":{"gitId":"HangZelin"},"content":"                try {","lastModifiedDate":"2021-08-18"},{"lineNumber":155,"author":{"gitId":"HangZelin"},"content":"                    HandleTask(Message);","lastModifiedDate":"2021-08-18"},{"lineNumber":156,"author":{"gitId":"HangZelin"},"content":"                } catch (DukeException e)","lastModifiedDate":"2021-08-18"},{"lineNumber":157,"author":{"gitId":"HangZelin"},"content":"                {","lastModifiedDate":"2021-08-18"},{"lineNumber":158,"author":{"gitId":"HangZelin"},"content":"                    e.PrintErrorMessage();","lastModifiedDate":"2021-08-18"},{"lineNumber":159,"author":{"gitId":"HangZelin"},"content":"                }","lastModifiedDate":"2021-08-18"},{"lineNumber":160,"author":{"gitId":"HangZelin"},"content":"            }","lastModifiedDate":"2021-08-17"},{"lineNumber":161,"author":{"gitId":"HangZelin"},"content":"","lastModifiedDate":"2021-08-17"},{"lineNumber":162,"author":{"gitId":"HangZelin"},"content":"            System.out.println(line + \"\\n\");","lastModifiedDate":"2021-08-17"},{"lineNumber":163,"author":{"gitId":"HangZelin"},"content":"        }","lastModifiedDate":"2021-08-17"},{"lineNumber":164,"author":{"gitId":"-"},"content":"    }","lastModifiedDate":"2019-07-29"},{"lineNumber":165,"author":{"gitId":"HangZelin"},"content":"","lastModifiedDate":"2021-08-17"},{"lineNumber":166,"author":{"gitId":"HangZelin"},"content":"","lastModifiedDate":"2021-08-17"},{"lineNumber":167,"author":{"gitId":"HangZelin"},"content":"","lastModifiedDate":"2021-08-17"},{"lineNumber":168,"author":{"gitId":"HangZelin"},"content":"","lastModifiedDate":"2021-08-17"},{"lineNumber":169,"author":{"gitId":"-"},"content":"    public static void main(String[] args) {","lastModifiedDate":"2021-08-17"},{"lineNumber":170,"author":{"gitId":"-"},"content":"        String logo \u003d \" ____        _        \\n\"","lastModifiedDate":"2021-08-17"},{"lineNumber":171,"author":{"gitId":"-"},"content":"                + \"|  _ \\\\ _   _| | _____ \\n\"","lastModifiedDate":"2021-08-17"},{"lineNumber":172,"author":{"gitId":"-"},"content":"                + \"| | | | | | | |/ / _ \\\\\\n\"","lastModifiedDate":"2021-08-17"},{"lineNumber":173,"author":{"gitId":"-"},"content":"                + \"| |_| | |_| |   \u003c  __/\\n\"","lastModifiedDate":"2021-08-17"},{"lineNumber":174,"author":{"gitId":"-"},"content":"                + \"|____/ \\\\__,_|_|\\\\_\\\\___|\\n\";","lastModifiedDate":"2021-08-17"},{"lineNumber":175,"author":{"gitId":"HangZelin"},"content":"","lastModifiedDate":"2021-08-17"},{"lineNumber":176,"author":{"gitId":"HangZelin"},"content":"       //Print Hello.","lastModifiedDate":"2021-08-17"},{"lineNumber":177,"author":{"gitId":"HangZelin"},"content":"        HelloMessage();","lastModifiedDate":"2021-08-17"},{"lineNumber":178,"author":{"gitId":"HangZelin"},"content":"","lastModifiedDate":"2021-08-17"},{"lineNumber":179,"author":{"gitId":"HangZelin"},"content":"        //Print Message();","lastModifiedDate":"2021-08-17"},{"lineNumber":180,"author":{"gitId":"HangZelin"},"content":"        PrintMessage();","lastModifiedDate":"2021-08-17"},{"lineNumber":181,"author":{"gitId":"HangZelin"},"content":"","lastModifiedDate":"2021-08-17"},{"lineNumber":182,"author":{"gitId":"HangZelin"},"content":"","lastModifiedDate":"2021-08-17"},{"lineNumber":183,"author":{"gitId":"-"},"content":"    }","lastModifiedDate":"2021-08-17"},{"lineNumber":184,"author":{"gitId":"-"},"content":"}","lastModifiedDate":"2019-07-29"}],"authorContributionMap":{"HangZelin":174,"-":10}},{"path":"src/main/java/DukeException.java","fileType":"java","lines":[{"lineNumber":1,"author":{"gitId":"HangZelin"},"content":"public class DukeException extends Exception {","lastModifiedDate":"2021-08-18"},{"lineNumber":2,"author":{"gitId":"HangZelin"},"content":"","lastModifiedDate":"2021-08-18"},{"lineNumber":3,"author":{"gitId":"HangZelin"},"content":"    private String ErrorMessage \u003d \"\";","lastModifiedDate":"2021-08-18"},{"lineNumber":4,"author":{"gitId":"HangZelin"},"content":"","lastModifiedDate":"2021-08-18"},{"lineNumber":5,"author":{"gitId":"HangZelin"},"content":"    public DukeException(String ErrorMessage){","lastModifiedDate":"2021-08-18"},{"lineNumber":6,"author":{"gitId":"HangZelin"},"content":"        this.ErrorMessage \u003d ErrorMessage;","lastModifiedDate":"2021-08-18"},{"lineNumber":7,"author":{"gitId":"HangZelin"},"content":"    }","lastModifiedDate":"2021-08-18"},{"lineNumber":8,"author":{"gitId":"HangZelin"},"content":"","lastModifiedDate":"2021-08-18"},{"lineNumber":9,"author":{"gitId":"HangZelin"},"content":"    public void PrintErrorMessage(){","lastModifiedDate":"2021-08-18"},{"lineNumber":10,"author":{"gitId":"HangZelin"},"content":"        System.out.println(this.ErrorMessage);","lastModifiedDate":"2021-08-18"},{"lineNumber":11,"author":{"gitId":"HangZelin"},"content":"    }","lastModifiedDate":"2021-08-18"},{"lineNumber":12,"author":{"gitId":"HangZelin"},"content":"}","lastModifiedDate":"2021-08-18"}],"authorContributionMap":{"HangZelin":12}},{"path":"src/main/java/Events.java","fileType":"java","lines":[{"lineNumber":1,"author":{"gitId":"HangZelin"},"content":"public class Events extends Task{","lastModifiedDate":"2021-08-17"},{"lineNumber":2,"author":{"gitId":"HangZelin"},"content":"","lastModifiedDate":"2021-08-17"},{"lineNumber":3,"author":{"gitId":"HangZelin"},"content":"    private boolean done \u003d false;","lastModifiedDate":"2021-08-17"},{"lineNumber":4,"author":{"gitId":"HangZelin"},"content":"    private String task \u003d \"\";","lastModifiedDate":"2021-08-17"},{"lineNumber":5,"author":{"gitId":"HangZelin"},"content":"    private String time \u003d \"\";","lastModifiedDate":"2021-08-17"},{"lineNumber":6,"author":{"gitId":"HangZelin"},"content":"","lastModifiedDate":"2021-08-17"},{"lineNumber":7,"author":{"gitId":"HangZelin"},"content":"    public Events(boolean done, String task, String time) {","lastModifiedDate":"2021-08-17"},{"lineNumber":8,"author":{"gitId":"HangZelin"},"content":"        super(done, task);","lastModifiedDate":"2021-08-17"},{"lineNumber":9,"author":{"gitId":"HangZelin"},"content":"        this.done \u003d done;","lastModifiedDate":"2021-08-17"},{"lineNumber":10,"author":{"gitId":"HangZelin"},"content":"        this.task \u003d task;","lastModifiedDate":"2021-08-17"},{"lineNumber":11,"author":{"gitId":"HangZelin"},"content":"        this.time \u003d time;","lastModifiedDate":"2021-08-17"},{"lineNumber":12,"author":{"gitId":"HangZelin"},"content":"    }","lastModifiedDate":"2021-08-17"},{"lineNumber":13,"author":{"gitId":"HangZelin"},"content":"","lastModifiedDate":"2021-08-17"},{"lineNumber":14,"author":{"gitId":"HangZelin"},"content":"    @Override","lastModifiedDate":"2021-08-17"},{"lineNumber":15,"author":{"gitId":"HangZelin"},"content":"    public String PrintTaskInfo() {","lastModifiedDate":"2021-08-17"},{"lineNumber":16,"author":{"gitId":"HangZelin"},"content":"        String done_str \u003d \"\";","lastModifiedDate":"2021-08-17"},{"lineNumber":17,"author":{"gitId":"HangZelin"},"content":"        if (!this.done) {","lastModifiedDate":"2021-08-17"},{"lineNumber":18,"author":{"gitId":"HangZelin"},"content":"            done_str \u003d \" \";","lastModifiedDate":"2021-08-17"},{"lineNumber":19,"author":{"gitId":"HangZelin"},"content":"        } else {","lastModifiedDate":"2021-08-17"},{"lineNumber":20,"author":{"gitId":"HangZelin"},"content":"            done_str \u003d \"X\";","lastModifiedDate":"2021-08-17"},{"lineNumber":21,"author":{"gitId":"HangZelin"},"content":"        }","lastModifiedDate":"2021-08-17"},{"lineNumber":22,"author":{"gitId":"HangZelin"},"content":"","lastModifiedDate":"2021-08-17"},{"lineNumber":23,"author":{"gitId":"HangZelin"},"content":"        return \"[\" + \"E\" + \"]\" + \"[\" + done_str + \"] \"  + task +\" (at:\" + time + \")\";","lastModifiedDate":"2021-08-17"},{"lineNumber":24,"author":{"gitId":"HangZelin"},"content":"    }","lastModifiedDate":"2021-08-17"},{"lineNumber":25,"author":{"gitId":"HangZelin"},"content":"","lastModifiedDate":"2021-08-17"},{"lineNumber":26,"author":{"gitId":"HangZelin"},"content":"    @Override","lastModifiedDate":"2021-08-17"},{"lineNumber":27,"author":{"gitId":"HangZelin"},"content":"    public void MarkDone() {","lastModifiedDate":"2021-08-17"},{"lineNumber":28,"author":{"gitId":"HangZelin"},"content":"        this.done \u003d true;","lastModifiedDate":"2021-08-17"},{"lineNumber":29,"author":{"gitId":"HangZelin"},"content":"    }","lastModifiedDate":"2021-08-17"},{"lineNumber":30,"author":{"gitId":"HangZelin"},"content":"}","lastModifiedDate":"2021-08-17"}],"authorContributionMap":{"HangZelin":30}},{"path":"src/main/java/Task.java","fileType":"java","lines":[{"lineNumber":1,"author":{"gitId":"HangZelin"},"content":"public class Task {","lastModifiedDate":"2021-08-17"},{"lineNumber":2,"author":{"gitId":"HangZelin"},"content":"","lastModifiedDate":"2021-08-17"},{"lineNumber":3,"author":{"gitId":"HangZelin"},"content":"    private boolean done \u003d false;","lastModifiedDate":"2021-08-17"},{"lineNumber":4,"author":{"gitId":"HangZelin"},"content":"    private String task \u003d \"\";","lastModifiedDate":"2021-08-17"},{"lineNumber":5,"author":{"gitId":"HangZelin"},"content":"","lastModifiedDate":"2021-08-17"},{"lineNumber":6,"author":{"gitId":"HangZelin"},"content":"    public Task(boolean done, String task){","lastModifiedDate":"2021-08-17"},{"lineNumber":7,"author":{"gitId":"HangZelin"},"content":"        this.done \u003d done;","lastModifiedDate":"2021-08-17"},{"lineNumber":8,"author":{"gitId":"HangZelin"},"content":"        this.task \u003d task;","lastModifiedDate":"2021-08-17"},{"lineNumber":9,"author":{"gitId":"HangZelin"},"content":"    }","lastModifiedDate":"2021-08-17"},{"lineNumber":10,"author":{"gitId":"HangZelin"},"content":"","lastModifiedDate":"2021-08-17"},{"lineNumber":11,"author":{"gitId":"HangZelin"},"content":"    public String PrintTaskInfo(){","lastModifiedDate":"2021-08-17"},{"lineNumber":12,"author":{"gitId":"HangZelin"},"content":"        String done_str \u003d \"\";","lastModifiedDate":"2021-08-17"},{"lineNumber":13,"author":{"gitId":"HangZelin"},"content":"        if (!this.done) {","lastModifiedDate":"2021-08-17"},{"lineNumber":14,"author":{"gitId":"HangZelin"},"content":"            done_str \u003d \" \";","lastModifiedDate":"2021-08-17"},{"lineNumber":15,"author":{"gitId":"HangZelin"},"content":"        } else {","lastModifiedDate":"2021-08-17"},{"lineNumber":16,"author":{"gitId":"HangZelin"},"content":"            done_str \u003d \"X\";","lastModifiedDate":"2021-08-17"},{"lineNumber":17,"author":{"gitId":"HangZelin"},"content":"        }","lastModifiedDate":"2021-08-17"},{"lineNumber":18,"author":{"gitId":"HangZelin"},"content":"","lastModifiedDate":"2021-08-17"},{"lineNumber":19,"author":{"gitId":"HangZelin"},"content":"        return \"[\" + done_str + \"] \"  + task;","lastModifiedDate":"2021-08-17"},{"lineNumber":20,"author":{"gitId":"HangZelin"},"content":"    }","lastModifiedDate":"2021-08-17"},{"lineNumber":21,"author":{"gitId":"HangZelin"},"content":"","lastModifiedDate":"2021-08-17"},{"lineNumber":22,"author":{"gitId":"HangZelin"},"content":"    public void MarkDone() {","lastModifiedDate":"2021-08-17"},{"lineNumber":23,"author":{"gitId":"HangZelin"},"content":"        this.done \u003d true;","lastModifiedDate":"2021-08-17"},{"lineNumber":24,"author":{"gitId":"HangZelin"},"content":"    }","lastModifiedDate":"2021-08-17"},{"lineNumber":25,"author":{"gitId":"HangZelin"},"content":"","lastModifiedDate":"2021-08-17"},{"lineNumber":26,"author":{"gitId":"HangZelin"},"content":"}","lastModifiedDate":"2021-08-17"}],"authorContributionMap":{"HangZelin":26}},{"path":"src/main/java/ToDos.java","fileType":"java","lines":[{"lineNumber":1,"author":{"gitId":"HangZelin"},"content":"public class ToDos extends Task{","lastModifiedDate":"2021-08-17"},{"lineNumber":2,"author":{"gitId":"HangZelin"},"content":"","lastModifiedDate":"2021-08-17"},{"lineNumber":3,"author":{"gitId":"HangZelin"},"content":"    private boolean done \u003d false;","lastModifiedDate":"2021-08-17"},{"lineNumber":4,"author":{"gitId":"HangZelin"},"content":"    private String task \u003d \"\";","lastModifiedDate":"2021-08-17"},{"lineNumber":5,"author":{"gitId":"HangZelin"},"content":"","lastModifiedDate":"2021-08-17"},{"lineNumber":6,"author":{"gitId":"HangZelin"},"content":"    public ToDos(boolean done, String task) {","lastModifiedDate":"2021-08-17"},{"lineNumber":7,"author":{"gitId":"HangZelin"},"content":"        super(done,task);","lastModifiedDate":"2021-08-17"},{"lineNumber":8,"author":{"gitId":"HangZelin"},"content":"        this.done \u003d done;","lastModifiedDate":"2021-08-17"},{"lineNumber":9,"author":{"gitId":"HangZelin"},"content":"        this.task \u003d task;","lastModifiedDate":"2021-08-17"},{"lineNumber":10,"author":{"gitId":"HangZelin"},"content":"    }","lastModifiedDate":"2021-08-17"},{"lineNumber":11,"author":{"gitId":"HangZelin"},"content":"","lastModifiedDate":"2021-08-17"},{"lineNumber":12,"author":{"gitId":"HangZelin"},"content":"    @Override","lastModifiedDate":"2021-08-17"},{"lineNumber":13,"author":{"gitId":"HangZelin"},"content":"    public String PrintTaskInfo() {","lastModifiedDate":"2021-08-17"},{"lineNumber":14,"author":{"gitId":"HangZelin"},"content":"        String done_str \u003d \"\";","lastModifiedDate":"2021-08-17"},{"lineNumber":15,"author":{"gitId":"HangZelin"},"content":"        if (!this.done) {","lastModifiedDate":"2021-08-17"},{"lineNumber":16,"author":{"gitId":"HangZelin"},"content":"            done_str \u003d \" \";","lastModifiedDate":"2021-08-17"},{"lineNumber":17,"author":{"gitId":"HangZelin"},"content":"        } else {","lastModifiedDate":"2021-08-17"},{"lineNumber":18,"author":{"gitId":"HangZelin"},"content":"            done_str \u003d \"X\";","lastModifiedDate":"2021-08-17"},{"lineNumber":19,"author":{"gitId":"HangZelin"},"content":"        }","lastModifiedDate":"2021-08-17"},{"lineNumber":20,"author":{"gitId":"HangZelin"},"content":"","lastModifiedDate":"2021-08-17"},{"lineNumber":21,"author":{"gitId":"HangZelin"},"content":"        return \"[\" + \"T\" + \"]\" + \"[\" + done_str + \"] \"  + task;","lastModifiedDate":"2021-08-17"},{"lineNumber":22,"author":{"gitId":"HangZelin"},"content":"    }","lastModifiedDate":"2021-08-17"},{"lineNumber":23,"author":{"gitId":"HangZelin"},"content":"","lastModifiedDate":"2021-08-17"},{"lineNumber":24,"author":{"gitId":"HangZelin"},"content":"    @Override","lastModifiedDate":"2021-08-17"},{"lineNumber":25,"author":{"gitId":"HangZelin"},"content":"    public void MarkDone() {","lastModifiedDate":"2021-08-17"},{"lineNumber":26,"author":{"gitId":"HangZelin"},"content":"        this.done \u003d true;","lastModifiedDate":"2021-08-17"},{"lineNumber":27,"author":{"gitId":"HangZelin"},"content":"    }","lastModifiedDate":"2021-08-17"},{"lineNumber":28,"author":{"gitId":"HangZelin"},"content":"","lastModifiedDate":"2021-08-17"},{"lineNumber":29,"author":{"gitId":"HangZelin"},"content":"}","lastModifiedDate":"2021-08-17"}],"authorContributionMap":{"HangZelin":29}},{"path":"text-ui-test/input.txt","fileType":"txt","lines":[{"lineNumber":1,"author":{"gitId":"HangZelin"},"content":"todo borrow book","lastModifiedDate":"2021-08-17"},{"lineNumber":2,"author":{"gitId":"HangZelin"},"content":"deadline return book /by Sunday","lastModifiedDate":"2021-08-17"},{"lineNumber":3,"author":{"gitId":"HangZelin"},"content":"event project meeting /at Mon 2-4pm","lastModifiedDate":"2021-08-17"},{"lineNumber":4,"author":{"gitId":"HangZelin"},"content":"deadline return book /by June 6th","lastModifiedDate":"2021-08-17"},{"lineNumber":5,"author":{"gitId":"HangZelin"},"content":"todo join sports club","lastModifiedDate":"2021-08-17"},{"lineNumber":6,"author":{"gitId":"HangZelin"},"content":"done 3","lastModifiedDate":"2021-08-17"},{"lineNumber":7,"author":{"gitId":"HangZelin"},"content":"todo","lastModifiedDate":"2021-08-18"},{"lineNumber":8,"author":{"gitId":"HangZelin"},"content":"deadline s","lastModifiedDate":"2021-08-18"},{"lineNumber":9,"author":{"gitId":"HangZelin"},"content":"deadline s /ok Aug 6th","lastModifiedDate":"2021-08-18"},{"lineNumber":10,"author":{"gitId":"HangZelin"},"content":"event k /nope Nov 7th","lastModifiedDate":"2021-08-18"},{"lineNumber":11,"author":{"gitId":"HangZelin"},"content":"todo look /hey Jan 1st","lastModifiedDate":"2021-08-18"},{"lineNumber":12,"author":{"gitId":"HangZelin"},"content":"abc","lastModifiedDate":"2021-08-18"},{"lineNumber":13,"author":{"gitId":"HangZelin"},"content":"list","lastModifiedDate":"2021-08-18"},{"lineNumber":14,"author":{"gitId":"HangZelin"},"content":"delete 3","lastModifiedDate":"2021-08-18"},{"lineNumber":15,"author":{"gitId":"HangZelin"},"content":"list","lastModifiedDate":"2021-08-18"},{"lineNumber":16,"author":{"gitId":"HangZelin"},"content":"bye","lastModifiedDate":"2021-08-17"}],"authorContributionMap":{"HangZelin":16}}]
