{"authorDailyContributionsMap":{"HangZelin":[{"date":"2021-08-24","commitResults":[{"hash":"ab37053652170000fa6675aa89b1e607105cde14","messageTitle":"Level-1","messageBody":"","tags":["Level-1"],"fileTypesAndContributionMap":{"java":{"insertions":42,"deletions":1}}},{"hash":"9883ffcb8de8e4539d2fd863a40864cf5063518e","messageTitle":"Level-2","messageBody":"","tags":["Level-2"],"fileTypesAndContributionMap":{"java":{"insertions":27,"deletions":10}}},{"hash":"806c946040c645b838110ac27d619cca3cc6a126","messageTitle":"Level-3","messageBody":"","tags":["Level-3"],"fileTypesAndContributionMap":{"java":{"insertions":46,"deletions":5}}},{"hash":"2613cf9b8290db20b8ebd2b8b4987c1e28bc15a2","messageTitle":"Level-4","messageBody":"","tags":["Level-4"],"fileTypesAndContributionMap":{"java":{"insertions":133,"deletions":4}}},{"hash":"e10611a75f9767192e2beedbeebb8da82bd55c28","messageTitle":"A-TextUiTesting","messageBody":"","tags":["A-TextUiTesting"],"fileTypesAndContributionMap":{"txt":{"insertions":7,"deletions":0}}},{"hash":"fec23dbc210db1cbf2e0225526a6667d8895e648","messageTitle":"Level-5","messageBody":"","tags":["Level-5"],"fileTypesAndContributionMap":{"txt":{"insertions":6,"deletions":0},"java":{"insertions":100,"deletions":48}}},{"hash":"da7276792ba57f5dba71d21a8fd49655d2e98f0b","messageTitle":"Level-6","messageBody":"","tags":["Level-6"],"fileTypesAndContributionMap":{"txt":{"insertions":4,"deletions":1},"java":{"insertions":42,"deletions":20}}},{"hash":"c93e98c30819d71d13855927d01b4fae7d7d56b0","messageTitle":"A-Enums","messageBody":"","tags":["A-Enums"],"fileTypesAndContributionMap":{"java":{"insertions":29,"deletions":26}}},{"hash":"dde472fe356b36a7a1e0d0a07e02e8b6c3f0f25d","messageTitle":"Level-7","messageBody":"","fileTypesAndContributionMap":{"txt":{"insertions":4,"deletions":0},"java":{"insertions":164,"deletions":41}}},{"hash":"d1ee881be69961bcaa14015f68544ccd640aa756","messageTitle":"Level-8","messageBody":"","fileTypesAndContributionMap":{"txt":{"insertions":7,"deletions":4},"java":{"insertions":216,"deletions":58}}}]},{"date":"2021-08-25","commitResults":[{"hash":"a2b8b23d7df9e7ad2a7032c652ac1af21f57828e","messageTitle":"A-MoreOOP","messageBody":"","fileTypesAndContributionMap":{"txt":{"insertions":2,"deletions":19},"java":{"insertions":507,"deletions":338}}},{"hash":"a0901ca12ca874ce070c6b7f3689f3bdddcda725","messageTitle":"A-MoreOOP","messageBody":"","tags":["A-MoreOOP"],"fileTypesAndContributionMap":{"txt":{"insertions":20,"deletions":3},"java":{"insertions":86,"deletions":82}}},{"hash":"bc22ff2faf497a69bb36c0fa94f8fc929740c702","messageTitle":"A-Packages","messageBody":"","tags":["A-Packages"],"fileTypesAndContributionMap":{"txt":{"insertions":2,"deletions":19},"java":{"insertions":42,"deletions":4}}},{"hash":"6c61dba6a472160f4a17b777a4e15945d883878e","messageTitle":"A-JUnit","messageBody":"","fileTypesAndContributionMap":{"java":{"insertions":6,"deletions":0}}},{"hash":"82c7ac467da3b5a09e9b077dc13e6067c13dfcbd","messageTitle":"A-JUnit","messageBody":"","tags":["A-JUnit"],"fileTypesAndContributionMap":{"java":{"insertions":158,"deletions":31}}},{"hash":"7798666e72d8b5f86701c08b97346282727d8ddd","messageTitle":"A-Jar","messageBody":"","tags":["A-Jar"],"fileTypesAndContributionMap":{"txt":{"insertions":2,"deletions":3},"java":{"insertions":14,"deletions":15}}},{"hash":"4ec49e271ebd45311f93382b54d5274e39a7df25","messageTitle":"A-JavaDoc","messageBody":"","fileTypesAndContributionMap":{"java":{"insertions":501,"deletions":8}}},{"hash":"47763ebe50f2f9b23624f44d25a2ea4549f5bad0","messageTitle":"A-CodingStandard","messageBody":"","fileTypesAndContributionMap":{"java":{"insertions":171,"deletions":257}}},{"hash":"d3bc3a6ea8ecadc9f069d157b40727f7f5739f0d","messageTitle":"Level-9","messageBody":"","fileTypesAndContributionMap":{"java":{"insertions":50,"deletions":13}}}]},{"date":"2021-08-26","commitResults":[{"hash":"36dcb9ce964828d4ba10e58490d8c579283cf8ec","messageTitle":"updates for some coding standards","messageBody":"","fileTypesAndContributionMap":{"java":{"insertions":32,"deletions":36},"bat":{"insertions":1,"deletions":1},"md":{"insertions":2,"deletions":2}}},{"hash":"5f8308e2c3a3ad0d91551c6624e554457da2ce47","messageTitle":"Update coding Standards","messageBody":"","fileTypesAndContributionMap":{"java":{"insertions":290,"deletions":366}}}]},{"date":"2021-08-29","commitResults":[{"hash":"37b7ad1708ca96047bf1027a7a8823d4757bba7b","messageTitle":"fix some indentation issues","messageBody":"","fileTypesAndContributionMap":{"java":{"insertions":0,"deletions":7}}},{"hash":"24c72c779c65533ad4c5eff8547e8b4908ad893b","messageTitle":"tiny changes","messageBody":"","fileTypesAndContributionMap":{"txt":{"insertions":0,"deletions":18}}},{"hash":"e833675d07a3a7fac57fe60533bd170794e1ba31","messageTitle":"Some changes in Java Doc","messageBody":"","fileTypesAndContributionMap":{"java":{"insertions":2,"deletions":15}}},{"hash":"7a98e3a892f50424cd40b3196bf3a774b19869c5","messageTitle":"fix merging issue","messageBody":"","fileTypesAndContributionMap":{"java":{"insertions":359,"deletions":528},"bat":{"insertions":1,"deletions":1},"md":{"insertions":2,"deletions":2}}}]},{"date":"2021-08-30","commitResults":[{"hash":"d025755c4653a9fdd3c7a06ae95af631762b8d0a","messageTitle":"Update README.md","messageBody":"","fileTypesAndContributionMap":{"md":{"insertions":24,"deletions":20}}},{"hash":"94b038752d9b2c3535491f94195dd8469b1c779e","messageTitle":"Update README.md","messageBody":"","fileTypesAndContributionMap":{"md":{"insertions":12,"deletions":9}}},{"hash":"06d6f98d45603d442cf73a9e4bc5b019c59c30a1","messageTitle":"Update README.md","messageBody":"","fileTypesAndContributionMap":{"md":{"insertions":1,"deletions":1}}},{"hash":"3c709123308ed3938f88f6e110806ca07ccdf328","messageTitle":"Add A-Gradle","messageBody":"","fileTypesAndContributionMap":{"gradle":{"insertions":18,"deletions":0},"java":{"insertions":2,"deletions":3},"bat":{"insertions":89,"deletions":0}}}]},{"date":"2021-08-31","commitResults":[{"hash":"778ef88903e501852be1db5189670c4619565f67","messageTitle":"Complete checkstyle","messageBody":"","tags":["A-CheckStyle"],"fileTypesAndContributionMap":{"gradle":{"insertions":5,"deletions":0},"java":{"insertions":286,"deletions":149}}}]}]},"authorFileTypeContributionMap":{"HangZelin":{"java":1429,"md":25,"fxml":0,"sh":0,"bat":1,"gradle":8,"txt":5}},"authorContributionVariance":{"HangZelin":298160.8},"authorDisplayNameMap":{"HangZelin":"CS2103-T14-3 HANG..ELIN"}}
