{"authorDailyContributionsMap":{"random689":[{"date":"2021-08-18","commitResults":[{"hash":"693cd107a5c66210fb8e3ac98eadecb95008e770","messageTitle":"Implement a skeletal version of Duke that starts by greeting the user, simply echos commands entered by the user, and exits when the user types bye.","messageBody":"","tags":["Level-1"],"fileTypesAndContributionMap":{"java":{"insertions":17,"deletions":6}}},{"hash":"2e90c65869e07965c3275e5d475eec2ed7278637","messageTitle":"Add the ability to mark tasks as done. Also added in a task class to handle the tasks","messageBody":"","tags":["Level-3"],"fileTypesAndContributionMap":{"java":{"insertions":38,"deletions":3}}},{"hash":"3a809e61ff44977702d15ed88e912e2a1efc81fd","messageTitle":"Add the ability to mark tasks as done. Also added in a task class to handle the tasks","messageBody":"","fileTypesAndContributionMap":{"java":{"insertions":1,"deletions":2}}},{"hash":"17a07aa4a977b312cee61d79137d4cde059425bf","messageTitle":"Add support for tracking three types of tasks:     ToDos: tasks without any date/time attached to it e.g., visit new theme park     Deadlines: tasks that need to be done before a specific date/time e.g., submit report by 11/10/2019 5pm     Events: tasks that start at a specific time and ends at a specific time e.g., team project meeting on 2/10/2019 2-4pm","messageBody":" Also added the classes as well for each new task.\n Also updated the if else to switch-case\n Also removed the old base case and makes the bot give an re try response.\n","tags":["Level-4"],"fileTypesAndContributionMap":{"java":{"insertions":80,"deletions":15}}},{"hash":"0ea76285ac9b43268878753534933a1f281e032f","messageTitle":"Add support for tracking three types of tasks:     ToDos: tasks without any date/time attached to it e.g., visit new theme park     Deadlines: tasks that need to be done before a specific date/time e.g., submit report by 11/10/2019 5pm     Events: tasks that start at a specific time and ends at a specific time e.g., team project meeting on 2/10/2019 2-4pm","messageBody":" Also added the classes as well for each new task.\n Also updated the if else to switch-case\n Also removed the old base case and makes the bot give an re try response.\n","fileTypesAndContributionMap":{"java":{"insertions":4,"deletions":4}}},{"hash":"7ea48544a6cbd4edf2c1feaf987e4fff6b78766c","messageTitle":"Add support for tracking three types of tasks:     ToDos: tasks without any date/time attached to it e.g., visit new theme park     Deadlines: tasks that need to be done before a specific date/time e.g., submit report by 11/10/2019 5pm     Events: tasks that start at a specific time and ends at a specific time e.g., team project meeting on 2/10/2019 2-4pm","messageBody":" Also added the classes as well for each new task.\n Also updated the if else to switch-case\n Also removed the old base case and makes the bot give an retry response.\n\n added and used the textUItesting.\n","tags":["A-TextUiTesting"],"fileTypesAndContributionMap":{"txt":{"insertions":10,"deletions":0}}},{"hash":"3e44b050b9f10e543a6da907e379cc677c2de59c","messageTitle":"Added DukeExceptions to catch the errors for: 1. Invalid command for \"done\", \"todo\", \"deadline\" and \"event\" 2. Catch invalid numbers (out of range) for \"done\"","messageBody":"Also updated to remove the extra space in each space (using trim)\n","fileTypesAndContributionMap":{"txt":{"insertions":3,"deletions":0},"java":{"insertions":80,"deletions":42}}},{"hash":"1a925e28c0bb4974fdb6b80f7b31bbe089a9fe61","messageTitle":"Added DukeExceptions to catch the errors for: 1. Invalid command for \"done\", \"todo\", \"deadline\" and \"event\" 2. Catch invalid numbers (out of range) for \"done\"","messageBody":"Also updated to remove the extra space in each space (using trim)\n","fileTypesAndContributionMap":{"java":{"insertions":6,"deletions":0}}},{"hash":"d4617a19e3b08dc4942aeb98962221b5891e1eb9","messageTitle":"Added DukeExceptions to catch the errors for: 1. Invalid command for \"done\", \"todo\", \"deadline\" and \"event\" 2. Catch invalid numbers (out of range) for \"done\"","messageBody":"Also updated to remove the extra space in each space (using trim)\n","fileTypesAndContributionMap":{"java":{"insertions":2,"deletions":2}}},{"hash":"f3a00bb86f57a7b4c1104281636ffb319a477104","messageTitle":"Added DukeExceptions to catch the errors for: 1. Invalid command for \"done\", \"todo\", \"deadline\" and \"event\" 2. Catch invalid numbers (out of range) for \"done\"","messageBody":"Also updated to remove the extra space in each space (using trim)\n","tags":["Level-5"],"fileTypesAndContributionMap":{"java":{"insertions":2,"deletions":2}}},{"hash":"845ed27beac45d02cb8cf6b013b5a8d8b31edaa7","messageTitle":"Add support for deleting tasks from the list.","messageBody":"","tags":["Level-6"],"fileTypesAndContributionMap":{"txt":{"insertions":10,"deletions":0},"java":{"insertions":25,"deletions":9}}}]},{"date":"2021-08-24","commitResults":[{"hash":"a9660bb6f1d04b0966fa6ae361e33c645e220345","messageTitle":"Add the ability for the bot to save the list to harddisk","messageBody":"","tags":["Level-7"],"fileTypesAndContributionMap":{"txt":{"insertions":0,"deletions":0},"java":{"insertions":156,"deletions":81}}}]}]},"authorFileTypeContributionMap":{"random689":{"java":245,"md":0,"fxml":0,"sh":0,"bat":0,"gradle":0,"txt":23}},"authorContributionVariance":{"random689":10339.875},"authorDisplayNameMap":{"random689":"NG Y..HUAN"}}
