[{"path":"duke_data.txt","fileType":"txt","lines":[{"lineNumber":1,"author":{"gitId":"mingyi456"},"content":"1. [T][ ] abc","lastModifiedDate":"2021-08-25"},{"lineNumber":2,"author":{"gitId":"mingyi456"},"content":"2. [D][ ] def (by: 123)","lastModifiedDate":"2021-08-25"},{"lineNumber":3,"author":{"gitId":"mingyi456"},"content":"3. [E][ ] ghi (at: 456)","lastModifiedDate":"2021-08-25"}],"authorContributionMap":{"mingyi456":3}},{"path":"src/main/java/DateString.java","fileType":"java","lines":[{"lineNumber":1,"author":{"gitId":"mingyi456"},"content":"import java.time.LocalDate;","lastModifiedDate":"2021-08-25"},{"lineNumber":2,"author":{"gitId":"mingyi456"},"content":"import java.time.format.DateTimeFormatter;","lastModifiedDate":"2021-08-25"},{"lineNumber":3,"author":{"gitId":"mingyi456"},"content":"import java.time.format.DateTimeParseException;","lastModifiedDate":"2021-08-25"},{"lineNumber":4,"author":{"gitId":"mingyi456"},"content":"import java.time.temporal.ChronoUnit;","lastModifiedDate":"2021-08-25"},{"lineNumber":5,"author":{"gitId":"mingyi456"},"content":"","lastModifiedDate":"2021-08-25"},{"lineNumber":6,"author":{"gitId":"mingyi456"},"content":"public class DateString {","lastModifiedDate":"2021-08-25"},{"lineNumber":7,"author":{"gitId":"mingyi456"},"content":"    private final String dateString;","lastModifiedDate":"2021-08-25"},{"lineNumber":8,"author":{"gitId":"mingyi456"},"content":"    private LocalDate localDate;","lastModifiedDate":"2021-08-25"},{"lineNumber":9,"author":{"gitId":"mingyi456"},"content":"","lastModifiedDate":"2021-08-25"},{"lineNumber":10,"author":{"gitId":"mingyi456"},"content":"    public DateString(String str) {","lastModifiedDate":"2021-08-25"},{"lineNumber":11,"author":{"gitId":"mingyi456"},"content":"        this.dateString \u003d str;","lastModifiedDate":"2021-08-25"},{"lineNumber":12,"author":{"gitId":"mingyi456"},"content":"        try {","lastModifiedDate":"2021-08-25"},{"lineNumber":13,"author":{"gitId":"mingyi456"},"content":"            this.localDate \u003d LocalDate.parse(str);","lastModifiedDate":"2021-08-25"},{"lineNumber":14,"author":{"gitId":"mingyi456"},"content":"        } catch (DateTimeParseException e) {","lastModifiedDate":"2021-08-25"},{"lineNumber":15,"author":{"gitId":"mingyi456"},"content":"            this.localDate \u003d null;","lastModifiedDate":"2021-08-25"},{"lineNumber":16,"author":{"gitId":"mingyi456"},"content":"        }","lastModifiedDate":"2021-08-25"},{"lineNumber":17,"author":{"gitId":"mingyi456"},"content":"    }","lastModifiedDate":"2021-08-25"},{"lineNumber":18,"author":{"gitId":"mingyi456"},"content":"","lastModifiedDate":"2021-08-25"},{"lineNumber":19,"author":{"gitId":"mingyi456"},"content":"    public String toString() {","lastModifiedDate":"2021-08-25"},{"lineNumber":20,"author":{"gitId":"mingyi456"},"content":"        if (this.localDate !\u003d null) {","lastModifiedDate":"2021-08-25"},{"lineNumber":21,"author":{"gitId":"mingyi456"},"content":"            return localDate.format(DateTimeFormatter.ofPattern(\"MMM d yyyy\"));","lastModifiedDate":"2021-08-25"},{"lineNumber":22,"author":{"gitId":"mingyi456"},"content":"        } else {","lastModifiedDate":"2021-08-25"},{"lineNumber":23,"author":{"gitId":"mingyi456"},"content":"            return this.dateString;","lastModifiedDate":"2021-08-25"},{"lineNumber":24,"author":{"gitId":"mingyi456"},"content":"        }","lastModifiedDate":"2021-08-25"},{"lineNumber":25,"author":{"gitId":"mingyi456"},"content":"    }","lastModifiedDate":"2021-08-25"},{"lineNumber":26,"author":{"gitId":"mingyi456"},"content":"","lastModifiedDate":"2021-08-25"},{"lineNumber":27,"author":{"gitId":"mingyi456"},"content":"}","lastModifiedDate":"2021-08-25"}],"authorContributionMap":{"mingyi456":27}},{"path":"src/main/java/Deadline.java","fileType":"java","lines":[{"lineNumber":1,"author":{"gitId":"mingyi456"},"content":"public class Deadline extends Task{","lastModifiedDate":"2021-08-19"},{"lineNumber":2,"author":{"gitId":"mingyi456"},"content":"    private final DateString dateLine;","lastModifiedDate":"2021-08-25"},{"lineNumber":3,"author":{"gitId":"mingyi456"},"content":"","lastModifiedDate":"2021-08-19"},{"lineNumber":4,"author":{"gitId":"mingyi456"},"content":"    public Deadline(String description) {","lastModifiedDate":"2021-08-19"},{"lineNumber":5,"author":{"gitId":"mingyi456"},"content":"        super(description);","lastModifiedDate":"2021-08-19"},{"lineNumber":6,"author":{"gitId":"mingyi456"},"content":"        if (description.isBlank()) {","lastModifiedDate":"2021-08-19"},{"lineNumber":7,"author":{"gitId":"mingyi456"},"content":"            throw new IllegalArgumentException(\"Description of Deadline cannot be empty!\");","lastModifiedDate":"2021-08-19"},{"lineNumber":8,"author":{"gitId":"mingyi456"},"content":"        }","lastModifiedDate":"2021-08-19"},{"lineNumber":9,"author":{"gitId":"mingyi456"},"content":"        this.type \u003d \u0027D\u0027;","lastModifiedDate":"2021-08-19"},{"lineNumber":10,"author":{"gitId":"mingyi456"},"content":"        this.dateLine \u003d new DateString(\"\");","lastModifiedDate":"2021-08-25"},{"lineNumber":11,"author":{"gitId":"mingyi456"},"content":"    }","lastModifiedDate":"2021-08-19"},{"lineNumber":12,"author":{"gitId":"mingyi456"},"content":"","lastModifiedDate":"2021-08-19"},{"lineNumber":13,"author":{"gitId":"mingyi456"},"content":"    public Deadline(String description, String deadline) {","lastModifiedDate":"2021-08-19"},{"lineNumber":14,"author":{"gitId":"mingyi456"},"content":"        super(description);","lastModifiedDate":"2021-08-19"},{"lineNumber":15,"author":{"gitId":"mingyi456"},"content":"        this.type \u003d \u0027D\u0027;","lastModifiedDate":"2021-08-19"},{"lineNumber":16,"author":{"gitId":"mingyi456"},"content":"        this.dateLine \u003d new DateString(deadline);","lastModifiedDate":"2021-08-25"},{"lineNumber":17,"author":{"gitId":"mingyi456"},"content":"    }","lastModifiedDate":"2021-08-19"},{"lineNumber":18,"author":{"gitId":"mingyi456"},"content":"","lastModifiedDate":"2021-08-19"},{"lineNumber":19,"author":{"gitId":"mingyi456"},"content":"    @Override","lastModifiedDate":"2021-08-19"},{"lineNumber":20,"author":{"gitId":"mingyi456"},"content":"    public String toString() {","lastModifiedDate":"2021-08-19"},{"lineNumber":21,"author":{"gitId":"mingyi456"},"content":"        return super.toString() + \" (by: \" + this.dateLine.toString() + \")\";","lastModifiedDate":"2021-08-25"},{"lineNumber":22,"author":{"gitId":"mingyi456"},"content":"    }","lastModifiedDate":"2021-08-19"},{"lineNumber":23,"author":{"gitId":"mingyi456"},"content":"","lastModifiedDate":"2021-08-19"},{"lineNumber":24,"author":{"gitId":"mingyi456"},"content":"}","lastModifiedDate":"2021-08-19"}],"authorContributionMap":{"mingyi456":24}},{"path":"src/main/java/Duke.java","fileType":"java","lines":[{"lineNumber":1,"author":{"gitId":"mingyi456"},"content":"import java.util.Scanner;","lastModifiedDate":"2021-08-19"},{"lineNumber":2,"author":{"gitId":"mingyi456"},"content":"import java.io.File;","lastModifiedDate":"2021-08-25"},{"lineNumber":3,"author":{"gitId":"mingyi456"},"content":"import java.io.IOException;","lastModifiedDate":"2021-08-25"},{"lineNumber":4,"author":{"gitId":"mingyi456"},"content":"","lastModifiedDate":"2021-08-19"},{"lineNumber":5,"author":{"gitId":"mingyi456"},"content":"","lastModifiedDate":"2021-08-19"},{"lineNumber":6,"author":{"gitId":"-"},"content":"public class Duke {","lastModifiedDate":"2019-07-29"},{"lineNumber":7,"author":{"gitId":"-"},"content":"    public static void main(String[] args) {","lastModifiedDate":"2019-07-29"},{"lineNumber":8,"author":{"gitId":"mingyi456"},"content":"","lastModifiedDate":"2021-08-25"},{"lineNumber":9,"author":{"gitId":"mingyi456"},"content":"        // Source : https://patorjk.com/software/taag/#p\u003ddisplay\u0026f\u003dStandard\u0026t\u003dDude","lastModifiedDate":"2021-08-25"},{"lineNumber":10,"author":{"gitId":"mingyi456"},"content":"        String logo2 \u003d \" ____            _      \\n\"","lastModifiedDate":"2021-08-25"},{"lineNumber":11,"author":{"gitId":"mingyi456"},"content":"                + \"|  _ \\\\ _   _  __| | ___ \\n\"","lastModifiedDate":"2021-08-25"},{"lineNumber":12,"author":{"gitId":"mingyi456"},"content":"                + \"| | | | | | |/ _` |/ _ \\\\\\n\"","lastModifiedDate":"2021-08-25"},{"lineNumber":13,"author":{"gitId":"mingyi456"},"content":"                + \"| |_| | |_| | (_| |  __/\\n\"","lastModifiedDate":"2021-08-25"},{"lineNumber":14,"author":{"gitId":"mingyi456"},"content":"                + \"|____/ \\\\__,_|\\\\__,_|\\\\___|\\n\";","lastModifiedDate":"2021-08-25"},{"lineNumber":15,"author":{"gitId":"mingyi456"},"content":"","lastModifiedDate":"2021-08-25"},{"lineNumber":16,"author":{"gitId":"mingyi456"},"content":"        System.out.println(\"Hello from\\n\" + logo2);","lastModifiedDate":"2021-08-25"},{"lineNumber":17,"author":{"gitId":"mingyi456"},"content":"        System.out.println(\"Hello! I\u0027m Dude\");","lastModifiedDate":"2021-08-19"},{"lineNumber":18,"author":{"gitId":"mingyi456"},"content":"","lastModifiedDate":"2021-08-19"},{"lineNumber":19,"author":{"gitId":"mingyi456"},"content":"","lastModifiedDate":"2021-08-25"},{"lineNumber":20,"author":{"gitId":"mingyi456"},"content":"        Scanner stdIn \u003d  new Scanner(System.in);","lastModifiedDate":"2021-08-25"},{"lineNumber":21,"author":{"gitId":"mingyi456"},"content":"        boolean isRunning \u003d true;","lastModifiedDate":"2021-08-19"},{"lineNumber":22,"author":{"gitId":"mingyi456"},"content":"        ToDoList toDoList;","lastModifiedDate":"2021-08-25"},{"lineNumber":23,"author":{"gitId":"mingyi456"},"content":"","lastModifiedDate":"2021-08-25"},{"lineNumber":24,"author":{"gitId":"mingyi456"},"content":"        File dukeData \u003d new File(\"./duke_data.txt\");","lastModifiedDate":"2021-08-25"},{"lineNumber":25,"author":{"gitId":"mingyi456"},"content":"","lastModifiedDate":"2021-08-25"},{"lineNumber":26,"author":{"gitId":"mingyi456"},"content":"        System.out.println(\"What can I do for you?\");","lastModifiedDate":"2021-08-25"},{"lineNumber":27,"author":{"gitId":"mingyi456"},"content":"","lastModifiedDate":"2021-08-25"},{"lineNumber":28,"author":{"gitId":"mingyi456"},"content":"        try {","lastModifiedDate":"2021-08-25"},{"lineNumber":29,"author":{"gitId":"mingyi456"},"content":"            dukeData.createNewFile();","lastModifiedDate":"2021-08-25"},{"lineNumber":30,"author":{"gitId":"mingyi456"},"content":"            toDoList \u003d new ToDoList(dukeData);","lastModifiedDate":"2021-08-25"},{"lineNumber":31,"author":{"gitId":"mingyi456"},"content":"","lastModifiedDate":"2021-08-25"},{"lineNumber":32,"author":{"gitId":"mingyi456"},"content":"        } catch (IOException e) {","lastModifiedDate":"2021-08-25"},{"lineNumber":33,"author":{"gitId":"mingyi456"},"content":"            System.out.println(\"Cannot create/access data file\\n\" + e.toString());","lastModifiedDate":"2021-08-25"},{"lineNumber":34,"author":{"gitId":"mingyi456"},"content":"            toDoList \u003d new ToDoList();","lastModifiedDate":"2021-08-25"},{"lineNumber":35,"author":{"gitId":"mingyi456"},"content":"        }","lastModifiedDate":"2021-08-25"},{"lineNumber":36,"author":{"gitId":"mingyi456"},"content":"","lastModifiedDate":"2021-08-19"},{"lineNumber":37,"author":{"gitId":"mingyi456"},"content":"        while (isRunning) {","lastModifiedDate":"2021-08-19"},{"lineNumber":38,"author":{"gitId":"mingyi456"},"content":"            String input \u003d getPrompt(stdIn);","lastModifiedDate":"2021-08-25"},{"lineNumber":39,"author":{"gitId":"mingyi456"},"content":"            isRunning \u003d processInput(input, toDoList);","lastModifiedDate":"2021-08-19"},{"lineNumber":40,"author":{"gitId":"mingyi456"},"content":"        }","lastModifiedDate":"2021-08-19"},{"lineNumber":41,"author":{"gitId":"-"},"content":"    }","lastModifiedDate":"2021-08-19"},{"lineNumber":42,"author":{"gitId":"mingyi456"},"content":"","lastModifiedDate":"2021-08-19"},{"lineNumber":43,"author":{"gitId":"mingyi456"},"content":"    static String getPrompt(Scanner sc) {","lastModifiedDate":"2021-08-19"},{"lineNumber":44,"author":{"gitId":"mingyi456"},"content":"        return sc.nextLine();","lastModifiedDate":"2021-08-19"},{"lineNumber":45,"author":{"gitId":"mingyi456"},"content":"    }","lastModifiedDate":"2021-08-19"},{"lineNumber":46,"author":{"gitId":"mingyi456"},"content":"","lastModifiedDate":"2021-08-19"},{"lineNumber":47,"author":{"gitId":"mingyi456"},"content":"    static boolean processInput(String str, ToDoList toDoList){","lastModifiedDate":"2021-08-19"},{"lineNumber":48,"author":{"gitId":"mingyi456"},"content":"        if (str.equals(\"bye\")) {","lastModifiedDate":"2021-08-19"},{"lineNumber":49,"author":{"gitId":"mingyi456"},"content":"            System.out.println(\"Bye. Hope to see you again soon!\");","lastModifiedDate":"2021-08-19"},{"lineNumber":50,"author":{"gitId":"mingyi456"},"content":"            toDoList.saveToFile();","lastModifiedDate":"2021-08-25"},{"lineNumber":51,"author":{"gitId":"mingyi456"},"content":"            return false;","lastModifiedDate":"2021-08-19"},{"lineNumber":52,"author":{"gitId":"mingyi456"},"content":"        } else if (str.equals(\"list\")) {","lastModifiedDate":"2021-08-19"},{"lineNumber":53,"author":{"gitId":"mingyi456"},"content":"            System.out.println(toDoList.list());","lastModifiedDate":"2021-08-19"},{"lineNumber":54,"author":{"gitId":"mingyi456"},"content":"        } else if (str.startsWith(\"done\")){","lastModifiedDate":"2021-08-19"},{"lineNumber":55,"author":{"gitId":"mingyi456"},"content":"            String substr \u003d str.replaceFirst(\"done \", \"\");","lastModifiedDate":"2021-08-19"},{"lineNumber":56,"author":{"gitId":"mingyi456"},"content":"            int index \u003d Integer.parseInt(substr);","lastModifiedDate":"2021-08-19"},{"lineNumber":57,"author":{"gitId":"mingyi456"},"content":"            System.out.println(toDoList.markDone(index));","lastModifiedDate":"2021-08-19"},{"lineNumber":58,"author":{"gitId":"mingyi456"},"content":"        } else if (str.startsWith(\"delete\")){","lastModifiedDate":"2021-08-19"},{"lineNumber":59,"author":{"gitId":"mingyi456"},"content":"            String substr \u003d str.replaceFirst(\"delete \", \"\");","lastModifiedDate":"2021-08-19"},{"lineNumber":60,"author":{"gitId":"mingyi456"},"content":"            int index \u003d Integer.parseInt(substr);","lastModifiedDate":"2021-08-19"},{"lineNumber":61,"author":{"gitId":"mingyi456"},"content":"            System.out.println(toDoList.delete(index));","lastModifiedDate":"2021-08-19"},{"lineNumber":62,"author":{"gitId":"mingyi456"},"content":"        } else if (str.startsWith(\"todo\")) {","lastModifiedDate":"2021-08-19"},{"lineNumber":63,"author":{"gitId":"mingyi456"},"content":"            String substr \u003d str.replaceFirst(\"todo\", \"\").stripLeading();","lastModifiedDate":"2021-08-19"},{"lineNumber":64,"author":{"gitId":"mingyi456"},"content":"            System.out.println(toDoList.addToDo(substr));","lastModifiedDate":"2021-08-19"},{"lineNumber":65,"author":{"gitId":"mingyi456"},"content":"        } else if (str.startsWith(\"deadline\")) {","lastModifiedDate":"2021-08-19"},{"lineNumber":66,"author":{"gitId":"mingyi456"},"content":"            String substr \u003d str.replaceFirst(\"deadline\", \"\").stripLeading();","lastModifiedDate":"2021-08-19"},{"lineNumber":67,"author":{"gitId":"mingyi456"},"content":"            String[] substrArray \u003d substr.split(\" /by \", 2);","lastModifiedDate":"2021-08-19"},{"lineNumber":68,"author":{"gitId":"mingyi456"},"content":"            System.out.println(toDoList.addDeadLine(substrArray[0], substrArray[1]));","lastModifiedDate":"2021-08-19"},{"lineNumber":69,"author":{"gitId":"mingyi456"},"content":"        } else if (str.startsWith(\"event\")) {","lastModifiedDate":"2021-08-19"},{"lineNumber":70,"author":{"gitId":"mingyi456"},"content":"            String substr \u003d str.replaceFirst(\"event\", \"\").stripLeading();","lastModifiedDate":"2021-08-19"},{"lineNumber":71,"author":{"gitId":"mingyi456"},"content":"            String[] substrArray \u003d substr.split(\" /at \", 2);","lastModifiedDate":"2021-08-19"},{"lineNumber":72,"author":{"gitId":"mingyi456"},"content":"            System.out.println(toDoList.addEvent(substrArray[0], substrArray[1]));","lastModifiedDate":"2021-08-19"},{"lineNumber":73,"author":{"gitId":"mingyi456"},"content":"        } else {","lastModifiedDate":"2021-08-19"},{"lineNumber":74,"author":{"gitId":"mingyi456"},"content":"            System.out.println(\"??? Unknown command!\");","lastModifiedDate":"2021-08-19"},{"lineNumber":75,"author":{"gitId":"mingyi456"},"content":"        }","lastModifiedDate":"2021-08-19"},{"lineNumber":76,"author":{"gitId":"mingyi456"},"content":"        return true;","lastModifiedDate":"2021-08-19"},{"lineNumber":77,"author":{"gitId":"-"},"content":"    }","lastModifiedDate":"2019-07-29"},{"lineNumber":78,"author":{"gitId":"mingyi456"},"content":"","lastModifiedDate":"2021-08-25"},{"lineNumber":79,"author":{"gitId":"-"},"content":"}","lastModifiedDate":"2019-07-29"}],"authorContributionMap":{"mingyi456":74,"-":5}},{"path":"src/main/java/Event.java","fileType":"java","lines":[{"lineNumber":1,"author":{"gitId":"mingyi456"},"content":"public class Event extends Task{","lastModifiedDate":"2021-08-19"},{"lineNumber":2,"author":{"gitId":"mingyi456"},"content":"    private final DateString time;","lastModifiedDate":"2021-08-25"},{"lineNumber":3,"author":{"gitId":"mingyi456"},"content":"","lastModifiedDate":"2021-08-25"},{"lineNumber":4,"author":{"gitId":"mingyi456"},"content":"    public Event(String description) {","lastModifiedDate":"2021-08-19"},{"lineNumber":5,"author":{"gitId":"mingyi456"},"content":"        super(description);","lastModifiedDate":"2021-08-19"},{"lineNumber":6,"author":{"gitId":"mingyi456"},"content":"        if (description.isBlank()) {","lastModifiedDate":"2021-08-19"},{"lineNumber":7,"author":{"gitId":"mingyi456"},"content":"            throw new IllegalArgumentException(\"Description of Event cannot be empty!\");","lastModifiedDate":"2021-08-19"},{"lineNumber":8,"author":{"gitId":"mingyi456"},"content":"        }","lastModifiedDate":"2021-08-19"},{"lineNumber":9,"author":{"gitId":"mingyi456"},"content":"        this.type \u003d \u0027E\u0027;","lastModifiedDate":"2021-08-19"},{"lineNumber":10,"author":{"gitId":"mingyi456"},"content":"        this.time \u003d new DateString(\"\");","lastModifiedDate":"2021-08-25"},{"lineNumber":11,"author":{"gitId":"mingyi456"},"content":"    }","lastModifiedDate":"2021-08-19"},{"lineNumber":12,"author":{"gitId":"mingyi456"},"content":"","lastModifiedDate":"2021-08-19"},{"lineNumber":13,"author":{"gitId":"mingyi456"},"content":"    public Event(String description, String time) {","lastModifiedDate":"2021-08-19"},{"lineNumber":14,"author":{"gitId":"mingyi456"},"content":"        super(description);","lastModifiedDate":"2021-08-19"},{"lineNumber":15,"author":{"gitId":"mingyi456"},"content":"        this.type \u003d \u0027E\u0027;","lastModifiedDate":"2021-08-19"},{"lineNumber":16,"author":{"gitId":"mingyi456"},"content":"        this.time \u003d new DateString(time);","lastModifiedDate":"2021-08-25"},{"lineNumber":17,"author":{"gitId":"mingyi456"},"content":"    }","lastModifiedDate":"2021-08-19"},{"lineNumber":18,"author":{"gitId":"mingyi456"},"content":"","lastModifiedDate":"2021-08-19"},{"lineNumber":19,"author":{"gitId":"mingyi456"},"content":"    @Override","lastModifiedDate":"2021-08-19"},{"lineNumber":20,"author":{"gitId":"mingyi456"},"content":"    public String toString() {","lastModifiedDate":"2021-08-19"},{"lineNumber":21,"author":{"gitId":"mingyi456"},"content":"","lastModifiedDate":"2021-08-25"},{"lineNumber":22,"author":{"gitId":"mingyi456"},"content":"        return super.toString() + \" (at: \" + this.time.toString() + \")\";","lastModifiedDate":"2021-08-25"},{"lineNumber":23,"author":{"gitId":"mingyi456"},"content":"    }","lastModifiedDate":"2021-08-19"},{"lineNumber":24,"author":{"gitId":"mingyi456"},"content":"}","lastModifiedDate":"2021-08-19"}],"authorContributionMap":{"mingyi456":24}},{"path":"src/main/java/Task.java","fileType":"java","lines":[{"lineNumber":1,"author":{"gitId":"mingyi456"},"content":"public class Task {","lastModifiedDate":"2021-08-19"},{"lineNumber":2,"author":{"gitId":"mingyi456"},"content":"    private final String description;","lastModifiedDate":"2021-08-19"},{"lineNumber":3,"author":{"gitId":"mingyi456"},"content":"    private boolean isDone;","lastModifiedDate":"2021-08-19"},{"lineNumber":4,"author":{"gitId":"mingyi456"},"content":"    protected char type;","lastModifiedDate":"2021-08-19"},{"lineNumber":5,"author":{"gitId":"mingyi456"},"content":"","lastModifiedDate":"2021-08-19"},{"lineNumber":6,"author":{"gitId":"mingyi456"},"content":"    public Task(String description) {","lastModifiedDate":"2021-08-19"},{"lineNumber":7,"author":{"gitId":"mingyi456"},"content":"        this.description \u003d description;","lastModifiedDate":"2021-08-19"},{"lineNumber":8,"author":{"gitId":"mingyi456"},"content":"        this.isDone \u003d false;","lastModifiedDate":"2021-08-19"},{"lineNumber":9,"author":{"gitId":"mingyi456"},"content":"        this.type \u003d \u0027 \u0027;","lastModifiedDate":"2021-08-19"},{"lineNumber":10,"author":{"gitId":"mingyi456"},"content":"    }","lastModifiedDate":"2021-08-19"},{"lineNumber":11,"author":{"gitId":"mingyi456"},"content":"","lastModifiedDate":"2021-08-19"},{"lineNumber":12,"author":{"gitId":"mingyi456"},"content":"    @Override","lastModifiedDate":"2021-08-19"},{"lineNumber":13,"author":{"gitId":"mingyi456"},"content":"    public String toString() {","lastModifiedDate":"2021-08-19"},{"lineNumber":14,"author":{"gitId":"mingyi456"},"content":"        return \"[\" + this.type + \"]\" + (this.isDone ? \"[x] \" : \"[ ] \") + this.description;","lastModifiedDate":"2021-08-19"},{"lineNumber":15,"author":{"gitId":"mingyi456"},"content":"    }","lastModifiedDate":"2021-08-19"},{"lineNumber":16,"author":{"gitId":"mingyi456"},"content":"","lastModifiedDate":"2021-08-19"},{"lineNumber":17,"author":{"gitId":"mingyi456"},"content":"    public boolean markDone() {","lastModifiedDate":"2021-08-19"},{"lineNumber":18,"author":{"gitId":"mingyi456"},"content":"        if (this.isDone) {","lastModifiedDate":"2021-08-19"},{"lineNumber":19,"author":{"gitId":"mingyi456"},"content":"            return false;","lastModifiedDate":"2021-08-19"},{"lineNumber":20,"author":{"gitId":"mingyi456"},"content":"        } else {","lastModifiedDate":"2021-08-19"},{"lineNumber":21,"author":{"gitId":"mingyi456"},"content":"            this.isDone \u003d true;","lastModifiedDate":"2021-08-19"},{"lineNumber":22,"author":{"gitId":"mingyi456"},"content":"            return true;","lastModifiedDate":"2021-08-19"},{"lineNumber":23,"author":{"gitId":"mingyi456"},"content":"        }","lastModifiedDate":"2021-08-19"},{"lineNumber":24,"author":{"gitId":"mingyi456"},"content":"    }","lastModifiedDate":"2021-08-19"},{"lineNumber":25,"author":{"gitId":"mingyi456"},"content":"","lastModifiedDate":"2021-08-19"},{"lineNumber":26,"author":{"gitId":"mingyi456"},"content":"}","lastModifiedDate":"2021-08-19"}],"authorContributionMap":{"mingyi456":26}},{"path":"src/main/java/ToDo.java","fileType":"java","lines":[{"lineNumber":1,"author":{"gitId":"mingyi456"},"content":"public class ToDo extends Task{","lastModifiedDate":"2021-08-19"},{"lineNumber":2,"author":{"gitId":"mingyi456"},"content":"    public ToDo(String description) {","lastModifiedDate":"2021-08-19"},{"lineNumber":3,"author":{"gitId":"mingyi456"},"content":"        super(description);","lastModifiedDate":"2021-08-19"},{"lineNumber":4,"author":{"gitId":"mingyi456"},"content":"        if (description.isBlank()) {","lastModifiedDate":"2021-08-19"},{"lineNumber":5,"author":{"gitId":"mingyi456"},"content":"            throw new IllegalArgumentException(\"Description of ToDo cannot be empty!\");","lastModifiedDate":"2021-08-19"},{"lineNumber":6,"author":{"gitId":"mingyi456"},"content":"        }","lastModifiedDate":"2021-08-19"},{"lineNumber":7,"author":{"gitId":"mingyi456"},"content":"        this.type \u003d \u0027T\u0027;","lastModifiedDate":"2021-08-19"},{"lineNumber":8,"author":{"gitId":"mingyi456"},"content":"    }","lastModifiedDate":"2021-08-19"},{"lineNumber":9,"author":{"gitId":"mingyi456"},"content":"}","lastModifiedDate":"2021-08-19"}],"authorContributionMap":{"mingyi456":9}},{"path":"src/main/java/ToDoList.java","fileType":"java","lines":[{"lineNumber":1,"author":{"gitId":"mingyi456"},"content":"import java.io.FileNotFoundException;","lastModifiedDate":"2021-08-25"},{"lineNumber":2,"author":{"gitId":"mingyi456"},"content":"import java.io.IOException;","lastModifiedDate":"2021-08-25"},{"lineNumber":3,"author":{"gitId":"mingyi456"},"content":"import java.util.ArrayList;","lastModifiedDate":"2021-08-19"},{"lineNumber":4,"author":{"gitId":"mingyi456"},"content":"import java.io.File;","lastModifiedDate":"2021-08-25"},{"lineNumber":5,"author":{"gitId":"mingyi456"},"content":"import java.util.Scanner;","lastModifiedDate":"2021-08-25"},{"lineNumber":6,"author":{"gitId":"mingyi456"},"content":"import java.io.FileWriter;","lastModifiedDate":"2021-08-25"},{"lineNumber":7,"author":{"gitId":"mingyi456"},"content":"","lastModifiedDate":"2021-08-19"},{"lineNumber":8,"author":{"gitId":"mingyi456"},"content":"public class ToDoList {","lastModifiedDate":"2021-08-19"},{"lineNumber":9,"author":{"gitId":"mingyi456"},"content":"","lastModifiedDate":"2021-08-19"},{"lineNumber":10,"author":{"gitId":"mingyi456"},"content":"    private final ArrayList\u003cTask\u003e arrayList;","lastModifiedDate":"2021-08-25"},{"lineNumber":11,"author":{"gitId":"mingyi456"},"content":"    private final File dataFile;","lastModifiedDate":"2021-08-25"},{"lineNumber":12,"author":{"gitId":"mingyi456"},"content":"","lastModifiedDate":"2021-08-25"},{"lineNumber":13,"author":{"gitId":"mingyi456"},"content":"    public ToDoList(){","lastModifiedDate":"2021-08-25"},{"lineNumber":14,"author":{"gitId":"mingyi456"},"content":"        this.arrayList \u003d new ArrayList\u003c\u003e();","lastModifiedDate":"2021-08-25"},{"lineNumber":15,"author":{"gitId":"mingyi456"},"content":"        this.dataFile \u003d null;","lastModifiedDate":"2021-08-25"},{"lineNumber":16,"author":{"gitId":"mingyi456"},"content":"    }","lastModifiedDate":"2021-08-25"},{"lineNumber":17,"author":{"gitId":"mingyi456"},"content":"","lastModifiedDate":"2021-08-25"},{"lineNumber":18,"author":{"gitId":"mingyi456"},"content":"    public ToDoList(File dataFile) {","lastModifiedDate":"2021-08-25"},{"lineNumber":19,"author":{"gitId":"mingyi456"},"content":"        this.arrayList \u003d new ArrayList\u003c\u003e();","lastModifiedDate":"2021-08-25"},{"lineNumber":20,"author":{"gitId":"mingyi456"},"content":"        this.dataFile \u003d dataFile;","lastModifiedDate":"2021-08-25"},{"lineNumber":21,"author":{"gitId":"mingyi456"},"content":"","lastModifiedDate":"2021-08-25"},{"lineNumber":22,"author":{"gitId":"mingyi456"},"content":"        try {","lastModifiedDate":"2021-08-25"},{"lineNumber":23,"author":{"gitId":"mingyi456"},"content":"            Scanner sc \u003d new Scanner(dataFile);","lastModifiedDate":"2021-08-25"},{"lineNumber":24,"author":{"gitId":"mingyi456"},"content":"            String fileLine;","lastModifiedDate":"2021-08-25"},{"lineNumber":25,"author":{"gitId":"mingyi456"},"content":"            while (sc.hasNext()) {","lastModifiedDate":"2021-08-25"},{"lineNumber":26,"author":{"gitId":"mingyi456"},"content":"                fileLine \u003d sc.nextLine();","lastModifiedDate":"2021-08-25"},{"lineNumber":27,"author":{"gitId":"mingyi456"},"content":"                if (fileLine.startsWith(\"[T]\", 3)) {","lastModifiedDate":"2021-08-25"},{"lineNumber":28,"author":{"gitId":"mingyi456"},"content":"                    this.addToDo(fileLine.substring(10));","lastModifiedDate":"2021-08-25"},{"lineNumber":29,"author":{"gitId":"mingyi456"},"content":"                } else if (fileLine.startsWith(\"[D]\", 3)) {","lastModifiedDate":"2021-08-25"},{"lineNumber":30,"author":{"gitId":"mingyi456"},"content":"                    String[] subStringArray \u003d fileLine.substring(10).split(\" \\\\(by: \", 2);","lastModifiedDate":"2021-08-25"},{"lineNumber":31,"author":{"gitId":"mingyi456"},"content":"                    String deadLineStr \u003d subStringArray[1];","lastModifiedDate":"2021-08-25"},{"lineNumber":32,"author":{"gitId":"mingyi456"},"content":"                    this.addDeadLine(subStringArray[0], deadLineStr.","lastModifiedDate":"2021-08-25"},{"lineNumber":33,"author":{"gitId":"mingyi456"},"content":"                            substring(0, deadLineStr.length() - 1));","lastModifiedDate":"2021-08-25"},{"lineNumber":34,"author":{"gitId":"mingyi456"},"content":"                } else if (fileLine.startsWith(\"[E]\", 3)) {","lastModifiedDate":"2021-08-25"},{"lineNumber":35,"author":{"gitId":"mingyi456"},"content":"                    String[] subStringArray \u003d fileLine.substring(10).split(\" \\\\(at: \", 2);","lastModifiedDate":"2021-08-25"},{"lineNumber":36,"author":{"gitId":"mingyi456"},"content":"                    String deadLineStr \u003d subStringArray[1];","lastModifiedDate":"2021-08-25"},{"lineNumber":37,"author":{"gitId":"mingyi456"},"content":"                    this.addEvent(subStringArray[0], deadLineStr.","lastModifiedDate":"2021-08-25"},{"lineNumber":38,"author":{"gitId":"mingyi456"},"content":"                            substring(0, deadLineStr.length() - 1));","lastModifiedDate":"2021-08-25"},{"lineNumber":39,"author":{"gitId":"mingyi456"},"content":"                }","lastModifiedDate":"2021-08-25"},{"lineNumber":40,"author":{"gitId":"mingyi456"},"content":"            }","lastModifiedDate":"2021-08-25"},{"lineNumber":41,"author":{"gitId":"mingyi456"},"content":"        } catch (FileNotFoundException e) {","lastModifiedDate":"2021-08-25"},{"lineNumber":42,"author":{"gitId":"mingyi456"},"content":"            System.out.println(\"File not found, should have been created already\");","lastModifiedDate":"2021-08-25"},{"lineNumber":43,"author":{"gitId":"mingyi456"},"content":"","lastModifiedDate":"2021-08-25"},{"lineNumber":44,"author":{"gitId":"mingyi456"},"content":"        }","lastModifiedDate":"2021-08-25"},{"lineNumber":45,"author":{"gitId":"mingyi456"},"content":"","lastModifiedDate":"2021-08-25"},{"lineNumber":46,"author":{"gitId":"mingyi456"},"content":"    }","lastModifiedDate":"2021-08-25"},{"lineNumber":47,"author":{"gitId":"mingyi456"},"content":"","lastModifiedDate":"2021-08-25"},{"lineNumber":48,"author":{"gitId":"mingyi456"},"content":"","lastModifiedDate":"2021-08-19"},{"lineNumber":49,"author":{"gitId":"mingyi456"},"content":"    public String addToDo(String description) {","lastModifiedDate":"2021-08-19"},{"lineNumber":50,"author":{"gitId":"mingyi456"},"content":"        ToDo toDo;","lastModifiedDate":"2021-08-19"},{"lineNumber":51,"author":{"gitId":"mingyi456"},"content":"        try {","lastModifiedDate":"2021-08-19"},{"lineNumber":52,"author":{"gitId":"mingyi456"},"content":"            toDo \u003d new ToDo(description);","lastModifiedDate":"2021-08-19"},{"lineNumber":53,"author":{"gitId":"mingyi456"},"content":"        } catch (IllegalArgumentException e){","lastModifiedDate":"2021-08-19"},{"lineNumber":54,"author":{"gitId":"mingyi456"},"content":"            return \"??? \" + e.getMessage();","lastModifiedDate":"2021-08-19"},{"lineNumber":55,"author":{"gitId":"mingyi456"},"content":"        }","lastModifiedDate":"2021-08-19"},{"lineNumber":56,"author":{"gitId":"mingyi456"},"content":"        this.arrayList.add(toDo);","lastModifiedDate":"2021-08-19"},{"lineNumber":57,"author":{"gitId":"mingyi456"},"content":"        return \"Added this ToDo task:\\n\" + toDo.toString();","lastModifiedDate":"2021-08-19"},{"lineNumber":58,"author":{"gitId":"mingyi456"},"content":"","lastModifiedDate":"2021-08-19"},{"lineNumber":59,"author":{"gitId":"mingyi456"},"content":"    }","lastModifiedDate":"2021-08-19"},{"lineNumber":60,"author":{"gitId":"mingyi456"},"content":"","lastModifiedDate":"2021-08-19"},{"lineNumber":61,"author":{"gitId":"mingyi456"},"content":"    public String addDeadLine(String description, String deadline) {","lastModifiedDate":"2021-08-19"},{"lineNumber":62,"author":{"gitId":"mingyi456"},"content":"        Deadline dl;","lastModifiedDate":"2021-08-19"},{"lineNumber":63,"author":{"gitId":"mingyi456"},"content":"        try {","lastModifiedDate":"2021-08-19"},{"lineNumber":64,"author":{"gitId":"mingyi456"},"content":"            dl \u003d new Deadline(description, deadline);","lastModifiedDate":"2021-08-19"},{"lineNumber":65,"author":{"gitId":"mingyi456"},"content":"        } catch (IllegalArgumentException e){","lastModifiedDate":"2021-08-19"},{"lineNumber":66,"author":{"gitId":"mingyi456"},"content":"            return \"??? \" + e.getMessage();","lastModifiedDate":"2021-08-19"},{"lineNumber":67,"author":{"gitId":"mingyi456"},"content":"        }","lastModifiedDate":"2021-08-19"},{"lineNumber":68,"author":{"gitId":"mingyi456"},"content":"        this.arrayList.add(dl);","lastModifiedDate":"2021-08-19"},{"lineNumber":69,"author":{"gitId":"mingyi456"},"content":"        return \"Added this Deadline task:\\n\" + dl.toString();","lastModifiedDate":"2021-08-19"},{"lineNumber":70,"author":{"gitId":"mingyi456"},"content":"    }","lastModifiedDate":"2021-08-19"},{"lineNumber":71,"author":{"gitId":"mingyi456"},"content":"","lastModifiedDate":"2021-08-19"},{"lineNumber":72,"author":{"gitId":"mingyi456"},"content":"    public String addEvent(String description, String time) {","lastModifiedDate":"2021-08-19"},{"lineNumber":73,"author":{"gitId":"mingyi456"},"content":"        Event event;","lastModifiedDate":"2021-08-19"},{"lineNumber":74,"author":{"gitId":"mingyi456"},"content":"        try {","lastModifiedDate":"2021-08-19"},{"lineNumber":75,"author":{"gitId":"mingyi456"},"content":"            event \u003d new Event(description, time);","lastModifiedDate":"2021-08-19"},{"lineNumber":76,"author":{"gitId":"mingyi456"},"content":"        } catch (IllegalArgumentException e){","lastModifiedDate":"2021-08-19"},{"lineNumber":77,"author":{"gitId":"mingyi456"},"content":"            return \"??? \" + e.getMessage();","lastModifiedDate":"2021-08-19"},{"lineNumber":78,"author":{"gitId":"mingyi456"},"content":"        }","lastModifiedDate":"2021-08-19"},{"lineNumber":79,"author":{"gitId":"mingyi456"},"content":"        this.arrayList.add(event);","lastModifiedDate":"2021-08-19"},{"lineNumber":80,"author":{"gitId":"mingyi456"},"content":"        return \"Added this Event task:\\n\" + event.toString();","lastModifiedDate":"2021-08-19"},{"lineNumber":81,"author":{"gitId":"mingyi456"},"content":"    }","lastModifiedDate":"2021-08-19"},{"lineNumber":82,"author":{"gitId":"mingyi456"},"content":"","lastModifiedDate":"2021-08-19"},{"lineNumber":83,"author":{"gitId":"mingyi456"},"content":"    public String list() {","lastModifiedDate":"2021-08-19"},{"lineNumber":84,"author":{"gitId":"mingyi456"},"content":"        int i \u003d 1;","lastModifiedDate":"2021-08-19"},{"lineNumber":85,"author":{"gitId":"mingyi456"},"content":"        String returnString \u003d \"\";","lastModifiedDate":"2021-08-19"},{"lineNumber":86,"author":{"gitId":"mingyi456"},"content":"        for (Task t : this.arrayList) {","lastModifiedDate":"2021-08-19"},{"lineNumber":87,"author":{"gitId":"mingyi456"},"content":"            returnString +\u003d String.valueOf(i) + \". \" + t.toString() + \"\\n\";","lastModifiedDate":"2021-08-19"},{"lineNumber":88,"author":{"gitId":"mingyi456"},"content":"            i++;","lastModifiedDate":"2021-08-19"},{"lineNumber":89,"author":{"gitId":"mingyi456"},"content":"        }","lastModifiedDate":"2021-08-19"},{"lineNumber":90,"author":{"gitId":"mingyi456"},"content":"        return returnString;","lastModifiedDate":"2021-08-19"},{"lineNumber":91,"author":{"gitId":"mingyi456"},"content":"    }","lastModifiedDate":"2021-08-19"},{"lineNumber":92,"author":{"gitId":"mingyi456"},"content":"","lastModifiedDate":"2021-08-19"},{"lineNumber":93,"author":{"gitId":"mingyi456"},"content":"    public String markDone(int index) {","lastModifiedDate":"2021-08-19"},{"lineNumber":94,"author":{"gitId":"mingyi456"},"content":"        Task t \u003d this.arrayList.get(index - 1);","lastModifiedDate":"2021-08-19"},{"lineNumber":95,"author":{"gitId":"mingyi456"},"content":"        boolean isValid \u003d t.markDone();","lastModifiedDate":"2021-08-19"},{"lineNumber":96,"author":{"gitId":"mingyi456"},"content":"        if (isValid) {","lastModifiedDate":"2021-08-19"},{"lineNumber":97,"author":{"gitId":"mingyi456"},"content":"            return \"Nice! This task is marked as done\\n\" + t.toString();","lastModifiedDate":"2021-08-19"},{"lineNumber":98,"author":{"gitId":"mingyi456"},"content":"        } else {","lastModifiedDate":"2021-08-19"},{"lineNumber":99,"author":{"gitId":"mingyi456"},"content":"            return \"\";","lastModifiedDate":"2021-08-19"},{"lineNumber":100,"author":{"gitId":"mingyi456"},"content":"        }","lastModifiedDate":"2021-08-19"},{"lineNumber":101,"author":{"gitId":"mingyi456"},"content":"    }","lastModifiedDate":"2021-08-19"},{"lineNumber":102,"author":{"gitId":"mingyi456"},"content":"    public String delete(int index) {","lastModifiedDate":"2021-08-19"},{"lineNumber":103,"author":{"gitId":"mingyi456"},"content":"        Task t \u003d this.arrayList.get(index - 1);","lastModifiedDate":"2021-08-19"},{"lineNumber":104,"author":{"gitId":"mingyi456"},"content":"        this.arrayList.remove(index - 1);","lastModifiedDate":"2021-08-19"},{"lineNumber":105,"author":{"gitId":"mingyi456"},"content":"        return \"Noted. Removed this task:\\n\" + t.toString();","lastModifiedDate":"2021-08-25"},{"lineNumber":106,"author":{"gitId":"mingyi456"},"content":"    }","lastModifiedDate":"2021-08-19"},{"lineNumber":107,"author":{"gitId":"mingyi456"},"content":"","lastModifiedDate":"2021-08-25"},{"lineNumber":108,"author":{"gitId":"mingyi456"},"content":"    public void saveToFile() {","lastModifiedDate":"2021-08-25"},{"lineNumber":109,"author":{"gitId":"mingyi456"},"content":"        if (this.dataFile !\u003d null) {","lastModifiedDate":"2021-08-25"},{"lineNumber":110,"author":{"gitId":"mingyi456"},"content":"            try {","lastModifiedDate":"2021-08-25"},{"lineNumber":111,"author":{"gitId":"mingyi456"},"content":"                FileWriter writer \u003d new FileWriter(this.dataFile);","lastModifiedDate":"2021-08-25"},{"lineNumber":112,"author":{"gitId":"mingyi456"},"content":"                writer.write(this.list());","lastModifiedDate":"2021-08-25"},{"lineNumber":113,"author":{"gitId":"mingyi456"},"content":"                writer.close();","lastModifiedDate":"2021-08-25"},{"lineNumber":114,"author":{"gitId":"mingyi456"},"content":"            } catch (IOException e) {","lastModifiedDate":"2021-08-25"},{"lineNumber":115,"author":{"gitId":"mingyi456"},"content":"                System.out.println(e.toString());","lastModifiedDate":"2021-08-25"},{"lineNumber":116,"author":{"gitId":"mingyi456"},"content":"            }","lastModifiedDate":"2021-08-25"},{"lineNumber":117,"author":{"gitId":"mingyi456"},"content":"        }","lastModifiedDate":"2021-08-25"},{"lineNumber":118,"author":{"gitId":"mingyi456"},"content":"    }","lastModifiedDate":"2021-08-25"},{"lineNumber":119,"author":{"gitId":"mingyi456"},"content":"}","lastModifiedDate":"2021-08-19"}],"authorContributionMap":{"mingyi456":119}},{"path":"text-ui-test/input.txt","fileType":"txt","lines":[{"lineNumber":1,"author":{"gitId":"mingyi456"},"content":"bye","lastModifiedDate":"2021-08-19"}],"authorContributionMap":{"mingyi456":1}},{"path":"text-ui-test/runtest.bat","fileType":"bat","lines":[{"lineNumber":1,"author":{"gitId":"-"},"content":"@ECHO OFF","lastModifiedDate":"2020-05-25"},{"lineNumber":2,"author":{"gitId":"-"},"content":"","lastModifiedDate":"2020-05-25"},{"lineNumber":3,"author":{"gitId":"-"},"content":"REM create bin directory if it doesn\u0027t exist","lastModifiedDate":"2020-05-25"},{"lineNumber":4,"author":{"gitId":"-"},"content":"if not exist ..\\bin mkdir ..\\bin","lastModifiedDate":"2020-05-25"},{"lineNumber":5,"author":{"gitId":"-"},"content":"","lastModifiedDate":"2020-05-25"},{"lineNumber":6,"author":{"gitId":"-"},"content":"REM delete output from previous run","lastModifiedDate":"2020-05-25"},{"lineNumber":7,"author":{"gitId":"-"},"content":"if exist ACTUAL.TXT del ACTUAL.TXT","lastModifiedDate":"2020-08-25"},{"lineNumber":8,"author":{"gitId":"-"},"content":"","lastModifiedDate":"2020-05-25"},{"lineNumber":9,"author":{"gitId":"-"},"content":"REM compile the code into the bin folder","lastModifiedDate":"2020-05-25"},{"lineNumber":10,"author":{"gitId":"-"},"content":"javac  -cp ..\\src\\main\\java -Xlint:none -d ..\\bin ..\\src\\main\\java\\*.java","lastModifiedDate":"2020-08-25"},{"lineNumber":11,"author":{"gitId":"-"},"content":"IF ERRORLEVEL 1 (","lastModifiedDate":"2020-05-25"},{"lineNumber":12,"author":{"gitId":"-"},"content":"    echo ********** BUILD FAILURE **********","lastModifiedDate":"2020-05-25"},{"lineNumber":13,"author":{"gitId":"-"},"content":"    exit /b 1","lastModifiedDate":"2020-05-25"},{"lineNumber":14,"author":{"gitId":"-"},"content":")","lastModifiedDate":"2020-05-25"},{"lineNumber":15,"author":{"gitId":"-"},"content":"REM no error here, errorlevel \u003d\u003d 0","lastModifiedDate":"2020-05-25"},{"lineNumber":16,"author":{"gitId":"-"},"content":"","lastModifiedDate":"2020-05-25"},{"lineNumber":17,"author":{"gitId":"-"},"content":"REM run the program, feed commands from input.txt file and redirect the output to the ACTUAL.TXT","lastModifiedDate":"2020-05-25"},{"lineNumber":18,"author":{"gitId":"-"},"content":"java -classpath ..\\bin Duke \u003c input.txt \u003e ACTUAL.TXT","lastModifiedDate":"2020-05-25"},{"lineNumber":19,"author":{"gitId":"-"},"content":"","lastModifiedDate":"2020-05-25"},{"lineNumber":20,"author":{"gitId":"-"},"content":"REM compare the output to the expected output","lastModifiedDate":"2020-05-25"},{"lineNumber":21,"author":{"gitId":"mingyi456"},"content":"REM This line is commented out in favour of replicating the behaviour of the provided runtest.sh","lastModifiedDate":"2021-08-19"},{"lineNumber":22,"author":{"gitId":"mingyi456"},"content":"REM FC ACTUAL.TXT EXPECTED.TXT","lastModifiedDate":"2021-08-19"},{"lineNumber":23,"author":{"gitId":"mingyi456"},"content":"","lastModifiedDate":"2021-08-19"},{"lineNumber":24,"author":{"gitId":"mingyi456"},"content":"fc /b ACTUAL.TXT EXPECTED.TXT","lastModifiedDate":"2021-08-19"},{"lineNumber":25,"author":{"gitId":"mingyi456"},"content":"if errorlevel 1 (","lastModifiedDate":"2021-08-19"},{"lineNumber":26,"author":{"gitId":"mingyi456"},"content":"    echo Test result: FAILED","lastModifiedDate":"2021-08-19"},{"lineNumber":27,"author":{"gitId":"mingyi456"},"content":"\texit /b 1","lastModifiedDate":"2021-08-19"},{"lineNumber":28,"author":{"gitId":"mingyi456"},"content":") else (","lastModifiedDate":"2021-08-19"},{"lineNumber":29,"author":{"gitId":"mingyi456"},"content":"    echo Test result: PASSED","lastModifiedDate":"2021-08-19"},{"lineNumber":30,"author":{"gitId":"mingyi456"},"content":")","lastModifiedDate":"2021-08-19"}],"authorContributionMap":{"mingyi456":10,"-":20}}]
