{"authorDailyContributionsMap":{"mingyi456":[{"date":"2021-08-19","commitResults":[{"hash":"8c0b98bf69219a57e5eedd0e60bb32ace95468b1","messageTitle":"Level-1 commit","messageBody":"","tags":["Level-1"],"fileTypesAndContributionMap":{"java":{"insertions":25,"deletions":0}}},{"hash":"887add6129b3164e7543559f4fbde938800a37d6","messageTitle":"Complete requirements for Level-2","messageBody":"","tags":["Level-2"],"fileTypesAndContributionMap":{"java":{"insertions":39,"deletions":5}}},{"hash":"59ef7bb4e0c6e0f22781327d6a4b2943e10d89df","messageTitle":"Complete Level-3 tasks, and remove unnecessary code in ToDoList.java","messageBody":"","tags":["Level-3"],"fileTypesAndContributionMap":{"java":{"insertions":45,"deletions":11}}},{"hash":"3a9dfa491f8c5cbfb1ab502f3583768aecaeb44b","messageTitle":"Complete Level-4 tasks","messageBody":"","tags":["Level-4"],"fileTypesAndContributionMap":{"java":{"insertions":79,"deletions":9}}},{"hash":"081d72ed76bc32fc0e75ef1f9b3eebd8c8e51be6","messageTitle":"Complete A-TextUiTesting tasks","messageBody":"","tags":["A-TextUiTesting"],"fileTypesAndContributionMap":{"txt":{"insertions":1,"deletions":0},"bat":{"insertions":10,"deletions":1},"sh":{"insertions":0,"deletions":38}}},{"hash":"08cb3624d81d35d6ce8c03f41eae3a41a2ba2940","messageTitle":"Attempt Level-5 tasks","messageBody":"","tags":["Level-5"],"fileTypesAndContributionMap":{"java":{"insertions":35,"deletions":10}}},{"hash":"30340de48ed5e429d58072db8f1054fde4755ff8","messageTitle":"Complete Level-6 tasks.","messageBody":"","tags":["Level-6"],"fileTypesAndContributionMap":{"java":{"insertions":9,"deletions":1}}}]},{"date":"2021-08-25","commitResults":[{"hash":"10b5eeb76fc0add90ab5c4bc76ec1143ba5fa2ef","messageTitle":"Add support for saving current task list into data file","messageBody":"","tags":["Level-7"],"fileTypesAndContributionMap":{"txt":{"insertions":3,"deletions":0},"java":{"insertions":85,"deletions":11}}},{"hash":"7fd1302da41960868b05fadd00a804fb0d9b65d3","messageTitle":"Store dates as java.time.LocalDate objects","messageBody":"","tags":["Level-8"],"fileTypesAndContributionMap":{"java":{"insertions":38,"deletions":10}}},{"hash":"e9a1c1a84cd8d6929f5d19ff413c8a4aa6158467","messageTitle":"Add more classes for future refactoring into a more OOP approach","messageBody":"","tags":["A-MoreOOP"],"fileTypesAndContributionMap":{"java":{"insertions":66,"deletions":15}}},{"hash":"f17b3a5077bad7d91a53eb4cfd8b1a61a1c520e6","messageTitle":"Organise all classes into a single package duke","messageBody":"","tags":["A-Packages"],"fileTypesAndContributionMap":{"java":{"insertions":19,"deletions":0},"bat":{"insertions":1,"deletions":1},"md":{"insertions":2,"deletions":2}}},{"hash":"1ccc62a85e13ebc4e453e0f24b290fdde7e53309","messageTitle":"Add JUnit tests for Duke and DateString classes","messageBody":"","tags":["A-JUnit"],"fileTypesAndContributionMap":{"java":{"insertions":44,"deletions":0},"bat":{"insertions":2,"deletions":2},"md":{"insertions":1,"deletions":1}}}]}]},"authorFileTypeContributionMap":{"mingyi456":{"java":418,"md":1,"fxml":0,"sh":0,"bat":12,"gradle":0,"txt":4}},"authorContributionVariance":{"mingyi456":10014.602},"authorDisplayNameMap":{"mingyi456":"CS2103-F09-2 CHEN..NGYI"}}
