{"authorDailyContributionsMap":{"mingyi456":[{"date":"2021-08-19","commitResults":[{"hash":"8c0b98bf69219a57e5eedd0e60bb32ace95468b1","messageTitle":"Level-1 commit","messageBody":"","tags":["Level-1"],"fileTypesAndContributionMap":{"java":{"insertions":25,"deletions":0}}},{"hash":"887add6129b3164e7543559f4fbde938800a37d6","messageTitle":"Complete requirements for Level-2","messageBody":"","tags":["Level-2"],"fileTypesAndContributionMap":{"java":{"insertions":39,"deletions":5}}},{"hash":"59ef7bb4e0c6e0f22781327d6a4b2943e10d89df","messageTitle":"Complete Level-3 tasks, and remove unnecessary code in ToDoList.java","messageBody":"","tags":["Level-3"],"fileTypesAndContributionMap":{"java":{"insertions":45,"deletions":11}}},{"hash":"3a9dfa491f8c5cbfb1ab502f3583768aecaeb44b","messageTitle":"Complete Level-4 tasks","messageBody":"","tags":["Level-4"],"fileTypesAndContributionMap":{"java":{"insertions":79,"deletions":9}}},{"hash":"081d72ed76bc32fc0e75ef1f9b3eebd8c8e51be6","messageTitle":"Complete A-TextUiTesting tasks","messageBody":"","tags":["A-TextUiTesting"],"fileTypesAndContributionMap":{"txt":{"insertions":1,"deletions":0},"bat":{"insertions":10,"deletions":1},"sh":{"insertions":0,"deletions":38}}},{"hash":"08cb3624d81d35d6ce8c03f41eae3a41a2ba2940","messageTitle":"Attempt Level-5 tasks","messageBody":"","tags":["Level-5"],"fileTypesAndContributionMap":{"java":{"insertions":35,"deletions":10}}},{"hash":"30340de48ed5e429d58072db8f1054fde4755ff8","messageTitle":"Complete Level-6 tasks.","messageBody":"","tags":["Level-6"],"fileTypesAndContributionMap":{"java":{"insertions":9,"deletions":1}}}]},{"date":"2021-08-25","commitResults":[{"hash":"10b5eeb76fc0add90ab5c4bc76ec1143ba5fa2ef","messageTitle":"Add support for saving current task list into data file","messageBody":"","tags":["Level-7"],"fileTypesAndContributionMap":{"txt":{"insertions":3,"deletions":0},"java":{"insertions":85,"deletions":11}}},{"hash":"7fd1302da41960868b05fadd00a804fb0d9b65d3","messageTitle":"Store dates as java.time.LocalDate objects","messageBody":"","tags":["Level-8"],"fileTypesAndContributionMap":{"java":{"insertions":38,"deletions":10}}},{"hash":"e9a1c1a84cd8d6929f5d19ff413c8a4aa6158467","messageTitle":"Add more classes for future refactoring into a more OOP approach","messageBody":"","tags":["A-MoreOOP"],"fileTypesAndContributionMap":{"java":{"insertions":66,"deletions":15}}},{"hash":"f17b3a5077bad7d91a53eb4cfd8b1a61a1c520e6","messageTitle":"Organise all classes into a single package duke","messageBody":"","tags":["A-Packages"],"fileTypesAndContributionMap":{"java":{"insertions":19,"deletions":0},"bat":{"insertions":1,"deletions":1},"md":{"insertions":2,"deletions":2}}},{"hash":"1ccc62a85e13ebc4e453e0f24b290fdde7e53309","messageTitle":"Add JUnit tests for Duke and DateString classes","messageBody":"","tags":["A-JUnit"],"fileTypesAndContributionMap":{"java":{"insertions":44,"deletions":0},"bat":{"insertions":2,"deletions":2},"md":{"insertions":1,"deletions":1}}},{"hash":"7b328a68ad8895e005357ca01eca0768c3307c13","messageTitle":"Add a few JavadDoc comments. Will add more in future.","messageBody":"","tags":["A-JavaDoc"],"fileTypesAndContributionMap":{"java":{"insertions":12,"deletions":0}}},{"hash":"0a419e0500bf1b65c0468df40a6fddb06d43bf01","messageTitle":"Implement the find() method for tasks","messageBody":"","tags":["Level-9"],"fileTypesAndContributionMap":{"java":{"insertions":14,"deletions":1}}}]},{"date":"2021-09-01","commitResults":[{"hash":"740fab7271d0af26ab5829367cd9484dbd96c2cf","messageTitle":"Added more JavaDocs","messageBody":"","fileTypesAndContributionMap":{"txt":{"insertions":2,"deletions":0},"java":{"insertions":30,"deletions":1}}}]},{"date":"2021-09-02","commitResults":[{"hash":"ea597fbf6a5884a2f30ac46b0e55e815d4764546","messageTitle":"Ensure existing code adheres to a standard.","messageBody":"","fileTypesAndContributionMap":{"txt":{"insertions":6,"deletions":3},"java":{"insertions":113,"deletions":96}}},{"hash":"0e33ceba98354a0b11c6c10d4c471f4d02cc375b","messageTitle":"Resolve the merge conflict issue in the previous commit","messageBody":"","fileTypesAndContributionMap":{"txt":{"insertions":1,"deletions":10},"java":{"insertions":0,"deletions":4}}},{"hash":"a1f4a5b637d813544c10772150bf183e2a8ecfca","messageTitle":"Add the use of enum for determining the type of Task object","messageBody":"","tags":["A-Enums"],"fileTypesAndContributionMap":{"txt":{"insertions":2,"deletions":4},"java":{"insertions":36,"deletions":6}}}]},{"date":"2021-09-03","commitResults":[{"hash":"9a252f878bcf775cba4b1b395697e0507f4cb38a","messageTitle":"Fix issues with grade build and run","messageBody":"","fileTypesAndContributionMap":{"gradle":{"insertions":4,"deletions":4},"txt":{"insertions":1,"deletions":2}}},{"hash":"a3130dc7c2d745577fa0cff972ff539a1776e80a","messageTitle":"Fix typo in JavaDoc comment","messageBody":"","fileTypesAndContributionMap":{"java":{"insertions":1,"deletions":1}}}]},{"date":"2021-09-09","commitResults":[{"hash":"a423ad08af934d6ef07da2c107b8cb1588a600b9","messageTitle":"Integrate JavaFX into application","messageBody":"A GUI interface is the next intended level for this iP, and it has been\noverdue for quite some time\n\nCurrently not fully functional, will be improved on soon\n","fileTypesAndContributionMap":{"fxml":{"insertions":35,"deletions":0},"txt":{"insertions":0,"deletions":0},"java":{"insertions":201,"deletions":0}}},{"hash":"6aa8498188c8d48ff98d5a1f6fa847ea5a991d58","messageTitle":"Add detection of empty inputs into GUI interface","messageBody":"","fileTypesAndContributionMap":{"java":{"insertions":41,"deletions":1}}},{"hash":"efb776f9d60a05857d54f110238566d7006e8fa1","messageTitle":"Implement CLI functionality into GUI interface","messageBody":"Previously, the GUI interface only echoed back user input, which is\ninconsistent with the CLI interface behaviour.\n\nThe CLI functionality is now ported over to the GUI interface\n","fileTypesAndContributionMap":{"gradle":{"insertions":16,"deletions":1},"txt":{"insertions":1,"deletions":1},"java":{"insertions":57,"deletions":105}}},{"hash":"e580276cf058f23c689460ffecbc78c8076551ba","messageTitle":"Use Java assertions to enforce critical assumptions in internal logic","messageBody":"Printing error messages (removed from production code),\nor using a boolean return value (used in Task.markDone()) was used,\nwhich is inconvenient (deleting the print statements) and restrictive\n(markDone() cannot be void or return some other type)\n\nJava assertions were used to replace these \"hacky\" workarounds\n\nThis improves code flexibility and allows for more convenience, as the\nassert statements can be left in the code and either enabled or disabled\nat runtime\n","tags":["A-FullCommitMessage"],"fileTypesAndContributionMap":{"gradle":{"insertions":1,"deletions":0},"txt":{"insertions":1,"deletions":1},"java":{"insertions":6,"deletions":13}}},{"hash":"7b692850d742f63a922d91d9c8d6f4cccf424eab","messageTitle":"Add code quality improvements throughtout the codebase","messageBody":"","fileTypesAndContributionMap":{"java":{"insertions":16,"deletions":28}}}]},{"date":"2021-09-20","commitResults":[{"hash":"e61df22ec5d5b09402a511957ce10261a3171558","messageTitle":"Minor tweaks to GUI and add template for more JUnit tests","messageBody":"","fileTypesAndContributionMap":{"txt":{"insertions":7,"deletions":6},"fxml":{"insertions":10,"deletions":3},"java":{"insertions":75,"deletions":8}}},{"hash":"5e882ad22f2567f37ae76bd279f6d797f4263902","messageTitle":"Update README.md","messageBody":"","fileTypesAndContributionMap":{"md":{"insertions":1,"deletions":0}}}]},{"date":"2021-09-21","commitResults":[{"hash":"039d3c665e503276c5105d29c1ab452a8cfe4f03","messageTitle":"Rename UI.png to Ui.png to adhere to grading scripts","messageBody":"","fileTypesAndContributionMap":{"java":{"insertions":1,"deletions":1},"md":{"insertions":1,"deletions":1}}},{"hash":"b5775d2e84d96fc52c7afa1c1c0265bd4ab07edf","messageTitle":"Add more JavaDocs comments and tweak resource dependencies for shadowJar","messageBody":"","fileTypesAndContributionMap":{"gradle":{"insertions":1,"deletions":4},"java":{"insertions":18,"deletions":2}}}]},{"date":"2021-09-22","commitResults":[{"hash":"a53e066c84af108240c5a94c6a154aac23f63665","messageTitle":"Add more JavaDocs comments.","messageBody":"","fileTypesAndContributionMap":{"java":{"insertions":22,"deletions":14}}},{"hash":"16d9decd6fa3d4588463c9e73d46a987621fd287","messageTitle":"Refactor unnecessary code and add more JavaDocs","messageBody":"","fileTypesAndContributionMap":{"java":{"insertions":5,"deletions":92}}},{"hash":"9faa32b824351ffbc873c3333fed8909296a12e0","messageTitle":"Tweak the command list to make it more intuitive","messageBody":"","tags":["A-Release"],"fileTypesAndContributionMap":{"java":{"insertions":9,"deletions":2}}},{"hash":"36bf9d49973f20f94dd98b54461877d08f828c37","messageTitle":"Remove more unnecessary code","messageBody":"","fileTypesAndContributionMap":{"java":{"insertions":4,"deletions":16}}},{"hash":"1c0f4ca8a3e31bece76e346883e5f12655bceca0","messageTitle":"Update README.md","messageBody":"","fileTypesAndContributionMap":{"md":{"insertions":6,"deletions":2}}}]}]},"authorFileTypeContributionMap":{"mingyi456":{"java":719,"md":6,"fxml":42,"sh":0,"bat":12,"gradle":18,"txt":8}},"authorContributionVariance":{"mingyi456":11900.23},"authorDisplayNameMap":{"mingyi456":"CS2103-F09-2 CHEN..NGYI"}}
