{"authorDailyContributionsMap":{"whoisjustinngo":[{"date":"2021-08-18","commitResults":[{"hash":"d34e2f20175fb82c9685b8cea94542b5651a0e8e","messageTitle":"Duke.java: Implement skeletal version (initial commit).","messageBody":"","tags":["Level-1"],"fileTypesAndContributionMap":{"java":{"insertions":17,"deletions":6}}},{"hash":"5105bc0277ce76db07cedb19f2057010a811140f","messageTitle":"MyList.java: init custom list class","messageBody":"","fileTypesAndContributionMap":{"java":{"insertions":26,"deletions":0}}},{"hash":"ffd80bca6e5943aa0663abe956339d3717adf2a8","messageTitle":"MyList.java: add return statement to indicate item added","messageBody":"","fileTypesAndContributionMap":{"java":{"insertions":3,"deletions":2}}},{"hash":"0c5e401c5315d98a8f27f57dcd96200cf6c16d45","messageTitle":"Duke.java:  implement level 2 - add, list functions","messageBody":"","tags":["Level-2"],"fileTypesAndContributionMap":{"java":{"insertions":18,"deletions":4}}},{"hash":"805ac79f9e978d76176bd6c16ea0f1971d006797","messageTitle":"Init new Item class and modify MyList to use it","messageBody":"","fileTypesAndContributionMap":{"java":{"insertions":26,"deletions":6}}},{"hash":"c9ed616a129405b05c6981a20f8469b3f94a465b","messageTitle":"add level 3: ability to mark tasks as done","messageBody":"","tags":["Level-3"],"fileTypesAndContributionMap":{"java":{"insertions":39,"deletions":5}}}]},{"date":"2021-08-19","commitResults":[{"hash":"a1605aef85a2fff2ca261dec3d9305c8256666c3","messageTitle":"Initialise Deadline, Event, ToDo classes, change Task to abstract class","messageBody":"","fileTypesAndContributionMap":{"java":{"insertions":72,"deletions":6}}},{"hash":"9ec450ad7d94e31690109241f6a5fdd50271a327","messageTitle":"Implement level 4 - todo, event, deadline","messageBody":"","tags":["Level-4"],"fileTypesAndContributionMap":{"java":{"insertions":33,"deletions":6}}},{"hash":"1f93a58270cee6c6941a9c1f6bcb0a56a47a90a3","messageTitle":"MyList.java: add feature to prevent duplicate tasks","messageBody":"","fileTypesAndContributionMap":{"java":{"insertions":36,"deletions":14}}},{"hash":"4c1c1505110ed3ab42b602391a014fee432644ef","messageTitle":"Set up input and expected file, configure script for auto testing","messageBody":"","fileTypesAndContributionMap":{"txt":{"insertions":16,"deletions":0},"sh":{"insertions":1,"deletions":1}}},{"hash":"39faf4960638c8701bbf715ee3de7ac44b8eaf36","messageTitle":"Add checking if task is already completed","messageBody":"","tags":["A-TextUiTesting"],"fileTypesAndContributionMap":{"java":{"insertions":9,"deletions":3}}},{"hash":"1e3150ec4f23dc6e9bf2ee7710d92c89fc2ad732","messageTitle":"Initialise exceptions for Duke","messageBody":"","fileTypesAndContributionMap":{"java":{"insertions":24,"deletions":0}}},{"hash":"e0e34f175843cf226c74e5cab38713f295cd9d50","messageTitle":"Modify program to handle invalid input using exceptions","messageBody":"","tags":["Level-5"],"fileTypesAndContributionMap":{"java":{"insertions":52,"deletions":47}}},{"hash":"8ba7d740ff2eeeaad413bad1ea7a27f4a7a5443c","messageTitle":"Add delete task function","messageBody":"","tags":["Level-6"],"fileTypesAndContributionMap":{"java":{"insertions":23,"deletions":0}}},{"hash":"3dd42e287f00a52f407879ee9cb47522be3cc4f8","messageTitle":"Duke.java: removed irrelevant comment","messageBody":"","fileTypesAndContributionMap":{"java":{"insertions":0,"deletions":1}}}]},{"date":"2021-08-24","commitResults":[{"hash":"a6a8c4be684db999e715a1a2cf2e2a9398ac7ec5","messageTitle":"Change code to suit coding convention and for consistency","messageBody":"","fileTypesAndContributionMap":{"java":{"insertions":29,"deletions":28}}},{"hash":"789f6ab941200e06594d8a10a348a43b2dde866f","messageTitle":"Implement level 7 functionality (saving to and loading from disk)","messageBody":"","fileTypesAndContributionMap":{"java":{"insertions":154,"deletions":14}}}]},{"date":"2021-08-25","commitResults":[{"hash":"72347582ed281847daf043b9e209f510686f8018","messageTitle":"Implement level 8: handling date and times using LocalDateTime, LocalDate, LocalTime classes","messageBody":"","fileTypesAndContributionMap":{"java":{"insertions":35,"deletions":11}}},{"hash":"b90de88e0d8c8ba76360eae2850cbccc8e248ad3","messageTitle":"Refactor the code to extract out closely related code as classes","messageBody":"","tags":["A-MoreOOP"],"fileTypesAndContributionMap":{"java":{"insertions":379,"deletions":284}}},{"hash":"7b17bcae80ac89752187081a444c57a0e2e420f7","messageTitle":"Organise the classes into java packages","messageBody":"Package task contains class Task and its subclasses\nPackage exception contains custom DukeException class that contains all custom exceptions\nPackage utility contains the custom classes that enable the main program to read, parse, organise and return data\n","tags":["A-Packages"],"fileTypesAndContributionMap":{"java":{"insertions":129,"deletions":92}}},{"hash":"37de6c3c24ecbf1c48133f3938fb70f272409cd7","messageTitle":"Implement junit tests for Storage.java and Parser.java","messageBody":"","tags":["A-JUnit"],"fileTypesAndContributionMap":{"java":{"insertions":87,"deletions":29}}},{"hash":"83c69835c8e2ed67f2bbab6653b480eabd43afba","messageTitle":"Change name of log file","messageBody":"","tags":["v0.1","A-Jar"],"fileTypesAndContributionMap":{"java":{"insertions":1,"deletions":1}}},{"hash":"74d2a04f9d95382dc025e0f5257c8896e2924476","messageTitle":"Edit code to follow coding convention and make generally more readable","messageBody":"","fileTypesAndContributionMap":{"java":{"insertions":90,"deletions":87}}},{"hash":"3497ae2adaa1dcf06a53750003e884b080c06c74","messageTitle":"Add feature to search for tasks using input keywords","messageBody":"","fileTypesAndContributionMap":{"java":{"insertions":28,"deletions":1}}}]},{"date":"2021-08-26","commitResults":[{"hash":"b0a967534fca40184f6edf1ed2279dc40aa5afa1","messageTitle":"Add javadocs","messageBody":"","fileTypesAndContributionMap":{"java":{"insertions":177,"deletions":17}}}]},{"date":"2021-08-31","commitResults":[{"hash":"4cde97d7a02601df9868986ca6274ee8eaeb4d88","messageTitle":"Parser.java: refactor parseNewTask method to make it less convoluted TaskList.java: rename methods to follow code convention","messageBody":"","fileTypesAndContributionMap":{"java":{"insertions":43,"deletions":48}}},{"hash":"58c2d3a81823d281c52674b7d0b23c76c3f4c77d","messageTitle":"Enable running and building of duke using gradle (minimal for now)","messageBody":"","tags":["A-Gradle"],"fileTypesAndContributionMap":{"gradle":{"insertions":1,"deletions":1},"java":{"insertions":2,"deletions":2}}},{"hash":"402208f4395796410f2ab172865b5ef3c4d66139","messageTitle":"Add support for checkstyle plugin; clean up code to meet coding standards","messageBody":"","fileTypesAndContributionMap":{"gradle":{"insertions":13,"deletions":0},"java":{"insertions":139,"deletions":81}}}]}]},"authorFileTypeContributionMap":{"whoisjustinngo":{"java":889,"md":0,"fxml":0,"sh":1,"bat":0,"gradle":14,"txt":16}},"authorContributionVariance":{"whoisjustinngo":71286.74},"authorDisplayNameMap":{"whoisjustinngo":"CS2103-T14-4 NGO ..STIN"}}
