{"authorDailyContributionsMap":{"qreoct":[{"date":"2021-08-16","commitResults":[{"hash":"0ff1d380277b4f9075423b268e9cd59d155bbc99","messageTitle":"Implement skeletal version of IP","messageBody":"","tags":["Level-1"],"fileTypesAndContributionMap":{"java":{"insertions":51,"deletions":10}}},{"hash":"f753e18ae6c8a9d6e2556fba0c5d90cfccca45ae","messageTitle":"Implement Add, List","messageBody":"","tags":["Level-2"],"fileTypesAndContributionMap":{"java":{"insertions":20,"deletions":2}}},{"hash":"a80db1508361585ccc7b921b7cf43766a4f44b07","messageTitle":"Implement Mark as Done","messageBody":"","tags":["Level-3"],"fileTypesAndContributionMap":{"java":{"insertions":92,"deletions":10}}},{"hash":"1022da402ffd4193410ef8f6f6d5c2d9c7d248f1","messageTitle":"Implement ToDos, Events, Deadlines (with A-Inheritance)","messageBody":"","tags":["Level-4"],"fileTypesAndContributionMap":{"java":{"insertions":117,"deletions":24}}},{"hash":"45b418b317ec647ae47d1d2f798e6497aa6728c2","messageTitle":"Set up Automated Text UI Testing","messageBody":"","tags":["A-TextUITesting"],"fileTypesAndContributionMap":{"txt":{"insertions":8,"deletions":0},"java":{"insertions":3,"deletions":1},"bat":{"insertions":1,"deletions":1},"sh":{"insertions":1,"deletions":1}}},{"hash":"2f3483ae4c62c9d2a11df02f1ea115af358b4e05","messageTitle":"Implement error handling + A-Exceptions","messageBody":"","tags":["Level-5"],"fileTypesAndContributionMap":{"txt":{"insertions":8,"deletions":1},"java":{"insertions":90,"deletions":23}}}]},{"date":"2021-08-17","commitResults":[{"hash":"e03a222d1619baba64da2e58c3b1949dec613532","messageTitle":"Implement Delete","messageBody":"","tags":["Level-6","A-Enums"],"fileTypesAndContributionMap":{"txt":{"insertions":8,"deletions":0},"java":{"insertions":73,"deletions":19}}}]},{"date":"2021-08-21","commitResults":[{"hash":"42cb3957304eff85dc0c65af119fa3745f764b47","messageTitle":"Refactor Task creation to use Factory pattern","messageBody":"","fileTypesAndContributionMap":{"java":{"insertions":65,"deletions":69}}}]}]},"authorFileTypeContributionMap":{"qreoct":{"java":363,"md":0,"fxml":0,"sh":1,"bat":1,"gradle":0,"txt":23}},"authorContributionVariance":{"qreoct":15828.827},"authorDisplayNameMap":{"qreoct":"JEFF..JIAN"}}
