{"authorDailyContributionsMap":{"qreoct":[{"date":"2021-08-16","commitResults":[{"hash":"0ff1d380277b4f9075423b268e9cd59d155bbc99","messageTitle":"Implement skeletal version of IP","messageBody":"","tags":["Level-1"],"fileTypesAndContributionMap":{"java":{"insertions":51,"deletions":10}}},{"hash":"f753e18ae6c8a9d6e2556fba0c5d90cfccca45ae","messageTitle":"Implement Add, List","messageBody":"","tags":["Level-2"],"fileTypesAndContributionMap":{"java":{"insertions":20,"deletions":2}}},{"hash":"a80db1508361585ccc7b921b7cf43766a4f44b07","messageTitle":"Implement Mark as Done","messageBody":"","tags":["Level-3"],"fileTypesAndContributionMap":{"java":{"insertions":92,"deletions":10}}},{"hash":"1022da402ffd4193410ef8f6f6d5c2d9c7d248f1","messageTitle":"Implement ToDos, Events, Deadlines (with A-Inheritance)","messageBody":"","tags":["Level-4"],"fileTypesAndContributionMap":{"java":{"insertions":117,"deletions":24}}},{"hash":"45b418b317ec647ae47d1d2f798e6497aa6728c2","messageTitle":"Set up Automated Text UI Testing","messageBody":"","tags":["A-TextUITesting"],"fileTypesAndContributionMap":{"txt":{"insertions":8,"deletions":0},"java":{"insertions":3,"deletions":1},"bat":{"insertions":1,"deletions":1},"sh":{"insertions":1,"deletions":1}}},{"hash":"2f3483ae4c62c9d2a11df02f1ea115af358b4e05","messageTitle":"Implement error handling + A-Exceptions","messageBody":"","tags":["Level-5"],"fileTypesAndContributionMap":{"txt":{"insertions":8,"deletions":1},"java":{"insertions":90,"deletions":23}}}]},{"date":"2021-08-17","commitResults":[{"hash":"e03a222d1619baba64da2e58c3b1949dec613532","messageTitle":"Implement Delete","messageBody":"","tags":["Level-6","A-Enums"],"fileTypesAndContributionMap":{"txt":{"insertions":8,"deletions":0},"java":{"insertions":73,"deletions":19}}}]},{"date":"2021-08-21","commitResults":[{"hash":"42cb3957304eff85dc0c65af119fa3745f764b47","messageTitle":"Refactor Task creation to use Factory pattern","messageBody":"","fileTypesAndContributionMap":{"java":{"insertions":65,"deletions":69}}}]},{"date":"2021-08-22","commitResults":[{"hash":"2263c47a942adb9b0aa34cf015775ae45f762b8b","messageTitle":"Implement save functionality","messageBody":"Implement save functionality\n\nCommit additional files\n","tags":["Level-7"],"fileTypesAndContributionMap":{"txt":{"insertions":9,"deletions":0},"java":{"insertions":227,"deletions":55}}}]},{"date":"2021-08-23","commitResults":[{"hash":"9f33fd24bb0583f98b50b25a432b10c8b93650a1","messageTitle":"Implement Dates and Times","messageBody":"","tags":["Level-8"],"fileTypesAndContributionMap":{"txt":{"insertions":5,"deletions":2},"java":{"insertions":31,"deletions":9}}}]},{"date":"2021-08-24","commitResults":[{"hash":"17f16932078b444793d234d8e4a9371e1615ac2d","messageTitle":"Implement Ui and Parser classes","messageBody":"","tags":["A-MoreOOP"],"fileTypesAndContributionMap":{"txt":{"insertions":0,"deletions":4},"java":{"insertions":78,"deletions":27}}},{"hash":"f541639adeb4af027d2240ef74f9bd4bc94ac6ff","messageTitle":"Implement packages","messageBody":"","tags":["A-Packages"],"fileTypesAndContributionMap":{"java":{"insertions":46,"deletions":34},"bat":{"insertions":18,"deletions":2}}}]},{"date":"2021-08-25","commitResults":[{"hash":"3d9b0b00e7d0fd4f66440844a39ef582665bf593","messageTitle":"Implement JUnit tests","messageBody":"","tags":["A-JUnit"],"fileTypesAndContributionMap":{"java":{"insertions":86,"deletions":2}}},{"hash":"ff503ab73afc211cf6dda300c6cc84ced2b7545d","messageTitle":"Create JAR file","messageBody":"","tags":["v0.8.0","A-Jar"],"fileTypesAndContributionMap":{"java":{"insertions":1,"deletions":1}}},{"hash":"0c9030bab9d6208240e9972f0f30f444a019bed6","messageTitle":"Write JavaDocs for classes and methods","messageBody":"","tags":["A-JavaDoc"],"fileTypesAndContributionMap":{"java":{"insertions":208,"deletions":22}}},{"hash":"93b54c1f1abf0e3b20bfe16800d9838b0562fe9c","messageTitle":"Change ver number","messageBody":"","fileTypesAndContributionMap":{"java":{"insertions":1,"deletions":1}}}]},{"date":"2021-08-26","commitResults":[{"hash":"416269db361478cc74a3360d7a1f4269e05caa4d","messageTitle":"More cleanup of docs to fit coding standard","messageBody":"","fileTypesAndContributionMap":{"java":{"insertions":46,"deletions":6}}},{"hash":"cf9619c6479e5341717d749517e255c4b273c403","messageTitle":"Comply with Coding Standard","messageBody":"Coding standard defined in [this\ndocument](https://se-education.org/guides/conventions/java/intermediate.html)\n","tags":["A-CodingStandard"],"fileTypesAndContributionMap":{"java":{"insertions":8,"deletions":10}}},{"hash":"7373d7ad8ec9c83ce985d61d8c085dbc0e044642","messageTitle":"Implement Find functionality","messageBody":"","tags":["Level-9"],"fileTypesAndContributionMap":{"java":{"insertions":43,"deletions":5}}},{"hash":"0e018cc40c3c7fe4ac1f17f1d948684594f1ad06","messageTitle":"Refactor code (Utility class) and clean up","messageBody":"","fileTypesAndContributionMap":{"txt":{"insertions":2,"deletions":0},"java":{"insertions":43,"deletions":29}}}]},{"date":"2021-08-30","commitResults":[{"hash":"ea79fa804b4e1bd546bb95f8ed5184a550a9ed24","messageTitle":"Add checkstyle and clean style violations","messageBody":"","tags":["A-CheckStyle"],"fileTypesAndContributionMap":{"gradle":{"insertions":1,"deletions":1},"java":{"insertions":38,"deletions":45}}}]},{"date":"2021-09-01","commitResults":[{"hash":"6fdfa498e4da66995bcbe19f0b5b88f7200bedf6","messageTitle":"Implement Command abstraction","messageBody":"","fileTypesAndContributionMap":{"txt":{"insertions":4,"deletions":4},"java":{"insertions":431,"deletions":166}}},{"hash":"c228812062a414023d6dce374a63e489d7b8daeb","messageTitle":"Resolve issues from code review","messageBody":"","fileTypesAndContributionMap":{"java":{"insertions":16,"deletions":3}}},{"hash":"85facd9e72f558c13b8c9a02f38a947800d06815","messageTitle":"Implement initial GUI","messageBody":"","fileTypesAndContributionMap":{"gradle":{"insertions":17,"deletions":1},"fxml":{"insertions":49,"deletions":0},"java":{"insertions":195,"deletions":12},"sh":{"insertions":6,"deletions":0}}},{"hash":"8c015497c5573e01a0699527541a8602aa6fd165","messageTitle":"Merge Command changes","messageBody":"","fileTypesAndContributionMap":{"txt":{"insertions":4,"deletions":4},"java":{"insertions":465,"deletions":169}}},{"hash":"909fc0dbf06dc25a17f02be4a808976ada2c8963","messageTitle":"Implement GUI integration for Augury","messageBody":"","tags":["Level-10"],"fileTypesAndContributionMap":{"fxml":{"insertions":33,"deletions":17},"java":{"insertions":31,"deletions":12},"sh":{"insertions":2,"deletions":2}}},{"hash":"e604fc9f939d10546206169377cd8a96445acdbd","messageTitle":"Fix merge conflict","messageBody":"","fileTypesAndContributionMap":{"gradle":{"insertions":1,"deletions":1},"java":{"insertions":0,"deletions":3}}},{"hash":"863db6d899a457f0fd60581e94d2d1d666bba7f4","messageTitle":"Delete unecessary files","messageBody":"Also update .gitignore\n","fileTypesAndContributionMap":{"fxml":{"insertions":0,"deletions":1}}}]},{"date":"2021-09-02","commitResults":[{"hash":"68a8b38c8a109256254e01df2972a313efb0edad","messageTitle":"Implement Assertions","messageBody":"Checks are not being done to ensure that certain String inputs\nare sanitized.\n\nThere are methods in the app that receive Strings as input.\nAssertions help to ensure these Strings are formatted properly\n(i.e. lowercase).\n\nWrite assertions to help to guide the developer on the\nexpected input/outputs of the code.\n\nAssertions are written for methods involving Strings, since much of the\napplication involves user-supplied text for interaction.\n","tags":["A-FullCommitMessage"],"fileTypesAndContributionMap":{"java":{"insertions":41,"deletions":23}}}]},{"date":"2021-09-03","commitResults":[{"hash":"8bcf96fe4480d97477373e52c2ff43197baef723","messageTitle":"Implement Friendlier Syntax extension","messageBody":"Commands are strictly matched and the parser uses many if/else\nstatements to check which command to invoke.\n\nRefactor the `Parser.java` class to be more flexible with various commands, as\nwell as give the `CommandType` enum room to store aliases for commands.\n\nImplementing such flexibility allows for easier extensions of more\ncommand types and command aliases in the future.\n\nThe idea for extending the enum came from\n[this StackOverflow post](https://stackoverflow.com/questions/4197988/java-enum-valueof-with-multiple-values/4198066#4198066).\n","tags":["BCD-Extension"],"fileTypesAndContributionMap":{"java":{"insertions":59,"deletions":44}}},{"hash":"de058745a078f9b521807bbebc381482b73429be","messageTitle":"Improve code quality","messageBody":"","fileTypesAndContributionMap":{"java":{"insertions":18,"deletions":15}}},{"hash":"4f26941a2880ed0c4ee3b8ffd6262fdcc04a0a6f","messageTitle":"Rename variables for clarity","messageBody":"","fileTypesAndContributionMap":{"java":{"insertions":19,"deletions":19}}},{"hash":"07d4317341fb38dd871ee599f3473997cd969682","messageTitle":"Fix checkstyle issues","messageBody":"","fileTypesAndContributionMap":{"gradle":{"insertions":1,"deletions":1},"java":{"insertions":22,"deletions":16},"sh":{"insertions":1,"deletions":1}}}]},{"date":"2021-09-04","commitResults":[{"hash":"83dd2d00d49402e692612a7912828c98789b8c04","messageTitle":"Fix text i/o testing","messageBody":"","fileTypesAndContributionMap":{"java":{"insertions":0,"deletions":2},"bat":{"insertions":7,"deletions":5}}},{"hash":"ee5fd96f7eaf7a84da684e906c9234ee24b973b3","messageTitle":"Change tests to not rely on unix/windows differences","messageBody":"","fileTypesAndContributionMap":{"java":{"insertions":53,"deletions":28}}},{"hash":"d683ed3870fdd263307bc491809653d844ac80c3","messageTitle":"Follow checkstyle","messageBody":"","fileTypesAndContributionMap":{"java":{"insertions":5,"deletions":3}}},{"hash":"f444d0558a97aad587b8f25245873740682f29d3","messageTitle":"Fix unix test script","messageBody":"","fileTypesAndContributionMap":{"txt":{"insertions":3,"deletions":0},"sh":{"insertions":4,"deletions":2}}},{"hash":"b13cef2cfdb8b1d53476a954d3719314bd713d3a","messageTitle":"Create text-ui test for windows CI workflow","messageBody":"","fileTypesAndContributionMap":{"bat":{"insertions":23,"deletions":0}}},{"hash":"7530ac350defb6bf4ebf36d4480aa9c831f793fb","messageTitle":"Fix text-ui-test batch file","messageBody":"","fileTypesAndContributionMap":{"txt":{"insertions":0,"deletions":3},"bat":{"insertions":1,"deletions":2}}}]}]},"authorFileTypeContributionMap":{"qreoct":{"java":1542,"md":0,"fxml":64,"sh":10,"bat":42,"gradle":17,"txt":28}},"authorContributionVariance":{"qreoct":101631.29},"authorDisplayNameMap":{"qreoct":"CS2103T-T09-1 JEFF..JIAN"}}
