{"authorDailyContributionsMap":{"asherhy":[{"date":"2021-08-19","commitResults":[{"hash":"b4aa99f1154691519f37152cc8837e99786ca60e","messageTitle":"Level-1","messageBody":"","tags":["Level-1"],"fileTypesAndContributionMap":{"java":{"insertions":20,"deletions":7}}},{"hash":"c0e4cc472b8eb715bea01392e566dc79ea6abfeb","messageTitle":"commit 2","messageBody":"","tags":["Level-2"],"fileTypesAndContributionMap":{"java":{"insertions":26,"deletions":13}}},{"hash":"80f156a26d0f2b578e838ac0d8813f10f8fb7595","messageTitle":"commit 3","messageBody":"","tags":["Level-3"],"fileTypesAndContributionMap":{"java":{"insertions":33,"deletions":4}}},{"hash":"e39311fa451827afd2ed6abde485fc9a000f3da0","messageTitle":"commit 4","messageBody":"","tags":["Level-4"],"fileTypesAndContributionMap":{"java":{"insertions":59,"deletions":0}}},{"hash":"efcecf0fdd4c29443046ccdbe72f2daaae2f7ff5","messageTitle":"A-TextUiTesting","messageBody":"","tags":["A-TextUiTesting"],"fileTypesAndContributionMap":{"txt":{"insertions":10,"deletions":0},"java":{"insertions":6,"deletions":6}}},{"hash":"314bc93df31ce4e0099bbd0fefd4d6502cd67eb6","messageTitle":"commit 5","messageBody":"","tags":["Level-5"],"fileTypesAndContributionMap":{"java":{"insertions":23,"deletions":7}}},{"hash":"b30b0a0935e9f6b0065d3f2202c8c610b1e31a54","messageTitle":"commit 6","messageBody":"","tags":["Level-6"],"fileTypesAndContributionMap":{"java":{"insertions":9,"deletions":0}}}]}]},"authorFileTypeContributionMap":{"asherhy":{"java":145,"md":0,"fxml":0,"sh":0,"bat":0,"gradle":0,"txt":10}},"authorContributionVariance":{"asherhy":4109.8345},"authorDisplayNameMap":{"asherhy":"CS2103T-W17-3 WANG..YONG"}}
