{"authorDailyContributionsMap":{"pualixue":[{"date":"2021-08-17","commitResults":[{"hash":"86c56b202674d8581b2e7ac72e2c43a253b43168","messageTitle":"Greet user and echo commands","messageBody":"","tags":["Level-1"],"fileTypesAndContributionMap":{"java":{"insertions":22,"deletions":6}}},{"hash":"1467b46f1f48ad4a5f3368974cbef0304685fb35","messageTitle":"Store and list user\u0027s input text","messageBody":"","tags":["Level-2"],"fileTypesAndContributionMap":{"java":{"insertions":25,"deletions":3}}},{"hash":"c58c0d2b13c21e3eb599dce122f065ed1312b9a9","messageTitle":"Allow marking tasks as done","messageBody":"","tags":["Level-3"],"fileTypesAndContributionMap":{"java":{"insertions":47,"deletions":15}}},{"hash":"370573d9a7e38eaf4ba64646e516200f23ed034a","messageTitle":"Allow tracking todos, deadlines, events","messageBody":"","tags":["Level-4"],"fileTypesAndContributionMap":{"java":{"insertions":68,"deletions":4}}}]},{"date":"2021-08-18","commitResults":[{"hash":"56be1ab1576c36d5db48304e1e481cd975848377","messageTitle":"Test using I/O redirection technique","messageBody":"","tags":["A-TextUiTesting"],"fileTypesAndContributionMap":{"txt":{"insertions":10,"deletions":0}}},{"hash":"7819d0d57f3a62d4680c4d71bc5f2addfcda47e3","messageTitle":"Handle errors","messageBody":"","tags":["Level-5"],"fileTypesAndContributionMap":{"txt":{"insertions":7,"deletions":2},"java":{"insertions":107,"deletions":40}}},{"hash":"72f91329deda56043f204e46a6837263c9c7f69e","messageTitle":"Add support for deleting tasks","messageBody":"","tags":["Level-6"],"fileTypesAndContributionMap":{"txt":{"insertions":4,"deletions":0},"java":{"insertions":35,"deletions":13}}},{"hash":"4744cec7783cabc09c8c4c28e3466a3e40e1c478","messageTitle":"Use Enums to represent command types, add Javadoc comments","messageBody":"","tags":["A-Enums"],"fileTypesAndContributionMap":{"java":{"insertions":120,"deletions":52},"bat":{"insertions":1,"deletions":1}}}]}]},"authorFileTypeContributionMap":{"pualixue":{"java":299,"md":0,"fxml":0,"sh":0,"bat":1,"gradle":0,"txt":19}},"authorContributionVariance":{"pualixue":15589.159},"authorDisplayNameMap":{"pualixue":"PUA .. XUE"}}
