{"authorDailyContributionsMap":{"Anonymxtrix":[{"date":"2021-08-17","commitResults":[{"hash":"ead39ab38df4315832b5a346eb60cda132cb6eea","messageTitle":"Implement skeletal version of Duke (#2)","messageBody":"* Add greet, echo, exit functions\r\n* Refactor console related logic in Duke class","fileTypesAndContributionMap":{"java":{"insertions":53,"deletions":7}}},{"hash":"f10172d7e4c68ce821f46b921c074a561af8a693","messageTitle":"Add ability to store and display text (#4)","messageBody":"* Add skeleton for storing and displaying text","fileTypesAndContributionMap":{"java":{"insertions":17,"deletions":1}}}]}]},"authorFileTypeContributionMap":{"Anonymxtrix":{"java":65,"md":0,"fxml":0,"sh":0,"bat":0,"gradle":0,"txt":0}},"authorContributionVariance":{"Anonymxtrix":600.8889},"authorDisplayNameMap":{"Anonymxtrix":"LOH ..RYAN"}}
