{"authorDailyContributionsMap":{"hpkoh":[{"date":"2021-08-18","commitResults":[{"hash":"d9dddaa988993828e18f9c0b377cc18969a9bc99","messageTitle":"Level 1","messageBody":"Add Greeting/Exit message\nBot echoes user input\n","tags":["Level-1"],"fileTypesAndContributionMap":{"java":{"insertions":17,"deletions":6}}},{"hash":"3a9a1123246b68221569424bb96c6499a846a125","messageTitle":"Level-2","messageBody":"Add todo list\nFormat output string\n\nUser can add and view their todo list\n","tags":["Level-2"],"fileTypesAndContributionMap":{"java":{"insertions":39,"deletions":6}}},{"hash":"659bd8fea673ab71090e06197a57a1bd7b261df1","messageTitle":"Level-3","messageBody":"Add mark as done feature\nCompletion of Tasks are tracked\n","tags":["Level-3"],"fileTypesAndContributionMap":{"java":{"insertions":47,"deletions":12}}},{"hash":"1f0b1554420bf3e3c2588e89a985845204e15104","messageTitle":"Level-4","messageBody":"Add Tasks: ToDo, Deadline, Event\n","tags":["Level-4"],"fileTypesAndContributionMap":{"java":{"insertions":58,"deletions":7}}},{"hash":"3b2f82e32a4e88c893e5d4f3c8e545505615eba7","messageTitle":"A-TextUiTesting","messageBody":"","tags":["A-TextUiTesting"],"fileTypesAndContributionMap":{"txt":{"insertions":5,"deletions":0}}}]},{"date":"2021-08-19","commitResults":[{"hash":"f5463456ad1e956f552c246d87d92982f64dafe4","messageTitle":"Level-5","messageBody":"Add error handling for lack of description\n","tags":["Level-5"],"fileTypesAndContributionMap":{"java":{"insertions":51,"deletions":14}}},{"hash":"8bbfd4ebfcbe8fc233e4551d071e64452704a3b6","messageTitle":"Level-6","messageBody":"Add delete feature\n","tags":["Level-6"],"fileTypesAndContributionMap":{"java":{"insertions":14,"deletions":9}}}]},{"date":"2021-08-27","commitResults":[{"hash":"284dae6889b08cc4d6ccb8b22166020af45d6047","messageTitle":"Level-7","messageBody":"Add save file feature\n","fileTypesAndContributionMap":{"txt":{"insertions":2,"deletions":0},"java":{"insertions":112,"deletions":11}}},{"hash":"aa8e8628d77be94e8f35e903197ea60bfd30757c","messageTitle":"Level-8","messageBody":"Add LocalDate object support\n","fileTypesAndContributionMap":{"txt":{"insertions":2,"deletions":2},"java":{"insertions":30,"deletions":14}}},{"hash":"5cda24656f029023389eb90521a24ec0bc875935","messageTitle":"A-MoreOOP","messageBody":"Refractor to encapsulate Ui, Storage, Parser, TaskList, Command\n","tags":["A-MoreOOP"],"fileTypesAndContributionMap":{"txt":{"insertions":3,"deletions":1},"java":{"insertions":313,"deletions":155}}},{"hash":"a1649748e8deb12035dcfedb8fe0f8412ae98c28","messageTitle":"A-Packages","messageBody":"Refractor classes into commands, exceptions, tasks, utils packages\n","tags":["A-Packages"],"fileTypesAndContributionMap":{"txt":{"insertions":1,"deletions":1},"java":{"insertions":85,"deletions":1}}}]}]},"authorFileTypeContributionMap":{"hpkoh":{"java":540,"md":0,"fxml":0,"sh":0,"bat":0,"gradle":0,"txt":9}},"authorContributionVariance":{"hpkoh":27857.818},"authorDisplayNameMap":{"hpkoh":"CS2103T-T11-3 KOH ..G PO"}}
