{"authorDailyContributionsMap":{"fullfatwasabi":[{"date":"2021-08-19","commitResults":[{"hash":"7441899ef05622629de3954269f9b3a25625b92e","messageTitle":"Level-1","messageBody":"","fileTypesAndContributionMap":{"java":{"insertions":24,"deletions":6}}},{"hash":"173e2810a75e6fff00ce8556c60e1793a015caf6","messageTitle":"Level-2","messageBody":"","fileTypesAndContributionMap":{"java":{"insertions":15,"deletions":4}}},{"hash":"e51b755f6746a09bd02bef5fbc939062517af9a0","messageTitle":"Level-1","messageBody":"","tags":["Level-1"],"fileTypesAndContributionMap":{"java":{"insertions":4,"deletions":15}}},{"hash":"252b4150f0faca7ae8809b0bf8adacbdd029d299","messageTitle":"Level-2","messageBody":"","tags":["Level-2"],"fileTypesAndContributionMap":{"java":{"insertions":15,"deletions":4}}},{"hash":"4996199d94ab8859e5b816cc8e715150800f3b72","messageTitle":"Level-3","messageBody":"","tags":["Level-3"],"fileTypesAndContributionMap":{"java":{"insertions":47,"deletions":9}}},{"hash":"d88d0b6bb53cef3b77584e30d3b7c0518f0c3c63","messageTitle":"Level-4","messageBody":"","fileTypesAndContributionMap":{"java":{"insertions":83,"deletions":14}}},{"hash":"05a49f279411b3b8680e60a25797fbf0d5321389","messageTitle":"Level-4","messageBody":"","fileTypesAndContributionMap":{"java":{"insertions":12,"deletions":8}}},{"hash":"0a682a89904660ab160f8bb54b787e0b74df6f05","messageTitle":"A-TextUiTesting","messageBody":"","tags":["Level-4","A-TextUiTesting"],"fileTypesAndContributionMap":{"txt":{"insertions":6,"deletions":0},"java":{"insertions":55,"deletions":48}}},{"hash":"74a63983f1640cf4c02be3e544b833acd0fa464e","messageTitle":"Handle Errors","messageBody":"","fileTypesAndContributionMap":{"java":{"insertions":77,"deletions":58}}},{"hash":"6f81a4563be744aabfd6b16bc153e8e072c7b403","messageTitle":"Level-5","messageBody":"","fileTypesAndContributionMap":{"java":{"insertions":1,"deletions":12},"bat":{"insertions":21,"deletions":0}}},{"hash":"16d9e3bee929f49b13401ea36a03aa1744e61011","messageTitle":"A-TextUiTesting","messageBody":"","fileTypesAndContributionMap":{"java":{"insertions":58,"deletions":66}}},{"hash":"d878a14f14c93e96580cf4845dea9e387a308da5","messageTitle":"Level-5","messageBody":"","tags":["Level-5"],"fileTypesAndContributionMap":{"java":{"insertions":66,"deletions":58}}},{"hash":"eb997cdce5cbb75098dac344a621780f64a6070b","messageTitle":"Level-6","messageBody":"","tags":["Level-6"],"fileTypesAndContributionMap":{"txt":{"insertions":2,"deletions":1},"java":{"insertions":12,"deletions":1}}},{"hash":"e018fa3d9e58562141fa475b78e7d9fe45c04799","messageTitle":"small-bug-fix","messageBody":"","fileTypesAndContributionMap":{"txt":{"insertions":1,"deletions":0},"java":{"insertions":27,"deletions":14}}}]},{"date":"2021-08-20","commitResults":[{"hash":"ef88298ce7796cb1c54c349b6497c014efb5ac23","messageTitle":"Level-6","messageBody":"","fileTypesAndContributionMap":{"java":{"insertions":47,"deletions":10}}}]},{"date":"2021-08-24","commitResults":[{"hash":"e13308ea23b7c2d1cbf30b7e8d84054d39fee047","messageTitle":"Level-7 Adding save function","messageBody":"Todo list data is lost after closing, which is troublesome for users.\n\nAdd an autosave function that saves everytime user makes changes to the list\n","fileTypesAndContributionMap":{"java":{"insertions":120,"deletions":11}}},{"hash":"bf520cd4874ebd41db68a5542bbb87e30c1ed74b","messageTitle":"A-MoreOOP","messageBody":"We face problem of not enough oop, please add more\n\nAdding more oop yay\n","fileTypesAndContributionMap":{"java":{"insertions":9,"deletions":9}}},{"hash":"e4d7921eef279a84e9d449d3d995767b2b56f1bf","messageTitle":"A-MoreOOP","messageBody":"We face problem of not enough oop, please add more\n\nAdding more oop yay\n","fileTypesAndContributionMap":{"txt":{"insertions":4,"deletions":8},"java":{"insertions":396,"deletions":291}}},{"hash":"8d534ef411f3d771150ae3c3c805e33f70703c01","messageTitle":"-","messageBody":"","fileTypesAndContributionMap":{"txt":{"insertions":4,"deletions":3}}},{"hash":"9f76d596e274795b2eba17462e8578c1fa01599a","messageTitle":"A-MoreOOP","messageBody":"We face problem of not enough oop, please add more\n\nAdding more oop yay\n","fileTypesAndContributionMap":{"txt":{"insertions":15,"deletions":0}}},{"hash":"d25ebea266631c7cc78ac6983e3866b62e12b35f","messageTitle":"Level-8 Adding time functionality and processing","messageBody":"The time can be saved in a more useful manner.\n\nAdd an more intuitive processing and saving of the time data field. Add ability to query a specific date.\n","fileTypesAndContributionMap":{"txt":{"insertions":3,"deletions":2},"java":{"insertions":232,"deletions":28}}},{"hash":"4c7ac80fa6456a0b24ab302ca7b6a61195100bb9","messageTitle":"A-MoreOOP","messageBody":"","tags":["A-Packages","A-Jar","A-JUnit"],"fileTypesAndContributionMap":{"txt":{"insertions":3,"deletions":4},"java":{"insertions":102,"deletions":284}}},{"hash":"36e209e11826b4cf77100dccb7cb00d7f015ab1f","messageTitle":"A-JUnit","messageBody":"We face problem cannot test\n\nAdding more test\n","tags":["v0.1","A-JavaDoc","A-CodingStandard"],"fileTypesAndContributionMap":{"txt":{"insertions":5,"deletions":9},"java":{"insertions":28,"deletions":2}}},{"hash":"cc148b411dcbc2cb27028053bf5c2b0c434db0d1","messageTitle":"A-JavaDoc","messageBody":"Javadoc good, read easy\n\nAdding more javadoc\n","fileTypesAndContributionMap":{"java":{"insertions":71,"deletions":7}}},{"hash":"00787078e912bda89bf043568b1c339ceae357eb","messageTitle":"A-CodingStandard","messageBody":"Standard low bad\n\nNow standard high\n","fileTypesAndContributionMap":{"java":{"insertions":83,"deletions":58}}},{"hash":"9af889249c6380b0623ed3116bd3f154e65f9057","messageTitle":"-","messageBody":"","tags":["Level-9"],"fileTypesAndContributionMap":{"java":{"insertions":2,"deletions":2}}}]},{"date":"2021-08-25","commitResults":[{"hash":"3781317925cc6e8c6f625957563f49132eb528f8","messageTitle":"Level-9","messageBody":"Searching by keyword good\n\nAdding function to search by keyword\n","fileTypesAndContributionMap":{"txt":{"insertions":2,"deletions":0},"java":{"insertions":25,"deletions":6}}},{"hash":"9cd7e54e65b5401706fe88c07cb317207522a509","messageTitle":"-","messageBody":"","fileTypesAndContributionMap":{"java":{"insertions":0,"deletions":1}}},{"hash":"9db48916b3150018fe277acea1c822b7bf81b323","messageTitle":"Rename Test class and methods","messageBody":"","fileTypesAndContributionMap":{"java":{"insertions":6,"deletions":5}}}]},{"date":"2021-08-30","commitResults":[{"hash":"d59d3ab33786abed05af174f6d02c570e61f8fc9","messageTitle":"Rename main class","messageBody":"","fileTypesAndContributionMap":{"java":{"insertions":3,"deletions":3}}},{"hash":"3d85a951e4281956fb259798871dcdba5cc5652f","messageTitle":"Add gradle support","messageBody":"Some tasks are tedious and it is not ideal to do them individually.\n\nGradle would be useful to automate some tasks.\n","tags":["A-CheckStyle"],"fileTypesAndContributionMap":{"gradle":{"insertions":5,"deletions":5},"java":{"insertions":3,"deletions":3}}},{"hash":"4057ca7c4cb5e4363d4095f0faf0ba34b2952663","messageTitle":"Renamed main class","messageBody":"","fileTypesAndContributionMap":{"java":{"insertions":3,"deletions":3}}},{"hash":"d90592fc0960d2121c1511bc214ef6b36cc580d0","messageTitle":"Add checkstyle setup to gradle","messageBody":"Checkstyle can be quite troublesome and we might miss styling errors.\n\nAutomated checkstyle checking would be helpful in saving our time.\n","fileTypesAndContributionMap":{"gradle":{"insertions":4,"deletions":4},"java":{"insertions":44,"deletions":24}}},{"hash":"32e94e11caf32a7ceffe9008044543135a0422a0","messageTitle":"no message","messageBody":"","fileTypesAndContributionMap":{"txt":{"insertions":3,"deletions":1}}}]},{"date":"2021-08-31","commitResults":[{"hash":"5026cbb62db8198ee9982edff87b5ba7620c0e54","messageTitle":"Add GUI","messageBody":"Text based UI might not be the most user friendly.\n\nLets add a nicer UI\n","fileTypesAndContributionMap":{"gradle":{"insertions":6,"deletions":0},"txt":{"insertions":9,"deletions":4},"java":{"insertions":424,"deletions":517}}},{"hash":"f59eac0495f2408adad35b7b67804d5c064b7cea","messageTitle":"Add GUI","messageBody":"Text based UI might not be the most user friendly.\n\nLets add a nicer UI\n","fileTypesAndContributionMap":{"java":{"insertions":26,"deletions":9}}}]},{"date":"2021-09-01","commitResults":[{"hash":"0a891ea161e06350a5c6303d947ec87e54e82eb9","messageTitle":"Small styling fixes","messageBody":"","fileTypesAndContributionMap":{"java":{"insertions":4,"deletions":311}}},{"hash":"a26da2535b3ca32e562298bdfc150ea7c753802b","messageTitle":"Small styling fixes","messageBody":"","fileTypesAndContributionMap":{"java":{"insertions":317,"deletions":0}}},{"hash":"af9ad29dcee7b68fd9f97a5d31e9fa0e1cd56adf","messageTitle":"Add deletion confirmation box","messageBody":"User might accidentally delete task, and it may be hard to remember or notice what they deleted, and they might not have saved recently.\n\nLet\u0027s add a confirmation popup\n","fileTypesAndContributionMap":{"java":{"insertions":65,"deletions":19}}}]},{"date":"2021-09-06","commitResults":[{"hash":"f8fd471f590a19492c618cdcd70af58b1758198f","messageTitle":"no message","messageBody":"","tags":["A-FullCommitMessage","A-CodeQuality","A-Assertions"],"fileTypesAndContributionMap":{"java":{"insertions":1,"deletions":0}}},{"hash":"588efce1ec5fecab1cb46c8b39c97d982054855b","messageTitle":"Add assertions","messageBody":"Code has no checks to ensure save file is of the correct format.\n\nThis may be risky and might result in errors if the save file is improperly formatted eg corrupted.\n\nLets add assertions to ensure the data is validly formatted as it is loaded.\n","fileTypesAndContributionMap":{"gradle":{"insertions":16,"deletions":1},"txt":{"insertions":5,"deletions":4},"java":{"insertions":43,"deletions":21}}},{"hash":"c999accac379f95680ee413a5a5953da7a2878f3","messageTitle":"Amend code","messageBody":"Code has several areas where code quality such as method names are improperly implemented.\n\nThis might be messy and makes for harder readability\n\nLet\u0027s rewrite some parts to follow closer to good code quality practices.\n","fileTypesAndContributionMap":{"txt":{"insertions":7,"deletions":5},"java":{"insertions":127,"deletions":95}}},{"hash":"b822747cbd30325993fc5fc624f463334b7023ee","messageTitle":"Add duplicate task detection.","messageBody":"Users might accidentally add tasks multiple times.\n\nThis would make things confusing and troublesome for them.\n\nAdd a feature that detects when the user adds an item that is identical to one that is in the list, and display a confirmation popup to ensure the user wishes to add another task identical to one already in the list.\n","tags":["C-DetectDuplicates"],"fileTypesAndContributionMap":{"java":{"insertions":71,"deletions":23}}},{"hash":"c63a9b7dcdc9cced12d7b2908034395a8c948cd2","messageTitle":"Amend some code","messageBody":"","fileTypesAndContributionMap":{"java":{"insertions":31,"deletions":20}}}]}]},"authorFileTypeContributionMap":{"fullfatwasabi":{"java":701,"md":0,"fxml":0,"sh":0,"bat":21,"gradle":23,"txt":30}},"authorContributionVariance":{"fullfatwasabi":165601.27},"authorDisplayNameMap":{"fullfatwasabi":"CS2103T-W11-2 TAN ..THAN"}}
