{"authorDailyContributionsMap":{"fullfatwasabi":[{"date":"2021-08-19","commitResults":[{"hash":"7441899ef05622629de3954269f9b3a25625b92e","messageTitle":"Level-1","messageBody":"","fileTypesAndContributionMap":{"java":{"insertions":24,"deletions":6}}},{"hash":"173e2810a75e6fff00ce8556c60e1793a015caf6","messageTitle":"Level-2","messageBody":"","fileTypesAndContributionMap":{"java":{"insertions":15,"deletions":4}}},{"hash":"e51b755f6746a09bd02bef5fbc939062517af9a0","messageTitle":"Level-1","messageBody":"","tags":["Level-1"],"fileTypesAndContributionMap":{"java":{"insertions":4,"deletions":15}}},{"hash":"252b4150f0faca7ae8809b0bf8adacbdd029d299","messageTitle":"Level-2","messageBody":"","tags":["Level-2"],"fileTypesAndContributionMap":{"java":{"insertions":15,"deletions":4}}},{"hash":"4996199d94ab8859e5b816cc8e715150800f3b72","messageTitle":"Level-3","messageBody":"","tags":["Level-3"],"fileTypesAndContributionMap":{"java":{"insertions":47,"deletions":9}}},{"hash":"d88d0b6bb53cef3b77584e30d3b7c0518f0c3c63","messageTitle":"Level-4","messageBody":"","fileTypesAndContributionMap":{"java":{"insertions":83,"deletions":14}}},{"hash":"05a49f279411b3b8680e60a25797fbf0d5321389","messageTitle":"Level-4","messageBody":"","fileTypesAndContributionMap":{"java":{"insertions":12,"deletions":8}}},{"hash":"0a682a89904660ab160f8bb54b787e0b74df6f05","messageTitle":"A-TextUiTesting","messageBody":"","tags":["Level-4","A-TextUiTesting"],"fileTypesAndContributionMap":{"txt":{"insertions":6,"deletions":0},"java":{"insertions":55,"deletions":48}}},{"hash":"74a63983f1640cf4c02be3e544b833acd0fa464e","messageTitle":"Handle Errors","messageBody":"","fileTypesAndContributionMap":{"java":{"insertions":77,"deletions":58}}},{"hash":"6f81a4563be744aabfd6b16bc153e8e072c7b403","messageTitle":"Level-5","messageBody":"","fileTypesAndContributionMap":{"java":{"insertions":1,"deletions":12},"bat":{"insertions":21,"deletions":0}}},{"hash":"16d9e3bee929f49b13401ea36a03aa1744e61011","messageTitle":"A-TextUiTesting","messageBody":"","fileTypesAndContributionMap":{"java":{"insertions":58,"deletions":66}}},{"hash":"d878a14f14c93e96580cf4845dea9e387a308da5","messageTitle":"Level-5","messageBody":"","tags":["Level-5"],"fileTypesAndContributionMap":{"java":{"insertions":66,"deletions":58}}},{"hash":"eb997cdce5cbb75098dac344a621780f64a6070b","messageTitle":"Level-6","messageBody":"","tags":["Level-6"],"fileTypesAndContributionMap":{"txt":{"insertions":2,"deletions":1},"java":{"insertions":12,"deletions":1}}},{"hash":"e018fa3d9e58562141fa475b78e7d9fe45c04799","messageTitle":"small-bug-fix","messageBody":"","fileTypesAndContributionMap":{"txt":{"insertions":1,"deletions":0},"java":{"insertions":27,"deletions":14}}}]}]},"authorFileTypeContributionMap":{"fullfatwasabi":{"java":185,"md":0,"fxml":0,"sh":0,"bat":21,"gradle":0,"txt":8}},"authorContributionVariance":{"fullfatwasabi":58870.74},"authorDisplayNameMap":{"fullfatwasabi":"TAN ..THAN"}}
