{"authorDailyContributionsMap":{"fullfatwasabi":[{"date":"2021-08-19","commitResults":[{"hash":"7441899ef05622629de3954269f9b3a25625b92e","messageTitle":"Level-1","messageBody":"","fileTypesAndContributionMap":{"java":{"insertions":24,"deletions":6}}},{"hash":"173e2810a75e6fff00ce8556c60e1793a015caf6","messageTitle":"Level-2","messageBody":"","fileTypesAndContributionMap":{"java":{"insertions":15,"deletions":4}}},{"hash":"e51b755f6746a09bd02bef5fbc939062517af9a0","messageTitle":"Level-1","messageBody":"","tags":["Level-1"],"fileTypesAndContributionMap":{"java":{"insertions":4,"deletions":15}}},{"hash":"252b4150f0faca7ae8809b0bf8adacbdd029d299","messageTitle":"Level-2","messageBody":"","tags":["Level-2"],"fileTypesAndContributionMap":{"java":{"insertions":15,"deletions":4}}},{"hash":"4996199d94ab8859e5b816cc8e715150800f3b72","messageTitle":"Level-3","messageBody":"","tags":["Level-3"],"fileTypesAndContributionMap":{"java":{"insertions":47,"deletions":9}}},{"hash":"d88d0b6bb53cef3b77584e30d3b7c0518f0c3c63","messageTitle":"Level-4","messageBody":"","fileTypesAndContributionMap":{"java":{"insertions":83,"deletions":14}}},{"hash":"05a49f279411b3b8680e60a25797fbf0d5321389","messageTitle":"Level-4","messageBody":"","fileTypesAndContributionMap":{"java":{"insertions":12,"deletions":8}}},{"hash":"0a682a89904660ab160f8bb54b787e0b74df6f05","messageTitle":"A-TextUiTesting","messageBody":"","tags":["Level-4","A-TextUiTesting"],"fileTypesAndContributionMap":{"txt":{"insertions":6,"deletions":0},"java":{"insertions":55,"deletions":48}}},{"hash":"74a63983f1640cf4c02be3e544b833acd0fa464e","messageTitle":"Handle Errors","messageBody":"","fileTypesAndContributionMap":{"java":{"insertions":77,"deletions":58}}},{"hash":"6f81a4563be744aabfd6b16bc153e8e072c7b403","messageTitle":"Level-5","messageBody":"","fileTypesAndContributionMap":{"java":{"insertions":1,"deletions":12},"bat":{"insertions":21,"deletions":0}}},{"hash":"16d9e3bee929f49b13401ea36a03aa1744e61011","messageTitle":"A-TextUiTesting","messageBody":"","fileTypesAndContributionMap":{"java":{"insertions":58,"deletions":66}}},{"hash":"d878a14f14c93e96580cf4845dea9e387a308da5","messageTitle":"Level-5","messageBody":"","tags":["Level-5"],"fileTypesAndContributionMap":{"java":{"insertions":66,"deletions":58}}},{"hash":"eb997cdce5cbb75098dac344a621780f64a6070b","messageTitle":"Level-6","messageBody":"","tags":["Level-6"],"fileTypesAndContributionMap":{"txt":{"insertions":2,"deletions":1},"java":{"insertions":12,"deletions":1}}},{"hash":"e018fa3d9e58562141fa475b78e7d9fe45c04799","messageTitle":"small-bug-fix","messageBody":"","fileTypesAndContributionMap":{"txt":{"insertions":1,"deletions":0},"java":{"insertions":27,"deletions":14}}}]},{"date":"2021-08-20","commitResults":[{"hash":"ef88298ce7796cb1c54c349b6497c014efb5ac23","messageTitle":"Level-6","messageBody":"","fileTypesAndContributionMap":{"java":{"insertions":47,"deletions":10}}}]},{"date":"2021-08-24","commitResults":[{"hash":"e13308ea23b7c2d1cbf30b7e8d84054d39fee047","messageTitle":"Level-7 Adding save function","messageBody":"Todo list data is lost after closing, which is troublesome for users.\n\nAdd an autosave function that saves everytime user makes changes to the list\n","fileTypesAndContributionMap":{"java":{"insertions":120,"deletions":11}}},{"hash":"bf520cd4874ebd41db68a5542bbb87e30c1ed74b","messageTitle":"A-MoreOOP","messageBody":"We face problem of not enough oop, please add more\n\nAdding more oop yay\n","fileTypesAndContributionMap":{"java":{"insertions":9,"deletions":9}}},{"hash":"e4d7921eef279a84e9d449d3d995767b2b56f1bf","messageTitle":"A-MoreOOP","messageBody":"We face problem of not enough oop, please add more\n\nAdding more oop yay\n","fileTypesAndContributionMap":{"txt":{"insertions":4,"deletions":8},"java":{"insertions":396,"deletions":291}}},{"hash":"8d534ef411f3d771150ae3c3c805e33f70703c01","messageTitle":"-","messageBody":"","fileTypesAndContributionMap":{"txt":{"insertions":4,"deletions":3}}},{"hash":"9f76d596e274795b2eba17462e8578c1fa01599a","messageTitle":"A-MoreOOP","messageBody":"We face problem of not enough oop, please add more\n\nAdding more oop yay\n","fileTypesAndContributionMap":{"txt":{"insertions":15,"deletions":0}}},{"hash":"d25ebea266631c7cc78ac6983e3866b62e12b35f","messageTitle":"Level-8 Adding time functionality and processing","messageBody":"The time can be saved in a more useful manner.\n\nAdd an more intuitive processing and saving of the time data field. Add ability to query a specific date.\n","fileTypesAndContributionMap":{"txt":{"insertions":3,"deletions":2},"java":{"insertions":232,"deletions":28}}},{"hash":"4c7ac80fa6456a0b24ab302ca7b6a61195100bb9","messageTitle":"A-MoreOOP","messageBody":"","tags":["A-Packages","A-JUnit"],"fileTypesAndContributionMap":{"txt":{"insertions":3,"deletions":4},"java":{"insertions":102,"deletions":284}}},{"hash":"36e209e11826b4cf77100dccb7cb00d7f015ab1f","messageTitle":"A-JUnit","messageBody":"We face problem cannot test\n\nAdding more test\n","tags":["v0.1","A-JavaDoc","A-CodingStandard"],"fileTypesAndContributionMap":{"txt":{"insertions":5,"deletions":9},"java":{"insertions":28,"deletions":2}}},{"hash":"cc148b411dcbc2cb27028053bf5c2b0c434db0d1","messageTitle":"A-JavaDoc","messageBody":"Javadoc good, read easy\n\nAdding more javadoc\n","fileTypesAndContributionMap":{"java":{"insertions":71,"deletions":7}}},{"hash":"00787078e912bda89bf043568b1c339ceae357eb","messageTitle":"A-CodingStandard","messageBody":"Standard low bad\n\nNow standard high\n","fileTypesAndContributionMap":{"java":{"insertions":83,"deletions":58}}},{"hash":"9af889249c6380b0623ed3116bd3f154e65f9057","messageTitle":"-","messageBody":"","tags":["Level-9"],"fileTypesAndContributionMap":{"java":{"insertions":2,"deletions":2}}}]},{"date":"2021-08-25","commitResults":[{"hash":"3781317925cc6e8c6f625957563f49132eb528f8","messageTitle":"Level-9","messageBody":"Searching by keyword good\n\nAdding function to search by keyword\n","fileTypesAndContributionMap":{"txt":{"insertions":2,"deletions":0},"java":{"insertions":25,"deletions":6}}},{"hash":"9cd7e54e65b5401706fe88c07cb317207522a509","messageTitle":"-","messageBody":"","fileTypesAndContributionMap":{"java":{"insertions":0,"deletions":1}}},{"hash":"9db48916b3150018fe277acea1c822b7bf81b323","messageTitle":"Rename Test class and methods","messageBody":"","fileTypesAndContributionMap":{"java":{"insertions":6,"deletions":5}}}]},{"date":"2021-08-30","commitResults":[{"hash":"4057ca7c4cb5e4363d4095f0faf0ba34b2952663","messageTitle":"Renamed main class","messageBody":"","fileTypesAndContributionMap":{"java":{"insertions":3,"deletions":3}}}]}]},"authorFileTypeContributionMap":{"fullfatwasabi":{"java":600,"md":0,"fxml":0,"sh":0,"bat":21,"gradle":0,"txt":17}},"authorContributionVariance":{"fullfatwasabi":163485.03},"authorDisplayNameMap":{"fullfatwasabi":"CS2103T-W11-2 TAN ..THAN"}}
