{"authorDailyContributionsMap":{"CraveToCode":[{"date":"2021-08-18","commitResults":[{"hash":"2ec60468a39d8b958eaef6b6995a88afbefb71ef","messageTitle":"Level-1","messageBody":"","tags":["Level-1"],"fileTypesAndContributionMap":{"java":{"insertions":14,"deletions":0}}},{"hash":"79e78df29a71a20595dbd378bd0daa8d098088cf","messageTitle":"Added Task.java, addTask, printTaskList.","messageBody":"","tags":["Level-2"],"fileTypesAndContributionMap":{"java":{"insertions":42,"deletions":1}}},{"hash":"f2ad5e927ace899fd5c0ccdcc678dc9358b45472","messageTitle":"Added feature to mark tasks as done.","messageBody":"","tags":["Level-3"],"fileTypesAndContributionMap":{"java":{"insertions":19,"deletions":3}}},{"hash":"f51baae6e14bb29eb164bc0d3837e665ca433c62","messageTitle":"Added ToDo.java, Deadline.java, Event.java. Added ability to add todos, deadlines, events.","messageBody":"","tags":["Level-4"],"fileTypesAndContributionMap":{"java":{"insertions":91,"deletions":3}}}]}]},"authorFileTypeContributionMap":{"CraveToCode":{"java":159,"md":0,"fxml":0,"sh":0,"bat":0,"gradle":0,"txt":0}},"authorContributionVariance":{"CraveToCode":2693.6099},"authorDisplayNameMap":{"CraveToCode":"RAMK..LIAH"}}
