{"authorDailyContributionsMap":{"hsiaotingluv":[{"date":"2021-08-18","commitResults":[{"hash":"b77b50718134792507e2d472cba03c71ced736a9","messageTitle":"Update Duke.java","messageBody":"Level-1\n","tags":["Level-1-Greet-Echo-Exit"],"fileTypesAndContributionMap":{"java":{"insertions":28,"deletions":1}}},{"hash":"963e14af51c4d8061ffbeb271ce9180592d7cd33","messageTitle":"Level-2, Add, List","messageBody":"","tags":["Level-2-Add-List"],"fileTypesAndContributionMap":{"java":{"insertions":20,"deletions":9}}},{"hash":"91bc460a2bb9d2ec2b074100e7408df09b79850c","messageTitle":"Level 3-Mark as Done","messageBody":"","tags":["Level-3-Mark-as-Done"],"fileTypesAndContributionMap":{"java":{"insertions":33,"deletions":12}}},{"hash":"2dbfdbf3a8f5db4ba918de9659c62b18b4dd2b44","messageTitle":"Level-4-ToDo-Event-Deadline","messageBody":"","tags":["Level-4-ToDo-Event-Deadline"],"fileTypesAndContributionMap":{"java":{"insertions":59,"deletions":10}}}]},{"date":"2021-08-19","commitResults":[{"hash":"a3a422a5627faed0b90583662e9486fd2549c55e","messageTitle":"Level-6-Delete","messageBody":"","tags":["Level-6-Delete"],"fileTypesAndContributionMap":{"java":{"insertions":125,"deletions":57}}},{"hash":"46b884b8c2a2e8b05fe3f940df57b47a31014a82","messageTitle":"Documentation","messageBody":"","tags":["Level-5-Handle-Errors"],"fileTypesAndContributionMap":{"java":{"insertions":66,"deletions":3}}}]},{"date":"2021-08-23","commitResults":[{"hash":"263e0b1931cf4f77f218e9491d18152d9cd62dfc","messageTitle":"branching","messageBody":"","fileTypesAndContributionMap":{"java":{"insertions":1,"deletions":0}}},{"hash":"b4c735cfce896549d341d5619e445b35eb48d3e9","messageTitle":"testing","messageBody":"","fileTypesAndContributionMap":{"java":{"insertions":1,"deletions":1}}},{"hash":"9c1fe07ea480c63d0d1f2e143800f2fe0341a2ae","messageTitle":"feature 1","messageBody":"","fileTypesAndContributionMap":{"java":{"insertions":1,"deletions":0}}},{"hash":"1f400c33adafd118be0eb0d75da786f4dcf426d1","messageTitle":"master","messageBody":"","fileTypesAndContributionMap":{"java":{"insertions":2,"deletions":0}}},{"hash":"26147e98c62a33c30746953a834375e0de4d3fe8","messageTitle":"undo testing","messageBody":"","fileTypesAndContributionMap":{"java":{"insertions":1,"deletions":5}}}]},{"date":"2021-08-24","commitResults":[{"hash":"a3b24e0e373133c788b3ca392eb67bde3b47bda2","messageTitle":"testing","messageBody":"","fileTypesAndContributionMap":{"java":{"insertions":1,"deletions":0}}},{"hash":"453cd07c6eab2d0c7eb58ac427f7e451c1baea34","messageTitle":"testing","messageBody":"","fileTypesAndContributionMap":{"java":{"insertions":0,"deletions":1}}},{"hash":"1f69340f20ba8fb1676d8ce2eef4fc3f670ae720","messageTitle":"Add-Automated-Text-Ui-Testing","messageBody":"","tags":["A-TextUiTesting"],"fileTypesAndContributionMap":{"txt":{"insertions":21,"deletions":0},"java":{"insertions":63,"deletions":32}}},{"hash":"6b1a6cd1ca8a18dede36f997bb6ef4695008b41b","messageTitle":"Level-7-Save","messageBody":"","fileTypesAndContributionMap":{"java":{"insertions":17,"deletions":0}}},{"hash":"7218e39954e7e8478fd93e2d4324e78ed95730de","messageTitle":"Level-7-Save","messageBody":"","fileTypesAndContributionMap":{"java":{"insertions":0,"deletions":1}}},{"hash":"9c5844f11d8602437a764830df852b9c044b52d0","messageTitle":"Level-7-Save","messageBody":"","fileTypesAndContributionMap":{"txt":{"insertions":8,"deletions":4},"java":{"insertions":9,"deletions":8}}},{"hash":"5baf5e01429db75f8898031ecaa647c37ea14274","messageTitle":"Level-7-Save","messageBody":"","fileTypesAndContributionMap":{"java":{"insertions":47,"deletions":7}}},{"hash":"fbb5651b2bea806cf5ebfd36be589584c2c107a4","messageTitle":"Level-7-Save","messageBody":"","tags":["Level-7-Saved"],"fileTypesAndContributionMap":{"txt":{"insertions":1,"deletions":6},"java":{"insertions":30,"deletions":5}}},{"hash":"f598572a554a6341126a2b83c0d9e08809f57dd6","messageTitle":"Level-7-Save","messageBody":"","fileTypesAndContributionMap":{"java":{"insertions":1,"deletions":0}}}]},{"date":"2021-08-25","commitResults":[{"hash":"dbe8eec118565cb3c69eef70f6c172a035d9038f","messageTitle":"Reformat main function","messageBody":"","fileTypesAndContributionMap":{"java":{"insertions":31,"deletions":24}}},{"hash":"622cff3ae90bb4b5489262de72a8705dab28e47c","messageTitle":"Added date and time","messageBody":"","tags":["Level-8-Dates-And-Times"],"fileTypesAndContributionMap":{"txt":{"insertions":3,"deletions":2},"java":{"insertions":78,"deletions":31}}}]},{"date":"2021-08-26","commitResults":[{"hash":"69f3dee69c2480072b392996a9754e08c989d8df","messageTitle":"Added more OOP","messageBody":"","tags":["A-MoreOOP"],"fileTypesAndContributionMap":{"txt":{"insertions":3,"deletions":1},"java":{"insertions":262,"deletions":220}}},{"hash":"ac186507aec4652af30e592d068858127cc48a6d","messageTitle":"Added A-Packages","messageBody":"","tags":["A-Packages"],"fileTypesAndContributionMap":{"txt":{"insertions":1,"deletions":1},"java":{"insertions":76,"deletions":32}}},{"hash":"660940fa8d82e631c0f7d6ed6680596efeb7ab22","messageTitle":"Adds Java Doc","messageBody":"","tags":["merge-branch-A-JavaDoc-to-master","A-JavaDoc"],"fileTypesAndContributionMap":{"java":{"insertions":188,"deletions":51}}},{"hash":"afaf41b80047e41016a934083eec50892bba7daf","messageTitle":"Adds Coding Standard","messageBody":"","tags":["A-CodingStandard"],"fileTypesAndContributionMap":{"java":{"insertions":7,"deletions":13}}},{"hash":"e6bea30d2dc999aba1edec465eba0bba2f9ddd9b","messageTitle":"Add Level 9 Find","messageBody":"","tags":["Level-9-Find"],"fileTypesAndContributionMap":{"java":{"insertions":22,"deletions":0}}}]},{"date":"2021-08-27","commitResults":[{"hash":"0d079573be84490f5c4057ca774cdec4590dc67f","messageTitle":"Add A-JUnit.","messageBody":"","fileTypesAndContributionMap":{"java":{"insertions":2,"deletions":0}}},{"hash":"a023c3a312b87e683a8c0a9dbb42bc92ef07d5b5","messageTitle":"Add A-JUnit.","messageBody":"","tags":["A-Jar","A-JUnit"],"fileTypesAndContributionMap":{"java":{"insertions":42,"deletions":20}}}]},{"date":"2021-08-30","commitResults":[{"hash":"b14cc572c7aee1f8ce878a48216b99a035280df0","messageTitle":"Add build gradle","messageBody":"","tags":["A-Gradle"],"fileTypesAndContributionMap":{"gradle":{"insertions":47,"deletions":0},"bat":{"insertions":89,"deletions":0}}},{"hash":"21de53985a4427c21d5f14033e4c1d24cec1bba8","messageTitle":"Add check style","messageBody":"","tags":["A-CheckStyle"],"fileTypesAndContributionMap":{"gradle":{"insertions":13,"deletions":1},"java":{"insertions":2,"deletions":0}}},{"hash":"1fd6c09cfaa16451c0dd36625f052d134e9c7349","messageTitle":"Add GUI","messageBody":"","fileTypesAndContributionMap":{"java":{"insertions":28,"deletions":3}}}]},{"date":"2021-08-31","commitResults":[{"hash":"d0c14e6c0e69d3bf9dfd7e808aab54d7d01e0cb5","messageTitle":"Create GUI and interact with user","messageBody":"","tags":["Level-10-GUI"],"fileTypesAndContributionMap":{"java":{"insertions":162,"deletions":8}}},{"hash":"38166d53fc3c9514b2f56907de091ddebc15700f","messageTitle":"Use FXML","messageBody":"","tags":["Level-10-FXML"],"fileTypesAndContributionMap":{"fxml":{"insertions":35,"deletions":0},"java":{"insertions":152,"deletions":60}}}]},{"date":"2021-09-09","commitResults":[{"hash":"55cca689bbaf8ad4c44e4024fcdb123c3b2ad97a","messageTitle":"Added OOP","messageBody":"","fileTypesAndContributionMap":{"txt":{"insertions":6,"deletions":4},"fxml":{"insertions":1,"deletions":1},"java":{"insertions":630,"deletions":450},"bat":{"insertions":1,"deletions":1},"md":{"insertions":2,"deletions":2}}},{"hash":"3a09b74d0c25667a636dae7fa871d865befbb545","messageTitle":"Added documentations","messageBody":"","fileTypesAndContributionMap":{"txt":{"insertions":3,"deletions":4},"java":{"insertions":355,"deletions":163}}}]},{"date":"2021-09-10","commitResults":[{"hash":"c7d411eb1768a822c1a1db97bff95ecf113ac6d9","messageTitle":"Added checkstyle","messageBody":"","fileTypesAndContributionMap":{"txt":{"insertions":0,"deletions":2},"java":{"insertions":45,"deletions":52}}},{"hash":"6c635169a9e648964e2f96f1be52f778d8113e71","messageTitle":"Added new JAR file","messageBody":"","fileTypesAndContributionMap":{"java":{"insertions":25,"deletions":103}}},{"hash":"b823f28dd0492a5c9f91695897c566979f899020","messageTitle":"Added new JAR file","messageBody":"","tags":["duke-v2.0.0"],"fileTypesAndContributionMap":{"gradle":{"insertions":15,"deletions":6},"txt":{"insertions":3,"deletions":1},"java":{"insertions":79,"deletions":28},"bat":{"insertions":103,"deletions":89}}},{"hash":"8ed931ae08190707ea70a13556f0740ae8ba853c","messageTitle":"Assertion: Use assert feature","messageBody":"Assert documents important assumptions that should hold at various points in the code.\n\nAssertions used to define assumptions about the program state so that the runtime can verify them.\n\nLet\u0027s add an assertion to verify assumption about the postcondition of getIndex method.\n","tags":["A-Assertions"],"fileTypesAndContributionMap":{"java":{"insertions":6,"deletions":13}}},{"hash":"e4dc31012ecfba090653245cfc4f399f40ea6e10","messageTitle":"Code Quality: improve code quality","messageBody":"Ui included in several command classes. Some codes have differing format.\n\nRefactor class Ui to include all interactions with user. Reformat the code to increase readability.\n\nLet\u0027s,\n* extract all the interaction with user and include them inside the class Ui\n* reformat all the codes to improve code quality\n","tags":["A-FullCommitMessage","A-CodeQuality"],"fileTypesAndContributionMap":{"txt":{"insertions":2,"deletions":4},"java":{"insertions":155,"deletions":115}}},{"hash":"570f1b0efe33313616e8a0dafd6817ef935999e0","messageTitle":"Merged branch-A-Assertions","messageBody":"","fileTypesAndContributionMap":{"txt":{"insertions":2,"deletions":3}}},{"hash":"431e1ab3ed8ca5acb923a9344cb6b2b88f0be892","messageTitle":"Resolved merge conflict","messageBody":"","fileTypesAndContributionMap":{"txt":{"insertions":1,"deletions":2}}},{"hash":"1ea1dc4af44ae66461bd299baf6401f9ccd900fd","messageTitle":"Using Stream: use Streams feature of Java in code.","messageBody":"Storage of data is only done after user enter bye and exit the chat bot.\n\nChanges made to update storage file immediately after user enter a valid command.\nThis saves the data even if user quit the program without entering \u0027bye\u0027.\n\nLet\u0027s use the streams feature in storage class to store the data with short and concise codes.\n","fileTypesAndContributionMap":{"txt":{"insertions":0,"deletions":0},"java":{"insertions":68,"deletions":0}}}]},{"date":"2021-09-13","commitResults":[{"hash":"6fcfd13331d70d38f071cb9919fab11ca0a3b295","messageTitle":"Added C-Extension Help","messageBody":"","fileTypesAndContributionMap":{"txt":{"insertions":1,"deletions":3},"java":{"insertions":190,"deletions":14}}},{"hash":"edd00bfa80d583ffa8e2c835e2efc1a3b1771cc9","messageTitle":"Delete build","messageBody":"","fileTypesAndContributionMap":{"txt":{"insertions":0,"deletions":2}}}]},{"date":"2021-09-15","commitResults":[{"hash":"126e86c91743b54e99be3610b699c2ef2b78fdd3","messageTitle":"Add checkstyle","messageBody":"","fileTypesAndContributionMap":{"java":{"insertions":0,"deletions":0}}},{"hash":"13234dc4a95b36f3e71f3d27a3e0de912a828891","messageTitle":"Add checkstyle","messageBody":"","fileTypesAndContributionMap":{"gradle":{"insertions":4,"deletions":4},"txt":{"insertions":4,"deletions":1},"java":{"insertions":99,"deletions":107}}},{"hash":"73807ce3a103946c68e50e6ba708811094742111","messageTitle":"Update README.md","messageBody":"","fileTypesAndContributionMap":{"md":{"insertions":1,"deletions":1}}}]}]},"authorFileTypeContributionMap":{"hsiaotingluv":{"java":1536,"md":1,"fxml":35,"sh":0,"bat":104,"gradle":68,"txt":21}},"authorContributionVariance":{"hsiaotingluv":104872.27},"authorDisplayNameMap":{"hsiaotingluv":"CS2103T-W08-4 CHEN..TING"}}
