[{"path":"src/main/java/duke/Duke.java","fileType":"java","lines":[{"lineNumber":1,"author":{"gitId":"zhenghanlee"},"content":"package duke;","lastModifiedDate":"2021-08-15"},{"lineNumber":2,"author":{"gitId":"zhenghanlee"},"content":"","lastModifiedDate":"2021-08-15"},{"lineNumber":3,"author":{"gitId":"zhenghanlee"},"content":"import java.io.BufferedReader;","lastModifiedDate":"2021-08-15"},{"lineNumber":4,"author":{"gitId":"zhenghanlee"},"content":"import java.io.IOException;","lastModifiedDate":"2021-08-15"},{"lineNumber":5,"author":{"gitId":"zhenghanlee"},"content":"import java.io.InputStreamReader;","lastModifiedDate":"2021-08-15"},{"lineNumber":6,"author":{"gitId":"zhenghanlee"},"content":"import duke.command.CommandManager;","lastModifiedDate":"2021-08-15"},{"lineNumber":7,"author":{"gitId":"zhenghanlee"},"content":"import duke.command.DeadlineCommand;","lastModifiedDate":"2021-08-16"},{"lineNumber":8,"author":{"gitId":"zhenghanlee"},"content":"import duke.command.DeleteCommand;","lastModifiedDate":"2021-08-16"},{"lineNumber":9,"author":{"gitId":"zhenghanlee"},"content":"import duke.command.DoneCommand;","lastModifiedDate":"2021-08-16"},{"lineNumber":10,"author":{"gitId":"zhenghanlee"},"content":"import duke.command.EventCommand;","lastModifiedDate":"2021-08-16"},{"lineNumber":11,"author":{"gitId":"zhenghanlee"},"content":"import duke.command.ListCommand;","lastModifiedDate":"2021-08-15"},{"lineNumber":12,"author":{"gitId":"zhenghanlee"},"content":"import duke.command.ToDoCommand;","lastModifiedDate":"2021-08-16"},{"lineNumber":13,"author":{"gitId":"zhenghanlee"},"content":"import duke.exception.DukeException;","lastModifiedDate":"2021-08-16"},{"lineNumber":14,"author":{"gitId":"zhenghanlee"},"content":"","lastModifiedDate":"2021-08-15"},{"lineNumber":15,"author":{"gitId":"zhenghanlee"},"content":"/**","lastModifiedDate":"2021-08-15"},{"lineNumber":16,"author":{"gitId":"zhenghanlee"},"content":" * Main class for the bot.","lastModifiedDate":"2021-08-15"},{"lineNumber":17,"author":{"gitId":"zhenghanlee"},"content":" */","lastModifiedDate":"2021-08-15"},{"lineNumber":18,"author":{"gitId":"-"},"content":"public class Duke {","lastModifiedDate":"2019-07-29"},{"lineNumber":19,"author":{"gitId":"zhenghanlee"},"content":"    private static final DukeList LIST \u003d new DukeList();","lastModifiedDate":"2021-08-15"},{"lineNumber":20,"author":{"gitId":"zhenghanlee"},"content":"    private static final CommandManager COMMAND_MANAGER \u003d new CommandManager();","lastModifiedDate":"2021-08-15"},{"lineNumber":21,"author":{"gitId":"zhenghanlee"},"content":"","lastModifiedDate":"2021-08-15"},{"lineNumber":22,"author":{"gitId":"-"},"content":"    public static void main(String[] args) {","lastModifiedDate":"2019-07-29"},{"lineNumber":23,"author":{"gitId":"zhenghanlee"},"content":"        String logo \u003d \" ____        _        \\n\" + \"|  _ \\\\ _   _| | _____ \\n\" + \"| | | | | | | |/ / _ \\\\\\n\"","lastModifiedDate":"2021-08-15"},{"lineNumber":24,"author":{"gitId":"zhenghanlee"},"content":"                + \"| |_| | |_| |   \u003c  __/\\n\" + \"|____/ \\\\__,_|_|\\\\_\\\\___|\\n\";","lastModifiedDate":"2021-08-15"},{"lineNumber":25,"author":{"gitId":"zhenghanlee"},"content":"        String greetings \u003d \"Hello from\\n\" + logo + \"\\nWhat can I do for you?\";","lastModifiedDate":"2021-08-15"},{"lineNumber":26,"author":{"gitId":"zhenghanlee"},"content":"        new Response(greetings).print();","lastModifiedDate":"2021-08-15"},{"lineNumber":27,"author":{"gitId":"zhenghanlee"},"content":"","lastModifiedDate":"2021-08-15"},{"lineNumber":28,"author":{"gitId":"zhenghanlee"},"content":"        // Duke commands work with a registry so that add-ons can be developed with","lastModifiedDate":"2021-08-16"},{"lineNumber":29,"author":{"gitId":"zhenghanlee"},"content":"        // commands simply registered like so","lastModifiedDate":"2021-08-16"},{"lineNumber":30,"author":{"gitId":"zhenghanlee"},"content":"        COMMAND_MANAGER.registerCommands(new ListCommand(), new DoneCommand(), new ToDoCommand(), new EventCommand(),","lastModifiedDate":"2021-08-16"},{"lineNumber":31,"author":{"gitId":"zhenghanlee"},"content":"                new DeadlineCommand(), new DeleteCommand());","lastModifiedDate":"2021-08-16"},{"lineNumber":32,"author":{"gitId":"zhenghanlee"},"content":"","lastModifiedDate":"2021-08-15"},{"lineNumber":33,"author":{"gitId":"zhenghanlee"},"content":"        echoInput(new BufferedReader(new InputStreamReader(System.in)));","lastModifiedDate":"2021-08-15"},{"lineNumber":34,"author":{"gitId":"zhenghanlee"},"content":"    }","lastModifiedDate":"2021-08-15"},{"lineNumber":35,"author":{"gitId":"zhenghanlee"},"content":"","lastModifiedDate":"2021-08-15"},{"lineNumber":36,"author":{"gitId":"zhenghanlee"},"content":"    private static void echoInput(BufferedReader reader) {","lastModifiedDate":"2021-08-15"},{"lineNumber":37,"author":{"gitId":"zhenghanlee"},"content":"        String input \u003d \"\";","lastModifiedDate":"2021-08-15"},{"lineNumber":38,"author":{"gitId":"zhenghanlee"},"content":"        try {","lastModifiedDate":"2021-08-15"},{"lineNumber":39,"author":{"gitId":"zhenghanlee"},"content":"            input \u003d reader.readLine();","lastModifiedDate":"2021-08-15"},{"lineNumber":40,"author":{"gitId":"zhenghanlee"},"content":"        } catch (IOException ex) {","lastModifiedDate":"2021-08-15"},{"lineNumber":41,"author":{"gitId":"zhenghanlee"},"content":"            ex.printStackTrace();","lastModifiedDate":"2021-08-15"},{"lineNumber":42,"author":{"gitId":"zhenghanlee"},"content":"        }","lastModifiedDate":"2021-08-15"},{"lineNumber":43,"author":{"gitId":"zhenghanlee"},"content":"","lastModifiedDate":"2021-08-15"},{"lineNumber":44,"author":{"gitId":"zhenghanlee"},"content":"        if (input.equals(\"bye\")) {","lastModifiedDate":"2021-08-15"},{"lineNumber":45,"author":{"gitId":"zhenghanlee"},"content":"            terminate();","lastModifiedDate":"2021-08-15"},{"lineNumber":46,"author":{"gitId":"zhenghanlee"},"content":"        } else {","lastModifiedDate":"2021-08-15"},{"lineNumber":47,"author":{"gitId":"zhenghanlee"},"content":"            try {","lastModifiedDate":"2021-08-16"},{"lineNumber":48,"author":{"gitId":"zhenghanlee"},"content":"                COMMAND_MANAGER.processAndExecuteInput(input);","lastModifiedDate":"2021-08-15"},{"lineNumber":49,"author":{"gitId":"zhenghanlee"},"content":"            } catch (DukeException ex) {","lastModifiedDate":"2021-08-16"},{"lineNumber":50,"author":{"gitId":"zhenghanlee"},"content":"                ex.getResponse().print();","lastModifiedDate":"2021-08-16"},{"lineNumber":51,"author":{"gitId":"zhenghanlee"},"content":"            }","lastModifiedDate":"2021-08-16"},{"lineNumber":52,"author":{"gitId":"zhenghanlee"},"content":"","lastModifiedDate":"2021-08-16"},{"lineNumber":53,"author":{"gitId":"zhenghanlee"},"content":"            echoInput(reader);","lastModifiedDate":"2021-08-15"},{"lineNumber":54,"author":{"gitId":"zhenghanlee"},"content":"        }","lastModifiedDate":"2021-08-15"},{"lineNumber":55,"author":{"gitId":"zhenghanlee"},"content":"    }","lastModifiedDate":"2021-08-15"},{"lineNumber":56,"author":{"gitId":"zhenghanlee"},"content":"","lastModifiedDate":"2021-08-15"},{"lineNumber":57,"author":{"gitId":"zhenghanlee"},"content":"    private static void terminate() {","lastModifiedDate":"2021-08-15"},{"lineNumber":58,"author":{"gitId":"zhenghanlee"},"content":"        new Response(\"Bye. Hope to see you again soon!\").print();","lastModifiedDate":"2021-08-15"},{"lineNumber":59,"author":{"gitId":"-"},"content":"    }","lastModifiedDate":"2019-07-29"},{"lineNumber":60,"author":{"gitId":"zhenghanlee"},"content":"","lastModifiedDate":"2021-08-15"},{"lineNumber":61,"author":{"gitId":"zhenghanlee"},"content":"    /**","lastModifiedDate":"2021-08-15"},{"lineNumber":62,"author":{"gitId":"zhenghanlee"},"content":"     * Return the static DukeList of the program.","lastModifiedDate":"2021-08-15"},{"lineNumber":63,"author":{"gitId":"zhenghanlee"},"content":"     * ","lastModifiedDate":"2021-08-15"},{"lineNumber":64,"author":{"gitId":"zhenghanlee"},"content":"     * @return program\u0027s list","lastModifiedDate":"2021-08-15"},{"lineNumber":65,"author":{"gitId":"zhenghanlee"},"content":"     */","lastModifiedDate":"2021-08-15"},{"lineNumber":66,"author":{"gitId":"zhenghanlee"},"content":"    public static DukeList getList() {","lastModifiedDate":"2021-08-15"},{"lineNumber":67,"author":{"gitId":"zhenghanlee"},"content":"        return LIST;","lastModifiedDate":"2021-08-15"},{"lineNumber":68,"author":{"gitId":"zhenghanlee"},"content":"    }","lastModifiedDate":"2021-08-15"},{"lineNumber":69,"author":{"gitId":"-"},"content":"}","lastModifiedDate":"2019-07-29"}],"authorContributionMap":{"-":4,"zhenghanlee":65}},{"path":"src/main/java/duke/DukeList.java","fileType":"java","lines":[{"lineNumber":1,"author":{"gitId":"zhenghanlee"},"content":"package duke;","lastModifiedDate":"2021-08-15"},{"lineNumber":2,"author":{"gitId":"zhenghanlee"},"content":"","lastModifiedDate":"2021-08-15"},{"lineNumber":3,"author":{"gitId":"zhenghanlee"},"content":"import java.util.ArrayList;","lastModifiedDate":"2021-08-15"},{"lineNumber":4,"author":{"gitId":"zhenghanlee"},"content":"import java.util.List;","lastModifiedDate":"2021-08-15"},{"lineNumber":5,"author":{"gitId":"zhenghanlee"},"content":"import java.util.stream.IntStream;","lastModifiedDate":"2021-08-15"},{"lineNumber":6,"author":{"gitId":"zhenghanlee"},"content":"import duke.exception.InvalidArgumentException;","lastModifiedDate":"2021-08-16"},{"lineNumber":7,"author":{"gitId":"zhenghanlee"},"content":"import duke.task.Task;","lastModifiedDate":"2021-08-16"},{"lineNumber":8,"author":{"gitId":"zhenghanlee"},"content":"","lastModifiedDate":"2021-08-15"},{"lineNumber":9,"author":{"gitId":"zhenghanlee"},"content":"/**","lastModifiedDate":"2021-08-15"},{"lineNumber":10,"author":{"gitId":"zhenghanlee"},"content":" * Encapsulation of a task list in Duke, able to provide relevant responses on","lastModifiedDate":"2021-08-16"},{"lineNumber":11,"author":{"gitId":"zhenghanlee"},"content":" * its manipulation.","lastModifiedDate":"2021-08-16"},{"lineNumber":12,"author":{"gitId":"zhenghanlee"},"content":" */","lastModifiedDate":"2021-08-15"},{"lineNumber":13,"author":{"gitId":"zhenghanlee"},"content":"public class DukeList {","lastModifiedDate":"2021-08-15"},{"lineNumber":14,"author":{"gitId":"zhenghanlee"},"content":"    private final List\u003cTask\u003e list;","lastModifiedDate":"2021-08-16"},{"lineNumber":15,"author":{"gitId":"zhenghanlee"},"content":"","lastModifiedDate":"2021-08-15"},{"lineNumber":16,"author":{"gitId":"zhenghanlee"},"content":"    public DukeList() {","lastModifiedDate":"2021-08-15"},{"lineNumber":17,"author":{"gitId":"zhenghanlee"},"content":"        this.list \u003d new ArrayList\u003c\u003e();","lastModifiedDate":"2021-08-15"},{"lineNumber":18,"author":{"gitId":"zhenghanlee"},"content":"    }","lastModifiedDate":"2021-08-15"},{"lineNumber":19,"author":{"gitId":"zhenghanlee"},"content":"","lastModifiedDate":"2021-08-15"},{"lineNumber":20,"author":{"gitId":"zhenghanlee"},"content":"    /**","lastModifiedDate":"2021-08-15"},{"lineNumber":21,"author":{"gitId":"zhenghanlee"},"content":"     * Add a task to the list and return a response on the added task.","lastModifiedDate":"2021-08-16"},{"lineNumber":22,"author":{"gitId":"zhenghanlee"},"content":"     * ","lastModifiedDate":"2021-08-15"},{"lineNumber":23,"author":{"gitId":"zhenghanlee"},"content":"     * @param task to be added to the list","lastModifiedDate":"2021-08-16"},{"lineNumber":24,"author":{"gitId":"zhenghanlee"},"content":"     * @return response to the addition","lastModifiedDate":"2021-08-16"},{"lineNumber":25,"author":{"gitId":"zhenghanlee"},"content":"     */","lastModifiedDate":"2021-08-15"},{"lineNumber":26,"author":{"gitId":"zhenghanlee"},"content":"    public Response addWithResponse(Task task) {","lastModifiedDate":"2021-08-16"},{"lineNumber":27,"author":{"gitId":"zhenghanlee"},"content":"        this.list.add(task);","lastModifiedDate":"2021-08-16"},{"lineNumber":28,"author":{"gitId":"zhenghanlee"},"content":"        return new Response(\"Got it. I\u0027ve added this task:\\n\" + task + \"\\n\" + currentSizeMessage());","lastModifiedDate":"2021-08-16"},{"lineNumber":29,"author":{"gitId":"zhenghanlee"},"content":"    }","lastModifiedDate":"2021-08-15"},{"lineNumber":30,"author":{"gitId":"zhenghanlee"},"content":"","lastModifiedDate":"2021-08-15"},{"lineNumber":31,"author":{"gitId":"zhenghanlee"},"content":"    /**","lastModifiedDate":"2021-08-15"},{"lineNumber":32,"author":{"gitId":"zhenghanlee"},"content":"     * Return a response containing an iteration of all current tasks.","lastModifiedDate":"2021-08-16"},{"lineNumber":33,"author":{"gitId":"zhenghanlee"},"content":"     * ","lastModifiedDate":"2021-08-15"},{"lineNumber":34,"author":{"gitId":"zhenghanlee"},"content":"     * @return response to be printed","lastModifiedDate":"2021-08-15"},{"lineNumber":35,"author":{"gitId":"zhenghanlee"},"content":"     */","lastModifiedDate":"2021-08-15"},{"lineNumber":36,"author":{"gitId":"zhenghanlee"},"content":"    public Response currentListResponse() {","lastModifiedDate":"2021-08-15"},{"lineNumber":37,"author":{"gitId":"zhenghanlee"},"content":"        String message \u003d IntStream.range(0, this.list.size()).mapToObj(i -\u003e (i + 1) + \". \" + list.get(i))","lastModifiedDate":"2021-08-15"},{"lineNumber":38,"author":{"gitId":"zhenghanlee"},"content":"                .reduce((str1, str2) -\u003e str1 + \"\\n\" + str2).orElse(\"You have not added any tasks!\");","lastModifiedDate":"2021-08-16"},{"lineNumber":39,"author":{"gitId":"zhenghanlee"},"content":"        return new Response(message);","lastModifiedDate":"2021-08-15"},{"lineNumber":40,"author":{"gitId":"zhenghanlee"},"content":"    }","lastModifiedDate":"2021-08-15"},{"lineNumber":41,"author":{"gitId":"zhenghanlee"},"content":"","lastModifiedDate":"2021-08-16"},{"lineNumber":42,"author":{"gitId":"zhenghanlee"},"content":"    /**","lastModifiedDate":"2021-08-16"},{"lineNumber":43,"author":{"gitId":"zhenghanlee"},"content":"     * Marks the given task (by index) as completed, and returns a response on","lastModifiedDate":"2021-08-16"},{"lineNumber":44,"author":{"gitId":"zhenghanlee"},"content":"     * whether the operation is successful.","lastModifiedDate":"2021-08-16"},{"lineNumber":45,"author":{"gitId":"zhenghanlee"},"content":"     * ","lastModifiedDate":"2021-08-16"},{"lineNumber":46,"author":{"gitId":"zhenghanlee"},"content":"     * @param i index of task to be marked as completed","lastModifiedDate":"2021-08-16"},{"lineNumber":47,"author":{"gitId":"zhenghanlee"},"content":"     * @return response on whether it is succcessful","lastModifiedDate":"2021-08-16"},{"lineNumber":48,"author":{"gitId":"zhenghanlee"},"content":"     */","lastModifiedDate":"2021-08-16"},{"lineNumber":49,"author":{"gitId":"zhenghanlee"},"content":"    public Response markCompleted(int i) {","lastModifiedDate":"2021-08-16"},{"lineNumber":50,"author":{"gitId":"zhenghanlee"},"content":"        this.testInRange(i);","lastModifiedDate":"2021-08-16"},{"lineNumber":51,"author":{"gitId":"zhenghanlee"},"content":"","lastModifiedDate":"2021-08-16"},{"lineNumber":52,"author":{"gitId":"zhenghanlee"},"content":"        Task task \u003d this.list.get(i - 1);","lastModifiedDate":"2021-08-16"},{"lineNumber":53,"author":{"gitId":"zhenghanlee"},"content":"        if (task.isCompleted())","lastModifiedDate":"2021-08-16"},{"lineNumber":54,"author":{"gitId":"zhenghanlee"},"content":"            return new Response(\"Bruh I\u0027ve already marked it as completed!\\n\" + task);","lastModifiedDate":"2021-08-16"},{"lineNumber":55,"author":{"gitId":"zhenghanlee"},"content":"        task.markCompleted();","lastModifiedDate":"2021-08-16"},{"lineNumber":56,"author":{"gitId":"zhenghanlee"},"content":"        return new Response(\"Nice! I\u0027ve marked this task as done:\\n\" + task);","lastModifiedDate":"2021-08-16"},{"lineNumber":57,"author":{"gitId":"zhenghanlee"},"content":"    }","lastModifiedDate":"2021-08-16"},{"lineNumber":58,"author":{"gitId":"zhenghanlee"},"content":"","lastModifiedDate":"2021-08-16"},{"lineNumber":59,"author":{"gitId":"zhenghanlee"},"content":"    /**","lastModifiedDate":"2021-08-16"},{"lineNumber":60,"author":{"gitId":"zhenghanlee"},"content":"     * Removes the task in the given index from the list, and returns a response on","lastModifiedDate":"2021-08-16"},{"lineNumber":61,"author":{"gitId":"zhenghanlee"},"content":"     * whether the operation is successful.","lastModifiedDate":"2021-08-16"},{"lineNumber":62,"author":{"gitId":"zhenghanlee"},"content":"     * ","lastModifiedDate":"2021-08-16"},{"lineNumber":63,"author":{"gitId":"zhenghanlee"},"content":"     * @param i index of task to be removed","lastModifiedDate":"2021-08-16"},{"lineNumber":64,"author":{"gitId":"zhenghanlee"},"content":"     * @return response on whether it is succcessful","lastModifiedDate":"2021-08-16"},{"lineNumber":65,"author":{"gitId":"zhenghanlee"},"content":"     */","lastModifiedDate":"2021-08-16"},{"lineNumber":66,"author":{"gitId":"zhenghanlee"},"content":"    public Response deleteWithResponse(int i) {","lastModifiedDate":"2021-08-16"},{"lineNumber":67,"author":{"gitId":"zhenghanlee"},"content":"        this.testInRange(i);","lastModifiedDate":"2021-08-16"},{"lineNumber":68,"author":{"gitId":"zhenghanlee"},"content":"","lastModifiedDate":"2021-08-16"},{"lineNumber":69,"author":{"gitId":"zhenghanlee"},"content":"        Task task \u003d this.list.remove(i - 1);","lastModifiedDate":"2021-08-16"},{"lineNumber":70,"author":{"gitId":"zhenghanlee"},"content":"        return new Response(\"Noted. I\u0027ve removed this task:\\n\" + task + \"\\n\" + currentSizeMessage());","lastModifiedDate":"2021-08-16"},{"lineNumber":71,"author":{"gitId":"zhenghanlee"},"content":"    }","lastModifiedDate":"2021-08-16"},{"lineNumber":72,"author":{"gitId":"zhenghanlee"},"content":"","lastModifiedDate":"2021-08-16"},{"lineNumber":73,"author":{"gitId":"zhenghanlee"},"content":"    private String currentSizeMessage() {","lastModifiedDate":"2021-08-16"},{"lineNumber":74,"author":{"gitId":"zhenghanlee"},"content":"        int size \u003d this.list.size();","lastModifiedDate":"2021-08-16"},{"lineNumber":75,"author":{"gitId":"zhenghanlee"},"content":"        String unit \u003d size \u003d\u003d 1 ? \"task\" : \"tasks\";","lastModifiedDate":"2021-08-16"},{"lineNumber":76,"author":{"gitId":"zhenghanlee"},"content":"        return \"You now have \" + this.list.size() + \" \" + unit + \" in the list!\";","lastModifiedDate":"2021-08-16"},{"lineNumber":77,"author":{"gitId":"zhenghanlee"},"content":"    }","lastModifiedDate":"2021-08-16"},{"lineNumber":78,"author":{"gitId":"zhenghanlee"},"content":"","lastModifiedDate":"2021-08-16"},{"lineNumber":79,"author":{"gitId":"zhenghanlee"},"content":"    private void testInRange(int i) {","lastModifiedDate":"2021-08-16"},{"lineNumber":80,"author":{"gitId":"zhenghanlee"},"content":"        if (i \u003c 1 || i \u003e this.list.size())","lastModifiedDate":"2021-08-16"},{"lineNumber":81,"author":{"gitId":"zhenghanlee"},"content":"            throw new InvalidArgumentException(\"Invalid index!\\n\" + currentSizeMessage());","lastModifiedDate":"2021-08-16"},{"lineNumber":82,"author":{"gitId":"zhenghanlee"},"content":"    }","lastModifiedDate":"2021-08-16"},{"lineNumber":83,"author":{"gitId":"zhenghanlee"},"content":"","lastModifiedDate":"2021-08-16"},{"lineNumber":84,"author":{"gitId":"zhenghanlee"},"content":"}","lastModifiedDate":"2021-08-15"}],"authorContributionMap":{"zhenghanlee":84}},{"path":"src/main/java/duke/Response.java","fileType":"java","lines":[{"lineNumber":1,"author":{"gitId":"zhenghanlee"},"content":"package duke;","lastModifiedDate":"2021-08-15"},{"lineNumber":2,"author":{"gitId":"zhenghanlee"},"content":"","lastModifiedDate":"2021-08-15"},{"lineNumber":3,"author":{"gitId":"zhenghanlee"},"content":"/**","lastModifiedDate":"2021-08-15"},{"lineNumber":4,"author":{"gitId":"zhenghanlee"},"content":" * Encapsulates a response of the bot.","lastModifiedDate":"2021-08-15"},{"lineNumber":5,"author":{"gitId":"zhenghanlee"},"content":" */","lastModifiedDate":"2021-08-15"},{"lineNumber":6,"author":{"gitId":"zhenghanlee"},"content":"public class Response {","lastModifiedDate":"2021-08-15"},{"lineNumber":7,"author":{"gitId":"zhenghanlee"},"content":"    private static final String PARTITION \u003d \"––––––––––––––––––––––––––––––––––––––––––––––––––––––––––––\";","lastModifiedDate":"2021-08-15"},{"lineNumber":8,"author":{"gitId":"zhenghanlee"},"content":"    private static final String ANSI_CYAN \u003d \"\\u001B[36m\";","lastModifiedDate":"2021-08-15"},{"lineNumber":9,"author":{"gitId":"zhenghanlee"},"content":"    private static final String ANSI_RESET \u003d \"\\u001B[0m\";","lastModifiedDate":"2021-08-15"},{"lineNumber":10,"author":{"gitId":"zhenghanlee"},"content":"    private final String message;","lastModifiedDate":"2021-08-15"},{"lineNumber":11,"author":{"gitId":"zhenghanlee"},"content":"","lastModifiedDate":"2021-08-15"},{"lineNumber":12,"author":{"gitId":"zhenghanlee"},"content":"    public Response(String message) {","lastModifiedDate":"2021-08-15"},{"lineNumber":13,"author":{"gitId":"zhenghanlee"},"content":"        this.message \u003d message;","lastModifiedDate":"2021-08-15"},{"lineNumber":14,"author":{"gitId":"zhenghanlee"},"content":"    }","lastModifiedDate":"2021-08-15"},{"lineNumber":15,"author":{"gitId":"zhenghanlee"},"content":"","lastModifiedDate":"2021-08-15"},{"lineNumber":16,"author":{"gitId":"zhenghanlee"},"content":"    /**","lastModifiedDate":"2021-08-15"},{"lineNumber":17,"author":{"gitId":"zhenghanlee"},"content":"     * Prints the response in the system\u0027s output.","lastModifiedDate":"2021-08-15"},{"lineNumber":18,"author":{"gitId":"zhenghanlee"},"content":"     */","lastModifiedDate":"2021-08-15"},{"lineNumber":19,"author":{"gitId":"zhenghanlee"},"content":"    public void print() {","lastModifiedDate":"2021-08-15"},{"lineNumber":20,"author":{"gitId":"zhenghanlee"},"content":"        System.out.println(ANSI_CYAN + PARTITION + \"\\n\" + message + \"\\n\" + PARTITION + ANSI_RESET);","lastModifiedDate":"2021-08-15"},{"lineNumber":21,"author":{"gitId":"zhenghanlee"},"content":"    }","lastModifiedDate":"2021-08-15"},{"lineNumber":22,"author":{"gitId":"zhenghanlee"},"content":"","lastModifiedDate":"2021-08-16"},{"lineNumber":23,"author":{"gitId":"zhenghanlee"},"content":"}","lastModifiedDate":"2021-08-15"}],"authorContributionMap":{"zhenghanlee":23}},{"path":"src/main/java/duke/command/Command.java","fileType":"java","lines":[{"lineNumber":1,"author":{"gitId":"zhenghanlee"},"content":"package duke.command;","lastModifiedDate":"2021-08-15"},{"lineNumber":2,"author":{"gitId":"zhenghanlee"},"content":"","lastModifiedDate":"2021-08-15"},{"lineNumber":3,"author":{"gitId":"zhenghanlee"},"content":"/**","lastModifiedDate":"2021-08-15"},{"lineNumber":4,"author":{"gitId":"zhenghanlee"},"content":" * Represent all commands used in Duke bot.","lastModifiedDate":"2021-08-15"},{"lineNumber":5,"author":{"gitId":"zhenghanlee"},"content":" */","lastModifiedDate":"2021-08-15"},{"lineNumber":6,"author":{"gitId":"zhenghanlee"},"content":"public interface Command {","lastModifiedDate":"2021-08-15"},{"lineNumber":7,"author":{"gitId":"zhenghanlee"},"content":"","lastModifiedDate":"2021-08-16"},{"lineNumber":8,"author":{"gitId":"zhenghanlee"},"content":"    /**","lastModifiedDate":"2021-08-15"},{"lineNumber":9,"author":{"gitId":"zhenghanlee"},"content":"     * Execute the command with given arguments.","lastModifiedDate":"2021-08-16"},{"lineNumber":10,"author":{"gitId":"zhenghanlee"},"content":"     * ","lastModifiedDate":"2021-08-15"},{"lineNumber":11,"author":{"gitId":"zhenghanlee"},"content":"     * @param args arguments of the command","lastModifiedDate":"2021-08-15"},{"lineNumber":12,"author":{"gitId":"zhenghanlee"},"content":"     */","lastModifiedDate":"2021-08-15"},{"lineNumber":13,"author":{"gitId":"zhenghanlee"},"content":"    void exec(String args);","lastModifiedDate":"2021-08-15"},{"lineNumber":14,"author":{"gitId":"zhenghanlee"},"content":"","lastModifiedDate":"2021-08-16"},{"lineNumber":15,"author":{"gitId":"zhenghanlee"},"content":"    /**","lastModifiedDate":"2021-08-16"},{"lineNumber":16,"author":{"gitId":"zhenghanlee"},"content":"     * Gets the label of the command, which will be used in the command line to call","lastModifiedDate":"2021-08-16"},{"lineNumber":17,"author":{"gitId":"zhenghanlee"},"content":"     * this command.","lastModifiedDate":"2021-08-16"},{"lineNumber":18,"author":{"gitId":"zhenghanlee"},"content":"     * ","lastModifiedDate":"2021-08-16"},{"lineNumber":19,"author":{"gitId":"zhenghanlee"},"content":"     * @return label of the command","lastModifiedDate":"2021-08-16"},{"lineNumber":20,"author":{"gitId":"zhenghanlee"},"content":"     */","lastModifiedDate":"2021-08-16"},{"lineNumber":21,"author":{"gitId":"zhenghanlee"},"content":"    String getLabel();","lastModifiedDate":"2021-08-16"},{"lineNumber":22,"author":{"gitId":"zhenghanlee"},"content":"","lastModifiedDate":"2021-08-16"},{"lineNumber":23,"author":{"gitId":"zhenghanlee"},"content":"}","lastModifiedDate":"2021-08-15"}],"authorContributionMap":{"zhenghanlee":23}},{"path":"src/main/java/duke/command/CommandManager.java","fileType":"java","lines":[{"lineNumber":1,"author":{"gitId":"zhenghanlee"},"content":"package duke.command;","lastModifiedDate":"2021-08-15"},{"lineNumber":2,"author":{"gitId":"zhenghanlee"},"content":"","lastModifiedDate":"2021-08-15"},{"lineNumber":3,"author":{"gitId":"zhenghanlee"},"content":"import java.util.HashMap;","lastModifiedDate":"2021-08-15"},{"lineNumber":4,"author":{"gitId":"zhenghanlee"},"content":"import java.util.Map;","lastModifiedDate":"2021-08-15"},{"lineNumber":5,"author":{"gitId":"zhenghanlee"},"content":"import duke.exception.InvalidCommandException;","lastModifiedDate":"2021-08-16"},{"lineNumber":6,"author":{"gitId":"zhenghanlee"},"content":"","lastModifiedDate":"2021-08-15"},{"lineNumber":7,"author":{"gitId":"zhenghanlee"},"content":"/**","lastModifiedDate":"2021-08-15"},{"lineNumber":8,"author":{"gitId":"zhenghanlee"},"content":" * Manager of all Duke\u0027s commands. All commands has to registered/added to its","lastModifiedDate":"2021-08-15"},{"lineNumber":9,"author":{"gitId":"zhenghanlee"},"content":" * registry to take effect.","lastModifiedDate":"2021-08-15"},{"lineNumber":10,"author":{"gitId":"zhenghanlee"},"content":" */","lastModifiedDate":"2021-08-15"},{"lineNumber":11,"author":{"gitId":"zhenghanlee"},"content":"public class CommandManager {","lastModifiedDate":"2021-08-15"},{"lineNumber":12,"author":{"gitId":"zhenghanlee"},"content":"    private final Map\u003cString, Command\u003e registry;","lastModifiedDate":"2021-08-15"},{"lineNumber":13,"author":{"gitId":"zhenghanlee"},"content":"","lastModifiedDate":"2021-08-15"},{"lineNumber":14,"author":{"gitId":"zhenghanlee"},"content":"    public CommandManager() {","lastModifiedDate":"2021-08-15"},{"lineNumber":15,"author":{"gitId":"zhenghanlee"},"content":"        this.registry \u003d new HashMap\u003c\u003e();","lastModifiedDate":"2021-08-15"},{"lineNumber":16,"author":{"gitId":"zhenghanlee"},"content":"    }","lastModifiedDate":"2021-08-15"},{"lineNumber":17,"author":{"gitId":"zhenghanlee"},"content":"","lastModifiedDate":"2021-08-15"},{"lineNumber":18,"author":{"gitId":"zhenghanlee"},"content":"    /**","lastModifiedDate":"2021-08-15"},{"lineNumber":19,"author":{"gitId":"zhenghanlee"},"content":"     * Puts commands under its registry, mapped to its label.","lastModifiedDate":"2021-08-16"},{"lineNumber":20,"author":{"gitId":"zhenghanlee"},"content":"     * ","lastModifiedDate":"2021-08-15"},{"lineNumber":21,"author":{"gitId":"zhenghanlee"},"content":"     * @param command to be registered","lastModifiedDate":"2021-08-15"},{"lineNumber":22,"author":{"gitId":"zhenghanlee"},"content":"     */","lastModifiedDate":"2021-08-15"},{"lineNumber":23,"author":{"gitId":"zhenghanlee"},"content":"    public void registerCommands(Command... commands) {","lastModifiedDate":"2021-08-16"},{"lineNumber":24,"author":{"gitId":"zhenghanlee"},"content":"        for (Command command : commands)","lastModifiedDate":"2021-08-16"},{"lineNumber":25,"author":{"gitId":"zhenghanlee"},"content":"            this.registry.put(command.getLabel(), command);","lastModifiedDate":"2021-08-16"},{"lineNumber":26,"author":{"gitId":"zhenghanlee"},"content":"    }","lastModifiedDate":"2021-08-15"},{"lineNumber":27,"author":{"gitId":"zhenghanlee"},"content":"","lastModifiedDate":"2021-08-15"},{"lineNumber":28,"author":{"gitId":"zhenghanlee"},"content":"    /**","lastModifiedDate":"2021-08-15"},{"lineNumber":29,"author":{"gitId":"zhenghanlee"},"content":"     * Process the given input (user\u0027s input) and search for its corresponding","lastModifiedDate":"2021-08-15"},{"lineNumber":30,"author":{"gitId":"zhenghanlee"},"content":"     * command to be executed with the given argument.","lastModifiedDate":"2021-08-15"},{"lineNumber":31,"author":{"gitId":"zhenghanlee"},"content":"     * ","lastModifiedDate":"2021-08-15"},{"lineNumber":32,"author":{"gitId":"zhenghanlee"},"content":"     * @param input straight out from the command line","lastModifiedDate":"2021-08-15"},{"lineNumber":33,"author":{"gitId":"zhenghanlee"},"content":"     */","lastModifiedDate":"2021-08-15"},{"lineNumber":34,"author":{"gitId":"zhenghanlee"},"content":"    public void processAndExecuteInput(String input) {","lastModifiedDate":"2021-08-15"},{"lineNumber":35,"author":{"gitId":"zhenghanlee"},"content":"        String[] arr \u003d input.split(\" \", 2);","lastModifiedDate":"2021-08-15"},{"lineNumber":36,"author":{"gitId":"zhenghanlee"},"content":"        Command command \u003d registry.get(arr[0]);","lastModifiedDate":"2021-08-15"},{"lineNumber":37,"author":{"gitId":"zhenghanlee"},"content":"        if (command !\u003d null) {","lastModifiedDate":"2021-08-15"},{"lineNumber":38,"author":{"gitId":"zhenghanlee"},"content":"            command.exec(arr.length \u003c\u003d 1 ? null : arr[1]);","lastModifiedDate":"2021-08-16"},{"lineNumber":39,"author":{"gitId":"zhenghanlee"},"content":"        } else {","lastModifiedDate":"2021-08-15"},{"lineNumber":40,"author":{"gitId":"zhenghanlee"},"content":"            this.defaultExec();","lastModifiedDate":"2021-08-16"},{"lineNumber":41,"author":{"gitId":"zhenghanlee"},"content":"        }","lastModifiedDate":"2021-08-15"},{"lineNumber":42,"author":{"gitId":"zhenghanlee"},"content":"    }","lastModifiedDate":"2021-08-15"},{"lineNumber":43,"author":{"gitId":"zhenghanlee"},"content":"","lastModifiedDate":"2021-08-15"},{"lineNumber":44,"author":{"gitId":"zhenghanlee"},"content":"    /**","lastModifiedDate":"2021-08-15"},{"lineNumber":45,"author":{"gitId":"zhenghanlee"},"content":"     * The default behaviour with the input if there are no commands called.","lastModifiedDate":"2021-08-15"},{"lineNumber":46,"author":{"gitId":"zhenghanlee"},"content":"     */","lastModifiedDate":"2021-08-15"},{"lineNumber":47,"author":{"gitId":"zhenghanlee"},"content":"    private void defaultExec() {","lastModifiedDate":"2021-08-16"},{"lineNumber":48,"author":{"gitId":"zhenghanlee"},"content":"        throw new InvalidCommandException(\"☹ OOPS!!! I\u0027m sorry, but I don\u0027t know what that means :-(\");","lastModifiedDate":"2021-08-16"},{"lineNumber":49,"author":{"gitId":"zhenghanlee"},"content":"    }","lastModifiedDate":"2021-08-15"},{"lineNumber":50,"author":{"gitId":"zhenghanlee"},"content":"","lastModifiedDate":"2021-08-16"},{"lineNumber":51,"author":{"gitId":"zhenghanlee"},"content":"}","lastModifiedDate":"2021-08-15"}],"authorContributionMap":{"zhenghanlee":51}},{"path":"src/main/java/duke/command/DeadlineCommand.java","fileType":"java","lines":[{"lineNumber":1,"author":{"gitId":"zhenghanlee"},"content":"package duke.command;","lastModifiedDate":"2021-08-16"},{"lineNumber":2,"author":{"gitId":"zhenghanlee"},"content":"","lastModifiedDate":"2021-08-16"},{"lineNumber":3,"author":{"gitId":"zhenghanlee"},"content":"import duke.Duke;","lastModifiedDate":"2021-08-16"},{"lineNumber":4,"author":{"gitId":"zhenghanlee"},"content":"import duke.exception.InvalidArgumentException;","lastModifiedDate":"2021-08-16"},{"lineNumber":5,"author":{"gitId":"zhenghanlee"},"content":"import duke.task.DeadlineTask;","lastModifiedDate":"2021-08-16"},{"lineNumber":6,"author":{"gitId":"zhenghanlee"},"content":"","lastModifiedDate":"2021-08-16"},{"lineNumber":7,"author":{"gitId":"zhenghanlee"},"content":"/**","lastModifiedDate":"2021-08-16"},{"lineNumber":8,"author":{"gitId":"zhenghanlee"},"content":" * A command to add a deadline task into main DukeList.","lastModifiedDate":"2021-08-16"},{"lineNumber":9,"author":{"gitId":"zhenghanlee"},"content":" */","lastModifiedDate":"2021-08-16"},{"lineNumber":10,"author":{"gitId":"zhenghanlee"},"content":"public class DeadlineCommand implements Command {","lastModifiedDate":"2021-08-16"},{"lineNumber":11,"author":{"gitId":"zhenghanlee"},"content":"","lastModifiedDate":"2021-08-16"},{"lineNumber":12,"author":{"gitId":"zhenghanlee"},"content":"    @Override","lastModifiedDate":"2021-08-16"},{"lineNumber":13,"author":{"gitId":"zhenghanlee"},"content":"    public void exec(String args) {","lastModifiedDate":"2021-08-16"},{"lineNumber":14,"author":{"gitId":"zhenghanlee"},"content":"        if (args \u003d\u003d null || args.isEmpty())","lastModifiedDate":"2021-08-16"},{"lineNumber":15,"author":{"gitId":"zhenghanlee"},"content":"            throw new InvalidArgumentException(\"☹ OOPS!!! The description of a deadline cannot be empty.\");","lastModifiedDate":"2021-08-16"},{"lineNumber":16,"author":{"gitId":"zhenghanlee"},"content":"        Duke.getList().addWithResponse(new DeadlineTask(args)).print();","lastModifiedDate":"2021-08-16"},{"lineNumber":17,"author":{"gitId":"zhenghanlee"},"content":"    }","lastModifiedDate":"2021-08-16"},{"lineNumber":18,"author":{"gitId":"zhenghanlee"},"content":"","lastModifiedDate":"2021-08-16"},{"lineNumber":19,"author":{"gitId":"zhenghanlee"},"content":"    @Override","lastModifiedDate":"2021-08-16"},{"lineNumber":20,"author":{"gitId":"zhenghanlee"},"content":"    public String getLabel() {","lastModifiedDate":"2021-08-16"},{"lineNumber":21,"author":{"gitId":"zhenghanlee"},"content":"        return \"deadline\";","lastModifiedDate":"2021-08-16"},{"lineNumber":22,"author":{"gitId":"zhenghanlee"},"content":"    }","lastModifiedDate":"2021-08-16"},{"lineNumber":23,"author":{"gitId":"zhenghanlee"},"content":"","lastModifiedDate":"2021-08-16"},{"lineNumber":24,"author":{"gitId":"zhenghanlee"},"content":"}","lastModifiedDate":"2021-08-16"}],"authorContributionMap":{"zhenghanlee":24}},{"path":"src/main/java/duke/command/DeleteCommand.java","fileType":"java","lines":[{"lineNumber":1,"author":{"gitId":"zhenghanlee"},"content":"package duke.command;","lastModifiedDate":"2021-08-16"},{"lineNumber":2,"author":{"gitId":"zhenghanlee"},"content":"","lastModifiedDate":"2021-08-16"},{"lineNumber":3,"author":{"gitId":"zhenghanlee"},"content":"import duke.Duke;","lastModifiedDate":"2021-08-16"},{"lineNumber":4,"author":{"gitId":"zhenghanlee"},"content":"import duke.exception.InvalidArgumentException;","lastModifiedDate":"2021-08-16"},{"lineNumber":5,"author":{"gitId":"zhenghanlee"},"content":"","lastModifiedDate":"2021-08-16"},{"lineNumber":6,"author":{"gitId":"zhenghanlee"},"content":"/**","lastModifiedDate":"2021-08-16"},{"lineNumber":7,"author":{"gitId":"zhenghanlee"},"content":" * Represents a command that removes a task from the main DukeList.","lastModifiedDate":"2021-08-16"},{"lineNumber":8,"author":{"gitId":"zhenghanlee"},"content":" */","lastModifiedDate":"2021-08-16"},{"lineNumber":9,"author":{"gitId":"zhenghanlee"},"content":"public class DeleteCommand implements Command {","lastModifiedDate":"2021-08-16"},{"lineNumber":10,"author":{"gitId":"zhenghanlee"},"content":"","lastModifiedDate":"2021-08-16"},{"lineNumber":11,"author":{"gitId":"zhenghanlee"},"content":"    @Override","lastModifiedDate":"2021-08-16"},{"lineNumber":12,"author":{"gitId":"zhenghanlee"},"content":"    public void exec(String args) {","lastModifiedDate":"2021-08-16"},{"lineNumber":13,"author":{"gitId":"zhenghanlee"},"content":"        int i \u003d 0;","lastModifiedDate":"2021-08-16"},{"lineNumber":14,"author":{"gitId":"zhenghanlee"},"content":"        try {","lastModifiedDate":"2021-08-16"},{"lineNumber":15,"author":{"gitId":"zhenghanlee"},"content":"            i \u003d Integer.parseInt(args);","lastModifiedDate":"2021-08-16"},{"lineNumber":16,"author":{"gitId":"zhenghanlee"},"content":"        } catch (NumberFormatException exception) {","lastModifiedDate":"2021-08-16"},{"lineNumber":17,"author":{"gitId":"zhenghanlee"},"content":"            throw new InvalidArgumentException(\"Invalid Input! Please enter an integer...\");","lastModifiedDate":"2021-08-16"},{"lineNumber":18,"author":{"gitId":"zhenghanlee"},"content":"        }","lastModifiedDate":"2021-08-16"},{"lineNumber":19,"author":{"gitId":"zhenghanlee"},"content":"        Duke.getList().deleteWithResponse(i).print();","lastModifiedDate":"2021-08-16"},{"lineNumber":20,"author":{"gitId":"zhenghanlee"},"content":"    }","lastModifiedDate":"2021-08-16"},{"lineNumber":21,"author":{"gitId":"zhenghanlee"},"content":"","lastModifiedDate":"2021-08-16"},{"lineNumber":22,"author":{"gitId":"zhenghanlee"},"content":"    @Override","lastModifiedDate":"2021-08-16"},{"lineNumber":23,"author":{"gitId":"zhenghanlee"},"content":"    public String getLabel() {","lastModifiedDate":"2021-08-16"},{"lineNumber":24,"author":{"gitId":"zhenghanlee"},"content":"        return \"delete\";","lastModifiedDate":"2021-08-16"},{"lineNumber":25,"author":{"gitId":"zhenghanlee"},"content":"    }","lastModifiedDate":"2021-08-16"},{"lineNumber":26,"author":{"gitId":"zhenghanlee"},"content":"","lastModifiedDate":"2021-08-16"},{"lineNumber":27,"author":{"gitId":"zhenghanlee"},"content":"}","lastModifiedDate":"2021-08-16"}],"authorContributionMap":{"zhenghanlee":27}},{"path":"src/main/java/duke/command/DoneCommand.java","fileType":"java","lines":[{"lineNumber":1,"author":{"gitId":"zhenghanlee"},"content":"package duke.command;","lastModifiedDate":"2021-08-16"},{"lineNumber":2,"author":{"gitId":"zhenghanlee"},"content":"","lastModifiedDate":"2021-08-16"},{"lineNumber":3,"author":{"gitId":"zhenghanlee"},"content":"import duke.Duke;","lastModifiedDate":"2021-08-16"},{"lineNumber":4,"author":{"gitId":"zhenghanlee"},"content":"import duke.exception.InvalidArgumentException;","lastModifiedDate":"2021-08-16"},{"lineNumber":5,"author":{"gitId":"zhenghanlee"},"content":"","lastModifiedDate":"2021-08-16"},{"lineNumber":6,"author":{"gitId":"zhenghanlee"},"content":"/**","lastModifiedDate":"2021-08-16"},{"lineNumber":7,"author":{"gitId":"zhenghanlee"},"content":" * Represents a command for which marks a task in the main dukelist as","lastModifiedDate":"2021-08-16"},{"lineNumber":8,"author":{"gitId":"zhenghanlee"},"content":" * completed.","lastModifiedDate":"2021-08-16"},{"lineNumber":9,"author":{"gitId":"zhenghanlee"},"content":" */","lastModifiedDate":"2021-08-16"},{"lineNumber":10,"author":{"gitId":"zhenghanlee"},"content":"public class DoneCommand implements Command {","lastModifiedDate":"2021-08-16"},{"lineNumber":11,"author":{"gitId":"zhenghanlee"},"content":"","lastModifiedDate":"2021-08-16"},{"lineNumber":12,"author":{"gitId":"zhenghanlee"},"content":"    @Override","lastModifiedDate":"2021-08-16"},{"lineNumber":13,"author":{"gitId":"zhenghanlee"},"content":"    public void exec(String args) {","lastModifiedDate":"2021-08-16"},{"lineNumber":14,"author":{"gitId":"zhenghanlee"},"content":"        int i \u003d 0;","lastModifiedDate":"2021-08-16"},{"lineNumber":15,"author":{"gitId":"zhenghanlee"},"content":"        try {","lastModifiedDate":"2021-08-16"},{"lineNumber":16,"author":{"gitId":"zhenghanlee"},"content":"            i \u003d Integer.parseInt(args);","lastModifiedDate":"2021-08-16"},{"lineNumber":17,"author":{"gitId":"zhenghanlee"},"content":"        } catch (NumberFormatException exception) {","lastModifiedDate":"2021-08-16"},{"lineNumber":18,"author":{"gitId":"zhenghanlee"},"content":"            throw new InvalidArgumentException(\"Invalid Input! Please enter an integer...\");","lastModifiedDate":"2021-08-16"},{"lineNumber":19,"author":{"gitId":"zhenghanlee"},"content":"        }","lastModifiedDate":"2021-08-16"},{"lineNumber":20,"author":{"gitId":"zhenghanlee"},"content":"        Duke.getList().markCompleted(i).print();","lastModifiedDate":"2021-08-16"},{"lineNumber":21,"author":{"gitId":"zhenghanlee"},"content":"    }","lastModifiedDate":"2021-08-16"},{"lineNumber":22,"author":{"gitId":"zhenghanlee"},"content":"","lastModifiedDate":"2021-08-16"},{"lineNumber":23,"author":{"gitId":"zhenghanlee"},"content":"    @Override","lastModifiedDate":"2021-08-16"},{"lineNumber":24,"author":{"gitId":"zhenghanlee"},"content":"    public String getLabel() {","lastModifiedDate":"2021-08-16"},{"lineNumber":25,"author":{"gitId":"zhenghanlee"},"content":"        return \"done\";","lastModifiedDate":"2021-08-16"},{"lineNumber":26,"author":{"gitId":"zhenghanlee"},"content":"    }","lastModifiedDate":"2021-08-16"},{"lineNumber":27,"author":{"gitId":"zhenghanlee"},"content":"","lastModifiedDate":"2021-08-16"},{"lineNumber":28,"author":{"gitId":"zhenghanlee"},"content":"}","lastModifiedDate":"2021-08-16"}],"authorContributionMap":{"zhenghanlee":28}},{"path":"src/main/java/duke/command/EventCommand.java","fileType":"java","lines":[{"lineNumber":1,"author":{"gitId":"zhenghanlee"},"content":"package duke.command;","lastModifiedDate":"2021-08-16"},{"lineNumber":2,"author":{"gitId":"zhenghanlee"},"content":"","lastModifiedDate":"2021-08-16"},{"lineNumber":3,"author":{"gitId":"zhenghanlee"},"content":"import duke.Duke;","lastModifiedDate":"2021-08-16"},{"lineNumber":4,"author":{"gitId":"zhenghanlee"},"content":"import duke.exception.InvalidArgumentException;","lastModifiedDate":"2021-08-16"},{"lineNumber":5,"author":{"gitId":"zhenghanlee"},"content":"import duke.task.EventTask;","lastModifiedDate":"2021-08-16"},{"lineNumber":6,"author":{"gitId":"zhenghanlee"},"content":"","lastModifiedDate":"2021-08-16"},{"lineNumber":7,"author":{"gitId":"zhenghanlee"},"content":"/**","lastModifiedDate":"2021-08-16"},{"lineNumber":8,"author":{"gitId":"zhenghanlee"},"content":" * A command to add an event task into main DukeList.","lastModifiedDate":"2021-08-16"},{"lineNumber":9,"author":{"gitId":"zhenghanlee"},"content":" */","lastModifiedDate":"2021-08-16"},{"lineNumber":10,"author":{"gitId":"zhenghanlee"},"content":"public class EventCommand implements Command {","lastModifiedDate":"2021-08-16"},{"lineNumber":11,"author":{"gitId":"zhenghanlee"},"content":"","lastModifiedDate":"2021-08-16"},{"lineNumber":12,"author":{"gitId":"zhenghanlee"},"content":"    @Override","lastModifiedDate":"2021-08-16"},{"lineNumber":13,"author":{"gitId":"zhenghanlee"},"content":"    public void exec(String args) {","lastModifiedDate":"2021-08-16"},{"lineNumber":14,"author":{"gitId":"zhenghanlee"},"content":"        if (args \u003d\u003d null || args.isEmpty())","lastModifiedDate":"2021-08-16"},{"lineNumber":15,"author":{"gitId":"zhenghanlee"},"content":"            throw new InvalidArgumentException(\"☹ OOPS!!! The description of an event cannot be empty.\");","lastModifiedDate":"2021-08-16"},{"lineNumber":16,"author":{"gitId":"zhenghanlee"},"content":"        Duke.getList().addWithResponse(new EventTask(args)).print();","lastModifiedDate":"2021-08-16"},{"lineNumber":17,"author":{"gitId":"zhenghanlee"},"content":"    }","lastModifiedDate":"2021-08-16"},{"lineNumber":18,"author":{"gitId":"zhenghanlee"},"content":"","lastModifiedDate":"2021-08-16"},{"lineNumber":19,"author":{"gitId":"zhenghanlee"},"content":"    @Override","lastModifiedDate":"2021-08-16"},{"lineNumber":20,"author":{"gitId":"zhenghanlee"},"content":"    public String getLabel() {","lastModifiedDate":"2021-08-16"},{"lineNumber":21,"author":{"gitId":"zhenghanlee"},"content":"        return \"event\";","lastModifiedDate":"2021-08-16"},{"lineNumber":22,"author":{"gitId":"zhenghanlee"},"content":"    }","lastModifiedDate":"2021-08-16"},{"lineNumber":23,"author":{"gitId":"zhenghanlee"},"content":"","lastModifiedDate":"2021-08-16"},{"lineNumber":24,"author":{"gitId":"zhenghanlee"},"content":"}","lastModifiedDate":"2021-08-16"}],"authorContributionMap":{"zhenghanlee":24}},{"path":"src/main/java/duke/command/ListCommand.java","fileType":"java","lines":[{"lineNumber":1,"author":{"gitId":"zhenghanlee"},"content":"package duke.command;","lastModifiedDate":"2021-08-15"},{"lineNumber":2,"author":{"gitId":"zhenghanlee"},"content":"","lastModifiedDate":"2021-08-15"},{"lineNumber":3,"author":{"gitId":"zhenghanlee"},"content":"import duke.Duke;","lastModifiedDate":"2021-08-16"},{"lineNumber":4,"author":{"gitId":"zhenghanlee"},"content":"","lastModifiedDate":"2021-08-15"},{"lineNumber":5,"author":{"gitId":"zhenghanlee"},"content":"/**","lastModifiedDate":"2021-08-15"},{"lineNumber":6,"author":{"gitId":"zhenghanlee"},"content":" * Encapsulate a command on a DukeList.","lastModifiedDate":"2021-08-15"},{"lineNumber":7,"author":{"gitId":"zhenghanlee"},"content":" */","lastModifiedDate":"2021-08-15"},{"lineNumber":8,"author":{"gitId":"zhenghanlee"},"content":"public class ListCommand implements Command {","lastModifiedDate":"2021-08-15"},{"lineNumber":9,"author":{"gitId":"zhenghanlee"},"content":"","lastModifiedDate":"2021-08-16"},{"lineNumber":10,"author":{"gitId":"zhenghanlee"},"content":"    @Override","lastModifiedDate":"2021-08-15"},{"lineNumber":11,"author":{"gitId":"zhenghanlee"},"content":"    public void exec(String args) {","lastModifiedDate":"2021-08-15"},{"lineNumber":12,"author":{"gitId":"zhenghanlee"},"content":"        Duke.getList().currentListResponse().print();","lastModifiedDate":"2021-08-16"},{"lineNumber":13,"author":{"gitId":"zhenghanlee"},"content":"    }","lastModifiedDate":"2021-08-15"},{"lineNumber":14,"author":{"gitId":"zhenghanlee"},"content":"","lastModifiedDate":"2021-08-16"},{"lineNumber":15,"author":{"gitId":"zhenghanlee"},"content":"    @Override","lastModifiedDate":"2021-08-16"},{"lineNumber":16,"author":{"gitId":"zhenghanlee"},"content":"    public String getLabel() {","lastModifiedDate":"2021-08-16"},{"lineNumber":17,"author":{"gitId":"zhenghanlee"},"content":"        return \"list\";","lastModifiedDate":"2021-08-16"},{"lineNumber":18,"author":{"gitId":"zhenghanlee"},"content":"    }","lastModifiedDate":"2021-08-16"},{"lineNumber":19,"author":{"gitId":"zhenghanlee"},"content":"","lastModifiedDate":"2021-08-16"},{"lineNumber":20,"author":{"gitId":"zhenghanlee"},"content":"}","lastModifiedDate":"2021-08-15"}],"authorContributionMap":{"zhenghanlee":20}},{"path":"src/main/java/duke/command/ToDoCommand.java","fileType":"java","lines":[{"lineNumber":1,"author":{"gitId":"zhenghanlee"},"content":"package duke.command;","lastModifiedDate":"2021-08-16"},{"lineNumber":2,"author":{"gitId":"zhenghanlee"},"content":"","lastModifiedDate":"2021-08-16"},{"lineNumber":3,"author":{"gitId":"zhenghanlee"},"content":"import duke.Duke;","lastModifiedDate":"2021-08-16"},{"lineNumber":4,"author":{"gitId":"zhenghanlee"},"content":"import duke.exception.InvalidArgumentException;","lastModifiedDate":"2021-08-16"},{"lineNumber":5,"author":{"gitId":"zhenghanlee"},"content":"import duke.task.ToDoTask;","lastModifiedDate":"2021-08-16"},{"lineNumber":6,"author":{"gitId":"zhenghanlee"},"content":"","lastModifiedDate":"2021-08-16"},{"lineNumber":7,"author":{"gitId":"zhenghanlee"},"content":"/**","lastModifiedDate":"2021-08-16"},{"lineNumber":8,"author":{"gitId":"zhenghanlee"},"content":" * A command to add a todo task into main DukeList.","lastModifiedDate":"2021-08-16"},{"lineNumber":9,"author":{"gitId":"zhenghanlee"},"content":" */","lastModifiedDate":"2021-08-16"},{"lineNumber":10,"author":{"gitId":"zhenghanlee"},"content":"public class ToDoCommand implements Command {","lastModifiedDate":"2021-08-16"},{"lineNumber":11,"author":{"gitId":"zhenghanlee"},"content":"","lastModifiedDate":"2021-08-16"},{"lineNumber":12,"author":{"gitId":"zhenghanlee"},"content":"    @Override","lastModifiedDate":"2021-08-16"},{"lineNumber":13,"author":{"gitId":"zhenghanlee"},"content":"    public void exec(String args) {","lastModifiedDate":"2021-08-16"},{"lineNumber":14,"author":{"gitId":"zhenghanlee"},"content":"        if (args \u003d\u003d null || args.isEmpty())","lastModifiedDate":"2021-08-16"},{"lineNumber":15,"author":{"gitId":"zhenghanlee"},"content":"            throw new InvalidArgumentException(\"☹ OOPS!!! The description of a todo cannot be empty.\");","lastModifiedDate":"2021-08-16"},{"lineNumber":16,"author":{"gitId":"zhenghanlee"},"content":"        Duke.getList().addWithResponse(new ToDoTask(args)).print();","lastModifiedDate":"2021-08-16"},{"lineNumber":17,"author":{"gitId":"zhenghanlee"},"content":"    }","lastModifiedDate":"2021-08-16"},{"lineNumber":18,"author":{"gitId":"zhenghanlee"},"content":"","lastModifiedDate":"2021-08-16"},{"lineNumber":19,"author":{"gitId":"zhenghanlee"},"content":"    @Override","lastModifiedDate":"2021-08-16"},{"lineNumber":20,"author":{"gitId":"zhenghanlee"},"content":"    public String getLabel() {","lastModifiedDate":"2021-08-16"},{"lineNumber":21,"author":{"gitId":"zhenghanlee"},"content":"        return \"todo\";","lastModifiedDate":"2021-08-16"},{"lineNumber":22,"author":{"gitId":"zhenghanlee"},"content":"    }","lastModifiedDate":"2021-08-16"},{"lineNumber":23,"author":{"gitId":"zhenghanlee"},"content":"","lastModifiedDate":"2021-08-16"},{"lineNumber":24,"author":{"gitId":"zhenghanlee"},"content":"}","lastModifiedDate":"2021-08-16"}],"authorContributionMap":{"zhenghanlee":24}},{"path":"src/main/java/duke/exception/DukeException.java","fileType":"java","lines":[{"lineNumber":1,"author":{"gitId":"zhenghanlee"},"content":"package duke.exception;","lastModifiedDate":"2021-08-16"},{"lineNumber":2,"author":{"gitId":"zhenghanlee"},"content":"","lastModifiedDate":"2021-08-16"},{"lineNumber":3,"author":{"gitId":"zhenghanlee"},"content":"import duke.Response;","lastModifiedDate":"2021-08-16"},{"lineNumber":4,"author":{"gitId":"zhenghanlee"},"content":"","lastModifiedDate":"2021-08-16"},{"lineNumber":5,"author":{"gitId":"zhenghanlee"},"content":"/**","lastModifiedDate":"2021-08-16"},{"lineNumber":6,"author":{"gitId":"zhenghanlee"},"content":" * Encapsulates all exceptions that can occur in Duke bot.","lastModifiedDate":"2021-08-16"},{"lineNumber":7,"author":{"gitId":"zhenghanlee"},"content":" */","lastModifiedDate":"2021-08-16"},{"lineNumber":8,"author":{"gitId":"zhenghanlee"},"content":"public class DukeException extends IllegalArgumentException {","lastModifiedDate":"2021-08-16"},{"lineNumber":9,"author":{"gitId":"zhenghanlee"},"content":"    private Response response;","lastModifiedDate":"2021-08-16"},{"lineNumber":10,"author":{"gitId":"zhenghanlee"},"content":"","lastModifiedDate":"2021-08-16"},{"lineNumber":11,"author":{"gitId":"zhenghanlee"},"content":"    public DukeException(String message) {","lastModifiedDate":"2021-08-16"},{"lineNumber":12,"author":{"gitId":"zhenghanlee"},"content":"        this.response \u003d new Response(message);","lastModifiedDate":"2021-08-16"},{"lineNumber":13,"author":{"gitId":"zhenghanlee"},"content":"    }","lastModifiedDate":"2021-08-16"},{"lineNumber":14,"author":{"gitId":"zhenghanlee"},"content":"","lastModifiedDate":"2021-08-16"},{"lineNumber":15,"author":{"gitId":"zhenghanlee"},"content":"    /**","lastModifiedDate":"2021-08-16"},{"lineNumber":16,"author":{"gitId":"zhenghanlee"},"content":"     * Get the response to be printed.","lastModifiedDate":"2021-08-16"},{"lineNumber":17,"author":{"gitId":"zhenghanlee"},"content":"     * ","lastModifiedDate":"2021-08-16"},{"lineNumber":18,"author":{"gitId":"zhenghanlee"},"content":"     * @return response","lastModifiedDate":"2021-08-16"},{"lineNumber":19,"author":{"gitId":"zhenghanlee"},"content":"     */","lastModifiedDate":"2021-08-16"},{"lineNumber":20,"author":{"gitId":"zhenghanlee"},"content":"    public Response getResponse() {","lastModifiedDate":"2021-08-16"},{"lineNumber":21,"author":{"gitId":"zhenghanlee"},"content":"        return this.response;","lastModifiedDate":"2021-08-16"},{"lineNumber":22,"author":{"gitId":"zhenghanlee"},"content":"    }","lastModifiedDate":"2021-08-16"},{"lineNumber":23,"author":{"gitId":"zhenghanlee"},"content":"","lastModifiedDate":"2021-08-16"},{"lineNumber":24,"author":{"gitId":"zhenghanlee"},"content":"}","lastModifiedDate":"2021-08-16"}],"authorContributionMap":{"zhenghanlee":24}},{"path":"src/main/java/duke/exception/InvalidArgumentException.java","fileType":"java","lines":[{"lineNumber":1,"author":{"gitId":"zhenghanlee"},"content":"package duke.exception;","lastModifiedDate":"2021-08-16"},{"lineNumber":2,"author":{"gitId":"zhenghanlee"},"content":"","lastModifiedDate":"2021-08-16"},{"lineNumber":3,"author":{"gitId":"zhenghanlee"},"content":"/**","lastModifiedDate":"2021-08-16"},{"lineNumber":4,"author":{"gitId":"zhenghanlee"},"content":" * Thrown when the argument for a command is absent/invalid.","lastModifiedDate":"2021-08-16"},{"lineNumber":5,"author":{"gitId":"zhenghanlee"},"content":" */","lastModifiedDate":"2021-08-16"},{"lineNumber":6,"author":{"gitId":"zhenghanlee"},"content":"public class InvalidArgumentException extends DukeException {","lastModifiedDate":"2021-08-16"},{"lineNumber":7,"author":{"gitId":"zhenghanlee"},"content":"","lastModifiedDate":"2021-08-16"},{"lineNumber":8,"author":{"gitId":"zhenghanlee"},"content":"    public InvalidArgumentException(String message) {","lastModifiedDate":"2021-08-16"},{"lineNumber":9,"author":{"gitId":"zhenghanlee"},"content":"        super(message);","lastModifiedDate":"2021-08-16"},{"lineNumber":10,"author":{"gitId":"zhenghanlee"},"content":"    }","lastModifiedDate":"2021-08-16"},{"lineNumber":11,"author":{"gitId":"zhenghanlee"},"content":"","lastModifiedDate":"2021-08-16"},{"lineNumber":12,"author":{"gitId":"zhenghanlee"},"content":"}","lastModifiedDate":"2021-08-16"}],"authorContributionMap":{"zhenghanlee":12}},{"path":"src/main/java/duke/exception/InvalidCommandException.java","fileType":"java","lines":[{"lineNumber":1,"author":{"gitId":"zhenghanlee"},"content":"package duke.exception;","lastModifiedDate":"2021-08-16"},{"lineNumber":2,"author":{"gitId":"zhenghanlee"},"content":"","lastModifiedDate":"2021-08-16"},{"lineNumber":3,"author":{"gitId":"zhenghanlee"},"content":"/**","lastModifiedDate":"2021-08-16"},{"lineNumber":4,"author":{"gitId":"zhenghanlee"},"content":" * Thrown when a command is not registered under the commands registry or does","lastModifiedDate":"2021-08-16"},{"lineNumber":5,"author":{"gitId":"zhenghanlee"},"content":" * not exists.","lastModifiedDate":"2021-08-16"},{"lineNumber":6,"author":{"gitId":"zhenghanlee"},"content":" */","lastModifiedDate":"2021-08-16"},{"lineNumber":7,"author":{"gitId":"zhenghanlee"},"content":"public class InvalidCommandException extends DukeException {","lastModifiedDate":"2021-08-16"},{"lineNumber":8,"author":{"gitId":"zhenghanlee"},"content":"","lastModifiedDate":"2021-08-16"},{"lineNumber":9,"author":{"gitId":"zhenghanlee"},"content":"    public InvalidCommandException(String message) {","lastModifiedDate":"2021-08-16"},{"lineNumber":10,"author":{"gitId":"zhenghanlee"},"content":"        super(message);","lastModifiedDate":"2021-08-16"},{"lineNumber":11,"author":{"gitId":"zhenghanlee"},"content":"    }","lastModifiedDate":"2021-08-16"},{"lineNumber":12,"author":{"gitId":"zhenghanlee"},"content":"","lastModifiedDate":"2021-08-16"},{"lineNumber":13,"author":{"gitId":"zhenghanlee"},"content":"}","lastModifiedDate":"2021-08-16"}],"authorContributionMap":{"zhenghanlee":13}},{"path":"src/main/java/duke/task/DeadlineTask.java","fileType":"java","lines":[{"lineNumber":1,"author":{"gitId":"zhenghanlee"},"content":"package duke.task;","lastModifiedDate":"2021-08-16"},{"lineNumber":2,"author":{"gitId":"zhenghanlee"},"content":"","lastModifiedDate":"2021-08-16"},{"lineNumber":3,"author":{"gitId":"zhenghanlee"},"content":"/**","lastModifiedDate":"2021-08-16"},{"lineNumber":4,"author":{"gitId":"zhenghanlee"},"content":" * A task with specified deadline.","lastModifiedDate":"2021-08-16"},{"lineNumber":5,"author":{"gitId":"zhenghanlee"},"content":" */","lastModifiedDate":"2021-08-16"},{"lineNumber":6,"author":{"gitId":"zhenghanlee"},"content":"public class DeadlineTask extends Task {","lastModifiedDate":"2021-08-16"},{"lineNumber":7,"author":{"gitId":"zhenghanlee"},"content":"    private String deadline;","lastModifiedDate":"2021-08-16"},{"lineNumber":8,"author":{"gitId":"zhenghanlee"},"content":"","lastModifiedDate":"2021-08-16"},{"lineNumber":9,"author":{"gitId":"zhenghanlee"},"content":"    public DeadlineTask(String task) {","lastModifiedDate":"2021-08-16"},{"lineNumber":10,"author":{"gitId":"zhenghanlee"},"content":"        super(task);","lastModifiedDate":"2021-08-16"},{"lineNumber":11,"author":{"gitId":"zhenghanlee"},"content":"        String[] arr \u003d task.split(\" /by \", 2);","lastModifiedDate":"2021-08-16"},{"lineNumber":12,"author":{"gitId":"zhenghanlee"},"content":"        this.deadline \u003d arr.length \u003d\u003d 2 ? arr[1] : \"\";","lastModifiedDate":"2021-08-16"},{"lineNumber":13,"author":{"gitId":"zhenghanlee"},"content":"        this.name \u003d arr[0];","lastModifiedDate":"2021-08-16"},{"lineNumber":14,"author":{"gitId":"zhenghanlee"},"content":"    }","lastModifiedDate":"2021-08-16"},{"lineNumber":15,"author":{"gitId":"zhenghanlee"},"content":"","lastModifiedDate":"2021-08-16"},{"lineNumber":16,"author":{"gitId":"zhenghanlee"},"content":"    @Override","lastModifiedDate":"2021-08-16"},{"lineNumber":17,"author":{"gitId":"zhenghanlee"},"content":"    public String toString() {","lastModifiedDate":"2021-08-16"},{"lineNumber":18,"author":{"gitId":"zhenghanlee"},"content":"        return \"[D]\" + super.toString() + \" (by: \" + this.deadline + \")\";","lastModifiedDate":"2021-08-16"},{"lineNumber":19,"author":{"gitId":"zhenghanlee"},"content":"    }","lastModifiedDate":"2021-08-16"},{"lineNumber":20,"author":{"gitId":"zhenghanlee"},"content":"","lastModifiedDate":"2021-08-16"},{"lineNumber":21,"author":{"gitId":"zhenghanlee"},"content":"}","lastModifiedDate":"2021-08-16"}],"authorContributionMap":{"zhenghanlee":21}},{"path":"src/main/java/duke/task/EventTask.java","fileType":"java","lines":[{"lineNumber":1,"author":{"gitId":"zhenghanlee"},"content":"package duke.task;","lastModifiedDate":"2021-08-16"},{"lineNumber":2,"author":{"gitId":"zhenghanlee"},"content":"","lastModifiedDate":"2021-08-16"},{"lineNumber":3,"author":{"gitId":"zhenghanlee"},"content":"/**","lastModifiedDate":"2021-08-16"},{"lineNumber":4,"author":{"gitId":"zhenghanlee"},"content":" * A task specifying an event with a date and time.","lastModifiedDate":"2021-08-16"},{"lineNumber":5,"author":{"gitId":"zhenghanlee"},"content":" */","lastModifiedDate":"2021-08-16"},{"lineNumber":6,"author":{"gitId":"zhenghanlee"},"content":"public class EventTask extends Task {","lastModifiedDate":"2021-08-16"},{"lineNumber":7,"author":{"gitId":"zhenghanlee"},"content":"    private String dateTime;","lastModifiedDate":"2021-08-16"},{"lineNumber":8,"author":{"gitId":"zhenghanlee"},"content":"","lastModifiedDate":"2021-08-16"},{"lineNumber":9,"author":{"gitId":"zhenghanlee"},"content":"    public EventTask(String task) {","lastModifiedDate":"2021-08-16"},{"lineNumber":10,"author":{"gitId":"zhenghanlee"},"content":"        super(task);","lastModifiedDate":"2021-08-16"},{"lineNumber":11,"author":{"gitId":"zhenghanlee"},"content":"        String[] arr \u003d task.split(\" /at \", 2);","lastModifiedDate":"2021-08-16"},{"lineNumber":12,"author":{"gitId":"zhenghanlee"},"content":"        this.dateTime \u003d arr.length \u003e\u003d 2 ? arr[1] : \"\";","lastModifiedDate":"2021-08-16"},{"lineNumber":13,"author":{"gitId":"zhenghanlee"},"content":"        this.name \u003d arr[0];","lastModifiedDate":"2021-08-16"},{"lineNumber":14,"author":{"gitId":"zhenghanlee"},"content":"    }","lastModifiedDate":"2021-08-16"},{"lineNumber":15,"author":{"gitId":"zhenghanlee"},"content":"","lastModifiedDate":"2021-08-16"},{"lineNumber":16,"author":{"gitId":"zhenghanlee"},"content":"    @Override","lastModifiedDate":"2021-08-16"},{"lineNumber":17,"author":{"gitId":"zhenghanlee"},"content":"    public String toString() {","lastModifiedDate":"2021-08-16"},{"lineNumber":18,"author":{"gitId":"zhenghanlee"},"content":"        return \"[E]\" + super.toString() + \" (at: \" + this.dateTime + \")\";","lastModifiedDate":"2021-08-16"},{"lineNumber":19,"author":{"gitId":"zhenghanlee"},"content":"    }","lastModifiedDate":"2021-08-16"},{"lineNumber":20,"author":{"gitId":"zhenghanlee"},"content":"","lastModifiedDate":"2021-08-16"},{"lineNumber":21,"author":{"gitId":"zhenghanlee"},"content":"}","lastModifiedDate":"2021-08-16"}],"authorContributionMap":{"zhenghanlee":21}},{"path":"src/main/java/duke/task/Task.java","fileType":"java","lines":[{"lineNumber":1,"author":{"gitId":"zhenghanlee"},"content":"package duke.task;","lastModifiedDate":"2021-08-16"},{"lineNumber":2,"author":{"gitId":"zhenghanlee"},"content":"","lastModifiedDate":"2021-08-16"},{"lineNumber":3,"author":{"gitId":"zhenghanlee"},"content":"/**","lastModifiedDate":"2021-08-16"},{"lineNumber":4,"author":{"gitId":"zhenghanlee"},"content":" * Encapsulates a task in DukeList.","lastModifiedDate":"2021-08-16"},{"lineNumber":5,"author":{"gitId":"zhenghanlee"},"content":" */","lastModifiedDate":"2021-08-16"},{"lineNumber":6,"author":{"gitId":"zhenghanlee"},"content":"public abstract class Task {","lastModifiedDate":"2021-08-16"},{"lineNumber":7,"author":{"gitId":"zhenghanlee"},"content":"    private boolean completed;","lastModifiedDate":"2021-08-16"},{"lineNumber":8,"author":{"gitId":"zhenghanlee"},"content":"    protected String name;","lastModifiedDate":"2021-08-16"},{"lineNumber":9,"author":{"gitId":"zhenghanlee"},"content":"","lastModifiedDate":"2021-08-16"},{"lineNumber":10,"author":{"gitId":"zhenghanlee"},"content":"    public Task(String name) {","lastModifiedDate":"2021-08-16"},{"lineNumber":11,"author":{"gitId":"zhenghanlee"},"content":"        this.completed \u003d false;","lastModifiedDate":"2021-08-16"},{"lineNumber":12,"author":{"gitId":"zhenghanlee"},"content":"        this.name \u003d name;","lastModifiedDate":"2021-08-16"},{"lineNumber":13,"author":{"gitId":"zhenghanlee"},"content":"    }","lastModifiedDate":"2021-08-16"},{"lineNumber":14,"author":{"gitId":"zhenghanlee"},"content":"","lastModifiedDate":"2021-08-16"},{"lineNumber":15,"author":{"gitId":"zhenghanlee"},"content":"    /**","lastModifiedDate":"2021-08-16"},{"lineNumber":16,"author":{"gitId":"zhenghanlee"},"content":"     * Mark the task as completed.","lastModifiedDate":"2021-08-16"},{"lineNumber":17,"author":{"gitId":"zhenghanlee"},"content":"     */","lastModifiedDate":"2021-08-16"},{"lineNumber":18,"author":{"gitId":"zhenghanlee"},"content":"    public void markCompleted() {","lastModifiedDate":"2021-08-16"},{"lineNumber":19,"author":{"gitId":"zhenghanlee"},"content":"        this.completed \u003d true;","lastModifiedDate":"2021-08-16"},{"lineNumber":20,"author":{"gitId":"zhenghanlee"},"content":"    }","lastModifiedDate":"2021-08-16"},{"lineNumber":21,"author":{"gitId":"zhenghanlee"},"content":"","lastModifiedDate":"2021-08-16"},{"lineNumber":22,"author":{"gitId":"zhenghanlee"},"content":"    /**","lastModifiedDate":"2021-08-16"},{"lineNumber":23,"author":{"gitId":"zhenghanlee"},"content":"     * Returns whether the task is completed.","lastModifiedDate":"2021-08-16"},{"lineNumber":24,"author":{"gitId":"zhenghanlee"},"content":"     */","lastModifiedDate":"2021-08-16"},{"lineNumber":25,"author":{"gitId":"zhenghanlee"},"content":"    public boolean isCompleted() {","lastModifiedDate":"2021-08-16"},{"lineNumber":26,"author":{"gitId":"zhenghanlee"},"content":"        return this.completed;","lastModifiedDate":"2021-08-16"},{"lineNumber":27,"author":{"gitId":"zhenghanlee"},"content":"    }","lastModifiedDate":"2021-08-16"},{"lineNumber":28,"author":{"gitId":"zhenghanlee"},"content":"","lastModifiedDate":"2021-08-16"},{"lineNumber":29,"author":{"gitId":"zhenghanlee"},"content":"    @Override","lastModifiedDate":"2021-08-16"},{"lineNumber":30,"author":{"gitId":"zhenghanlee"},"content":"    public boolean equals(Object obj) {","lastModifiedDate":"2021-08-16"},{"lineNumber":31,"author":{"gitId":"zhenghanlee"},"content":"        if (obj instanceof Task)","lastModifiedDate":"2021-08-16"},{"lineNumber":32,"author":{"gitId":"zhenghanlee"},"content":"            return ((Task) obj).name.equals(this.name);","lastModifiedDate":"2021-08-16"},{"lineNumber":33,"author":{"gitId":"zhenghanlee"},"content":"        return false;","lastModifiedDate":"2021-08-16"},{"lineNumber":34,"author":{"gitId":"zhenghanlee"},"content":"    }","lastModifiedDate":"2021-08-16"},{"lineNumber":35,"author":{"gitId":"zhenghanlee"},"content":"","lastModifiedDate":"2021-08-16"},{"lineNumber":36,"author":{"gitId":"zhenghanlee"},"content":"    @Override","lastModifiedDate":"2021-08-16"},{"lineNumber":37,"author":{"gitId":"zhenghanlee"},"content":"    public String toString() {","lastModifiedDate":"2021-08-16"},{"lineNumber":38,"author":{"gitId":"zhenghanlee"},"content":"        return \"[\" + (this.completed ? \"X\" : \" \") + \"] \" + this.name;","lastModifiedDate":"2021-08-16"},{"lineNumber":39,"author":{"gitId":"zhenghanlee"},"content":"    }","lastModifiedDate":"2021-08-16"},{"lineNumber":40,"author":{"gitId":"zhenghanlee"},"content":"","lastModifiedDate":"2021-08-16"},{"lineNumber":41,"author":{"gitId":"zhenghanlee"},"content":"}","lastModifiedDate":"2021-08-16"}],"authorContributionMap":{"zhenghanlee":41}},{"path":"src/main/java/duke/task/ToDoTask.java","fileType":"java","lines":[{"lineNumber":1,"author":{"gitId":"zhenghanlee"},"content":"package duke.task;","lastModifiedDate":"2021-08-16"},{"lineNumber":2,"author":{"gitId":"zhenghanlee"},"content":"","lastModifiedDate":"2021-08-16"},{"lineNumber":3,"author":{"gitId":"zhenghanlee"},"content":"/**","lastModifiedDate":"2021-08-16"},{"lineNumber":4,"author":{"gitId":"zhenghanlee"},"content":" * A ToDo task.","lastModifiedDate":"2021-08-16"},{"lineNumber":5,"author":{"gitId":"zhenghanlee"},"content":" */","lastModifiedDate":"2021-08-16"},{"lineNumber":6,"author":{"gitId":"zhenghanlee"},"content":"public class ToDoTask extends Task {","lastModifiedDate":"2021-08-16"},{"lineNumber":7,"author":{"gitId":"zhenghanlee"},"content":"","lastModifiedDate":"2021-08-16"},{"lineNumber":8,"author":{"gitId":"zhenghanlee"},"content":"    public ToDoTask(String name) {","lastModifiedDate":"2021-08-16"},{"lineNumber":9,"author":{"gitId":"zhenghanlee"},"content":"        super(name);","lastModifiedDate":"2021-08-16"},{"lineNumber":10,"author":{"gitId":"zhenghanlee"},"content":"    }","lastModifiedDate":"2021-08-16"},{"lineNumber":11,"author":{"gitId":"zhenghanlee"},"content":"","lastModifiedDate":"2021-08-16"},{"lineNumber":12,"author":{"gitId":"zhenghanlee"},"content":"    @Override","lastModifiedDate":"2021-08-16"},{"lineNumber":13,"author":{"gitId":"zhenghanlee"},"content":"    public String toString() {","lastModifiedDate":"2021-08-16"},{"lineNumber":14,"author":{"gitId":"zhenghanlee"},"content":"        return \"[T]\" + super.toString();","lastModifiedDate":"2021-08-16"},{"lineNumber":15,"author":{"gitId":"zhenghanlee"},"content":"    }","lastModifiedDate":"2021-08-16"},{"lineNumber":16,"author":{"gitId":"zhenghanlee"},"content":"","lastModifiedDate":"2021-08-16"},{"lineNumber":17,"author":{"gitId":"zhenghanlee"},"content":"}","lastModifiedDate":"2021-08-16"}],"authorContributionMap":{"zhenghanlee":17}},{"path":"text-ui-test/input.txt","fileType":"txt","lines":[{"lineNumber":1,"author":{"gitId":"zhenghanlee"},"content":"todo borrow book","lastModifiedDate":"2021-08-16"},{"lineNumber":2,"author":{"gitId":"zhenghanlee"},"content":"list","lastModifiedDate":"2021-08-16"},{"lineNumber":3,"author":{"gitId":"zhenghanlee"},"content":"deadline return book /by Sunday","lastModifiedDate":"2021-08-16"},{"lineNumber":4,"author":{"gitId":"zhenghanlee"},"content":"done 2","lastModifiedDate":"2021-08-16"},{"lineNumber":5,"author":{"gitId":"zhenghanlee"},"content":"event project meeting /at Mon 2-4pm","lastModifiedDate":"2021-08-16"},{"lineNumber":6,"author":{"gitId":"zhenghanlee"},"content":"done 1","lastModifiedDate":"2021-08-16"},{"lineNumber":7,"author":{"gitId":"zhenghanlee"},"content":"list","lastModifiedDate":"2021-08-16"},{"lineNumber":8,"author":{"gitId":"zhenghanlee"},"content":"deadline do homework /by no idea :-p","lastModifiedDate":"2021-08-16"},{"lineNumber":9,"author":{"gitId":"zhenghanlee"},"content":"blah","lastModifiedDate":"2021-08-16"},{"lineNumber":10,"author":{"gitId":"zhenghanlee"},"content":"todo","lastModifiedDate":"2021-08-16"},{"lineNumber":11,"author":{"gitId":"zhenghanlee"},"content":"delete 5","lastModifiedDate":"2021-08-16"},{"lineNumber":12,"author":{"gitId":"zhenghanlee"},"content":"done -1","lastModifiedDate":"2021-08-16"},{"lineNumber":13,"author":{"gitId":"zhenghanlee"},"content":"delete 1","lastModifiedDate":"2021-08-16"},{"lineNumber":14,"author":{"gitId":"zhenghanlee"},"content":"list","lastModifiedDate":"2021-08-16"},{"lineNumber":15,"author":{"gitId":"zhenghanlee"},"content":"bye","lastModifiedDate":"2021-08-16"}],"authorContributionMap":{"zhenghanlee":15}},{"path":"text-ui-test/runtest.sh","fileType":"sh","lines":[{"lineNumber":1,"author":{"gitId":"-"},"content":"#!/usr/bin/env bash","lastModifiedDate":"2020-05-25"},{"lineNumber":2,"author":{"gitId":"-"},"content":"","lastModifiedDate":"2020-05-25"},{"lineNumber":3,"author":{"gitId":"-"},"content":"# create bin directory if it doesn\u0027t exist","lastModifiedDate":"2020-05-25"},{"lineNumber":4,"author":{"gitId":"-"},"content":"if [ ! -d \"../bin\" ]","lastModifiedDate":"2020-05-25"},{"lineNumber":5,"author":{"gitId":"-"},"content":"then","lastModifiedDate":"2020-05-25"},{"lineNumber":6,"author":{"gitId":"-"},"content":"    mkdir ../bin","lastModifiedDate":"2020-05-25"},{"lineNumber":7,"author":{"gitId":"-"},"content":"fi","lastModifiedDate":"2020-05-25"},{"lineNumber":8,"author":{"gitId":"-"},"content":"","lastModifiedDate":"2020-05-25"},{"lineNumber":9,"author":{"gitId":"-"},"content":"# delete output from previous run","lastModifiedDate":"2020-05-25"},{"lineNumber":10,"author":{"gitId":"-"},"content":"if [ -e \"./ACTUAL.TXT\" ]","lastModifiedDate":"2020-05-25"},{"lineNumber":11,"author":{"gitId":"-"},"content":"then","lastModifiedDate":"2020-05-25"},{"lineNumber":12,"author":{"gitId":"-"},"content":"    rm ACTUAL.TXT","lastModifiedDate":"2020-05-25"},{"lineNumber":13,"author":{"gitId":"-"},"content":"fi","lastModifiedDate":"2020-05-25"},{"lineNumber":14,"author":{"gitId":"-"},"content":"","lastModifiedDate":"2020-05-25"},{"lineNumber":15,"author":{"gitId":"-"},"content":"# compile the code into the bin folder, terminates if error occurred","lastModifiedDate":"2020-05-25"},{"lineNumber":16,"author":{"gitId":"zhenghanlee"},"content":"if ! javac -cp ../src/main/java -Xlint:none -d ../bin ../src/main/java/duke/Duke.java","lastModifiedDate":"2021-08-16"},{"lineNumber":17,"author":{"gitId":"-"},"content":"then","lastModifiedDate":"2020-05-25"},{"lineNumber":18,"author":{"gitId":"-"},"content":"    echo \"********** BUILD FAILURE **********\"","lastModifiedDate":"2020-05-25"},{"lineNumber":19,"author":{"gitId":"-"},"content":"    exit 1","lastModifiedDate":"2020-05-25"},{"lineNumber":20,"author":{"gitId":"-"},"content":"fi","lastModifiedDate":"2020-05-25"},{"lineNumber":21,"author":{"gitId":"-"},"content":"","lastModifiedDate":"2020-05-25"},{"lineNumber":22,"author":{"gitId":"-"},"content":"# run the program, feed commands from input.txt file and redirect the output to the ACTUAL.TXT","lastModifiedDate":"2020-05-25"},{"lineNumber":23,"author":{"gitId":"zhenghanlee"},"content":"java -classpath ../bin duke.Duke \u003c input.txt \u003e ACTUAL.TXT","lastModifiedDate":"2021-08-16"},{"lineNumber":24,"author":{"gitId":"-"},"content":"","lastModifiedDate":"2020-05-25"},{"lineNumber":25,"author":{"gitId":"-"},"content":"# convert to UNIX format","lastModifiedDate":"2020-05-25"},{"lineNumber":26,"author":{"gitId":"-"},"content":"cp EXPECTED.TXT EXPECTED-UNIX.TXT","lastModifiedDate":"2020-05-25"},{"lineNumber":27,"author":{"gitId":"-"},"content":"dos2unix ACTUAL.TXT EXPECTED-UNIX.TXT","lastModifiedDate":"2020-05-25"},{"lineNumber":28,"author":{"gitId":"-"},"content":"","lastModifiedDate":"2020-05-25"},{"lineNumber":29,"author":{"gitId":"-"},"content":"# compare the output to the expected output","lastModifiedDate":"2020-05-25"},{"lineNumber":30,"author":{"gitId":"-"},"content":"diff ACTUAL.TXT EXPECTED-UNIX.TXT","lastModifiedDate":"2020-05-25"},{"lineNumber":31,"author":{"gitId":"-"},"content":"if [ $? -eq 0 ]","lastModifiedDate":"2020-05-25"},{"lineNumber":32,"author":{"gitId":"-"},"content":"then","lastModifiedDate":"2020-05-25"},{"lineNumber":33,"author":{"gitId":"-"},"content":"    echo \"Test result: PASSED\"","lastModifiedDate":"2020-05-25"},{"lineNumber":34,"author":{"gitId":"-"},"content":"    exit 0","lastModifiedDate":"2020-05-25"},{"lineNumber":35,"author":{"gitId":"-"},"content":"else","lastModifiedDate":"2020-05-25"},{"lineNumber":36,"author":{"gitId":"-"},"content":"    echo \"Test result: FAILED\"","lastModifiedDate":"2020-05-25"},{"lineNumber":37,"author":{"gitId":"-"},"content":"    exit 1","lastModifiedDate":"2020-05-25"},{"lineNumber":38,"author":{"gitId":"-"},"content":"fi","lastModifiedDate":"2020-05-25"}],"authorContributionMap":{"-":36,"zhenghanlee":2}}]
