{"authorDailyContributionsMap":{"feliciaivane":[{"date":"2021-08-16","commitResults":[{"hash":"79d58e440357a55c462a5c229998178af6b9ce59","messageTitle":"Complete Level 1, rename Duke to Bob","messageBody":"","tags":["Level-1"],"fileTypesAndContributionMap":{"java":{"insertions":21,"deletions":10}}},{"hash":"cc8de4176c3766b8dfafd486fd5dda661a922bcd","messageTitle":"Complete level 2","messageBody":"","tags":["Level-2"],"fileTypesAndContributionMap":{"java":{"insertions":41,"deletions":2}}},{"hash":"e9e6a8a37daea293924bc0679eb0726a2225e0c7","messageTitle":"Complete Level 3","messageBody":"","tags":["Level-3","A-Classes"],"fileTypesAndContributionMap":{"java":{"insertions":26,"deletions":8}}}]},{"date":"2021-08-17","commitResults":[{"hash":"d5157c5dba1b75a742cf5a0acd642c5475031b67","messageTitle":"Complete Level 4","messageBody":"","tags":["Level-4","A-Inheritance"],"fileTypesAndContributionMap":{"java":{"insertions":67,"deletions":8}}},{"hash":"f698e293ea5a1b9aec69fe675fbd022e9533e22d","messageTitle":"Complete A-TextUiTesting","messageBody":"","tags":["A-TextUiTesting"],"fileTypesAndContributionMap":{"txt":{"insertions":6,"deletions":0},"java":{"insertions":12,"deletions":3},"bat":{"insertions":0,"deletions":21},"sh":{"insertions":1,"deletions":1}}},{"hash":"382167735318f7dd93795b8ba0fe137ce7cb359b","messageTitle":"Complete Level 5","messageBody":"","tags":["Level-5","A-Exceptions"],"fileTypesAndContributionMap":{"txt":{"insertions":13,"deletions":0},"java":{"insertions":106,"deletions":33}}},{"hash":"effa44cf10e553b608b33e0abdf295274f635f77","messageTitle":"Complete Level 6","messageBody":"","tags":["Level-6","A-Collections"],"fileTypesAndContributionMap":{"txt":{"insertions":3,"deletions":0},"java":{"insertions":65,"deletions":11}}}]},{"date":"2021-08-24","commitResults":[{"hash":"cb07dd272164ea9de7ec5208716a2396b0b08c7e","messageTitle":"Complete Level 7","messageBody":"Support saving of tasks to hard disk when task list changes\nand loading of tasks from hard disk when Bob starts up.\n","fileTypesAndContributionMap":{"java":{"insertions":77,"deletions":11}}},{"hash":"a51f8d467d5b83d85f918e195fb4b0910dec3922","messageTitle":"Complete Level 8","messageBody":"Teach Bob how to understand deadline and event\ndates as actual Java LocalDate instead of String\n","fileTypesAndContributionMap":{"java":{"insertions":14,"deletions":12}}},{"hash":"b841dacf31992645562a6853ac92204561e3d098","messageTitle":"Handle exceptions in Level 7 implementation","messageBody":"Catch and handle exceptions instead of just throwing them.\n","fileTypesAndContributionMap":{"java":{"insertions":112,"deletions":100}}},{"hash":"2313e2b218dd20b4b90966de12d4cc197e858211","messageTitle":"Revert \"Handle exceptions in Level 7 implementation\"","messageBody":"This reverts commit b841dacf31992645562a6853ac92204561e3d098.\n","fileTypesAndContributionMap":{"java":{"insertions":100,"deletions":112}}},{"hash":"1fdb7bd0029868abb7b91764331d80eed80ec04d","messageTitle":"Fix minor errors from previous commit","messageBody":"","fileTypesAndContributionMap":{"java":{"insertions":2,"deletions":2}}},{"hash":"b406d43883b098cf92e0220ef703e61664e5863f","messageTitle":"Add Ui, Storage and Parser class","messageBody":"Increase use of OOP in code.\n","tags":["A-MoreOOP"],"fileTypesAndContributionMap":{"java":{"insertions":367,"deletions":220}}},{"hash":"c1f7dcf43270b56a90065cacb104d164c6a8c4d9","messageTitle":"Commit test files","messageBody":"","fileTypesAndContributionMap":{"txt":{"insertions":5,"deletions":6}}},{"hash":"c727c64a53f0db72743e23b21c8723705e887995","messageTitle":"Move all classes into bob package","messageBody":"","tags":["A-Packages"],"fileTypesAndContributionMap":{"java":{"insertions":39,"deletions":41},"sh":{"insertions":1,"deletions":1}}}]},{"date":"2021-08-25","commitResults":[{"hash":"4650463d08574e7860da182ee28f0b3250b37a85","messageTitle":"Add Junit tests for Task and Todo class","messageBody":"","tags":["v0.1","A-JUnit"],"fileTypesAndContributionMap":{"java":{"insertions":36,"deletions":0}}},{"hash":"f36126450cc306911f63d1ad2149e41e6a19f808","messageTitle":"Package app as JAR file","messageBody":"Complete A-Jar and make minor change to Ui class.\n","tags":["A-Jar"],"fileTypesAndContributionMap":{"java":{"insertions":1,"deletions":1}}},{"hash":"47f6203a904a4488ecdcd312c5265f9e67a64da4","messageTitle":"Add JavaDoc comments","messageBody":"Add JavaDoc comments to all non-private classes/methods,\nand non-trivial private methods.\n","fileTypesAndContributionMap":{"java":{"insertions":278,"deletions":9}}},{"hash":"59642d35be8f2c44ad710cab47c586f0069c711b","messageTitle":"Add JavaDoc comments","messageBody":"Add missing JavaDoc comments.\n","fileTypesAndContributionMap":{"java":{"insertions":12,"deletions":0}}},{"hash":"470307c1c42ba176d0a18bfd36150578d4f6b7bb","messageTitle":"Comply with coding standard","messageBody":"","fileTypesAndContributionMap":{"java":{"insertions":80,"deletions":56}}},{"hash":"50e3a66d36e91589877d7c521657248395222eec","messageTitle":"Add find feature","messageBody":"Allow users to search for tasks using a specific keyword.\n","fileTypesAndContributionMap":{"java":{"insertions":64,"deletions":4}}}]},{"date":"2021-08-28","commitResults":[{"hash":"a022d515233186c3669b5f70906116053a5a03e7","messageTitle":"Set up Gradle","messageBody":"","fileTypesAndContributionMap":{"gradle":{"insertions":3,"deletions":2}}},{"hash":"4ff519403bf26ab5a97198f7a087d6567fcf523e","messageTitle":"Add GUI","messageBody":"GUI does not correspond to actual Bob yet.\nGUI only returns user input back to them.\n","fileTypesAndContributionMap":{"gradle":{"insertions":16,"deletions":1},"java":{"insertions":165,"deletions":1}}}]},{"date":"2021-08-29","commitResults":[{"hash":"04f6ec123df88249dfa3c607a739084ff96fb06c","messageTitle":"Make GUI functional","messageBody":"GUI now corresponds to Bob.\nGUI shows Bob\u0027s actual responses to the user input.\n","fileTypesAndContributionMap":{"java":{"insertions":298,"deletions":176}}}]},{"date":"2021-08-30","commitResults":[{"hash":"2e2064b488bfe232c2a1eb9cc2275adeb911c860","messageTitle":"Make trivial change for A-Gradle branch","messageBody":"","fileTypesAndContributionMap":{"java":{"insertions":1,"deletions":1}}},{"hash":"78511e360d078b04a31f8a41e96393a6f95e70fe","messageTitle":"Undo trivial change for Level-10 branch","messageBody":"","fileTypesAndContributionMap":{"java":{"insertions":1,"deletions":1}}}]}]},"authorFileTypeContributionMap":{"feliciaivane":{"java":1270,"md":0,"fxml":0,"sh":2,"bat":0,"gradle":18,"txt":21}},"authorContributionVariance":{"feliciaivane":81877.805},"authorDisplayNameMap":{"feliciaivane":"CS2103T-W17-1 FELI..NOTO"}}
