{"authorDailyContributionsMap":{"luodan01":[{"date":"2021-08-19","commitResults":[{"hash":"50d9742f548dbf7bc83c6b13070833389c92d98d","messageTitle":"Add Greet, Echo, Exit","messageBody":"","tags":["Level-1"],"fileTypesAndContributionMap":{"java":{"insertions":11,"deletions":7}}},{"hash":"0cc20fe6ccda5a557f88e4053eee6f667aff11ee","messageTitle":"Add List and Add functionalities","messageBody":"","tags":["Level-2"],"fileTypesAndContributionMap":{"java":{"insertions":17,"deletions":1}}},{"hash":"1eef04b57749ac1fabd77573704cdbdf484971d8","messageTitle":"Add Mark as Done","messageBody":"","tags":["Level-3"],"fileTypesAndContributionMap":{"java":{"insertions":46,"deletions":9}}},{"hash":"d74510b65f6dcb29c4de890f944768b836fa136b","messageTitle":"Add ToDos, Events, Deadlines","messageBody":"","tags":["Level-4","A-Enums"],"fileTypesAndContributionMap":{"java":{"insertions":96,"deletions":11}}},{"hash":"dba597d2fee7f8aa1be6b547287804b022449215","messageTitle":"Add Automated Text UI Testing","messageBody":"","tags":["A-TextUiTesting"],"fileTypesAndContributionMap":{"txt":{"insertions":13,"deletions":0}}},{"hash":"a2eea6fbab081fb9fe4ccdb85ca5174f4e3aeb67","messageTitle":"Add simple error handling","messageBody":"","tags":["Level-5"],"fileTypesAndContributionMap":{"java":{"insertions":10,"deletions":2}}},{"hash":"784a1a80231daeb348104376691b9611e4dc4f8b","messageTitle":"Add support for deleting tasks","messageBody":"","tags":["Level-6"],"fileTypesAndContributionMap":{"java":{"insertions":11,"deletions":3}}}]},{"date":"2021-08-26","commitResults":[{"hash":"f7604bb7b1850ea86cdb458bec3df5eaac8d8d9a","messageTitle":"Add more error handling","messageBody":"","fileTypesAndContributionMap":{"java":{"insertions":57,"deletions":28}}},{"hash":"f28cfbfa5648dafa8df7e00e41bbafdcf387bb91","messageTitle":"Extract TaskList and Ui classes","messageBody":"","tags":["A-MoreOOP"],"fileTypesAndContributionMap":{"txt":{"insertions":0,"deletions":0},"java":{"insertions":130,"deletions":92}}}]},{"date":"2021-08-27","commitResults":[{"hash":"0543d3e669825705982be3d456f3cc241d3c6cd8","messageTitle":"Add functionality to save tasks in hard disk automatically","messageBody":"","tags":["Level-7"],"fileTypesAndContributionMap":{"txt":{"insertions":4,"deletions":0},"java":{"insertions":138,"deletions":35}}},{"hash":"e4cf25344b3cdf893cdd6d72660ff9cfa13f14f4","messageTitle":"Add functionality for Duke to comprehend date and time","messageBody":"","tags":["Level-8"],"fileTypesAndContributionMap":{"java":{"insertions":19,"deletions":8}}},{"hash":"d08dd07a673749279479cf4c487e00d53c357d5f","messageTitle":"Merge changes","messageBody":"","fileTypesAndContributionMap":{"txt":{"insertions":3,"deletions":4},"java":{"insertions":16,"deletions":7}}}]},{"date":"2021-09-01","commitResults":[{"hash":"cb10010ac7451eea1c28d55ffd6d46c46a5e5265","messageTitle":"Extract Command classes","messageBody":"","fileTypesAndContributionMap":{"txt":{"insertions":7,"deletions":3},"java":{"insertions":510,"deletions":237}}},{"hash":"bca001e5b29d1c99da283f166ffec795074faa5c","messageTitle":"Divide classes into packages","messageBody":"","tags":["A-Packages"],"fileTypesAndContributionMap":{"java":{"insertions":47,"deletions":7}}},{"hash":"d0728f0788344b16254917dcf0987d9108a1d97d","messageTitle":"Divide classes into packages","messageBody":"","fileTypesAndContributionMap":{"txt":{"insertions":2,"deletions":0}}},{"hash":"6ae5280b7fc8e253df5aa083e041584409fcaafb","messageTitle":"Remove tasks.txt","messageBody":"","fileTypesAndContributionMap":{"txt":{"insertions":0,"deletions":2}}},{"hash":"0a032fbdea91b44649822a5c63429d368ac76f6d","messageTitle":"Remove TaskType enum","messageBody":"","fileTypesAndContributionMap":{"java":{"insertions":25,"deletions":49}}}]},{"date":"2021-09-02","commitResults":[{"hash":"619529862f4250b4daee7e6d03c6b08af5d07fef","messageTitle":"Add tests","messageBody":"","tags":["A-JUnit"],"fileTypesAndContributionMap":{"txt":{"insertions":0,"deletions":7},"java":{"insertions":73,"deletions":4}}},{"hash":"9651436dad63a301ddeb3ab66ad6909179d7cd23","messageTitle":"Add Find functionality","messageBody":"","tags":["Level-9"],"fileTypesAndContributionMap":{"java":{"insertions":52,"deletions":1}}},{"hash":"f8ff24d61cf0dbf7352554575fcbd7dfa15ba402","messageTitle":"Add JavaDoc comments","messageBody":"","tags":["A-JavaDoc"],"fileTypesAndContributionMap":{"java":{"insertions":128,"deletions":5}}},{"hash":"758e44e68727c2599ae3d1d5030fda5b394a352a","messageTitle":"Tweak the code to comply with coding standard","messageBody":"","fileTypesAndContributionMap":{"java":{"insertions":7,"deletions":0}}}]},{"date":"2021-09-03","commitResults":[{"hash":"bb74f4b62c8dcbb86639dacac413ccce50b1fb51","messageTitle":"Fix issues raised by Peer Review","messageBody":"","fileTypesAndContributionMap":{"txt":{"insertions":1,"deletions":0},"java":{"insertions":40,"deletions":23}}}]}]},"authorFileTypeContributionMap":{"luodan01":{"java":896,"md":0,"fxml":0,"sh":0,"bat":0,"gradle":0,"txt":14}},"authorContributionVariance":{"luodan01":35432.332},"authorDisplayNameMap":{"luodan01":"CS2103T-T10-4 LUO .. DAN"}}
