[{"path":"src/main/java/Duke.java","fileType":"java","lines":[{"lineNumber":1,"author":{"gitId":"erwinqxy"},"content":"import java.util.*;","lastModifiedDate":"2021-08-16"},{"lineNumber":2,"author":{"gitId":"erwinqxy"},"content":"","lastModifiedDate":"2021-08-16"},{"lineNumber":3,"author":{"gitId":"-"},"content":"public class Duke {","lastModifiedDate":"2019-07-29"},{"lineNumber":4,"author":{"gitId":"erwinqxy"},"content":"","lastModifiedDate":"2021-08-16"},{"lineNumber":5,"author":{"gitId":"-"},"content":"    public static void main(String[] args) {","lastModifiedDate":"2019-07-29"},{"lineNumber":6,"author":{"gitId":"erwinqxy"},"content":"        //To do list storage DS","lastModifiedDate":"2021-08-16"},{"lineNumber":7,"author":{"gitId":"erwinqxy"},"content":"        ArrayList\u003cTask\u003e toDo \u003d new ArrayList\u003c\u003e();","lastModifiedDate":"2021-08-16"},{"lineNumber":8,"author":{"gitId":"erwinqxy"},"content":"","lastModifiedDate":"2021-08-16"},{"lineNumber":9,"author":{"gitId":"erwinqxy"},"content":"        // Some String format","lastModifiedDate":"2021-08-16"},{"lineNumber":10,"author":{"gitId":"-"},"content":"        String logo \u003d \" ____        _        \\n\"","lastModifiedDate":"2019-07-29"},{"lineNumber":11,"author":{"gitId":"-"},"content":"                + \"|  _ \\\\ _   _| | _____ \\n\"","lastModifiedDate":"2019-07-29"},{"lineNumber":12,"author":{"gitId":"-"},"content":"                + \"| | | | | | | |/ / _ \\\\\\n\"","lastModifiedDate":"2019-07-29"},{"lineNumber":13,"author":{"gitId":"-"},"content":"                + \"| |_| | |_| |   \u003c  __/\\n\"","lastModifiedDate":"2019-07-29"},{"lineNumber":14,"author":{"gitId":"-"},"content":"                + \"|____/ \\\\__,_|_|\\\\_\\\\___|\\n\";","lastModifiedDate":"2019-07-29"},{"lineNumber":15,"author":{"gitId":"erwinqxy"},"content":"","lastModifiedDate":"2021-08-16"},{"lineNumber":16,"author":{"gitId":"erwinqxy"},"content":"        String start \u003d \"____________________________________________________________\\n\";","lastModifiedDate":"2021-08-16"},{"lineNumber":17,"author":{"gitId":"erwinqxy"},"content":"        String end \u003d \"____________________________________________________________\";","lastModifiedDate":"2021-08-16"},{"lineNumber":18,"author":{"gitId":"erwinqxy"},"content":"        String welcome \u003d \"Hello! I\u0027m Duke. A friendly chatbot!! :)\\n\" +","lastModifiedDate":"2021-08-16"},{"lineNumber":19,"author":{"gitId":"erwinqxy"},"content":"                    \"What can I do for you?\\n\";","lastModifiedDate":"2021-08-16"},{"lineNumber":20,"author":{"gitId":"erwinqxy"},"content":"        String end_message \u003d \"Bye. I hope to talk to you again soon! :)\";","lastModifiedDate":"2021-08-16"},{"lineNumber":21,"author":{"gitId":"erwinqxy"},"content":"        String prompt_message \u003d \"Add to-do list ({input})/ View list (list) / Complete task (done {input}) / End (bye) :\";","lastModifiedDate":"2021-08-18"},{"lineNumber":22,"author":{"gitId":"erwinqxy"},"content":"","lastModifiedDate":"2021-08-16"},{"lineNumber":23,"author":{"gitId":"erwinqxy"},"content":"        //Print welcome message to the user","lastModifiedDate":"2021-08-16"},{"lineNumber":24,"author":{"gitId":"erwinqxy"},"content":"        System.out.println(start + logo + \"\\n\" +  welcome + end);","lastModifiedDate":"2021-08-18"},{"lineNumber":25,"author":{"gitId":"erwinqxy"},"content":"","lastModifiedDate":"2021-08-16"},{"lineNumber":26,"author":{"gitId":"erwinqxy"},"content":"        //Init new scanner to take in inputs","lastModifiedDate":"2021-08-16"},{"lineNumber":27,"author":{"gitId":"erwinqxy"},"content":"        Scanner s \u003d new Scanner(System.in);","lastModifiedDate":"2021-08-16"},{"lineNumber":28,"author":{"gitId":"erwinqxy"},"content":"        System.out.println(prompt_message);","lastModifiedDate":"2021-08-18"},{"lineNumber":29,"author":{"gitId":"erwinqxy"},"content":"        String input \u003d s.nextLine();","lastModifiedDate":"2021-08-16"},{"lineNumber":30,"author":{"gitId":"erwinqxy"},"content":"        Task t \u003d new Task(input);","lastModifiedDate":"2021-08-16"},{"lineNumber":31,"author":{"gitId":"erwinqxy"},"content":"","lastModifiedDate":"2021-08-16"},{"lineNumber":32,"author":{"gitId":"erwinqxy"},"content":"        //A loop to check for bye. Else will echo the users input","lastModifiedDate":"2021-08-16"},{"lineNumber":33,"author":{"gitId":"erwinqxy"},"content":"        while (!input.equals(\"bye\")) {","lastModifiedDate":"2021-08-16"},{"lineNumber":34,"author":{"gitId":"erwinqxy"},"content":"            if (!input.equals(\"list\") \u0026\u0026 !input.contains(\"done\")) {","lastModifiedDate":"2021-08-16"},{"lineNumber":35,"author":{"gitId":"erwinqxy"},"content":"                System.out.println(start + \"added: \" + input + \"\\n\" + end);","lastModifiedDate":"2021-08-16"},{"lineNumber":36,"author":{"gitId":"erwinqxy"},"content":"                toDo.add(t);","lastModifiedDate":"2021-08-16"},{"lineNumber":37,"author":{"gitId":"erwinqxy"},"content":"                System.out.println(prompt_message);","lastModifiedDate":"2021-08-18"},{"lineNumber":38,"author":{"gitId":"erwinqxy"},"content":"                input \u003d s.nextLine();","lastModifiedDate":"2021-08-16"},{"lineNumber":39,"author":{"gitId":"erwinqxy"},"content":"                t \u003d new Task(input);","lastModifiedDate":"2021-08-16"},{"lineNumber":40,"author":{"gitId":"erwinqxy"},"content":"            }","lastModifiedDate":"2021-08-16"},{"lineNumber":41,"author":{"gitId":"erwinqxy"},"content":"","lastModifiedDate":"2021-08-16"},{"lineNumber":42,"author":{"gitId":"erwinqxy"},"content":"            else if (input.contains(\"done\")) {","lastModifiedDate":"2021-08-16"},{"lineNumber":43,"author":{"gitId":"erwinqxy"},"content":"                System.out.println(\"Nice! I\u0027ve marked this task as done: \");","lastModifiedDate":"2021-08-16"},{"lineNumber":44,"author":{"gitId":"erwinqxy"},"content":"                int i \u003d Integer.valueOf(input.substring(5));","lastModifiedDate":"2021-08-16"},{"lineNumber":45,"author":{"gitId":"erwinqxy"},"content":"                toDo.get((int) i - 1).markAsDone();","lastModifiedDate":"2021-08-16"},{"lineNumber":46,"author":{"gitId":"erwinqxy"},"content":"                String res \u003d (i) + \". \" + toDo.get(i-1).toString();","lastModifiedDate":"2021-08-16"},{"lineNumber":47,"author":{"gitId":"erwinqxy"},"content":"                System.out.println(res);","lastModifiedDate":"2021-08-16"},{"lineNumber":48,"author":{"gitId":"erwinqxy"},"content":"                System.out.println(prompt_message);","lastModifiedDate":"2021-08-18"},{"lineNumber":49,"author":{"gitId":"erwinqxy"},"content":"                input \u003d s.nextLine();","lastModifiedDate":"2021-08-16"},{"lineNumber":50,"author":{"gitId":"erwinqxy"},"content":"                t \u003d new Task(input);","lastModifiedDate":"2021-08-16"},{"lineNumber":51,"author":{"gitId":"erwinqxy"},"content":"            }","lastModifiedDate":"2021-08-16"},{"lineNumber":52,"author":{"gitId":"erwinqxy"},"content":"","lastModifiedDate":"2021-08-16"},{"lineNumber":53,"author":{"gitId":"erwinqxy"},"content":"            else if (input.equals(\"list\")) {","lastModifiedDate":"2021-08-16"},{"lineNumber":54,"author":{"gitId":"erwinqxy"},"content":"                //print the list in order","lastModifiedDate":"2021-08-16"},{"lineNumber":55,"author":{"gitId":"erwinqxy"},"content":"                System.out.println(end);","lastModifiedDate":"2021-08-16"},{"lineNumber":56,"author":{"gitId":"erwinqxy"},"content":"                System.out.println(\"Your to-do list:\");","lastModifiedDate":"2021-08-16"},{"lineNumber":57,"author":{"gitId":"erwinqxy"},"content":"                for (int i \u003d 0; i \u003c toDo.size(); i++) {","lastModifiedDate":"2021-08-16"},{"lineNumber":58,"author":{"gitId":"erwinqxy"},"content":"                    String res \u003d (i + 1) + \". \" + toDo.get(i).toString();","lastModifiedDate":"2021-08-16"},{"lineNumber":59,"author":{"gitId":"erwinqxy"},"content":"                    System.out.println(res);","lastModifiedDate":"2021-08-16"},{"lineNumber":60,"author":{"gitId":"erwinqxy"},"content":"                }","lastModifiedDate":"2021-08-16"},{"lineNumber":61,"author":{"gitId":"erwinqxy"},"content":"                System.out.println(end);","lastModifiedDate":"2021-08-16"},{"lineNumber":62,"author":{"gitId":"erwinqxy"},"content":"                System.out.println(prompt_message);","lastModifiedDate":"2021-08-18"},{"lineNumber":63,"author":{"gitId":"erwinqxy"},"content":"                input \u003d s.nextLine();","lastModifiedDate":"2021-08-16"},{"lineNumber":64,"author":{"gitId":"erwinqxy"},"content":"                t \u003d new Task(input);","lastModifiedDate":"2021-08-16"},{"lineNumber":65,"author":{"gitId":"erwinqxy"},"content":"            }","lastModifiedDate":"2021-08-16"},{"lineNumber":66,"author":{"gitId":"erwinqxy"},"content":"        }","lastModifiedDate":"2021-08-16"},{"lineNumber":67,"author":{"gitId":"erwinqxy"},"content":"","lastModifiedDate":"2021-08-16"},{"lineNumber":68,"author":{"gitId":"erwinqxy"},"content":"        //If the input is bye, return this message","lastModifiedDate":"2021-08-16"},{"lineNumber":69,"author":{"gitId":"erwinqxy"},"content":"        System.out.println(start + end_message + \"\\n\" + end);","lastModifiedDate":"2021-08-16"},{"lineNumber":70,"author":{"gitId":"erwinqxy"},"content":"        s.close();","lastModifiedDate":"2021-08-16"},{"lineNumber":71,"author":{"gitId":"-"},"content":"    }","lastModifiedDate":"2019-07-29"},{"lineNumber":72,"author":{"gitId":"-"},"content":"}","lastModifiedDate":"2019-07-29"}],"authorContributionMap":{"erwinqxy":63,"-":9}},{"path":"src/main/java/Task.java","fileType":"java","lines":[{"lineNumber":1,"author":{"gitId":"erwinqxy"},"content":"public class Task {","lastModifiedDate":"2021-08-16"},{"lineNumber":2,"author":{"gitId":"erwinqxy"},"content":"    protected String description;","lastModifiedDate":"2021-08-16"},{"lineNumber":3,"author":{"gitId":"erwinqxy"},"content":"    protected boolean isDone;","lastModifiedDate":"2021-08-16"},{"lineNumber":4,"author":{"gitId":"erwinqxy"},"content":"","lastModifiedDate":"2021-08-16"},{"lineNumber":5,"author":{"gitId":"erwinqxy"},"content":"    public Task(String description) {","lastModifiedDate":"2021-08-16"},{"lineNumber":6,"author":{"gitId":"erwinqxy"},"content":"        this.description \u003d description;","lastModifiedDate":"2021-08-16"},{"lineNumber":7,"author":{"gitId":"erwinqxy"},"content":"        this.isDone \u003d false;","lastModifiedDate":"2021-08-16"},{"lineNumber":8,"author":{"gitId":"erwinqxy"},"content":"    }","lastModifiedDate":"2021-08-16"},{"lineNumber":9,"author":{"gitId":"erwinqxy"},"content":"","lastModifiedDate":"2021-08-16"},{"lineNumber":10,"author":{"gitId":"erwinqxy"},"content":"    public String getStatusIcon() {","lastModifiedDate":"2021-08-16"},{"lineNumber":11,"author":{"gitId":"erwinqxy"},"content":"        return (isDone ? \"X\" : \" \"); // mark done task with X","lastModifiedDate":"2021-08-16"},{"lineNumber":12,"author":{"gitId":"erwinqxy"},"content":"    }","lastModifiedDate":"2021-08-16"},{"lineNumber":13,"author":{"gitId":"erwinqxy"},"content":"","lastModifiedDate":"2021-08-16"},{"lineNumber":14,"author":{"gitId":"erwinqxy"},"content":"    public void markAsDone() {","lastModifiedDate":"2021-08-16"},{"lineNumber":15,"author":{"gitId":"erwinqxy"},"content":"        this.isDone \u003d true;","lastModifiedDate":"2021-08-16"},{"lineNumber":16,"author":{"gitId":"erwinqxy"},"content":"    }","lastModifiedDate":"2021-08-16"},{"lineNumber":17,"author":{"gitId":"erwinqxy"},"content":"","lastModifiedDate":"2021-08-16"},{"lineNumber":18,"author":{"gitId":"erwinqxy"},"content":"    @Override","lastModifiedDate":"2021-08-16"},{"lineNumber":19,"author":{"gitId":"erwinqxy"},"content":"    public String toString() {","lastModifiedDate":"2021-08-16"},{"lineNumber":20,"author":{"gitId":"erwinqxy"},"content":"        return \"[\" + getStatusIcon() + \"] \" +  this.description;","lastModifiedDate":"2021-08-16"},{"lineNumber":21,"author":{"gitId":"erwinqxy"},"content":"    }","lastModifiedDate":"2021-08-16"},{"lineNumber":22,"author":{"gitId":"erwinqxy"},"content":"}","lastModifiedDate":"2021-08-16"}],"authorContributionMap":{"erwinqxy":22}}]
