{"authorDailyContributionsMap":{"erwinqxy":[{"date":"2021-08-16","commitResults":[{"hash":"d14aad0c9ac11259559bcd46608413cea9cfdc3f","messageTitle":"Level 1.01 - modified starting message","messageBody":"","fileTypesAndContributionMap":{"java":{"insertions":6,"deletions":1}}},{"hash":"1e8779812c7e5a3d65dd5fbf26613061f2501513","messageTitle":"Level-1 Completed","messageBody":"","tags":["Level-1"],"fileTypesAndContributionMap":{"java":{"insertions":26,"deletions":5}}},{"hash":"d0448691db78e57992bdb6e00ff83555e22600dd","messageTitle":"Level-2 Completed","messageBody":"","tags":["Level-2"],"fileTypesAndContributionMap":{"java":{"insertions":23,"deletions":2}}},{"hash":"0cad40c7d61c79ce57be52d31f05171089261345","messageTitle":"Complete Level-3","messageBody":"","tags":["Level-3"],"fileTypesAndContributionMap":{"java":{"insertions":43,"deletions":7}}}]},{"date":"2021-08-18","commitResults":[{"hash":"adacfcc576a858ae42b914d3cbe88c76ce28019a","messageTitle":"Push to check tags","messageBody":"","fileTypesAndContributionMap":{"java":{"insertions":6,"deletions":5}}}]},{"date":"2021-08-19","commitResults":[{"hash":"6768850c2da804e491d6ee9b42d1049945e64acf","messageTitle":"Encapsulate Duke in functions","messageBody":"","fileTypesAndContributionMap":{"java":{"insertions":65,"deletions":50}}},{"hash":"30eef8f1f7e6d0d422efa7871f5978d9e9fc9bcf","messageTitle":"added todo, events, deadline","messageBody":"","tags":["Level-4"],"fileTypesAndContributionMap":{"java":{"insertions":67,"deletions":9}}},{"hash":"12b390a28411a6c34742ef8bff36def0d86d6b07","messageTitle":"added Automated Text UI Testing","messageBody":"","tags":["A-TextUiTesting"],"fileTypesAndContributionMap":{"txt":{"insertions":16,"deletions":0},"java":{"insertions":1,"deletions":1}}},{"hash":"2fd2b0eca4f51b4841b733fc4906a43abded3078","messageTitle":"handle errors todo and invalid inputs","messageBody":"","tags":["Level-5"],"fileTypesAndContributionMap":{"java":{"insertions":30,"deletions":15}}},{"hash":"6c3c2fa263082d2aa0328eed2fb002de073df075","messageTitle":"updated input, expected","messageBody":"","fileTypesAndContributionMap":{"txt":{"insertions":2,"deletions":0}}},{"hash":"115173c404e8472adfff7cd9bba653cdff05af45","messageTitle":"added delete","messageBody":"","tags":["Level-6"],"fileTypesAndContributionMap":{"java":{"insertions":12,"deletions":0}}}]},{"date":"2021-08-24","commitResults":[{"hash":"fa8bedd42351791632059dd52f5b5795737f72aa","messageTitle":"Encapsulate Bye Message","messageBody":"","fileTypesAndContributionMap":{"txt":{"insertions":4,"deletions":0},"java":{"insertions":49,"deletions":44}}}]},{"date":"2021-08-25","commitResults":[{"hash":"62e4bc0ec3c8edcf8288bf553769ecb20d3dc119","messageTitle":"Implement load local file data","messageBody":"","fileTypesAndContributionMap":{"txt":{"insertions":4,"deletions":4},"java":{"insertions":43,"deletions":0}}},{"hash":"9a6b9dc6087e110d4c97df9d3f1b5099f0c6220f","messageTitle":"Add writing file func for todo, event and deadline","messageBody":"","fileTypesAndContributionMap":{"txt":{"insertions":6,"deletions":3},"java":{"insertions":57,"deletions":14}}},{"hash":"877c0ccc4c70c4e83a696f3cea7ac3d40e79c26b","messageTitle":"Complete Level-7","messageBody":"","tags":["Level-7"],"fileTypesAndContributionMap":{"txt":{"insertions":5,"deletions":4},"java":{"insertions":34,"deletions":30}}},{"hash":"103f8c7bd02ba39c31a41778a0307b9e6786299f","messageTitle":"Troublshoot merge conflict","messageBody":"","fileTypesAndContributionMap":{"java":{"insertions":24,"deletions":9}}},{"hash":"26a50ed444da76d55ea9f576075379aba8e83228","messageTitle":"Fix datetime input error in Duke.txt","messageBody":"","fileTypesAndContributionMap":{"txt":{"insertions":4,"deletions":4}}},{"hash":"0975006ce4e9d4e42da1e54a0c718dcbb4606191","messageTitle":"Add new Storage class","messageBody":"","fileTypesAndContributionMap":{"java":{"insertions":77,"deletions":56}}}]},{"date":"2021-08-26","commitResults":[{"hash":"7b2fcca20b8bf6b05ca4e163e0cb33b324c412a6","messageTitle":"Create Ui, Parser, Storage, TaskList classes","messageBody":"","tags":["A-MoreOOP"],"fileTypesAndContributionMap":{"txt":{"insertions":2,"deletions":0},"java":{"insertions":343,"deletions":175}}},{"hash":"127f4bc4a98f198a09acdc5ab22d033b7e203afe","messageTitle":"Create duke package","messageBody":"","tags":["A-Packages"],"fileTypesAndContributionMap":{"java":{"insertions":33,"deletions":23},"bat":{"insertions":1,"deletions":1},"md":{"insertions":2,"deletions":2}}},{"hash":"95e0f025ac05c0794155ff0791d045751514b0c9","messageTitle":"Add javadocs for Deadline","messageBody":"","fileTypesAndContributionMap":{"java":{"insertions":18,"deletions":0}}},{"hash":"195fe729046a709d9049f35bd1ddf1c77cf79fbe","messageTitle":"Add Javadocs for Deadline","messageBody":"","fileTypesAndContributionMap":{"java":{"insertions":18,"deletions":0}}},{"hash":"90139739e5dab0ce586fc3c53140caa3e805354a","messageTitle":"Add javadocs for Duke","messageBody":"","fileTypesAndContributionMap":{"java":{"insertions":47,"deletions":0}}},{"hash":"bf4311e7740ed95a57a1541312b15c18b2ac7c14","messageTitle":"Add JavaDocs for DukeException","messageBody":"","fileTypesAndContributionMap":{"java":{"insertions":3,"deletions":0}}},{"hash":"6f4d880d3d6c55a92139212d53249aa5347ebab4","messageTitle":"Add JavaDoc for Event class","messageBody":"","fileTypesAndContributionMap":{"java":{"insertions":22,"deletions":1}}},{"hash":"b97dde888169ac921e10665fe3180833b7f6f9b1","messageTitle":"Added Javadocs to ToDo class","messageBody":"","fileTypesAndContributionMap":{"java":{"insertions":21,"deletions":3}}},{"hash":"cfcae6308b4a11a6d67f9277e15e652cc04d6f22","messageTitle":"Add JavaDocs for Parser","messageBody":"","fileTypesAndContributionMap":{"java":{"insertions":14,"deletions":1}}},{"hash":"6250ede316bead21be90e0e7963fa40ba51a2d1a","messageTitle":"Create a JAR File","messageBody":"","tags":["A-Jar"],"fileTypesAndContributionMap":{"java":{"insertions":18,"deletions":3}}},{"hash":"58b340fdcf6a18ad268cecb43075a7e3c32597d3","messageTitle":"Add JUnit Tests","messageBody":"","tags":["A-JUnit"],"fileTypesAndContributionMap":{"java":{"insertions":57,"deletions":1}}},{"hash":"338cdf55912a508ef08ab11e875318e112973723","messageTitle":"Follow the Coding Standard","messageBody":"","tags":["A-CodingStandard"],"fileTypesAndContributionMap":{"java":{"insertions":12,"deletions":6}}},{"hash":"ef64315a398fde4713cf7d53b456467a37745cc8","messageTitle":"Revert \"Follow the Coding Standard\"","messageBody":"This reverts commit 338cdf55912a508ef08ab11e875318e112973723.\n","fileTypesAndContributionMap":{"java":{"insertions":6,"deletions":12}}},{"hash":"30fa1465c0aeab263842f7b481eac46ff282b062","messageTitle":"Update DukeTest.java","messageBody":"","fileTypesAndContributionMap":{"java":{"insertions":0,"deletions":1}}},{"hash":"ee2520a90e30351244279b713df7d21344f834b3","messageTitle":"Added Find method","messageBody":"","fileTypesAndContributionMap":{"java":{"insertions":16,"deletions":0}}},{"hash":"0b42c649741e0f4848868edc98c2061ad6a47d08","messageTitle":"Add JavaDocs for Storage, Task, TaskList and Ui classes","messageBody":"","fileTypesAndContributionMap":{"java":{"insertions":122,"deletions":74}}}]},{"date":"2021-08-27","commitResults":[{"hash":"3d91606bbff8cfb160327953d7f4c59eb5c4a12e","messageTitle":"Update Coding Standards","messageBody":"","fileTypesAndContributionMap":{"txt":{"insertions":1,"deletions":0},"java":{"insertions":14,"deletions":7}}},{"hash":"b5423c90adfac20dc1412929f53d9622933ee379","messageTitle":"Update duke.txt","messageBody":"","fileTypesAndContributionMap":{"txt":{"insertions":1,"deletions":0}}},{"hash":"57b0ecfb26796cbcb525db803375312d2303dc42","messageTitle":"Add Javadocs for Duke.java","messageBody":"","fileTypesAndContributionMap":{"java":{"insertions":9,"deletions":0}}}]},{"date":"2021-09-02","commitResults":[{"hash":"10e2a97bd83d495856107bf5e3139a49fe82bfd6","messageTitle":"Add a GUI to Duke","messageBody":"","tags":["Level-10"],"fileTypesAndContributionMap":{"gradle":{"insertions":18,"deletions":1},"txt":{"insertions":1,"deletions":4},"fxml":{"insertions":35,"deletions":0},"java":{"insertions":262,"deletions":67}}}]},{"date":"2021-09-06","commitResults":[{"hash":"92af4ea27c97770edaa325ae054394aeec225f7b","messageTitle":"Fix spacing issues","messageBody":"","fileTypesAndContributionMap":{"txt":{"insertions":2,"deletions":2},"fxml":{"insertions":2,"deletions":2},"java":{"insertions":9,"deletions":11}}},{"hash":"730161ab1b909211a1d35f5fc66f6004f808736f","messageTitle":"Fix spacing issues","messageBody":"","fileTypesAndContributionMap":{"txt":{"insertions":0,"deletions":3},"java":{"insertions":2,"deletions":3}}},{"hash":"b42ca2992e4c64b517be7f7451d2a1534faba509","messageTitle":"Fix spacing","messageBody":"","fileTypesAndContributionMap":{"txt":{"insertions":2,"deletions":0},"java":{"insertions":2,"deletions":2}}},{"hash":"efd741367cf372b60a62f0a78e1273b2d8a14f18","messageTitle":"Fix spacing","messageBody":"","fileTypesAndContributionMap":{"txt":{"insertions":2,"deletions":3},"java":{"insertions":9,"deletions":9}}},{"hash":"1e56e875f10ac551ffb1b57856e24b40b92722bd","messageTitle":"Add error handling","messageBody":"","fileTypesAndContributionMap":{"java":{"insertions":30,"deletions":7}}},{"hash":"593f5aa56282f2a0625385f43aef768b2ba925b0","messageTitle":"Add error handling","messageBody":"","fileTypesAndContributionMap":{"java":{"insertions":21,"deletions":3}}},{"hash":"9eef3ca3993cfe35ea267fdec55f56886e06555c","messageTitle":"Update Ui.java","messageBody":"Remove irrelevant code.\n\nTo improve on quality of code.\n","tags":["A-FullCommitMessage"],"fileTypesAndContributionMap":{"java":{"insertions":1,"deletions":31}}},{"hash":"44a829d9484b19af2111e2676d3261c222fa320f","messageTitle":"Update Parser.java","messageBody":"Use assert feature (not JUnit assertions) to document important assumptions that should hold at various points in the code in Parser\n","fileTypesAndContributionMap":{"java":{"insertions":8,"deletions":0}}},{"hash":"597fc31d18cf01004482fb2cbfba7125999c2404","messageTitle":"Fix code quality for tasks","messageBody":"Clean up the code quality of tasks.\nTo improve readability.\n","fileTypesAndContributionMap":{"java":{"insertions":2,"deletions":3}}},{"hash":"cbc0d8a949d8676eb60f1170ec8dbaef81173b80","messageTitle":"Fix code quality","messageBody":"","fileTypesAndContributionMap":{"java":{"insertions":1,"deletions":5}}}]},{"date":"2021-09-07","commitResults":[{"hash":"ff051a2e8e208c25e91b7911650d147cf859fd44","messageTitle":"Add start up message for GUI","messageBody":"","fileTypesAndContributionMap":{"java":{"insertions":11,"deletions":3}}},{"hash":"4ada542ca74743cc0929165d5931c00dac89d588","messageTitle":"Update DialogBox.fxml","messageBody":"","fileTypesAndContributionMap":{"fxml":{"insertions":1,"deletions":1}}},{"hash":"6bd6ca0f6a36b751def121692cbd9df0bab3a33c","messageTitle":"Update image","messageBody":"","fileTypesAndContributionMap":{"fxml":{"insertions":1,"deletions":1}}}]},{"date":"2021-09-09","commitResults":[{"hash":"44fbbd8b7c943827348a4b2683b01c5c96f07105","messageTitle":"Add C-DetectDuplicates","messageBody":"","tags":["C-DetectDuplicates"],"fileTypesAndContributionMap":{"java":{"insertions":10,"deletions":3}}},{"hash":"8df931509ef8690c6f28e2c3674d4cffb2ee9a6c","messageTitle":"Update TaskList.java","messageBody":"","fileTypesAndContributionMap":{"java":{"insertions":1,"deletions":1}}},{"hash":"c2bed3f4a0e123931fa9007940f0554b37759e86","messageTitle":"Update duke.txt","messageBody":"","fileTypesAndContributionMap":{"txt":{"insertions":1,"deletions":0}}},{"hash":"5483dd902ee89d24e7b9867007c677e8db244295","messageTitle":"Update TaskList.java","messageBody":"","fileTypesAndContributionMap":{"java":{"insertions":0,"deletions":1}}}]},{"date":"2021-09-16","commitResults":[{"hash":"bc9c7d9e16411e32d82d16bd62c4a7b407255e7b","messageTitle":"Improve GUI","messageBody":"","fileTypesAndContributionMap":{"txt":{"insertions":0,"deletions":2},"fxml":{"insertions":12,"deletions":8},"java":{"insertions":14,"deletions":15}}},{"hash":"c5e706fcaf49fe260d13dd06daaf08e76b9784db","messageTitle":"Update GUI","messageBody":"","fileTypesAndContributionMap":{"fxml":{"insertions":15,"deletions":11},"java":{"insertions":1,"deletions":1}}}]}]},"authorFileTypeContributionMap":{"erwinqxy":{"java":972,"md":2,"fxml":43,"sh":0,"bat":1,"gradle":18,"txt":23}},"authorContributionVariance":{"erwinqxy":35075.785},"authorDisplayNameMap":{"erwinqxy":"CS2103-F09-3 QUEK..RWIN"}}
