{"authorDailyContributionsMap":{"erwinqxy":[{"date":"2021-08-16","commitResults":[{"hash":"d14aad0c9ac11259559bcd46608413cea9cfdc3f","messageTitle":"Level 1.01 - modified starting message","messageBody":"","fileTypesAndContributionMap":{"java":{"insertions":6,"deletions":1}}},{"hash":"1e8779812c7e5a3d65dd5fbf26613061f2501513","messageTitle":"Level-1 Completed","messageBody":"","tags":["Level-1"],"fileTypesAndContributionMap":{"java":{"insertions":26,"deletions":5}}},{"hash":"d0448691db78e57992bdb6e00ff83555e22600dd","messageTitle":"Level-2 Completed","messageBody":"","tags":["Level-2"],"fileTypesAndContributionMap":{"java":{"insertions":23,"deletions":2}}},{"hash":"0cad40c7d61c79ce57be52d31f05171089261345","messageTitle":"Complete Level-3","messageBody":"","tags":["Level-3"],"fileTypesAndContributionMap":{"java":{"insertions":43,"deletions":7}}}]},{"date":"2021-08-18","commitResults":[{"hash":"adacfcc576a858ae42b914d3cbe88c76ce28019a","messageTitle":"Push to check tags","messageBody":"","fileTypesAndContributionMap":{"java":{"insertions":6,"deletions":5}}}]},{"date":"2021-08-19","commitResults":[{"hash":"6768850c2da804e491d6ee9b42d1049945e64acf","messageTitle":"Encapsulate Duke in functions","messageBody":"","fileTypesAndContributionMap":{"java":{"insertions":65,"deletions":50}}},{"hash":"30eef8f1f7e6d0d422efa7871f5978d9e9fc9bcf","messageTitle":"added todo, events, deadline","messageBody":"","tags":["Level-4"],"fileTypesAndContributionMap":{"java":{"insertions":67,"deletions":9}}},{"hash":"12b390a28411a6c34742ef8bff36def0d86d6b07","messageTitle":"added Automated Text UI Testing","messageBody":"","tags":["A-TextUiTesting"],"fileTypesAndContributionMap":{"txt":{"insertions":16,"deletions":0},"java":{"insertions":1,"deletions":1}}},{"hash":"2fd2b0eca4f51b4841b733fc4906a43abded3078","messageTitle":"handle errors todo and invalid inputs","messageBody":"","tags":["Level-5"],"fileTypesAndContributionMap":{"java":{"insertions":30,"deletions":15}}},{"hash":"6c3c2fa263082d2aa0328eed2fb002de073df075","messageTitle":"updated input, expected","messageBody":"","fileTypesAndContributionMap":{"txt":{"insertions":2,"deletions":0}}},{"hash":"115173c404e8472adfff7cd9bba653cdff05af45","messageTitle":"added delete","messageBody":"","tags":["Level-6"],"fileTypesAndContributionMap":{"java":{"insertions":12,"deletions":0}}}]},{"date":"2021-08-24","commitResults":[{"hash":"fa8bedd42351791632059dd52f5b5795737f72aa","messageTitle":"Encapsulate Bye Message","messageBody":"","fileTypesAndContributionMap":{"txt":{"insertions":4,"deletions":0},"java":{"insertions":49,"deletions":44}}}]},{"date":"2021-08-25","commitResults":[{"hash":"62e4bc0ec3c8edcf8288bf553769ecb20d3dc119","messageTitle":"Implement load local file data","messageBody":"","fileTypesAndContributionMap":{"txt":{"insertions":4,"deletions":4},"java":{"insertions":43,"deletions":0}}},{"hash":"9a6b9dc6087e110d4c97df9d3f1b5099f0c6220f","messageTitle":"Add writing file func for todo, event and deadline","messageBody":"","fileTypesAndContributionMap":{"txt":{"insertions":6,"deletions":3},"java":{"insertions":57,"deletions":14}}},{"hash":"877c0ccc4c70c4e83a696f3cea7ac3d40e79c26b","messageTitle":"Complete Level-7","messageBody":"","tags":["Level-7"],"fileTypesAndContributionMap":{"txt":{"insertions":5,"deletions":4},"java":{"insertions":34,"deletions":30}}},{"hash":"103f8c7bd02ba39c31a41778a0307b9e6786299f","messageTitle":"Troublshoot merge conflict","messageBody":"","fileTypesAndContributionMap":{"java":{"insertions":24,"deletions":9}}},{"hash":"26a50ed444da76d55ea9f576075379aba8e83228","messageTitle":"Fix datetime input error in Duke.txt","messageBody":"","fileTypesAndContributionMap":{"txt":{"insertions":4,"deletions":4}}},{"hash":"0975006ce4e9d4e42da1e54a0c718dcbb4606191","messageTitle":"Add new Storage class","messageBody":"","fileTypesAndContributionMap":{"java":{"insertions":77,"deletions":56}}}]},{"date":"2021-08-26","commitResults":[{"hash":"7b2fcca20b8bf6b05ca4e163e0cb33b324c412a6","messageTitle":"Create Ui, Parser, Storage, TaskList classes","messageBody":"","tags":["A-MoreOOP"],"fileTypesAndContributionMap":{"txt":{"insertions":2,"deletions":0},"java":{"insertions":343,"deletions":175}}},{"hash":"127f4bc4a98f198a09acdc5ab22d033b7e203afe","messageTitle":"Create duke package","messageBody":"","tags":["A-Packages"],"fileTypesAndContributionMap":{"java":{"insertions":33,"deletions":23},"bat":{"insertions":1,"deletions":1},"md":{"insertions":2,"deletions":2}}},{"hash":"6250ede316bead21be90e0e7963fa40ba51a2d1a","messageTitle":"Create a JAR File","messageBody":"","fileTypesAndContributionMap":{"java":{"insertions":18,"deletions":3}}}]}]},"authorFileTypeContributionMap":{"erwinqxy":{"java":516,"md":2,"fxml":0,"sh":0,"bat":1,"gradle":0,"txt":28}},"authorContributionVariance":{"erwinqxy":26698.111},"authorDisplayNameMap":{"erwinqxy":"QUEK..RWIN"}}
