{"authorDailyContributionsMap":{"Joel-Sung":[{"date":"2021-08-21","commitResults":[{"hash":"dba8b7ceedc69b1ecf167cc66cdb4fe6c1abbd9f","messageTitle":"Add greeting, echo, exit features to Duke","messageBody":"","tags":["Level-1"],"fileTypesAndContributionMap":{"java":{"insertions":32,"deletions":6}}},{"hash":"957392122d1e6d823360b7a65a564dd6ba4c0b58","messageTitle":"Add list feature to Duke","messageBody":"Prints the text saved by Duke.\n","tags":["Level-2"],"fileTypesAndContributionMap":{"java":{"insertions":33,"deletions":10}}},{"hash":"a493964b336f82cf9b436d81652f41f239065eba","messageTitle":"Add Task.java and complete task feature to Duke","messageBody":"Duke now saves tasks and can indicate task completion.\n","tags":["Level-3"],"fileTypesAndContributionMap":{"java":{"insertions":52,"deletions":7}}},{"hash":"7f8d8f94023cf77f443a664508925a21d00efdfc","messageTitle":"Add Deadline.java, Event.java, ToDo.java,","messageBody":"Created new types of Tasks.\n","tags":["Level-4"],"fileTypesAndContributionMap":{"java":{"insertions":114,"deletions":40}}},{"hash":"98da4c704c77841ff696849d7a1708ec15ef3a9d","messageTitle":"Add Duke exception classes and change exception handling in Duke","messageBody":"Makes exception handling unique to Duke and more concise.\n","tags":["Level-5"],"fileTypesAndContributionMap":{"java":{"insertions":127,"deletions":68}}},{"hash":"626cec24c9f975e86e3ca4f147c44436e994eb40","messageTitle":"Add delete task feature to Duke","messageBody":"","tags":["Level-6"],"fileTypesAndContributionMap":{"java":{"insertions":13,"deletions":0}}},{"hash":"9b138908e4fc54595ecba480bb277a37ef7c77ca","messageTitle":"Add text UI testing that checks Duke\u0027s output","messageBody":"","fileTypesAndContributionMap":{"txt":{"insertions":17,"deletions":0},"java":{"insertions":1,"deletions":1},"bat":{"insertions":2,"deletions":2}}},{"hash":"5e90438c15823a98a0d5fd4a49ec72419454d579","messageTitle":"Add packages","messageBody":"Organized files into packages.\n","fileTypesAndContributionMap":{"java":{"insertions":24,"deletions":0}}},{"hash":"0b613b3eb0899fad05f7764af1a8babdf05070bf","messageTitle":"Add common function to add task to task list","messageBody":"Makes code easier to change.\n","fileTypesAndContributionMap":{"java":{"insertions":77,"deletions":59},"bat":{"insertions":1,"deletions":1}}},{"hash":"5b42839e09c8c16f5f0f176c254fed6484bb1a75","messageTitle":"Add save feature to Duke","messageBody":"Task list is written to taskList.txt after Duke session is closed.\n\nEdit text-ui-test to fit the new changes.\n","tags":["Level-7"],"fileTypesAndContributionMap":{"txt":{"insertions":12,"deletions":0},"java":{"insertions":88,"deletions":32},"bat":{"insertions":6,"deletions":2}}},{"hash":"fb298add5c03b994f0c22b6e592f825dfbcfea3e","messageTitle":"Add date feature to Duke","messageBody":"Duke can now recognize dates.\n\nEdit text-ui-test to test new features.\n","tags":["Level-8-Minimal"],"fileTypesAndContributionMap":{"txt":{"insertions":3,"deletions":15},"java":{"insertions":75,"deletions":36},"bat":{"insertions":4,"deletions":2}}}]},{"date":"2021-08-22","commitResults":[{"hash":"69a9515d1c08d9936b91e1024a2da1f585c7e0eb","messageTitle":"Add date command to Duke to see which tasks are happening on that date","messageBody":"Edit text-ui-test to test for this feature.\n","fileTypesAndContributionMap":{"txt":{"insertions":7,"deletions":1},"java":{"insertions":85,"deletions":47}}},{"hash":"12df19e606c3b20641842abadba6310609e39560","messageTitle":"Add time feature to Duke","messageBody":"Duke is now able to recognize time. Add time to Deadline task and startTime and endTime to Event task.\n\nEdit text-ui-test to test this feature.\n","tags":["Level-8"],"fileTypesAndContributionMap":{"txt":{"insertions":6,"deletions":6},"java":{"insertions":127,"deletions":25}}}]},{"date":"2021-08-23","commitResults":[{"hash":"a7c0464fc086804dd4eaf7c536348e670adbf559","messageTitle":"Add more classes to handle the various features of Duke","messageBody":"Change runtest.bat to handle new classes.\n","tags":["A-Packages","A-MoreOOP"],"fileTypesAndContributionMap":{"txt":{"insertions":10,"deletions":4},"java":{"insertions":518,"deletions":305},"bat":{"insertions":6,"deletions":2}}},{"hash":"ff7df364e82a787493958e1d86926e1f15f08e12","messageTitle":"Add JUnit tests for Storage and TaskList","messageBody":"","tags":["v1.0","A-JUnit"],"fileTypesAndContributionMap":{"java":{"insertions":83,"deletions":3}}},{"hash":"c425067f87d7c12ddd8e5c305b200e81de88260e","messageTitle":"Add META file to create JAR file","messageBody":"Fix some bugs.\n","tags":["A-Jar"],"fileTypesAndContributionMap":{"java":{"insertions":2,"deletions":2}}},{"hash":"2356f5e0452d80eec0f8d71747c35d7ef65285ce","messageTitle":"Add JavaDocs","messageBody":"","tags":["A-JavaDoc"],"fileTypesAndContributionMap":{"java":{"insertions":279,"deletions":2}}},{"hash":"a423c0a44a0ea024aadb3c14733595b3e0370482","messageTitle":"Tweak the code to comply with a coding standard","messageBody":"","tags":["A-CodingStandard"],"fileTypesAndContributionMap":{"java":{"insertions":97,"deletions":84}}},{"hash":"1bb7792f993737f6cb1e48d58d5c60bfe8f8ee6f","messageTitle":"Add find feature to Duke","messageBody":"Fix a bug where day values \u003c 10 in date strings stored without preceding 0.\n\nEdit text-ui-test to test find feature.\n","tags":["Level-9"],"fileTypesAndContributionMap":{"txt":{"insertions":2,"deletions":0},"java":{"insertions":34,"deletions":1}}}]},{"date":"2021-08-28","commitResults":[{"hash":"a91e0369aa48abaa201f4a563ac1d4c60d68b6ce","messageTitle":"Add gradle into project","messageBody":"Now able to run Duke and unit tests from Gradle.\n","tags":["branch-A-Gradle"],"fileTypesAndContributionMap":{"gradle":{"insertions":1,"deletions":1},"txt":{"insertions":1,"deletions":0},"java":{"insertions":4,"deletions":7}}}]},{"date":"2021-08-30","commitResults":[{"hash":"9d571d0c1b4fe30356237e887f47ddd36da806d4","messageTitle":"Add GUI using FXML to Duke, replace task date variable to LocalDateTime, add Pair class","messageBody":"Duke now returns output to MainWindow. MainWindow controls where the output is displayed in the GUI. Pair class helps Duke transfer data to MainWindow easier.\n\nLocalDateTime is used to make parsing of user input easier. Now date format can only take yyyy-mm-dd. Previously dash could\u0027ve been replaced with any other token.\n\nDate feature no longer requires a time. It returns all tasks occurring at the given date. This way the command is more intuitive.\n","fileTypesAndContributionMap":{"gradle":{"insertions":14,"deletions":0},"fxml":{"insertions":56,"deletions":0},"java":{"insertions":575,"deletions":461}}}]},{"date":"2021-09-02","commitResults":[{"hash":"9ce7035f47687c11f898adf624704db1348a5f60","messageTitle":"Add CheckStyle","messageBody":"Format code to CheckStyle\u0027s requirements.\n\nAll switch statements now have default cases. Some methods now throw exception in the new default case. TaskList now has an additional constructor that takes in no arguments and initializes an empty ArrayList..................\n","fileTypesAndContributionMap":{"gradle":{"insertions":6,"deletions":5},"java":{"insertions":131,"deletions":81}}},{"hash":"287c618e3b90e04e5f846c5be18c9370e078fade","messageTitle":"Duke now creates storage file if it does not exist from the start","messageBody":"Previously, Duke only created the storage file upon exit and saving the tasks.\n","fileTypesAndContributionMap":{"java":{"insertions":19,"deletions":13}}}]}]},"authorFileTypeContributionMap":{"Joel-Sung":{"java":1409,"md":0,"fxml":56,"sh":0,"bat":11,"gradle":21,"txt":20}},"authorContributionVariance":{"Joel-Sung":147937.92},"authorDisplayNameMap":{"Joel-Sung":"CS2103T-T11-1 SUNG..JOEL"}}
