{"authorDailyContributionsMap":{"noobmaster19":[{"date":"2021-08-19","commitResults":[{"hash":"ad58667e853054cc9f5386d8c076c01a7c671954","messageTitle":"\u0027level1\u0027","messageBody":"","tags":["Level-1"],"fileTypesAndContributionMap":{"java":{"insertions":13,"deletions":6}}},{"hash":"dddbe946458209a68153320aa65788a8de8d50aa","messageTitle":"\u0027level2\u0027","messageBody":"","tags":["Level-2"],"fileTypesAndContributionMap":{"java":{"insertions":9,"deletions":3}}},{"hash":"e03be727319547bf49ddce255c6090c132e2e700","messageTitle":"\u0027level3\u0027","messageBody":"","tags":["Level-3"],"fileTypesAndContributionMap":{"java":{"insertions":37,"deletions":4}}},{"hash":"9ee85f7e098cf124822026db4626c6467a4fe97a","messageTitle":"\u0027level4","messageBody":"","tags":["Level-4"],"fileTypesAndContributionMap":{"java":{"insertions":90,"deletions":22}}},{"hash":"e39243337ddc73e64cb85454953dd674a55f177d","messageTitle":"\u0027level5\u0027","messageBody":"","tags":["Level-5"],"fileTypesAndContributionMap":{"java":{"insertions":47,"deletions":22},"bat":{"insertions":2,"deletions":2},"sh":{"insertions":1,"deletions":5}}},{"hash":"31198d0ccc3326c4939635ee1657d7708f097b50","messageTitle":"\u0027level6\u0027","messageBody":"","tags":["Level-6"],"fileTypesAndContributionMap":{"java":{"insertions":16,"deletions":0}}},{"hash":"13f39de842ce785499ea9c6436a0e7558f10991f","messageTitle":"\u0027test-ui-test\u0027","messageBody":"","tags":["A-TextUiTesting"],"fileTypesAndContributionMap":{"txt":{"insertions":7,"deletions":0},"bat":{"insertions":4,"deletions":4}}}]},{"date":"2021-08-24","commitResults":[{"hash":"d692d7b75be2bda0ba24ce08cbac9e29384007f9","messageTitle":"\u0027init\u0027","messageBody":"","fileTypesAndContributionMap":{"txt":{"insertions":4,"deletions":0},"java":{"insertions":77,"deletions":28}}},{"hash":"e98377a6b6f7228d16b49fc5c482db05107da765","messageTitle":"\u0027test\u0027","messageBody":"","fileTypesAndContributionMap":{"txt":{"insertions":1,"deletions":4}}},{"hash":"63e2d74161f81efa3c0302c34e96698df00af563","messageTitle":"\u0027init\u0027","messageBody":"","fileTypesAndContributionMap":{"java":{"insertions":54,"deletions":12}}}]}]},"authorFileTypeContributionMap":{"noobmaster19":{"java":252,"md":0,"fxml":0,"sh":1,"bat":1,"gradle":0,"txt":10}},"authorContributionVariance":{"noobmaster19":6549.6094},"authorDisplayNameMap":{"noobmaster19":"CS2103T-W10-3 DION..SHUN"}}
