[{"path":"src/main/java/Deadline.java","fileType":"java","lines":[{"lineNumber":1,"author":{"gitId":"tanruiquan"},"content":"public class Deadline extends Task {","lastModifiedDate":"2021-08-17"},{"lineNumber":2,"author":{"gitId":"tanruiquan"},"content":"    protected String by;","lastModifiedDate":"2021-08-17"},{"lineNumber":3,"author":{"gitId":"tanruiquan"},"content":"","lastModifiedDate":"2021-08-17"},{"lineNumber":4,"author":{"gitId":"tanruiquan"},"content":"    public Deadline(String description, String by) {","lastModifiedDate":"2021-08-17"},{"lineNumber":5,"author":{"gitId":"tanruiquan"},"content":"        super(description);","lastModifiedDate":"2021-08-17"},{"lineNumber":6,"author":{"gitId":"tanruiquan"},"content":"        this.by \u003d by;","lastModifiedDate":"2021-08-17"},{"lineNumber":7,"author":{"gitId":"tanruiquan"},"content":"    }","lastModifiedDate":"2021-08-17"},{"lineNumber":8,"author":{"gitId":"tanruiquan"},"content":"","lastModifiedDate":"2021-08-17"},{"lineNumber":9,"author":{"gitId":"tanruiquan"},"content":"    @Override","lastModifiedDate":"2021-08-17"},{"lineNumber":10,"author":{"gitId":"tanruiquan"},"content":"    public String toString() {","lastModifiedDate":"2021-08-17"},{"lineNumber":11,"author":{"gitId":"tanruiquan"},"content":"        return \"[D]\" + super.toString() + \" (by: \" + by + \")\";","lastModifiedDate":"2021-08-17"},{"lineNumber":12,"author":{"gitId":"tanruiquan"},"content":"    }","lastModifiedDate":"2021-08-17"},{"lineNumber":13,"author":{"gitId":"tanruiquan"},"content":"}","lastModifiedDate":"2021-08-17"}],"authorContributionMap":{"tanruiquan":13}},{"path":"src/main/java/Duke.java","fileType":"java","lines":[{"lineNumber":1,"author":{"gitId":"tanruiquan"},"content":"import java.util.Scanner;","lastModifiedDate":"2021-08-16"},{"lineNumber":2,"author":{"gitId":"tanruiquan"},"content":"","lastModifiedDate":"2021-08-16"},{"lineNumber":3,"author":{"gitId":"-"},"content":"public class Duke {","lastModifiedDate":"2019-07-29"},{"lineNumber":4,"author":{"gitId":"tanruiquan"},"content":"    private static final String LINE \u003d \"____________________________________________________________\";","lastModifiedDate":"2021-08-16"},{"lineNumber":5,"author":{"gitId":"tanruiquan"},"content":"    private static final Scanner sc \u003d new Scanner(System.in);","lastModifiedDate":"2021-08-16"},{"lineNumber":6,"author":{"gitId":"tanruiquan"},"content":"    private static final TaskList list \u003d new TaskList();","lastModifiedDate":"2021-08-16"},{"lineNumber":7,"author":{"gitId":"tanruiquan"},"content":"","lastModifiedDate":"2021-08-16"},{"lineNumber":8,"author":{"gitId":"-"},"content":"    public static void main(String[] args) {","lastModifiedDate":"2021-08-17"},{"lineNumber":9,"author":{"gitId":"tanruiquan"},"content":"        greet();","lastModifiedDate":"2021-08-16"},{"lineNumber":10,"author":{"gitId":"tanruiquan"},"content":"        while (true) {","lastModifiedDate":"2021-08-16"},{"lineNumber":11,"author":{"gitId":"tanruiquan"},"content":"            try {","lastModifiedDate":"2021-08-17"},{"lineNumber":12,"author":{"gitId":"tanruiquan"},"content":"                String input \u003d sc.nextLine();","lastModifiedDate":"2021-08-16"},{"lineNumber":13,"author":{"gitId":"tanruiquan"},"content":"                if (input.equals(\"bye\")) break;","lastModifiedDate":"2021-08-16"},{"lineNumber":14,"author":{"gitId":"tanruiquan"},"content":"                else if (input.equals(\"list\")) echo(list.toString());","lastModifiedDate":"2021-08-16"},{"lineNumber":15,"author":{"gitId":"tanruiquan"},"content":"                else if (input.contains(\"done\")) {","lastModifiedDate":"2021-08-16"},{"lineNumber":16,"author":{"gitId":"tanruiquan"},"content":"                    String[] parseInput \u003d input.split(\" \");","lastModifiedDate":"2021-08-17"},{"lineNumber":17,"author":{"gitId":"tanruiquan"},"content":"                    if (parseInput.length \u003c\u003d 1) throw new DukeException(\"OOPS!!! You need to indicate a task for me to mark as done.\");","lastModifiedDate":"2021-08-17"},{"lineNumber":18,"author":{"gitId":"tanruiquan"},"content":"                    int index \u003d Integer.parseInt(parseInput[1]);","lastModifiedDate":"2021-08-17"},{"lineNumber":19,"author":{"gitId":"tanruiquan"},"content":"                    if (index \u003c\u003d 0 || index \u003e list.size()) throw new DukeException(\"OOPS!!! Looks like there is no such task to be marked as done\");","lastModifiedDate":"2021-08-17"},{"lineNumber":20,"author":{"gitId":"tanruiquan"},"content":"                    done(index);","lastModifiedDate":"2021-08-17"},{"lineNumber":21,"author":{"gitId":"tanruiquan"},"content":"                } else if (input.contains(\"todo\")) {","lastModifiedDate":"2021-08-17"},{"lineNumber":22,"author":{"gitId":"tanruiquan"},"content":"                    if (input.length() \u003c\u003d 4) throw new DukeException(\"OOPS!!! The description of a todo cannot be empty.\");","lastModifiedDate":"2021-08-17"},{"lineNumber":23,"author":{"gitId":"tanruiquan"},"content":"                    input \u003d input.substring(5);","lastModifiedDate":"2021-08-17"},{"lineNumber":24,"author":{"gitId":"tanruiquan"},"content":"                    add(new ToDo(input));","lastModifiedDate":"2021-08-17"},{"lineNumber":25,"author":{"gitId":"tanruiquan"},"content":"                } else if (input.contains(\"deadline\")) {","lastModifiedDate":"2021-08-17"},{"lineNumber":26,"author":{"gitId":"tanruiquan"},"content":"                    if (input.length() \u003c\u003d 8) throw new DukeException(\"OOPS!!! The description of a deadline cannot be empty.\");","lastModifiedDate":"2021-08-17"},{"lineNumber":27,"author":{"gitId":"tanruiquan"},"content":"                    input \u003d input.substring(9);","lastModifiedDate":"2021-08-17"},{"lineNumber":28,"author":{"gitId":"tanruiquan"},"content":"                    String[] parsedInput \u003d input.split(\" /by \");","lastModifiedDate":"2021-08-17"},{"lineNumber":29,"author":{"gitId":"tanruiquan"},"content":"                    if (parsedInput.length \u003c\u003d 1) throw new DukeException(\"OOPS!!! You need to provide a /by date\");","lastModifiedDate":"2021-08-17"},{"lineNumber":30,"author":{"gitId":"tanruiquan"},"content":"                    add(new Deadline(parsedInput[0], parsedInput[1]));","lastModifiedDate":"2021-08-17"},{"lineNumber":31,"author":{"gitId":"tanruiquan"},"content":"                } else if (input.contains(\"event\")) {","lastModifiedDate":"2021-08-17"},{"lineNumber":32,"author":{"gitId":"tanruiquan"},"content":"                    if (input.length() \u003c\u003d 5) throw new DukeException(\"OOPS!!! The description of a event cannot be empty.\");","lastModifiedDate":"2021-08-17"},{"lineNumber":33,"author":{"gitId":"tanruiquan"},"content":"                    input \u003d input.substring(6);","lastModifiedDate":"2021-08-17"},{"lineNumber":34,"author":{"gitId":"tanruiquan"},"content":"                    String[] parsedInput \u003d input.split(\" /at \");","lastModifiedDate":"2021-08-17"},{"lineNumber":35,"author":{"gitId":"tanruiquan"},"content":"                    if (parsedInput.length \u003c\u003d 1) throw new DukeException(\"OOPS!!! you need to provide a /at date\");","lastModifiedDate":"2021-08-17"},{"lineNumber":36,"author":{"gitId":"tanruiquan"},"content":"                    add(new Event(parsedInput[0], parsedInput[1]));","lastModifiedDate":"2021-08-17"},{"lineNumber":37,"author":{"gitId":"tanruiquan"},"content":"                } else if (input.contains(\"delete\")) {","lastModifiedDate":"2021-08-18"},{"lineNumber":38,"author":{"gitId":"tanruiquan"},"content":"                    String[] parseInput \u003d input.split(\" \");","lastModifiedDate":"2021-08-18"},{"lineNumber":39,"author":{"gitId":"tanruiquan"},"content":"                    if (parseInput.length \u003c\u003d 1) throw new DukeException(\"OOPS!!! You need to indicate a task for me to delete.\");","lastModifiedDate":"2021-08-18"},{"lineNumber":40,"author":{"gitId":"tanruiquan"},"content":"                    int index \u003d Integer.parseInt(parseInput[1]);","lastModifiedDate":"2021-08-18"},{"lineNumber":41,"author":{"gitId":"tanruiquan"},"content":"                    if (index \u003c\u003d 0 || index \u003e list.size()) throw new DukeException(\"OOPS!!! Looks like there is no such task to be deleted\");","lastModifiedDate":"2021-08-18"},{"lineNumber":42,"author":{"gitId":"tanruiquan"},"content":"                    delete(index);","lastModifiedDate":"2021-08-18"},{"lineNumber":43,"author":{"gitId":"tanruiquan"},"content":"                } else throw new DukeException(\"OOPS!!! I\u0027m sorry, but I don\u0027t know what that means :-(\");","lastModifiedDate":"2021-08-17"},{"lineNumber":44,"author":{"gitId":"tanruiquan"},"content":"            } catch (DukeException ex) {","lastModifiedDate":"2021-08-17"},{"lineNumber":45,"author":{"gitId":"tanruiquan"},"content":"                echo(ex.getMessage());","lastModifiedDate":"2021-08-17"},{"lineNumber":46,"author":{"gitId":"tanruiquan"},"content":"            }","lastModifiedDate":"2021-08-17"},{"lineNumber":47,"author":{"gitId":"tanruiquan"},"content":"        }","lastModifiedDate":"2021-08-16"},{"lineNumber":48,"author":{"gitId":"tanruiquan"},"content":"        exit();","lastModifiedDate":"2021-08-16"},{"lineNumber":49,"author":{"gitId":"tanruiquan"},"content":"    }","lastModifiedDate":"2021-08-16"},{"lineNumber":50,"author":{"gitId":"tanruiquan"},"content":"","lastModifiedDate":"2021-08-16"},{"lineNumber":51,"author":{"gitId":"tanruiquan"},"content":"    private static void greet() {","lastModifiedDate":"2021-08-16"},{"lineNumber":52,"author":{"gitId":"tanruiquan"},"content":"        String logo \u003d \"\"\"","lastModifiedDate":"2021-08-16"},{"lineNumber":53,"author":{"gitId":"tanruiquan"},"content":"                 ____        _       \\s","lastModifiedDate":"2021-08-16"},{"lineNumber":54,"author":{"gitId":"tanruiquan"},"content":"                |  _ \\\\ _   _| | _____\\s","lastModifiedDate":"2021-08-16"},{"lineNumber":55,"author":{"gitId":"tanruiquan"},"content":"                | | | | | | | |/ / _ \\\\","lastModifiedDate":"2021-08-16"},{"lineNumber":56,"author":{"gitId":"tanruiquan"},"content":"                | |_| | |_| |   \u003c  __/","lastModifiedDate":"2021-08-16"},{"lineNumber":57,"author":{"gitId":"tanruiquan"},"content":"                |____/ \\\\__,_|_|\\\\_\\\\___|","lastModifiedDate":"2021-08-16"},{"lineNumber":58,"author":{"gitId":"tanruiquan"},"content":"                \"\"\";","lastModifiedDate":"2021-08-16"},{"lineNumber":59,"author":{"gitId":"tanruiquan"},"content":"        System.out.println(LINE);","lastModifiedDate":"2021-08-16"},{"lineNumber":60,"author":{"gitId":"tanruiquan"},"content":"        System.out.println(logo);","lastModifiedDate":"2021-08-16"},{"lineNumber":61,"author":{"gitId":"tanruiquan"},"content":"        System.out.println(\"Hi, I\u0027m Duke, your Personal Assistant Chatbot\\n\" +","lastModifiedDate":"2021-08-16"},{"lineNumber":62,"author":{"gitId":"tanruiquan"},"content":"                \"What can I do for you today?\");","lastModifiedDate":"2021-08-16"},{"lineNumber":63,"author":{"gitId":"tanruiquan"},"content":"        System.out.println(LINE);","lastModifiedDate":"2021-08-16"},{"lineNumber":64,"author":{"gitId":"-"},"content":"    }","lastModifiedDate":"2019-07-29"},{"lineNumber":65,"author":{"gitId":"tanruiquan"},"content":"","lastModifiedDate":"2021-08-16"},{"lineNumber":66,"author":{"gitId":"tanruiquan"},"content":"    private static void echo(String message) {","lastModifiedDate":"2021-08-16"},{"lineNumber":67,"author":{"gitId":"tanruiquan"},"content":"        System.out.println(LINE);","lastModifiedDate":"2021-08-16"},{"lineNumber":68,"author":{"gitId":"tanruiquan"},"content":"        System.out.println(message);","lastModifiedDate":"2021-08-16"},{"lineNumber":69,"author":{"gitId":"tanruiquan"},"content":"        System.out.println(LINE);","lastModifiedDate":"2021-08-16"},{"lineNumber":70,"author":{"gitId":"tanruiquan"},"content":"    }","lastModifiedDate":"2021-08-16"},{"lineNumber":71,"author":{"gitId":"tanruiquan"},"content":"","lastModifiedDate":"2021-08-16"},{"lineNumber":72,"author":{"gitId":"tanruiquan"},"content":"    private static void exit() {","lastModifiedDate":"2021-08-16"},{"lineNumber":73,"author":{"gitId":"tanruiquan"},"content":"        System.out.println(LINE);","lastModifiedDate":"2021-08-16"},{"lineNumber":74,"author":{"gitId":"tanruiquan"},"content":"        System.out.println(\"Goodbye, hope to see you again soon!\");","lastModifiedDate":"2021-08-16"},{"lineNumber":75,"author":{"gitId":"tanruiquan"},"content":"        System.out.println(LINE);","lastModifiedDate":"2021-08-16"},{"lineNumber":76,"author":{"gitId":"tanruiquan"},"content":"    }","lastModifiedDate":"2021-08-16"},{"lineNumber":77,"author":{"gitId":"tanruiquan"},"content":"","lastModifiedDate":"2021-08-16"},{"lineNumber":78,"author":{"gitId":"tanruiquan"},"content":"    private static void add(Task task) {","lastModifiedDate":"2021-08-17"},{"lineNumber":79,"author":{"gitId":"tanruiquan"},"content":"        list.addTask(task);","lastModifiedDate":"2021-08-17"},{"lineNumber":80,"author":{"gitId":"tanruiquan"},"content":"        int len \u003d list.size();","lastModifiedDate":"2021-08-17"},{"lineNumber":81,"author":{"gitId":"tanruiquan"},"content":"        String message \u003d String.format(\"Got it. I\u0027ve added this task:\\n  %s\\nNow you have %d %s in the list.\",","lastModifiedDate":"2021-08-17"},{"lineNumber":82,"author":{"gitId":"tanruiquan"},"content":"                task.toString(),","lastModifiedDate":"2021-08-17"},{"lineNumber":83,"author":{"gitId":"tanruiquan"},"content":"                len,","lastModifiedDate":"2021-08-17"},{"lineNumber":84,"author":{"gitId":"tanruiquan"},"content":"                len \u003c\u003d 1 ? \"task\" : \"tasks\");","lastModifiedDate":"2021-08-17"},{"lineNumber":85,"author":{"gitId":"tanruiquan"},"content":"        echo(message);","lastModifiedDate":"2021-08-16"},{"lineNumber":86,"author":{"gitId":"tanruiquan"},"content":"    }","lastModifiedDate":"2021-08-16"},{"lineNumber":87,"author":{"gitId":"tanruiquan"},"content":"","lastModifiedDate":"2021-08-16"},{"lineNumber":88,"author":{"gitId":"tanruiquan"},"content":"    private static void done(int index) {","lastModifiedDate":"2021-08-17"},{"lineNumber":89,"author":{"gitId":"tanruiquan"},"content":"        Task task \u003d list.markTaskAsDone(index);","lastModifiedDate":"2021-08-16"},{"lineNumber":90,"author":{"gitId":"tanruiquan"},"content":"        String message \u003d String.format(\"Nice! I\u0027ve marked this task as done:\\n  %s\", task);","lastModifiedDate":"2021-08-16"},{"lineNumber":91,"author":{"gitId":"tanruiquan"},"content":"        echo(message);","lastModifiedDate":"2021-08-16"},{"lineNumber":92,"author":{"gitId":"tanruiquan"},"content":"    }","lastModifiedDate":"2021-08-16"},{"lineNumber":93,"author":{"gitId":"tanruiquan"},"content":"","lastModifiedDate":"2021-08-18"},{"lineNumber":94,"author":{"gitId":"tanruiquan"},"content":"    private static void delete(int index) {","lastModifiedDate":"2021-08-18"},{"lineNumber":95,"author":{"gitId":"tanruiquan"},"content":"        Task task \u003d list.deleteTask(index);","lastModifiedDate":"2021-08-18"},{"lineNumber":96,"author":{"gitId":"tanruiquan"},"content":"        int len \u003d list.size();","lastModifiedDate":"2021-08-18"},{"lineNumber":97,"author":{"gitId":"tanruiquan"},"content":"        String message \u003d String.format(\"Noted. I\u0027ve removed this task:\\n  %s\\nNow you have %d %s in the list.\",","lastModifiedDate":"2021-08-18"},{"lineNumber":98,"author":{"gitId":"tanruiquan"},"content":"                task.toString(),","lastModifiedDate":"2021-08-18"},{"lineNumber":99,"author":{"gitId":"tanruiquan"},"content":"                len,","lastModifiedDate":"2021-08-18"},{"lineNumber":100,"author":{"gitId":"tanruiquan"},"content":"                len \u003c\u003d 1 ? \"task\" : \"tasks\");","lastModifiedDate":"2021-08-18"},{"lineNumber":101,"author":{"gitId":"tanruiquan"},"content":"        echo(message);","lastModifiedDate":"2021-08-18"},{"lineNumber":102,"author":{"gitId":"-"},"content":"    }","lastModifiedDate":"2021-08-18"},{"lineNumber":103,"author":{"gitId":"-"},"content":"}","lastModifiedDate":"2019-07-29"}],"authorContributionMap":{"tanruiquan":98,"-":5}},{"path":"src/main/java/DukeException.java","fileType":"java","lines":[{"lineNumber":1,"author":{"gitId":"tanruiquan"},"content":"public class DukeException extends Exception {","lastModifiedDate":"2021-08-17"},{"lineNumber":2,"author":{"gitId":"tanruiquan"},"content":"","lastModifiedDate":"2021-08-17"},{"lineNumber":3,"author":{"gitId":"tanruiquan"},"content":"    public DukeException(String message) {","lastModifiedDate":"2021-08-17"},{"lineNumber":4,"author":{"gitId":"tanruiquan"},"content":"        super(message);","lastModifiedDate":"2021-08-17"},{"lineNumber":5,"author":{"gitId":"tanruiquan"},"content":"    }","lastModifiedDate":"2021-08-17"},{"lineNumber":6,"author":{"gitId":"tanruiquan"},"content":"}","lastModifiedDate":"2021-08-17"}],"authorContributionMap":{"tanruiquan":6}},{"path":"src/main/java/Event.java","fileType":"java","lines":[{"lineNumber":1,"author":{"gitId":"tanruiquan"},"content":"public class Event extends Task {","lastModifiedDate":"2021-08-17"},{"lineNumber":2,"author":{"gitId":"tanruiquan"},"content":"    protected String at;","lastModifiedDate":"2021-08-17"},{"lineNumber":3,"author":{"gitId":"tanruiquan"},"content":"","lastModifiedDate":"2021-08-17"},{"lineNumber":4,"author":{"gitId":"tanruiquan"},"content":"    public Event(String description, String at) {","lastModifiedDate":"2021-08-17"},{"lineNumber":5,"author":{"gitId":"tanruiquan"},"content":"        super(description);","lastModifiedDate":"2021-08-17"},{"lineNumber":6,"author":{"gitId":"tanruiquan"},"content":"        this.at \u003d at;","lastModifiedDate":"2021-08-17"},{"lineNumber":7,"author":{"gitId":"tanruiquan"},"content":"    }","lastModifiedDate":"2021-08-17"},{"lineNumber":8,"author":{"gitId":"tanruiquan"},"content":"","lastModifiedDate":"2021-08-17"},{"lineNumber":9,"author":{"gitId":"tanruiquan"},"content":"    @Override","lastModifiedDate":"2021-08-17"},{"lineNumber":10,"author":{"gitId":"tanruiquan"},"content":"    public String toString() {","lastModifiedDate":"2021-08-17"},{"lineNumber":11,"author":{"gitId":"tanruiquan"},"content":"        return String.format(\"[E]%s (at: %s)\", super.toString(), at);","lastModifiedDate":"2021-08-17"},{"lineNumber":12,"author":{"gitId":"tanruiquan"},"content":"    }","lastModifiedDate":"2021-08-17"},{"lineNumber":13,"author":{"gitId":"tanruiquan"},"content":"}","lastModifiedDate":"2021-08-17"}],"authorContributionMap":{"tanruiquan":13}},{"path":"src/main/java/Task.java","fileType":"java","lines":[{"lineNumber":1,"author":{"gitId":"tanruiquan"},"content":"public abstract class Task {","lastModifiedDate":"2021-08-17"},{"lineNumber":2,"author":{"gitId":"tanruiquan"},"content":"    private final String description;","lastModifiedDate":"2021-08-17"},{"lineNumber":3,"author":{"gitId":"tanruiquan"},"content":"    private boolean isDone;","lastModifiedDate":"2021-08-16"},{"lineNumber":4,"author":{"gitId":"tanruiquan"},"content":"","lastModifiedDate":"2021-08-16"},{"lineNumber":5,"author":{"gitId":"tanruiquan"},"content":"    public Task(String description) {","lastModifiedDate":"2021-08-16"},{"lineNumber":6,"author":{"gitId":"tanruiquan"},"content":"        this.description \u003d description;","lastModifiedDate":"2021-08-16"},{"lineNumber":7,"author":{"gitId":"tanruiquan"},"content":"        this.isDone \u003d false;","lastModifiedDate":"2021-08-16"},{"lineNumber":8,"author":{"gitId":"tanruiquan"},"content":"    }","lastModifiedDate":"2021-08-16"},{"lineNumber":9,"author":{"gitId":"tanruiquan"},"content":"","lastModifiedDate":"2021-08-16"},{"lineNumber":10,"author":{"gitId":"tanruiquan"},"content":"    public String getStatusIcon() {","lastModifiedDate":"2021-08-16"},{"lineNumber":11,"author":{"gitId":"tanruiquan"},"content":"        return (isDone ? \"X\" : \" \");","lastModifiedDate":"2021-08-16"},{"lineNumber":12,"author":{"gitId":"tanruiquan"},"content":"    }","lastModifiedDate":"2021-08-16"},{"lineNumber":13,"author":{"gitId":"tanruiquan"},"content":"","lastModifiedDate":"2021-08-16"},{"lineNumber":14,"author":{"gitId":"tanruiquan"},"content":"    public Task markAsDone() {","lastModifiedDate":"2021-08-16"},{"lineNumber":15,"author":{"gitId":"tanruiquan"},"content":"        isDone \u003d true;","lastModifiedDate":"2021-08-16"},{"lineNumber":16,"author":{"gitId":"tanruiquan"},"content":"        return this;","lastModifiedDate":"2021-08-16"},{"lineNumber":17,"author":{"gitId":"tanruiquan"},"content":"    }","lastModifiedDate":"2021-08-16"},{"lineNumber":18,"author":{"gitId":"tanruiquan"},"content":"","lastModifiedDate":"2021-08-16"},{"lineNumber":19,"author":{"gitId":"tanruiquan"},"content":"    @Override","lastModifiedDate":"2021-08-16"},{"lineNumber":20,"author":{"gitId":"tanruiquan"},"content":"    public String toString() {","lastModifiedDate":"2021-08-16"},{"lineNumber":21,"author":{"gitId":"tanruiquan"},"content":"        return String.format(\"[%s] %s\", getStatusIcon(), description);","lastModifiedDate":"2021-08-16"},{"lineNumber":22,"author":{"gitId":"tanruiquan"},"content":"    }","lastModifiedDate":"2021-08-16"},{"lineNumber":23,"author":{"gitId":"tanruiquan"},"content":"}","lastModifiedDate":"2021-08-16"}],"authorContributionMap":{"tanruiquan":23}},{"path":"src/main/java/TaskList.java","fileType":"java","lines":[{"lineNumber":1,"author":{"gitId":"tanruiquan"},"content":"import java.util.List;","lastModifiedDate":"2021-08-16"},{"lineNumber":2,"author":{"gitId":"tanruiquan"},"content":"import java.util.ArrayList;","lastModifiedDate":"2021-08-16"},{"lineNumber":3,"author":{"gitId":"tanruiquan"},"content":"","lastModifiedDate":"2021-08-16"},{"lineNumber":4,"author":{"gitId":"tanruiquan"},"content":"public class TaskList {","lastModifiedDate":"2021-08-16"},{"lineNumber":5,"author":{"gitId":"tanruiquan"},"content":"    private final List\u003cTask\u003e list \u003d new ArrayList\u003c\u003e();","lastModifiedDate":"2021-08-17"},{"lineNumber":6,"author":{"gitId":"tanruiquan"},"content":"","lastModifiedDate":"2021-08-16"},{"lineNumber":7,"author":{"gitId":"tanruiquan"},"content":"    public void addTask(Task task) {","lastModifiedDate":"2021-08-16"},{"lineNumber":8,"author":{"gitId":"tanruiquan"},"content":"        list.add(task);","lastModifiedDate":"2021-08-16"},{"lineNumber":9,"author":{"gitId":"tanruiquan"},"content":"    }","lastModifiedDate":"2021-08-16"},{"lineNumber":10,"author":{"gitId":"tanruiquan"},"content":"","lastModifiedDate":"2021-08-16"},{"lineNumber":11,"author":{"gitId":"tanruiquan"},"content":"    public Task markTaskAsDone(int index) {","lastModifiedDate":"2021-08-16"},{"lineNumber":12,"author":{"gitId":"tanruiquan"},"content":"        return list.get(index - 1).markAsDone();","lastModifiedDate":"2021-08-16"},{"lineNumber":13,"author":{"gitId":"tanruiquan"},"content":"    }","lastModifiedDate":"2021-08-16"},{"lineNumber":14,"author":{"gitId":"tanruiquan"},"content":"","lastModifiedDate":"2021-08-16"},{"lineNumber":15,"author":{"gitId":"tanruiquan"},"content":"    public int size() {","lastModifiedDate":"2021-08-17"},{"lineNumber":16,"author":{"gitId":"tanruiquan"},"content":"        return list.size();","lastModifiedDate":"2021-08-17"},{"lineNumber":17,"author":{"gitId":"tanruiquan"},"content":"    }","lastModifiedDate":"2021-08-17"},{"lineNumber":18,"author":{"gitId":"tanruiquan"},"content":"","lastModifiedDate":"2021-08-17"},{"lineNumber":19,"author":{"gitId":"tanruiquan"},"content":"    public Task deleteTask(int index) {","lastModifiedDate":"2021-08-18"},{"lineNumber":20,"author":{"gitId":"tanruiquan"},"content":"        return list.remove(index - 1);","lastModifiedDate":"2021-08-18"},{"lineNumber":21,"author":{"gitId":"tanruiquan"},"content":"    }","lastModifiedDate":"2021-08-18"},{"lineNumber":22,"author":{"gitId":"tanruiquan"},"content":"","lastModifiedDate":"2021-08-18"},{"lineNumber":23,"author":{"gitId":"tanruiquan"},"content":"    @Override","lastModifiedDate":"2021-08-16"},{"lineNumber":24,"author":{"gitId":"tanruiquan"},"content":"    public String toString() {","lastModifiedDate":"2021-08-16"},{"lineNumber":25,"author":{"gitId":"tanruiquan"},"content":"        String str \u003d String.format(\"Here are the %s in your list:\\n\", list.size() \u003c\u003d 1 ? \"task\" : \"tasks\");","lastModifiedDate":"2021-08-18"},{"lineNumber":26,"author":{"gitId":"tanruiquan"},"content":"        StringBuilder result \u003d new StringBuilder(str);","lastModifiedDate":"2021-08-18"},{"lineNumber":27,"author":{"gitId":"tanruiquan"},"content":"        int len \u003d list.size();","lastModifiedDate":"2021-08-16"},{"lineNumber":28,"author":{"gitId":"tanruiquan"},"content":"        if (len \u003d\u003d 0) return result.toString();","lastModifiedDate":"2021-08-16"},{"lineNumber":29,"author":{"gitId":"tanruiquan"},"content":"        for (int i \u003d 1; i \u003c len; i++) {","lastModifiedDate":"2021-08-16"},{"lineNumber":30,"author":{"gitId":"tanruiquan"},"content":"            result.append(String.format(\"%s. %s\\n\", i, list.get(i - 1)));","lastModifiedDate":"2021-08-16"},{"lineNumber":31,"author":{"gitId":"tanruiquan"},"content":"        }","lastModifiedDate":"2021-08-16"},{"lineNumber":32,"author":{"gitId":"tanruiquan"},"content":"        result.append(String.format(\"%s. %s\", len, list.get(len - 1)));","lastModifiedDate":"2021-08-16"},{"lineNumber":33,"author":{"gitId":"tanruiquan"},"content":"        return result.toString();","lastModifiedDate":"2021-08-16"},{"lineNumber":34,"author":{"gitId":"tanruiquan"},"content":"    }","lastModifiedDate":"2021-08-16"},{"lineNumber":35,"author":{"gitId":"tanruiquan"},"content":"}","lastModifiedDate":"2021-08-16"}],"authorContributionMap":{"tanruiquan":35}},{"path":"src/main/java/ToDo.java","fileType":"java","lines":[{"lineNumber":1,"author":{"gitId":"tanruiquan"},"content":"public class ToDo extends Task {","lastModifiedDate":"2021-08-17"},{"lineNumber":2,"author":{"gitId":"tanruiquan"},"content":"","lastModifiedDate":"2021-08-17"},{"lineNumber":3,"author":{"gitId":"tanruiquan"},"content":"    public ToDo(String description) {","lastModifiedDate":"2021-08-17"},{"lineNumber":4,"author":{"gitId":"tanruiquan"},"content":"        super(description);","lastModifiedDate":"2021-08-17"},{"lineNumber":5,"author":{"gitId":"tanruiquan"},"content":"    }","lastModifiedDate":"2021-08-17"},{"lineNumber":6,"author":{"gitId":"tanruiquan"},"content":"","lastModifiedDate":"2021-08-17"},{"lineNumber":7,"author":{"gitId":"tanruiquan"},"content":"    @Override","lastModifiedDate":"2021-08-17"},{"lineNumber":8,"author":{"gitId":"tanruiquan"},"content":"    public String toString() {","lastModifiedDate":"2021-08-17"},{"lineNumber":9,"author":{"gitId":"tanruiquan"},"content":"        return String.format(\"[T]%s\", super.toString());","lastModifiedDate":"2021-08-17"},{"lineNumber":10,"author":{"gitId":"tanruiquan"},"content":"    }","lastModifiedDate":"2021-08-17"},{"lineNumber":11,"author":{"gitId":"tanruiquan"},"content":"}","lastModifiedDate":"2021-08-17"}],"authorContributionMap":{"tanruiquan":11}},{"path":"text-ui-test/input.txt","fileType":"txt","lines":[{"lineNumber":1,"author":{"gitId":"tanruiquan"},"content":"todo read book","lastModifiedDate":"2021-08-17"},{"lineNumber":2,"author":{"gitId":"tanruiquan"},"content":"deadline return book /by June 6th","lastModifiedDate":"2021-08-17"},{"lineNumber":3,"author":{"gitId":"tanruiquan"},"content":"event project meeting /at Aug 6th 2-4pm","lastModifiedDate":"2021-08-17"},{"lineNumber":4,"author":{"gitId":"tanruiquan"},"content":"todo join sports club","lastModifiedDate":"2021-08-17"},{"lineNumber":5,"author":{"gitId":"tanruiquan"},"content":"done 1","lastModifiedDate":"2021-08-17"},{"lineNumber":6,"author":{"gitId":"tanruiquan"},"content":"done 4","lastModifiedDate":"2021-08-17"},{"lineNumber":7,"author":{"gitId":"tanruiquan"},"content":"todo borrow book","lastModifiedDate":"2021-08-17"},{"lineNumber":8,"author":{"gitId":"tanruiquan"},"content":"list","lastModifiedDate":"2021-08-16"},{"lineNumber":9,"author":{"gitId":"tanruiquan"},"content":"deadline return book /by Sunday","lastModifiedDate":"2021-08-17"},{"lineNumber":10,"author":{"gitId":"tanruiquan"},"content":"event project meeting /at Mon 2-4pm","lastModifiedDate":"2021-08-17"},{"lineNumber":11,"author":{"gitId":"tanruiquan"},"content":"todo","lastModifiedDate":"2021-08-17"},{"lineNumber":12,"author":{"gitId":"tanruiquan"},"content":"blah","lastModifiedDate":"2021-08-17"},{"lineNumber":13,"author":{"gitId":"tanruiquan"},"content":"delete 3","lastModifiedDate":"2021-08-18"},{"lineNumber":14,"author":{"gitId":"tanruiquan"},"content":"list","lastModifiedDate":"2021-08-18"},{"lineNumber":15,"author":{"gitId":"tanruiquan"},"content":"bye","lastModifiedDate":"2021-08-16"}],"authorContributionMap":{"tanruiquan":15}}]
