{"authorDailyContributionsMap":{"tanruiquan":[{"date":"2021-08-16","commitResults":[{"hash":"ccaf05a163e092e6fc2ee9d43fa3147fc5f38149","messageTitle":"Add greeting","messageBody":"","fileTypesAndContributionMap":{"java":{"insertions":11,"deletions":1}}},{"hash":"fee8be38e90a4e955104ce9f96a47af07cafd1be","messageTitle":"Add echo","messageBody":"","fileTypesAndContributionMap":{"txt":{"insertions":3,"deletions":0},"java":{"insertions":14,"deletions":0}}},{"hash":"f0b33b0f3063ff10fb911c95722e788edd5738ec","messageTitle":"Add exit message","messageBody":"","tags":["Level-1"],"fileTypesAndContributionMap":{"java":{"insertions":7,"deletions":0}}},{"hash":"cb87c493dfe50968e5811835c44fe406fa20c9ce","messageTitle":"Add List function","messageBody":"","fileTypesAndContributionMap":{"txt":{"insertions":2,"deletions":1},"java":{"insertions":25,"deletions":1}}},{"hash":"150096f9fbff5db5e6cb8cfb6b354890c7322eeb","messageTitle":"Add add task function","messageBody":"","tags":["Level-2"],"fileTypesAndContributionMap":{"java":{"insertions":8,"deletions":2}}},{"hash":"8fadf2bd50f7012adee192144be0559e0b9e709c","messageTitle":"Update list formatting","messageBody":"","fileTypesAndContributionMap":{"txt":{"insertions":1,"deletions":2},"java":{"insertions":27,"deletions":5}}},{"hash":"fd93ead225f10a616460c5d7d9f45bd9fbbacc28","messageTitle":"Add mark as done feature","messageBody":"","tags":["Level-3"],"fileTypesAndContributionMap":{"txt":{"insertions":1,"deletions":1},"java":{"insertions":24,"deletions":6}}}]},{"date":"2021-08-17","commitResults":[{"hash":"408bc1141a786fcf46bd2a45369fbbc266af3674","messageTitle":"Add support for 3 types of tasks","messageBody":"","tags":["Level-4","A-TextUiTesting"],"fileTypesAndContributionMap":{"txt":{"insertions":9,"deletions":1},"java":{"insertions":67,"deletions":11}}},{"hash":"b01460ad8f85943c6dc9f1481152bf69cdb75953","messageTitle":"Add error handling","messageBody":"","tags":["Level-5"],"fileTypesAndContributionMap":{"txt":{"insertions":2,"deletions":0},"java":{"insertions":42,"deletions":26}}}]},{"date":"2021-08-18","commitResults":[{"hash":"463383285671a80b01c3520e3d8a9af710c95d02","messageTitle":"Add delete feature","messageBody":"","tags":["Level-6"],"fileTypesAndContributionMap":{"txt":{"insertions":2,"deletions":0},"java":{"insertions":22,"deletions":1}}}]},{"date":"2021-08-25","commitResults":[{"hash":"840a4923f9e4d4558236f1d2c65de7181a95e63a","messageTitle":"Add save method in Storage class","messageBody":"","fileTypesAndContributionMap":{"txt":{"insertions":3,"deletions":0},"java":{"insertions":61,"deletions":3}}},{"hash":"576eaf32f7082ee204c66634c7f9e9a7b748c6fc","messageTitle":"Add load method in Storage class","messageBody":"","fileTypesAndContributionMap":{"txt":{"insertions":3,"deletions":3},"java":{"insertions":69,"deletions":9}}},{"hash":"d96c9fd8a9e763d0ea607f7077a8d72c6c490cca","messageTitle":"Refactor Duke class","messageBody":"","fileTypesAndContributionMap":{"java":{"insertions":22,"deletions":17}}},{"hash":"ab093472f504de332b46f1c3445ca242e75e1d53","messageTitle":"Fix file not found error","messageBody":"","fileTypesAndContributionMap":{"txt":{"insertions":8,"deletions":3},"java":{"insertions":55,"deletions":46},"sh":{"insertions":5,"deletions":0}}},{"hash":"31ff4a90368278dfb467df8b27fb22ad277aa488","messageTitle":"Add Parser and Command classes to handle date","messageBody":"","fileTypesAndContributionMap":{"txt":{"insertions":4,"deletions":4},"java":{"insertions":195,"deletions":41}}},{"hash":"3a9f1389afa6a285208e87173061f34ff7bc46cd","messageTitle":"Fix tasks not saving to storage problem","messageBody":"","fileTypesAndContributionMap":{"txt":{"insertions":3,"deletions":5},"java":{"insertions":15,"deletions":11}}},{"hash":"a6d7e71acbd245f6a67901ca32dc12e1842416bc","messageTitle":"Add Ui class","messageBody":"","fileTypesAndContributionMap":{"java":{"insertions":52,"deletions":73}}},{"hash":"ad317b1a504c9a910d7b63125a1b684a2373cbba","messageTitle":"Ensure all I/O is handled by Ui","messageBody":"","tags":["A-MoreOOP"],"fileTypesAndContributionMap":{"java":{"insertions":17,"deletions":12}}},{"hash":"64426c7569ab2c1033aa15acf4274166e33f8959","messageTitle":"Divide classes into packages","messageBody":"","tags":["A-Packages"],"fileTypesAndContributionMap":{"java":{"insertions":77,"deletions":0}}},{"hash":"ac6a3da914dfc4be59bc47a546c17ac25b35e226","messageTitle":"Add Duke class into package","messageBody":"","fileTypesAndContributionMap":{"java":{"insertions":57,"deletions":55},"bat":{"insertions":2,"deletions":2},"sh":{"insertions":2,"deletions":2},"md":{"insertions":2,"deletions":2}}},{"hash":"8f1bac73128461c76d565ca1a245901a2b85d674","messageTitle":"Add JUnit tests","messageBody":"","tags":["v0.1","A-JUnit"],"fileTypesAndContributionMap":{"java":{"insertions":69,"deletions":0}}},{"hash":"5f67ccd28a5c8b46521776a4f446ab1e99462a6f","messageTitle":"Add JavaDoc comments","messageBody":"","tags":["A-JavaDoc"],"fileTypesAndContributionMap":{"java":{"insertions":296,"deletions":4}}},{"hash":"a21042b489d06785455053bed6ec61a06c08f740","messageTitle":"Tweak code to comply with coding standard","messageBody":"","fileTypesAndContributionMap":{"java":{"insertions":21,"deletions":9}}},{"hash":"88fa732d0bdf6367479118a5628b5e3507025dca","messageTitle":"Add find function","messageBody":"","fileTypesAndContributionMap":{"java":{"insertions":51,"deletions":1}}}]},{"date":"2021-08-31","commitResults":[{"hash":"41595cec63915d6d0bcb77c2722b5eee65e47df0","messageTitle":"Tweak code to adhere to coding standards","messageBody":"","fileTypesAndContributionMap":{"java":{"insertions":7,"deletions":8},"md":{"insertions":2,"deletions":2}}},{"hash":"1b98fd146b0c5152a898d9bbfa2865f3659968a0","messageTitle":"Fix Duke unable to run","messageBody":"","fileTypesAndContributionMap":{"java":{"insertions":1,"deletions":0},"sh":{"insertions":0,"deletions":0}}}]},{"date":"2021-09-01","commitResults":[{"hash":"ad2c167a72539244df59f24a5b538533713f61d9","messageTitle":"Automate project builds using Gradle","messageBody":"","fileTypesAndContributionMap":{"gradle":{"insertions":2,"deletions":1},"java":{"insertions":2,"deletions":7}}},{"hash":"076b448650eb7d3e6601b7682c97a985c3cf390f","messageTitle":"Use Checkstyle","messageBody":"","fileTypesAndContributionMap":{"java":{"insertions":165,"deletions":112},"sh":{"insertions":74,"deletions":0}}}]}]},"authorFileTypeContributionMap":{"tanruiquan":{"java":1026,"md":0,"fxml":0,"sh":81,"bat":2,"gradle":2,"txt":21}},"authorContributionVariance":{"tanruiquan":80384.51},"authorDisplayNameMap":{"tanruiquan":"CS2103T-T09-2 TAN ..QUAN"}}
