{"authorDailyContributionsMap":{"ZhaoPeiduo":[{"date":"2021-08-15","commitResults":[{"hash":"238277a68253939f9a9b8919dbc91444fd82eea8","messageTitle":"Level-1 completed","messageBody":"","tags":["Level-1"],"fileTypesAndContributionMap":{"java":{"insertions":19,"deletions":6}}},{"hash":"c794950c9fab2f779d996fcd552ae750fcc7cbdb","messageTitle":"Level-1 edited","messageBody":"","tags":["Level-1-v2"],"fileTypesAndContributionMap":{"java":{"insertions":10,"deletions":7}}},{"hash":"64186f81a8b693517ce507a0856da60998b15978","messageTitle":"Level-2 completed","messageBody":"","tags":["Level-2"],"fileTypesAndContributionMap":{"java":{"insertions":28,"deletions":5}}},{"hash":"a806d210a0f46d20a3676f5b1cf58053c25294e0","messageTitle":"Level-2 edited","messageBody":"","tags":["Level-2-v2"],"fileTypesAndContributionMap":{"java":{"insertions":8,"deletions":6}}},{"hash":"bb202528bc54d80cd9b529bc6102975153e918c8","messageTitle":"Level-3 completed","messageBody":"","tags":["Level-3"],"fileTypesAndContributionMap":{"java":{"insertions":81,"deletions":10}}},{"hash":"3e29c3cbf4f30a851deb5ab8d0ed15ffc3fbb612","messageTitle":"Level-4 completed","messageBody":"","tags":["Level-4"],"fileTypesAndContributionMap":{"java":{"insertions":62,"deletions":3}}},{"hash":"e7efbafe5c47202c85062568e0ed8be6fe9a5d56","messageTitle":"Basic Unit test cases written","messageBody":"","tags":["A-TextUiTesting"],"fileTypesAndContributionMap":{"txt":{"insertions":5,"deletions":0},"java":{"insertions":7,"deletions":7}}},{"hash":"a9efb90d96ab78d9db260e28f343c37231784c4f","messageTitle":"Level-5 completed, and testcase updated","messageBody":"","tags":["Level-5"],"fileTypesAndContributionMap":{"txt":{"insertions":9,"deletions":0},"java":{"insertions":55,"deletions":19}}},{"hash":"3342e10253c742d0f58f8a1f39e73a3c31da9c3e","messageTitle":"Level-6 completed, and testcase updated","messageBody":"","tags":["Level-6"],"fileTypesAndContributionMap":{"txt":{"insertions":5,"deletions":0},"java":{"insertions":33,"deletions":3}}}]},{"date":"2021-08-21","commitResults":[{"hash":"21dd4eb6fadaf6c3c000a0c607fde5e37f2a029a","messageTitle":"Complete Level-7: Automatically save and load users\u0027 input","messageBody":"","tags":["Level-7"],"fileTypesAndContributionMap":{"java":{"insertions":111,"deletions":59}}},{"hash":"97cfd39b9afe795dcb39bd5adfcc4bc7fbdbc443","messageTitle":"Updated Level-6: Standardise indentation level and display format","messageBody":"","fileTypesAndContributionMap":{"java":{"insertions":40,"deletions":60}}},{"hash":"64998fbb23e48f4039db2cdad16107105449125b","messageTitle":"Complete Level-8: Store deadline and event time in form of LocalDate","messageBody":"","tags":["Level-8"],"fileTypesAndContributionMap":{"java":{"insertions":23,"deletions":8}}}]},{"date":"2021-08-22","commitResults":[{"hash":"ca8ce0495c76cc1f85d8eb366efc5b049755194f","messageTitle":"Complete Level-7 partially","messageBody":"","fileTypesAndContributionMap":{"java":{"insertions":372,"deletions":254}}},{"hash":"577fba04df5bd057c60a697115ebac833c65a652","messageTitle":"Complete A-More OOP partially, wrongly indicate the task as Level-7 in the previous commit","messageBody":"","fileTypesAndContributionMap":{"java":{"insertions":3,"deletions":4}}},{"hash":"5a05ac46c00dee489cc191a7685f3f152ade4f69","messageTitle":"Complete A-MoreOOP","messageBody":"","tags":["A-MoreOOP"],"fileTypesAndContributionMap":{"java":{"insertions":11,"deletions":6}}},{"hash":"899722d5ff59201316fc5c5dbdc72b97c8f64efc","messageTitle":"Complete A-Packages: put all classes under the duke package","messageBody":"","tags":["A-Packages"],"fileTypesAndContributionMap":{"java":{"insertions":20,"deletions":4}}},{"hash":"e883bd0f97a9150a9ba66d463351d78e938d69d5","messageTitle":"Complete A-JUnit","messageBody":"","tags":["A-Jar","A-JUnit"],"fileTypesAndContributionMap":{"java":{"insertions":133,"deletions":1}}}]},{"date":"2021-08-24","commitResults":[{"hash":"bae00ce089d8d9cfe589a0b766ae37df43a44bcf","messageTitle":"Break the Ui class into smaller subclasses, make Ui an interface and create methods for save/load to a specified file","messageBody":"","fileTypesAndContributionMap":{"java":{"insertions":242,"deletions":107}}},{"hash":"f17c3e41fd69bd100b85157927343f4e54b0f51c","messageTitle":"Add JavaDoc to all methods and classes in Duke","messageBody":"","tags":["A-JavaDoc"],"fileTypesAndContributionMap":{"java":{"insertions":361,"deletions":214}}},{"hash":"0aa4354c0129ee9b2528835234c8138cac2d94fc","messageTitle":"Update test cases and add a few more","messageBody":"","fileTypesAndContributionMap":{"java":{"insertions":47,"deletions":6}}},{"hash":"51fab6c2062d60d69b19b61bbb20068ede06d5b9","messageTitle":"Change coding style to meet the coding standard","messageBody":"","tags":["A-CodingStandard"],"fileTypesAndContributionMap":{"java":{"insertions":213,"deletions":185}}},{"hash":"663c06c541cba82dbb2a58a80f596736a601409e","messageTitle":"Complete Level9: Add find feature","messageBody":"","tags":["Level-9"],"fileTypesAndContributionMap":{"java":{"insertions":51,"deletions":9}}}]},{"date":"2021-08-25","commitResults":[{"hash":"dc1b9d1040768ff73f65ffc12d4a3b4ab5437a4e","messageTitle":"Edit UI::formatMessage to use StringBuilder","messageBody":"","fileTypesAndContributionMap":{"java":{"insertions":6,"deletions":2}}}]},{"date":"2021-08-28","commitResults":[{"hash":"f03f95210924bcd814476ddb949da8728254cb62","messageTitle":"- Change method names and add doc for constuctors to meet coding standard - Add user guideline to Readme","messageBody":"","fileTypesAndContributionMap":{"java":{"insertions":109,"deletions":86},"md":{"insertions":22,"deletions":27}}}]},{"date":"2021-08-29","commitResults":[{"hash":"0d2a0977c60d22c5d44efb1a0413dbc0398c898c","messageTitle":"Complete A-Gradle: build and run Duke with Gradle, set up gradle to run unit tests","messageBody":"","fileTypesAndContributionMap":{"java":{"insertions":179,"deletions":91}}},{"hash":"2c1133bf0b15b6c6fe9200090a4458b5b878ffc7","messageTitle":"Complete A-CheckStyle and used check style to solve coding standard issues Implement the help command to allow user to access user guideline in Duke","messageBody":"","fileTypesAndContributionMap":{"java":{"insertions":21,"deletions":8}}}]}]},"authorFileTypeContributionMap":{"ZhaoPeiduo":{"java":1121,"md":22,"fxml":0,"sh":0,"bat":0,"gradle":0,"txt":21}},"authorContributionVariance":{"ZhaoPeiduo":120216.87},"authorDisplayNameMap":{"ZhaoPeiduo":"CS2103-F09-3 ZHAO..IDUO"}}
