{"authorDailyContributionsMap":{"sheehui":[{"date":"2021-08-17","commitResults":[{"hash":"c86dcdb2a164c89059db9ce732ca4761c92bbe0f","messageTitle":"Complete Level-1","messageBody":"Add skeletal feature to greet user, echo command and exit on \u0027bye\u0027\n","tags":["Level-1"],"fileTypesAndContributionMap":{"java":{"insertions":26,"deletions":1}}},{"hash":"54b6c7dea1813611d2da985deacd9e58243a1666","messageTitle":"Complete Level-2","messageBody":"Add function to store and add task + list tasks\n","tags":["Level-2"],"fileTypesAndContributionMap":{"java":{"insertions":47,"deletions":5}}},{"hash":"3c59b5a4380b3eace5841cd0f661396ca200a3a6","messageTitle":"Complete Level-3","messageBody":"Allow users to mark task as done + add Task class\n","tags":["Level-3"],"fileTypesAndContributionMap":{"java":{"insertions":58,"deletions":5}}},{"hash":"02110f658f6b76f7a9f7f9456fd634ce6134f882","messageTitle":"Complete Level-4","messageBody":"Add 3 types of tasks (todo, deadline, event), which inherits from Task class.\n","tags":["Level-4"],"fileTypesAndContributionMap":{"java":{"insertions":125,"deletions":35}}}]},{"date":"2021-08-18","commitResults":[{"hash":"ec2fdab33a385bafab8abd1bce56b227b20ceeee","messageTitle":"Complete A-TextUiTesting","messageBody":"Amend runtest.sh to compare output + update actual/expected tests\n","tags":["A-TextUiTesting"],"fileTypesAndContributionMap":{"txt":{"insertions":14,"deletions":0},"bat":{"insertions":0,"deletions":21},"sh":{"insertions":1,"deletions":1}}},{"hash":"13ca76312c7b38cb07b59cd0ad85449fec8348c3","messageTitle":"Complete Level-5","messageBody":"Handle bad user inputs with exceptions and thrown errors.\n","tags":["Level-5"],"fileTypesAndContributionMap":{"java":{"insertions":80,"deletions":37}}},{"hash":"2c78110616e210e8e05c19284d63ff726e086dcb","messageTitle":"Complete Level-6","messageBody":"Change taskList from an array to an arraylist. Added delete task function. Fix string concatenation.\n","tags":["Level-6"],"fileTypesAndContributionMap":{"java":{"insertions":57,"deletions":31}}},{"hash":"3b160ad78d9ab552589301aec46ccde3881470ef","messageTitle":"Run prettier","messageBody":"","fileTypesAndContributionMap":{"java":{"insertions":272,"deletions":236}}}]},{"date":"2021-08-23","commitResults":[{"hash":"b1b7fa116d74b5f8372e4fe3990baf125b19db5d","messageTitle":"Change static methods to non-static","messageBody":"Created a Duke instance so methods can be non-static\n","fileTypesAndContributionMap":{"java":{"insertions":193,"deletions":10}}},{"hash":"e2c4357cff2227dd9c210b1c5e2e23b9299efb11","messageTitle":"Add enum class for Task types","messageBody":"Amend Duke class to add Task by recognising enum types.\n","tags":["A-Enums"],"fileTypesAndContributionMap":{"java":{"insertions":43,"deletions":40}}},{"hash":"c0811b014a3e7a3c6e30b4295f8e73f7a8252122","messageTitle":"Save tasks to local db","messageBody":"Add a Storage class that allows Duke to read from a db .txt file\nwhen initialised and write to a db file when stopped.\n","fileTypesAndContributionMap":{"java":{"insertions":151,"deletions":32}}},{"hash":"4fd3494c3ebae4df5efff0f78184643af29cd8f6","messageTitle":"Store dates as java.time.LocalDate","messageBody":"","fileTypesAndContributionMap":{"java":{"insertions":10,"deletions":6}}}]},{"date":"2021-08-24","commitResults":[{"hash":"b48acd3bf60c67c0420a28c68387ee59f181597b","messageTitle":"Add TaskList for OOP","messageBody":"","fileTypesAndContributionMap":{"java":{"insertions":68,"deletions":25}}},{"hash":"ba954048162b2aa1912f413643cd511d463f3668","messageTitle":"Add Parser class for OOP","messageBody":"Process user command and returns an array containing\ninput information.\n","fileTypesAndContributionMap":{"java":{"insertions":93,"deletions":74}}},{"hash":"8e032ca1ac93655a457c84cbb2e4e63ca0268775","messageTitle":"Add Ui class for OOP","messageBody":"Deals with interactions with the user. i.e. add task, delete, finish\netc.\n","tags":["A-MoreOOP"],"fileTypesAndContributionMap":{"java":{"insertions":184,"deletions":285}}},{"hash":"25e8b6d07f0c7616739dba746524a2d28db8372d","messageTitle":"Complete A-Packages","messageBody":"* duke for Duke\n* duke.exception for all exception classes\n* duke.task for all task related classes\n* duke.util for Ui, Parser and Storage\n","tags":["A-Packages"],"fileTypesAndContributionMap":{"java":{"insertions":92,"deletions":33}}},{"hash":"be5df0320a9a79e8adc6bbdac6143b270db96bab","messageTitle":"Fix bug in separateDetails","messageBody":"Throw error if there is nothing before and after /at, /by.\n","fileTypesAndContributionMap":{"java":{"insertions":1,"deletions":1}}},{"hash":"bdb2851c3119db5d5d1b26431ae0aa80f3e88b90","messageTitle":"Amend task classes to handle error with date inputs","messageBody":"","fileTypesAndContributionMap":{"java":{"insertions":32,"deletions":9}}},{"hash":"a4baf1bbd19b4a1c8f520881accb0ac9a85c12df","messageTitle":"Add JUnit tests","messageBody":"Test deadline, event, todo for:\n-output string\n-error thrown for wrong datetime\n-correct taskToString conversion\n","tags":["A-JUnit"],"fileTypesAndContributionMap":{"java":{"insertions":99,"deletions":4}}},{"hash":"a4adf6eedcadc1f5e88eb4c3aeffa9f1e1f463be","messageTitle":"Complete Level-9","messageBody":"Find a task by searching for a keyword.\n","fileTypesAndContributionMap":{"java":{"insertions":48,"deletions":18}}}]},{"date":"2021-08-25","commitResults":[{"hash":"19256df20c90b3ac18ada454c5e345672fa83d37","messageTitle":"Complete JavaDocs.","messageBody":"Write java documentation for public classes/methods and some private\nmethods.\n","fileTypesAndContributionMap":{"java":{"insertions":282,"deletions":10}}},{"hash":"86838cf0ccce05bc983441c12187206bd27f0cee","messageTitle":"Configure project to match the necessary coding standards","messageBody":"","fileTypesAndContributionMap":{"java":{"insertions":323,"deletions":297}}}]}]},"authorFileTypeContributionMap":{"sheehui":{"java":1088,"md":0,"fxml":0,"sh":0,"bat":0,"gradle":0,"txt":14}},"authorContributionVariance":{"sheehui":125308.88},"authorDisplayNameMap":{"sheehui":"CS2103T-W16-1 TAN .. HUI"}}
