{"authorDailyContributionsMap":{"jovyntls":[{"date":"2021-08-17","commitResults":[{"hash":"e765315b4895f61e09bd1bd2ac707b462b040c4b","messageTitle":"Add greeting to the user","messageBody":"","fileTypesAndContributionMap":{"java":{"insertions":16,"deletions":0}}},{"hash":"0d108bbfa756ba336a341f15bef63b122fc922d3","messageTitle":"Add ChatBot class","messageBody":"","fileTypesAndContributionMap":{"java":{"insertions":32,"deletions":0}}},{"hash":"cf6d542de772824a69defbf31f1cf10bb694a190","messageTitle":"Add echoing and exiting","messageBody":"","tags":["Level-1"],"fileTypesAndContributionMap":{"java":{"insertions":16,"deletions":4}}},{"hash":"8de3ac98a0f58a24c6d6992268fe0e7b936e3708","messageTitle":"Refactor Duke class to use instance methods","messageBody":"","fileTypesAndContributionMap":{"java":{"insertions":10,"deletions":6}}},{"hash":"7c57540d11d957e869854f9c05e9074654b582ec","messageTitle":"Add Task and TaskList classes","messageBody":"","tags":["A-Classes"],"fileTypesAndContributionMap":{"java":{"insertions":39,"deletions":0}}},{"hash":"fa7a881f81af1f80911de60278fd9e0dcd362853","messageTitle":"Add ability to create tasks","messageBody":"","fileTypesAndContributionMap":{"java":{"insertions":24,"deletions":1}}},{"hash":"913edc65b3f9154220763fd16ffa13fff0e8970a","messageTitle":"Add ability to list tasks","messageBody":"","fileTypesAndContributionMap":{"java":{"insertions":22,"deletions":4}}},{"hash":"e61b7295087b44ee0f5a87679ea3a9e453dfc2f3","messageTitle":"Fix javadocs for toString method in TaskList","messageBody":"","tags":["Level-2"],"fileTypesAndContributionMap":{"java":{"insertions":2,"deletions":0}}},{"hash":"97dddbf52e4d37698066e705e8b82a894c697597","messageTitle":"Add ability to complete tasks","messageBody":"","fileTypesAndContributionMap":{"java":{"insertions":35,"deletions":5}}},{"hash":"b215ad07f73bdb6ccb791eb8aec0642b54800282","messageTitle":"Fix wording and spacing for messages","messageBody":"","tags":["Level-3"],"fileTypesAndContributionMap":{"java":{"insertions":2,"deletions":2}}},{"hash":"2cceb884b79501d84155a83f65950b80d70288ef","messageTitle":"Add ToDos, Events and Deadlines","messageBody":"","tags":["A-Inheritance"],"fileTypesAndContributionMap":{"java":{"insertions":121,"deletions":7}}},{"hash":"5b95979fc0ec9a0a3c7f87417fac0ffd4327c339","messageTitle":"Fix bug in task titles for events and deadlines","messageBody":"","tags":["Level-4"],"fileTypesAndContributionMap":{"txt":{"insertions":1,"deletions":0},"java":{"insertions":2,"deletions":2}}}]},{"date":"2021-08-18","commitResults":[{"hash":"76f2410089f74ae45a0be69777541d2621c50701","messageTitle":"Improve spacing and readability for output messages","messageBody":"","fileTypesAndContributionMap":{"java":{"insertions":5,"deletions":5}}},{"hash":"4e67c1b33e5c9841f1762e1e848c36dbfaf71fa1","messageTitle":"Add seed data for automated tests","messageBody":"","tags":["A-TextUiTesting"],"fileTypesAndContributionMap":{"txt":{"insertions":8,"deletions":1}}},{"hash":"e06b5b5dfc4c571e30b296ab52e6a60e102684c6","messageTitle":"Add error handling and DukeException","messageBody":"","tags":["A-Exceptions"],"fileTypesAndContributionMap":{"java":{"insertions":39,"deletions":27}}},{"hash":"0f846f4fcde8ac9b1358bcf1207326618a7ed985","messageTitle":"Trim whitespace for task inputs","messageBody":"","tags":["Level-5"],"fileTypesAndContributionMap":{"java":{"insertions":6,"deletions":6}}},{"hash":"3c3256b6b2351399e30b2cdea0743c4d6e3ee3fd","messageTitle":"Refactor to use Collections ArrayList","messageBody":"","tags":["A-Collections"],"fileTypesAndContributionMap":{"txt":{"insertions":6,"deletions":0},"java":{"insertions":11,"deletions":27}}},{"hash":"bb404e4aa9059412075a3cafb2599b73c1fb45aa","messageTitle":"Add delete functionality","messageBody":"","fileTypesAndContributionMap":{"java":{"insertions":24,"deletions":4}}},{"hash":"309d1d506df964ccfec27a13ab8b67a8ab95bba8","messageTitle":"Improve input handling","messageBody":"","fileTypesAndContributionMap":{"java":{"insertions":45,"deletions":21}}},{"hash":"b0e035651fc68ecfc470be7d0605d581ce098d7a","messageTitle":"Remove unnecessary throwing of DukeException","messageBody":"","fileTypesAndContributionMap":{"java":{"insertions":4,"deletions":7}}},{"hash":"6dfb3f4613626e33b7640c8cd23ab3f34f1eff62","messageTitle":"Refactor input handling logic to be cleaner","messageBody":"","fileTypesAndContributionMap":{"java":{"insertions":20,"deletions":27}}},{"hash":"27ba8b2a50ac2c31fd502ca657e2fcc3ba618a0e","messageTitle":"Add comments for each block","messageBody":"","fileTypesAndContributionMap":{"java":{"insertions":3,"deletions":0}}},{"hash":"db5f43f56f9001eba7e9dcd56866b8024c21dfe5","messageTitle":"Fix output message for deleting tasks","messageBody":"","fileTypesAndContributionMap":{"java":{"insertions":1,"deletions":1}}},{"hash":"263b6922c2fe87eb23c1058a235b5827246f5539","messageTitle":"Add test case for delete","messageBody":"","tags":["Level-6"],"fileTypesAndContributionMap":{"txt":{"insertions":4,"deletions":2}}},{"hash":"12ab875e1a990a0ac620d9bbde59e7b29edf76c0","messageTitle":"Add enums for Task types","messageBody":"","fileTypesAndContributionMap":{"java":{"insertions":22,"deletions":11}}},{"hash":"71389f6aa0d248a7f86f05a2481561b5e0101ed4","messageTitle":"Refactor enums","messageBody":"","fileTypesAndContributionMap":{"java":{"insertions":12,"deletions":15}}},{"hash":"6efbd157cb19168aec73122cf547e709d8703b50","messageTitle":"Add getIntInputAfterCommand to neaten task handling logic","messageBody":"","tags":["A-Enums"],"fileTypesAndContributionMap":{"java":{"insertions":13,"deletions":10}}}]},{"date":"2021-08-19","commitResults":[{"hash":"39d0d0e16d6f0821dd32c1d6d9a0540669b98e65","messageTitle":"Fix linting errors from checkstyle","messageBody":"","fileTypesAndContributionMap":{"java":{"insertions":33,"deletions":19}}}]},{"date":"2021-08-23","commitResults":[{"hash":"7f0258a0d602bc927d310bf73f957bf6fe6a5732","messageTitle":"Change Chatbot class to ChatbotUI interface","messageBody":"","fileTypesAndContributionMap":{"java":{"insertions":16,"deletions":14}}},{"hash":"354777f03e3adf66cde5fb90adaa75879d7bcd3d","messageTitle":"Add methods for handling file data","messageBody":"","fileTypesAndContributionMap":{"java":{"insertions":57,"deletions":0}}}]},{"date":"2021-08-24","commitResults":[{"hash":"83536fa7de96d0b72e29fc52cee0e527f0de2c24","messageTitle":"Refactor Task subclasses constructors","messageBody":"","fileTypesAndContributionMap":{"java":{"insertions":14,"deletions":8}}},{"hash":"925afcd81ee3e28b42dc9549dd586eb69e85d673","messageTitle":"Add overloaded constructors for task subclasses","messageBody":"","fileTypesAndContributionMap":{"java":{"insertions":22,"deletions":9}}},{"hash":"bc1064f6d526ec598898c8c28a8968dd37fdbfd2","messageTitle":"Rename methods to be more descriptive","messageBody":"","fileTypesAndContributionMap":{"java":{"insertions":56,"deletions":69}}},{"hash":"9fc4d238fb60ce6f4941a956c7bb06b5323197de","messageTitle":"Add methods for handling data","messageBody":"","fileTypesAndContributionMap":{"java":{"insertions":56,"deletions":0}}},{"hash":"0eeb582e06888a3ff6d3b8a3d76e55030823792b","messageTitle":"Handle loading and saving of data for Tasks","messageBody":"","fileTypesAndContributionMap":{"java":{"insertions":68,"deletions":5}}},{"hash":"bca2bfe69cd74fc3e285f005d057fe44d502959c","messageTitle":"Add test cases for loading saved tasks","messageBody":"","fileTypesAndContributionMap":{"txt":{"insertions":26,"deletions":0},"java":{"insertions":1,"deletions":3},"sh":{"insertions":48,"deletions":0}}},{"hash":"fd869a4699bf257a8ef77f088695a1c3d970a230","messageTitle":"Reorganise test files","messageBody":"Currently, the test files are all in the same directory with a flat\nstructure.\n\nThis is disorganised and hard to read.\n\nThis commit will organise test files into subdirectories.\n\nReorganisation makes it easier to navigate the test files.\n\nThe test should be run from the project root directory.\nThe file to run is `./text-ui-test/duke-test.sh`\n","fileTypesAndContributionMap":{"txt":{"insertions":3,"deletions":0},"java":{"insertions":1,"deletions":1},"sh":{"insertions":14,"deletions":10}}},{"hash":"d0d83dc93460938b86e0c40086076f4b773dfe18","messageTitle":"Allow Duke to understand dates and times","messageBody":"","fileTypesAndContributionMap":{"java":{"insertions":25,"deletions":14}}},{"hash":"5034621a7e8f29f8c98d97f50811c3ac61da3ff8","messageTitle":"Fix dates in test cases","messageBody":"","fileTypesAndContributionMap":{"txt":{"insertions":4,"deletions":4},"java":{"insertions":1,"deletions":1}}},{"hash":"0bb6899ca1dfff9ce89aa827a6d32b236df7ba71","messageTitle":"Separate Date and String parsing","messageBody":"","tags":["Level-8"],"fileTypesAndContributionMap":{"java":{"insertions":6,"deletions":6}}},{"hash":"27bd5b6ff99cf72f9479f60e7f7d961c320983e1","messageTitle":"Add Parser class and lint","messageBody":"","fileTypesAndContributionMap":{"java":{"insertions":112,"deletions":71}}},{"hash":"d6f63778371e8460196d55415155f6fceaaebc4b","messageTitle":"Add Storage class","messageBody":"","tags":["A-MoreOOP"],"fileTypesAndContributionMap":{"java":{"insertions":18,"deletions":15}}},{"hash":"b1f9dc11f14fda8cd77978a0f0336b437d5dd7fc","messageTitle":"Reorganise classes into packages","messageBody":"","fileTypesAndContributionMap":{"java":{"insertions":52,"deletions":23}}},{"hash":"0ffdd5902b52dd9ba7b9ea0bcd00b1f808e9362b","messageTitle":"Fix tests to work with files in packages","messageBody":"","tags":["A-Packages"],"fileTypesAndContributionMap":{"sh":{"insertions":12,"deletions":2}}},{"hash":"97b8f1f67acbc4af498bdbba21e4239adb14a538","messageTitle":"Add Javadocs and fix checkstyle issues","messageBody":"","fileTypesAndContributionMap":{"java":{"insertions":32,"deletions":25}}},{"hash":"434caafac6f149b2553b671cb4c806d0f38b81f4","messageTitle":"Add JUnit tests for Deadlines and Events","messageBody":"","fileTypesAndContributionMap":{"java":{"insertions":42,"deletions":0}}},{"hash":"b811e85756f1f7552876f69101a4282743ee135a","messageTitle":"Add JUnit tests for Parser interface","messageBody":"","tags":["A-JUnit"],"fileTypesAndContributionMap":{"java":{"insertions":20,"deletions":0}}},{"hash":"b5fe01893668e935aab2860b9862fa6ddd24a58c","messageTitle":"Add packaged app as JAR file","messageBody":"","tags":["A-Jar","A-Gradle"],"fileTypesAndContributionMap":{"gradle":{"insertions":45,"deletions":0},"bat":{"insertions":89,"deletions":0}}},{"hash":"836f25fc525eea2668e252c584199dee0d1a0491","messageTitle":"Add JavaDocs for public classes","messageBody":"","fileTypesAndContributionMap":{"java":{"insertions":48,"deletions":0}}},{"hash":"02c2d677dfdb56549537b54969e29a65fb458243","messageTitle":"Refactor to follow CS2103 coding standard","messageBody":"","fileTypesAndContributionMap":{"java":{"insertions":36,"deletions":33}}},{"hash":"d3ebc35a651a312102bb4ae196d3d3d8d04c8a92","messageTitle":"Add filtering for tasks by keyword","messageBody":"","fileTypesAndContributionMap":{"java":{"insertions":27,"deletions":0}}},{"hash":"1fd6a3aa522504734473444d96e2a6fb45062848","messageTitle":"Add filtering to test cases","messageBody":"","fileTypesAndContributionMap":{"txt":{"insertions":4,"deletions":3},"sh":{"insertions":2,"deletions":2}}},{"hash":"ed52159adf079b9cbe3367ae4fbbdf6ae23b06c2","messageTitle":"Update README.md","messageBody":"","fileTypesAndContributionMap":{"md":{"insertions":1,"deletions":1}}}]},{"date":"2021-08-29","commitResults":[{"hash":"c1c6cf0986040de9a1a1457994a17abd0564a27c","messageTitle":"Add checkstyle command to Gradle","messageBody":"","fileTypesAndContributionMap":{"gradle":{"insertions":6,"deletions":2}}},{"hash":"358457786f534f803cfa7ced05cf5ce61b8101ab","messageTitle":"Edit README.md","messageBody":"","fileTypesAndContributionMap":{"md":{"insertions":47,"deletions":0}}}]},{"date":"2021-08-30","commitResults":[{"hash":"2d16de7876f1945464bb4fe2c9f5c6bb4656b25d","messageTitle":"Add basic functioning GUI","messageBody":"","fileTypesAndContributionMap":{"txt":{"insertions":0,"deletions":3},"java":{"insertions":33,"deletions":4},"md":{"insertions":2198,"deletions":0}}},{"hash":"01913aec77ed26892f459b95df81c72d61ba6ca3","messageTitle":"Add GUI for echo mode","messageBody":"","fileTypesAndContributionMap":{"java":{"insertions":174,"deletions":18}}},{"hash":"85f1070192cf8ef7abc1a9299ebbbe40b5bf1e84","messageTitle":"Implement basic task management with GUI","messageBody":"","fileTypesAndContributionMap":{"java":{"insertions":76,"deletions":37}}},{"hash":"c3de778e62e10a25fb1fb94729352dfa583af454","messageTitle":"Fix path for data storage","messageBody":"","fileTypesAndContributionMap":{"java":{"insertions":6,"deletions":10}}}]},{"date":"2021-08-31","commitResults":[{"hash":"65522a63162f3b392338d11c16bd19917b29de95","messageTitle":"Reorganise logic for Duke GUI","messageBody":"","fileTypesAndContributionMap":{"java":{"insertions":9,"deletions":8}}},{"hash":"6da446ed2f046aed1398762f68e0140ba3d3d6bd","messageTitle":"Add varargs to printMessage","messageBody":"","fileTypesAndContributionMap":{"java":{"insertions":14,"deletions":1}}}]},{"date":"2021-09-01","commitResults":[{"hash":"d1e1f28ab389d1aa36f8dc20090eb01c7d44918d","messageTitle":"Remove unused packages directory","messageBody":"","fileTypesAndContributionMap":{"md":{"insertions":0,"deletions":2198}}},{"hash":"437f170e175178fe9be2b9d4d4c05ac9c9f6f99a","messageTitle":"Fix gradle","messageBody":"","fileTypesAndContributionMap":{"gradle":{"insertions":28,"deletions":20},"java":{"insertions":0,"deletions":2},"md":{"insertions":0,"deletions":29}}}]},{"date":"2021-09-04","commitResults":[{"hash":"0832e8a0e045460286089876b0ca0083e9bb24ba","messageTitle":"Add JAR file","messageBody":"","fileTypesAndContributionMap":{"gradle":{"insertions":4,"deletions":8}}},{"hash":"000aff3a2fe3c8b73579ab7e92f3b7f514bf0181","messageTitle":"Refactor DukeGui to improve readability","messageBody":"Currently, the handleUserInput method in DukeGui is easily confused with\nthe handleUserInput method in Duke (which extends DukeGui). Neither\noverrides the other and they both accomplish different functionalities.\n\nThe handleUserInput method in DukeGui needs to be renamed and refactored\nto show that it simply echoes the user input, and does not carry out any\nadditional computation about it.\n\nLet\u0027s rename handleUserInput in DukeGui to \u0027echo\u0027, and remove the\ndukeText variable to show that the same text is used for input and\noutput.\n\nThis renaming and refactoring clearly shows the difference between the\nlogic in DukeGui and Duke. Confusion is reduced since Duke extends\nDukeGui and we clearly show that there should be no method overriding in\nhandleUserInput.\n","fileTypesAndContributionMap":{"java":{"insertions":6,"deletions":19}}},{"hash":"924e4c7fea7804474b257ac4b947e5da4686ef49","messageTitle":"Add assertions for Parser","messageBody":"","fileTypesAndContributionMap":{"java":{"insertions":2,"deletions":0}}},{"hash":"377e75f28c7d7b188178d520b125c4ccdba776dc","messageTitle":"Reorganise GUI classes","messageBody":"","fileTypesAndContributionMap":{"java":{"insertions":18,"deletions":38}}},{"hash":"4c8313c073d2cbe21de1109e296c39f2a039a8e0","messageTitle":"Remove deadcode from deprecated text UI","messageBody":"","fileTypesAndContributionMap":{"java":{"insertions":12,"deletions":79}}},{"hash":"5548e7f0ec4770478fe5332010b72ecdaf514a89","messageTitle":"Remove unnecessary \u0027this\u0027 from Duke class","messageBody":"","fileTypesAndContributionMap":{"java":{"insertions":27,"deletions":27}}},{"hash":"71448961b84e19565e3425005c819b149a4b7d67","messageTitle":"Refactor task classes","messageBody":"","fileTypesAndContributionMap":{"java":{"insertions":22,"deletions":17}}},{"hash":"fa312b6589b1f4643189e5e14ec634fd058f4226","messageTitle":"Remove unnecessary this from TaskList class","messageBody":"","fileTypesAndContributionMap":{"java":{"insertions":17,"deletions":15}}},{"hash":"83c8a415020fa40edaa8f315a71e836165c14171","messageTitle":"Fix errors from checkstyle","messageBody":"","fileTypesAndContributionMap":{"java":{"insertions":4,"deletions":3}}},{"hash":"09b89ba57aacdff7dbf515de4be23cc09139f4df","messageTitle":"Disallow adding of duplicate tasks","messageBody":"Duplicate tasks can be added to the task list without any warning or\nexceptions raised by Duke.\n\nDuplicated tasks may cause confusion for the user. Furthermore, if\nfeatures such as sorting (unstable) are introduced in the future, the\nduplicated tasks may cause bugs that are hard to fix.\n\nRaising an exception when the user attempts to add a duplicate task\nreminds the user that the task is duplicated and prevents user errors.\nDisallowing duplicated tasks also reduces the possibility of bugs in the\nfuture.\n\nLet\u0027s raise a user-facing DukeException when the user attempts to add a\ntask that has already been added, which allows the user to know that\nduplicated tasks are not allowed.\n\nRaising a DukeException is a clean way to handle the duplicated task.\nSince it is user-facing, the user is also informed that such behaviour\nis not allowed.\n\nAdditional information: Streams are used to check for duplicates.\n","tags":["BCD-Extension","A-Streams","A-FullCommitMessage"],"fileTypesAndContributionMap":{"java":{"insertions":24,"deletions":11}}}]}]},"authorFileTypeContributionMap":{"jovyntls":{"java":925,"md":48,"fxml":0,"sh":29,"bat":89,"gradle":53,"txt":43}},"authorContributionVariance":{"jovyntls":428315.03},"authorDisplayNameMap":{"jovyntls":"CS2103-T14-2 JOVY..HYAN"}}
