{"authorDailyContributionsMap":{"Gabau":[{"date":"2021-08-15","commitResults":[{"hash":"821a6fde83e11e2c13e5a33cf64d9f7b51180e5e","messageTitle":"Completed level 1 tasks.","messageBody":"","tags":["Level-1"],"fileTypesAndContributionMap":{"java":{"insertions":41,"deletions":6}}},{"hash":"e5fa9b548338e9e6fc78e2f6ef706c4c93777268","messageTitle":"Level 2. Add, List.","messageBody":"","tags":["Level-2"],"fileTypesAndContributionMap":{"java":{"insertions":76,"deletions":1}}},{"hash":"94dc09dca5fca4efeb8e01bbe5e20e4c18f84997","messageTitle":"Level-3, added the task class and the ability to mark tasks as done with the done command.","messageBody":"","tags":["Level-3","A-Class"],"fileTypesAndContributionMap":{"java":{"insertions":74,"deletions":9}}},{"hash":"71cee3c6eeae2d1266b9d781e7faa99bd44870f3","messageTitle":"Level 4, added Task class files and different task features.","messageBody":"","tags":["Level-4"],"fileTypesAndContributionMap":{"java":{"insertions":155,"deletions":67}}},{"hash":"718265dc3b8393a68eaafbbd119256bb737ce78d","messageTitle":"Modified test files","messageBody":"","tags":["A-TextUiTesting"],"fileTypesAndContributionMap":{"txt":{"insertions":8,"deletions":0}}},{"hash":"21ddc09b2f3074927aea773964761163ea5e5279","messageTitle":"Modified line when adding task","messageBody":"","fileTypesAndContributionMap":{"java":{"insertions":1,"deletions":1}}},{"hash":"8ab9553afb3746e2b230d5d4fe16d21d45257a08","messageTitle":"Level 5, handling errors and duplicate input.","messageBody":"","tags":["Level-5","A-Exceptions"],"fileTypesAndContributionMap":{"java":{"insertions":117,"deletions":52}}},{"hash":"0a52fe55c9768b91661c05ac7c30995ea6007a62","messageTitle":"Added ArrayList and removed NumberFormatException","messageBody":"","fileTypesAndContributionMap":{"java":{"insertions":10,"deletions":19}}},{"hash":"c7b6311dcc414b662f89671ec94f297a469d0f50","messageTitle":"Added delete and reorganised the run function","messageBody":"","tags":["Level-6"],"fileTypesAndContributionMap":{"java":{"insertions":56,"deletions":40}}},{"hash":"dbca0d0c418bf510afc383a03eb9d8ac3ffe95ab","messageTitle":"More tests","messageBody":"","fileTypesAndContributionMap":{"txt":{"insertions":7,"deletions":0}}}]},{"date":"2021-08-20","commitResults":[{"hash":"4ffd3f0e7b7518d996880357901d321dae96c775","messageTitle":"Reorganize Task classes.","messageBody":"It was too messy to deal with all the java files on the top layer.\n\nShifted the Task files into a packag util.tasks for convenience.\n","fileTypesAndContributionMap":{"java":{"insertions":9,"deletions":0}}}]},{"date":"2021-08-21","commitResults":[{"hash":"def205ad597f33330dc929b1906cca8a9fe5d0cf","messageTitle":"Setup encode and decode.","messageBody":"There was no capability for encoding and decoding the Tasks into a text document.\n\nBy adding such functions on the Task objects, it is easier to encode and decode the Tasks to save them.\n","fileTypesAndContributionMap":{"java":{"insertions":127,"deletions":20}}},{"hash":"42e1a7070f46d1619aa7d3084c7995c5213a7146","messageTitle":"Complete write and read methods for storing task information.","messageBody":"Did not have capability to read and write to a file to store the past tasks.\n\nAdded such functionality in this commit.\n","tags":["Level-7"],"fileTypesAndContributionMap":{"java":{"insertions":90,"deletions":4}}},{"hash":"2072c216aea6768ae8695d9ff799d95c4088bac8","messageTitle":"Add Local dates","messageBody":"Did not have any restrictions on the dates that could have been added.\n\nThis restrictions allows the dates to be modified in a more systematic manner.\n","tags":["Level-8"],"fileTypesAndContributionMap":{"java":{"insertions":85,"deletions":26}}}]},{"date":"2021-08-22","commitResults":[{"hash":"a3103f935e2eba6dfec446729f7195801d5284f6","messageTitle":"Add more OOP and Packages","messageBody":"There was a lack of OOP for the organisation of the program.\n\nFinished creating the classes for more oop but not the packages.\n","fileTypesAndContributionMap":{"java":{"insertions":521,"deletions":239}}},{"hash":"21f35698f02c57197831a36d4cbbdeb130811425","messageTitle":"Complete packages and more OOP","messageBody":"","tags":["A-Packages","A-MoreOOP"],"fileTypesAndContributionMap":{"java":{"insertions":194,"deletions":159}}},{"hash":"29747d6f523813c390ac80f69b49569a1ed229fd","messageTitle":"Fix Dlist","messageBody":"","fileTypesAndContributionMap":{"java":{"insertions":12,"deletions":6}}},{"hash":"d83d0e39662d76fd87f8476d6432450b74de9b16","messageTitle":"Add unit tests","messageBody":"Did not have any unit tests previously.\n\nIncluded tests for parser, delcommand and DateTaskTable\n","tags":["A-JUnit"],"fileTypesAndContributionMap":{"java":{"insertions":103,"deletions":3}}},{"hash":"e42d38219f20ecb40825ce204f8f79e01adf3e78","messageTitle":"Remove duplicate greeting","messageBody":"","tags":["v0.1","A-Jar"],"fileTypesAndContributionMap":{"java":{"insertions":0,"deletions":1}}},{"hash":"3d91ca7b6627194d665f0780ea63d41457f5b724","messageTitle":"Add more javadocs","messageBody":"","fileTypesAndContributionMap":{"java":{"insertions":287,"deletions":101}}},{"hash":"fa436c27fe74cce0e684ccd26ff66df08ef38384","messageTitle":"Improve javadoc","messageBody":"","tags":["A-JavaDoc"],"fileTypesAndContributionMap":{"java":{"insertions":104,"deletions":94}}},{"hash":"4f4f7642c47dd729a11cbbf10e89cb0f54b2ef39","messageTitle":"Improve coding standard","messageBody":"","tags":["A-CodingStandard"],"fileTypesAndContributionMap":{"java":{"insertions":8,"deletions":8}}},{"hash":"adf92309875fef3f98b242279fc75c434fd923eb","messageTitle":"Add Find feature","messageBody":"","tags":["Level-9"],"fileTypesAndContributionMap":{"java":{"insertions":81,"deletions":55}}}]},{"date":"2021-08-27","commitResults":[{"hash":"201cc956148b77eed438cdebe8b0fa20118b000d","messageTitle":"Explicit imports","messageBody":"","fileTypesAndContributionMap":{"java":{"insertions":38,"deletions":11}}}]},{"date":"2021-08-28","commitResults":[{"hash":"c37c98963f2a99ee086533c542a310917574f772","messageTitle":"Obtain junit gradle support and compilation capability","messageBody":"","tags":["A-Gradle"],"fileTypesAndContributionMap":{"gradle":{"insertions":2,"deletions":1},"java":{"insertions":2,"deletions":0}}},{"hash":"cccd867c43a880b321bb8039e370481705c01b9c","messageTitle":"Ammend checkstyle issues","messageBody":"","tags":["A-CheckStyle"],"fileTypesAndContributionMap":{"java":{"insertions":160,"deletions":102}}},{"hash":"f1fc76788b40349d09846a1d92fe688f8f754fec","messageTitle":"Add JavaFx dependencies","messageBody":"","fileTypesAndContributionMap":{"gradle":{"insertions":14,"deletions":0},"fxml":{"insertions":35,"deletions":0}}},{"hash":"617e4982acf5ac0a1e5bbcac92da3a5d1c0dcfb2","messageTitle":"Add basic GUI functionality","messageBody":"","fileTypesAndContributionMap":{"gradle":{"insertions":1,"deletions":1},"fxml":{"insertions":0,"deletions":0},"java":{"insertions":196,"deletions":20}}}]},{"date":"2021-08-29","commitResults":[{"hash":"690473335404da1b90fab92fa1a20e6dc2017301","messageTitle":"Add text output and task creation","messageBody":"","tags":["Level-10"],"fileTypesAndContributionMap":{"fxml":{"insertions":63,"deletions":2},"java":{"insertions":238,"deletions":5}}}]},{"date":"2021-08-31","commitResults":[{"hash":"3d0595ce663494056e84fa9d7ec887eaec4722fd","messageTitle":"Add listView viewer","messageBody":"","fileTypesAndContributionMap":{"fxml":{"insertions":20,"deletions":10},"java":{"insertions":129,"deletions":63}}},{"hash":"31e9eee5566e4fa3fb653320aca54bce2ec3685d","messageTitle":"Modify names of ui related methods and other variables","messageBody":"","fileTypesAndContributionMap":{"java":{"insertions":30,"deletions":28}}},{"hash":"1e01fb5c17c849d9209669f148d68ee0c39ffffb","messageTitle":"Add window resize features","messageBody":"","fileTypesAndContributionMap":{"fxml":{"insertions":6,"deletions":6},"java":{"insertions":20,"deletions":10}}},{"hash":"4d70f90ca2b1c1fbd3254cf74ace52cafee7073a","messageTitle":"Change the duke chat box position","messageBody":"","fileTypesAndContributionMap":{"fxml":{"insertions":37,"deletions":12},"java":{"insertions":9,"deletions":0}}}]},{"date":"2021-09-01","commitResults":[{"hash":"e979e6092b3fce952990d0325c04a08bf45ac6d5","messageTitle":"Fix writing issue","messageBody":"","fileTypesAndContributionMap":{"java":{"insertions":6,"deletions":3}}},{"hash":"426c55b1738ffe144e423085a224b1726d15bb29","messageTitle":"Add some documentation for javafx parts","messageBody":"","tags":["branch-Level-10"],"fileTypesAndContributionMap":{"java":{"insertions":6,"deletions":0}}},{"hash":"d66f9ca9d137cc8a6698c2ac7252e6c05b9cf9f0","messageTitle":"Ammend checkstyle issues","messageBody":"","fileTypesAndContributionMap":{"java":{"insertions":34,"deletions":30}}}]},{"date":"2021-09-04","commitResults":[{"hash":"8dd2efc6e035553b53e120a9a9cbcec993b89fd5","messageTitle":"Change package directory","messageBody":"","tags":["v0.2"],"fileTypesAndContributionMap":{"gradle":{"insertions":1,"deletions":1},"fxml":{"insertions":2,"deletions":2},"java":{"insertions":95,"deletions":91}}},{"hash":"ed1e4fcaf9ec0d92278ecca7b34e6ebfc64fe028","messageTitle":"Fix checkstyle issues","messageBody":"","fileTypesAndContributionMap":{"java":{"insertions":15,"deletions":12}}}]}]},"authorFileTypeContributionMap":{"Gabau":{"java":1863,"md":0,"fxml":131,"sh":0,"bat":0,"gradle":16,"txt":15}},"authorContributionVariance":{"Gabau":161397.33},"authorDisplayNameMap":{"Gabau":"CS2103T-W11-2 AU C..RIEL"}}
