[{"path":"data/duke.txt","fileType":"txt","lines":[{"lineNumber":1,"author":{"gitId":"adam-ky"},"content":"T | 0 | a","lastModifiedDate":"2021-08-28"},{"lineNumber":2,"author":{"gitId":"adam-ky"},"content":"T | 0 | b","lastModifiedDate":"2021-08-29"},{"lineNumber":3,"author":{"gitId":"adam-ky"},"content":"T | 0 | bb","lastModifiedDate":"2021-08-29"},{"lineNumber":4,"author":{"gitId":"adam-ky"},"content":"T | 0 | bbb","lastModifiedDate":"2021-08-29"},{"lineNumber":5,"author":{"gitId":"adam-ky"},"content":"T | 0 | c","lastModifiedDate":"2021-08-29"},{"lineNumber":6,"author":{"gitId":"adam-ky"},"content":"D | 0 | go | today","lastModifiedDate":"2021-08-29"}],"authorContributionMap":{"adam-ky":6}},{"path":"src/main/java/duke/Duke.java","fileType":"java","lines":[{"lineNumber":1,"author":{"gitId":"adam-ky"},"content":"package duke;","lastModifiedDate":"2021-08-28"},{"lineNumber":2,"author":{"gitId":"adam-ky"},"content":"","lastModifiedDate":"2021-08-28"},{"lineNumber":3,"author":{"gitId":"adam-ky"},"content":"import duke.command.Command;","lastModifiedDate":"2021-08-28"},{"lineNumber":4,"author":{"gitId":"adam-ky"},"content":"import duke.task.TaskList;","lastModifiedDate":"2021-08-28"},{"lineNumber":5,"author":{"gitId":"adam-ky"},"content":"","lastModifiedDate":"2021-08-28"},{"lineNumber":6,"author":{"gitId":"adam-ky"},"content":"/**","lastModifiedDate":"2021-08-28"},{"lineNumber":7,"author":{"gitId":"adam-ky"},"content":" * Represents a chatbot to manage a list of tasks.","lastModifiedDate":"2021-08-28"},{"lineNumber":8,"author":{"gitId":"adam-ky"},"content":" *","lastModifiedDate":"2021-08-28"},{"lineNumber":9,"author":{"gitId":"adam-ky"},"content":" * @author Adam Ho","lastModifiedDate":"2021-08-28"},{"lineNumber":10,"author":{"gitId":"adam-ky"},"content":" */","lastModifiedDate":"2021-08-28"},{"lineNumber":11,"author":{"gitId":"adam-ky"},"content":"public class Duke {","lastModifiedDate":"2021-08-28"},{"lineNumber":12,"author":{"gitId":"adam-ky"},"content":"    private Storage storage;","lastModifiedDate":"2021-08-28"},{"lineNumber":13,"author":{"gitId":"adam-ky"},"content":"    private TaskList tasks;","lastModifiedDate":"2021-08-28"},{"lineNumber":14,"author":{"gitId":"adam-ky"},"content":"    private Ui ui;","lastModifiedDate":"2021-08-28"},{"lineNumber":15,"author":{"gitId":"adam-ky"},"content":"","lastModifiedDate":"2021-08-28"},{"lineNumber":16,"author":{"gitId":"adam-ky"},"content":"    /**","lastModifiedDate":"2021-08-28"},{"lineNumber":17,"author":{"gitId":"adam-ky"},"content":"     * Creates a Duke chatbot object with the specified","lastModifiedDate":"2021-08-28"},{"lineNumber":18,"author":{"gitId":"adam-ky"},"content":"     * text file to store existing task data.","lastModifiedDate":"2021-08-28"},{"lineNumber":19,"author":{"gitId":"adam-ky"},"content":"     *","lastModifiedDate":"2021-08-28"},{"lineNumber":20,"author":{"gitId":"adam-ky"},"content":"     * @param filepath The path of the file\u0027s location.","lastModifiedDate":"2021-08-28"},{"lineNumber":21,"author":{"gitId":"adam-ky"},"content":"     */","lastModifiedDate":"2021-08-28"},{"lineNumber":22,"author":{"gitId":"adam-ky"},"content":"    public Duke(String filepath) {","lastModifiedDate":"2021-08-28"},{"lineNumber":23,"author":{"gitId":"adam-ky"},"content":"        ui \u003d new Ui();","lastModifiedDate":"2021-08-28"},{"lineNumber":24,"author":{"gitId":"adam-ky"},"content":"        storage \u003d new Storage(filepath);","lastModifiedDate":"2021-08-28"},{"lineNumber":25,"author":{"gitId":"adam-ky"},"content":"        try {","lastModifiedDate":"2021-08-28"},{"lineNumber":26,"author":{"gitId":"adam-ky"},"content":"            tasks \u003d new TaskList(storage.loadTasks());","lastModifiedDate":"2021-08-28"},{"lineNumber":27,"author":{"gitId":"adam-ky"},"content":"        } catch (DukeException e) {","lastModifiedDate":"2021-08-28"},{"lineNumber":28,"author":{"gitId":"adam-ky"},"content":"            ui.showLoadingError();","lastModifiedDate":"2021-08-28"},{"lineNumber":29,"author":{"gitId":"adam-ky"},"content":"            tasks \u003d new TaskList();","lastModifiedDate":"2021-08-28"},{"lineNumber":30,"author":{"gitId":"adam-ky"},"content":"        }","lastModifiedDate":"2021-08-28"},{"lineNumber":31,"author":{"gitId":"adam-ky"},"content":"    }","lastModifiedDate":"2021-08-28"},{"lineNumber":32,"author":{"gitId":"adam-ky"},"content":"","lastModifiedDate":"2021-08-28"},{"lineNumber":33,"author":{"gitId":"adam-ky"},"content":"    /**","lastModifiedDate":"2021-08-28"},{"lineNumber":34,"author":{"gitId":"adam-ky"},"content":"     * Runs the Duke chatbot object and accepts input from users to","lastModifiedDate":"2021-08-28"},{"lineNumber":35,"author":{"gitId":"adam-ky"},"content":"     * manage a to-do task list. The chatbot stops running when the","lastModifiedDate":"2021-08-28"},{"lineNumber":36,"author":{"gitId":"adam-ky"},"content":"     * user inputs the exit command.","lastModifiedDate":"2021-08-28"},{"lineNumber":37,"author":{"gitId":"adam-ky"},"content":"     */","lastModifiedDate":"2021-08-28"},{"lineNumber":38,"author":{"gitId":"adam-ky"},"content":"    public void run() {","lastModifiedDate":"2021-08-28"},{"lineNumber":39,"author":{"gitId":"adam-ky"},"content":"        ui.showWelcome();","lastModifiedDate":"2021-08-28"},{"lineNumber":40,"author":{"gitId":"adam-ky"},"content":"        boolean isExit \u003d false;","lastModifiedDate":"2021-08-28"},{"lineNumber":41,"author":{"gitId":"adam-ky"},"content":"        while (!isExit) {","lastModifiedDate":"2021-08-28"},{"lineNumber":42,"author":{"gitId":"adam-ky"},"content":"            try {","lastModifiedDate":"2021-08-28"},{"lineNumber":43,"author":{"gitId":"adam-ky"},"content":"                String fullCommand \u003d ui.readCommand();","lastModifiedDate":"2021-08-28"},{"lineNumber":44,"author":{"gitId":"adam-ky"},"content":"                ui.showLine();","lastModifiedDate":"2021-08-28"},{"lineNumber":45,"author":{"gitId":"adam-ky"},"content":"                Command c \u003d Parser.parse(fullCommand);","lastModifiedDate":"2021-08-28"},{"lineNumber":46,"author":{"gitId":"adam-ky"},"content":"                c.execute(tasks,  ui, storage);","lastModifiedDate":"2021-08-28"},{"lineNumber":47,"author":{"gitId":"adam-ky"},"content":"                isExit \u003d c.isExit();","lastModifiedDate":"2021-08-28"},{"lineNumber":48,"author":{"gitId":"adam-ky"},"content":"            } catch (DukeException e) {","lastModifiedDate":"2021-08-28"},{"lineNumber":49,"author":{"gitId":"adam-ky"},"content":"                ui.showError(e.getMessage());","lastModifiedDate":"2021-08-28"},{"lineNumber":50,"author":{"gitId":"adam-ky"},"content":"            } finally {","lastModifiedDate":"2021-08-28"},{"lineNumber":51,"author":{"gitId":"adam-ky"},"content":"                ui.showLine();","lastModifiedDate":"2021-08-28"},{"lineNumber":52,"author":{"gitId":"adam-ky"},"content":"            }","lastModifiedDate":"2021-08-28"},{"lineNumber":53,"author":{"gitId":"adam-ky"},"content":"        }","lastModifiedDate":"2021-08-28"},{"lineNumber":54,"author":{"gitId":"adam-ky"},"content":"    }","lastModifiedDate":"2021-08-28"},{"lineNumber":55,"author":{"gitId":"adam-ky"},"content":"","lastModifiedDate":"2021-08-28"},{"lineNumber":56,"author":{"gitId":"adam-ky"},"content":"    public static void main(String[] args) {","lastModifiedDate":"2021-08-28"},{"lineNumber":57,"author":{"gitId":"adam-ky"},"content":"        new Duke(\"./data/duke.txt\").run();","lastModifiedDate":"2021-08-28"},{"lineNumber":58,"author":{"gitId":"adam-ky"},"content":"    }","lastModifiedDate":"2021-08-28"},{"lineNumber":59,"author":{"gitId":"adam-ky"},"content":"}","lastModifiedDate":"2021-08-28"}],"authorContributionMap":{"adam-ky":59}},{"path":"src/main/java/duke/DukeException.java","fileType":"java","lines":[{"lineNumber":1,"author":{"gitId":"adam-ky"},"content":"package duke;","lastModifiedDate":"2021-08-28"},{"lineNumber":2,"author":{"gitId":"adam-ky"},"content":"","lastModifiedDate":"2021-08-28"},{"lineNumber":3,"author":{"gitId":"adam-ky"},"content":"/**","lastModifiedDate":"2021-08-19"},{"lineNumber":4,"author":{"gitId":"adam-ky"},"content":" * Represents the exceptions unique to Duke chatbot.","lastModifiedDate":"2021-08-19"},{"lineNumber":5,"author":{"gitId":"adam-ky"},"content":" *","lastModifiedDate":"2021-08-19"},{"lineNumber":6,"author":{"gitId":"adam-ky"},"content":" * @author Adam Ho","lastModifiedDate":"2021-08-19"},{"lineNumber":7,"author":{"gitId":"adam-ky"},"content":" */","lastModifiedDate":"2021-08-19"},{"lineNumber":8,"author":{"gitId":"adam-ky"},"content":"public class DukeException extends Exception {","lastModifiedDate":"2021-08-28"},{"lineNumber":9,"author":{"gitId":"adam-ky"},"content":"    /**","lastModifiedDate":"2021-08-19"},{"lineNumber":10,"author":{"gitId":"adam-ky"},"content":"     * Creates a seedu.duke exception with the specified error message.","lastModifiedDate":"2021-08-28"},{"lineNumber":11,"author":{"gitId":"adam-ky"},"content":"     * @param errorMessage The error message to display when the error is encountered.","lastModifiedDate":"2021-08-19"},{"lineNumber":12,"author":{"gitId":"adam-ky"},"content":"     */","lastModifiedDate":"2021-08-19"},{"lineNumber":13,"author":{"gitId":"adam-ky"},"content":"    public DukeException(String errorMessage) {","lastModifiedDate":"2021-08-19"},{"lineNumber":14,"author":{"gitId":"adam-ky"},"content":"        super(errorMessage);","lastModifiedDate":"2021-08-19"},{"lineNumber":15,"author":{"gitId":"adam-ky"},"content":"    }","lastModifiedDate":"2021-08-19"},{"lineNumber":16,"author":{"gitId":"adam-ky"},"content":"","lastModifiedDate":"2021-08-19"},{"lineNumber":17,"author":{"gitId":"adam-ky"},"content":"    /**","lastModifiedDate":"2021-08-19"},{"lineNumber":18,"author":{"gitId":"adam-ky"},"content":"     * Represents an exception when no description is provided in the user input.","lastModifiedDate":"2021-08-19"},{"lineNumber":19,"author":{"gitId":"adam-ky"},"content":"     */","lastModifiedDate":"2021-08-19"},{"lineNumber":20,"author":{"gitId":"adam-ky"},"content":"    public static class MissingDescriptionException extends DukeException {","lastModifiedDate":"2021-08-19"},{"lineNumber":21,"author":{"gitId":"adam-ky"},"content":"        /**","lastModifiedDate":"2021-08-19"},{"lineNumber":22,"author":{"gitId":"adam-ky"},"content":"         * Creates an exception with the following error message.","lastModifiedDate":"2021-08-19"},{"lineNumber":23,"author":{"gitId":"adam-ky"},"content":"         */","lastModifiedDate":"2021-08-19"},{"lineNumber":24,"author":{"gitId":"adam-ky"},"content":"        public MissingDescriptionException() {","lastModifiedDate":"2021-08-19"},{"lineNumber":25,"author":{"gitId":"adam-ky"},"content":"            super(\"OOPS!!! The description of a todo cannot be empty.\");","lastModifiedDate":"2021-08-19"},{"lineNumber":26,"author":{"gitId":"adam-ky"},"content":"        }","lastModifiedDate":"2021-08-19"},{"lineNumber":27,"author":{"gitId":"adam-ky"},"content":"    }","lastModifiedDate":"2021-08-19"},{"lineNumber":28,"author":{"gitId":"adam-ky"},"content":"","lastModifiedDate":"2021-08-19"},{"lineNumber":29,"author":{"gitId":"adam-ky"},"content":"    /**","lastModifiedDate":"2021-08-19"},{"lineNumber":30,"author":{"gitId":"adam-ky"},"content":"     * Represents an exception when the user input does not match the command enums.","lastModifiedDate":"2021-08-19"},{"lineNumber":31,"author":{"gitId":"adam-ky"},"content":"     */","lastModifiedDate":"2021-08-19"},{"lineNumber":32,"author":{"gitId":"adam-ky"},"content":"    public static class InvalidInputException extends DukeException {","lastModifiedDate":"2021-08-19"},{"lineNumber":33,"author":{"gitId":"adam-ky"},"content":"        /**","lastModifiedDate":"2021-08-19"},{"lineNumber":34,"author":{"gitId":"adam-ky"},"content":"         * Creates an exception with the following error message.","lastModifiedDate":"2021-08-19"},{"lineNumber":35,"author":{"gitId":"adam-ky"},"content":"         */","lastModifiedDate":"2021-08-19"},{"lineNumber":36,"author":{"gitId":"adam-ky"},"content":"        public InvalidInputException() {","lastModifiedDate":"2021-08-19"},{"lineNumber":37,"author":{"gitId":"adam-ky"},"content":"            super(\"OOPS!!! I\u0027m sorry, but I don\u0027t know what that means :-(\");","lastModifiedDate":"2021-08-19"},{"lineNumber":38,"author":{"gitId":"adam-ky"},"content":"        }","lastModifiedDate":"2021-08-19"},{"lineNumber":39,"author":{"gitId":"adam-ky"},"content":"    }","lastModifiedDate":"2021-08-19"},{"lineNumber":40,"author":{"gitId":"adam-ky"},"content":"","lastModifiedDate":"2021-08-19"},{"lineNumber":41,"author":{"gitId":"adam-ky"},"content":"    /**","lastModifiedDate":"2021-08-19"},{"lineNumber":42,"author":{"gitId":"adam-ky"},"content":"     * Represents an exception when the user tries to add or delete a non-existing task.","lastModifiedDate":"2021-08-19"},{"lineNumber":43,"author":{"gitId":"adam-ky"},"content":"     */","lastModifiedDate":"2021-08-19"},{"lineNumber":44,"author":{"gitId":"adam-ky"},"content":"    public static class MissingTaskException extends DukeException {","lastModifiedDate":"2021-08-19"},{"lineNumber":45,"author":{"gitId":"adam-ky"},"content":"        /**","lastModifiedDate":"2021-08-19"},{"lineNumber":46,"author":{"gitId":"adam-ky"},"content":"         * Creates an exception with the following error message.","lastModifiedDate":"2021-08-19"},{"lineNumber":47,"author":{"gitId":"adam-ky"},"content":"         */","lastModifiedDate":"2021-08-19"},{"lineNumber":48,"author":{"gitId":"adam-ky"},"content":"        public MissingTaskException() {","lastModifiedDate":"2021-08-19"},{"lineNumber":49,"author":{"gitId":"adam-ky"},"content":"            super(\"Huh? You don\u0027t have that task option!\");","lastModifiedDate":"2021-08-19"},{"lineNumber":50,"author":{"gitId":"adam-ky"},"content":"        }","lastModifiedDate":"2021-08-19"},{"lineNumber":51,"author":{"gitId":"adam-ky"},"content":"    }","lastModifiedDate":"2021-08-19"},{"lineNumber":52,"author":{"gitId":"adam-ky"},"content":"}","lastModifiedDate":"2021-08-19"}],"authorContributionMap":{"adam-ky":52}},{"path":"src/main/java/duke/Parser.java","fileType":"java","lines":[{"lineNumber":1,"author":{"gitId":"adam-ky"},"content":"package duke;","lastModifiedDate":"2021-08-28"},{"lineNumber":2,"author":{"gitId":"adam-ky"},"content":"","lastModifiedDate":"2021-08-28"},{"lineNumber":3,"author":{"gitId":"adam-ky"},"content":"import duke.command.*;","lastModifiedDate":"2021-08-28"},{"lineNumber":4,"author":{"gitId":"adam-ky"},"content":"import duke.task.Deadline;","lastModifiedDate":"2021-08-28"},{"lineNumber":5,"author":{"gitId":"adam-ky"},"content":"import duke.task.Event;","lastModifiedDate":"2021-08-28"},{"lineNumber":6,"author":{"gitId":"adam-ky"},"content":"import duke.task.Todo;","lastModifiedDate":"2021-08-28"},{"lineNumber":7,"author":{"gitId":"adam-ky"},"content":"import duke.DukeException.InvalidInputException;","lastModifiedDate":"2021-08-28"},{"lineNumber":8,"author":{"gitId":"adam-ky"},"content":"","lastModifiedDate":"2021-08-28"},{"lineNumber":9,"author":{"gitId":"adam-ky"},"content":"public class Parser {","lastModifiedDate":"2021-08-28"},{"lineNumber":10,"author":{"gitId":"adam-ky"},"content":"","lastModifiedDate":"2021-08-28"},{"lineNumber":11,"author":{"gitId":"adam-ky"},"content":"    public static Command parse(String fullCommand) throws DukeException {","lastModifiedDate":"2021-08-28"},{"lineNumber":12,"author":{"gitId":"adam-ky"},"content":"        String[] words \u003d fullCommand.split(\" \", 2);","lastModifiedDate":"2021-08-28"},{"lineNumber":13,"author":{"gitId":"adam-ky"},"content":"        String command \u003d words[0], userDescription \u003d words.length \u003e 1 ? words[1] : null;","lastModifiedDate":"2021-08-29"},{"lineNumber":14,"author":{"gitId":"adam-ky"},"content":"        String[] taskDescriptions;","lastModifiedDate":"2021-08-28"},{"lineNumber":15,"author":{"gitId":"adam-ky"},"content":"","lastModifiedDate":"2021-08-29"},{"lineNumber":16,"author":{"gitId":"adam-ky"},"content":"        switch (command) {","lastModifiedDate":"2021-08-28"},{"lineNumber":17,"author":{"gitId":"adam-ky"},"content":"        case \"list\":","lastModifiedDate":"2021-08-28"},{"lineNumber":18,"author":{"gitId":"adam-ky"},"content":"            return new ListCommand();","lastModifiedDate":"2021-08-28"},{"lineNumber":19,"author":{"gitId":"adam-ky"},"content":"        case \"todo\":","lastModifiedDate":"2021-08-28"},{"lineNumber":20,"author":{"gitId":"adam-ky"},"content":"            return new AddCommand(new Todo(userDescription));","lastModifiedDate":"2021-08-28"},{"lineNumber":21,"author":{"gitId":"adam-ky"},"content":"        case \"deadline\":","lastModifiedDate":"2021-08-28"},{"lineNumber":22,"author":{"gitId":"adam-ky"},"content":"            taskDescriptions \u003d getTaskDescription(userDescription, \" /by \");","lastModifiedDate":"2021-08-28"},{"lineNumber":23,"author":{"gitId":"adam-ky"},"content":"            return new AddCommand(new Deadline(taskDescriptions[0], taskDescriptions[1]));","lastModifiedDate":"2021-08-28"},{"lineNumber":24,"author":{"gitId":"adam-ky"},"content":"        case \"event\":","lastModifiedDate":"2021-08-28"},{"lineNumber":25,"author":{"gitId":"adam-ky"},"content":"            taskDescriptions \u003d getTaskDescription(userDescription, \" /at \");","lastModifiedDate":"2021-08-28"},{"lineNumber":26,"author":{"gitId":"adam-ky"},"content":"            return new AddCommand(new Event(taskDescriptions[0], taskDescriptions[1]));","lastModifiedDate":"2021-08-28"},{"lineNumber":27,"author":{"gitId":"adam-ky"},"content":"        case \"done\":","lastModifiedDate":"2021-08-28"},{"lineNumber":28,"author":{"gitId":"adam-ky"},"content":"            return new DoneCommand(Integer.parseInt(userDescription));","lastModifiedDate":"2021-08-28"},{"lineNumber":29,"author":{"gitId":"adam-ky"},"content":"        case \"delete\":","lastModifiedDate":"2021-08-28"},{"lineNumber":30,"author":{"gitId":"adam-ky"},"content":"            return new DeleteCommand(Integer.parseInt(userDescription));","lastModifiedDate":"2021-08-28"},{"lineNumber":31,"author":{"gitId":"adam-ky"},"content":"        case \"find\":","lastModifiedDate":"2021-08-29"},{"lineNumber":32,"author":{"gitId":"adam-ky"},"content":"            return new FindCommand(userDescription);","lastModifiedDate":"2021-08-29"},{"lineNumber":33,"author":{"gitId":"adam-ky"},"content":"        case \"exit\":","lastModifiedDate":"2021-08-28"},{"lineNumber":34,"author":{"gitId":"adam-ky"},"content":"            return new ExitCommand();","lastModifiedDate":"2021-08-28"},{"lineNumber":35,"author":{"gitId":"adam-ky"},"content":"        default:","lastModifiedDate":"2021-08-28"},{"lineNumber":36,"author":{"gitId":"adam-ky"},"content":"            throw new InvalidInputException();","lastModifiedDate":"2021-08-28"},{"lineNumber":37,"author":{"gitId":"adam-ky"},"content":"        }","lastModifiedDate":"2021-08-28"},{"lineNumber":38,"author":{"gitId":"adam-ky"},"content":"    }","lastModifiedDate":"2021-08-28"},{"lineNumber":39,"author":{"gitId":"adam-ky"},"content":"","lastModifiedDate":"2021-08-28"},{"lineNumber":40,"author":{"gitId":"adam-ky"},"content":"    public static String[] getTaskDescription(String userDescription, String specifier)  {","lastModifiedDate":"2021-08-28"},{"lineNumber":41,"author":{"gitId":"adam-ky"},"content":"        return userDescription.split(specifier);","lastModifiedDate":"2021-08-28"},{"lineNumber":42,"author":{"gitId":"adam-ky"},"content":"    }","lastModifiedDate":"2021-08-28"},{"lineNumber":43,"author":{"gitId":"adam-ky"},"content":"}","lastModifiedDate":"2021-08-28"}],"authorContributionMap":{"adam-ky":43}},{"path":"src/main/java/duke/Storage.java","fileType":"java","lines":[{"lineNumber":1,"author":{"gitId":"adam-ky"},"content":"package duke;","lastModifiedDate":"2021-08-28"},{"lineNumber":2,"author":{"gitId":"adam-ky"},"content":"","lastModifiedDate":"2021-08-28"},{"lineNumber":3,"author":{"gitId":"adam-ky"},"content":"import duke.task.*;","lastModifiedDate":"2021-08-28"},{"lineNumber":4,"author":{"gitId":"adam-ky"},"content":"","lastModifiedDate":"2021-08-28"},{"lineNumber":5,"author":{"gitId":"adam-ky"},"content":"import java.io.File;","lastModifiedDate":"2021-08-28"},{"lineNumber":6,"author":{"gitId":"adam-ky"},"content":"import java.io.FileNotFoundException;","lastModifiedDate":"2021-08-28"},{"lineNumber":7,"author":{"gitId":"adam-ky"},"content":"import java.io.FileWriter;","lastModifiedDate":"2021-08-28"},{"lineNumber":8,"author":{"gitId":"adam-ky"},"content":"import java.io.IOException;","lastModifiedDate":"2021-08-28"},{"lineNumber":9,"author":{"gitId":"adam-ky"},"content":"import java.util.ArrayList;","lastModifiedDate":"2021-08-28"},{"lineNumber":10,"author":{"gitId":"adam-ky"},"content":"import java.util.Scanner;","lastModifiedDate":"2021-08-28"},{"lineNumber":11,"author":{"gitId":"adam-ky"},"content":"","lastModifiedDate":"2021-08-28"},{"lineNumber":12,"author":{"gitId":"adam-ky"},"content":"/**","lastModifiedDate":"2021-08-28"},{"lineNumber":13,"author":{"gitId":"adam-ky"},"content":" * Deals with loading tasks from the file and saving tasks in the file","lastModifiedDate":"2021-08-28"},{"lineNumber":14,"author":{"gitId":"adam-ky"},"content":" *","lastModifiedDate":"2021-08-28"},{"lineNumber":15,"author":{"gitId":"adam-ky"},"content":" * @author Adam Ho","lastModifiedDate":"2021-08-28"},{"lineNumber":16,"author":{"gitId":"adam-ky"},"content":" */","lastModifiedDate":"2021-08-28"},{"lineNumber":17,"author":{"gitId":"adam-ky"},"content":"public class Storage {","lastModifiedDate":"2021-08-28"},{"lineNumber":18,"author":{"gitId":"adam-ky"},"content":"    private final String BAR \u003d \" | \";","lastModifiedDate":"2021-08-28"},{"lineNumber":19,"author":{"gitId":"adam-ky"},"content":"    private String filePath;","lastModifiedDate":"2021-08-28"},{"lineNumber":20,"author":{"gitId":"adam-ky"},"content":"","lastModifiedDate":"2021-08-28"},{"lineNumber":21,"author":{"gitId":"adam-ky"},"content":"    public Storage(String filePath) {","lastModifiedDate":"2021-08-28"},{"lineNumber":22,"author":{"gitId":"adam-ky"},"content":"        this.filePath \u003d filePath;","lastModifiedDate":"2021-08-28"},{"lineNumber":23,"author":{"gitId":"adam-ky"},"content":"    }","lastModifiedDate":"2021-08-28"},{"lineNumber":24,"author":{"gitId":"adam-ky"},"content":"","lastModifiedDate":"2021-08-28"},{"lineNumber":25,"author":{"gitId":"adam-ky"},"content":"    /**","lastModifiedDate":"2021-08-28"},{"lineNumber":26,"author":{"gitId":"adam-ky"},"content":"     * Writes the list of tasks to a text file.","lastModifiedDate":"2021-08-28"},{"lineNumber":27,"author":{"gitId":"adam-ky"},"content":"     * @throws IOException The exception is thrown if an error occurred while writing to the text file.","lastModifiedDate":"2021-08-28"},{"lineNumber":28,"author":{"gitId":"adam-ky"},"content":"     */","lastModifiedDate":"2021-08-28"},{"lineNumber":29,"author":{"gitId":"adam-ky"},"content":"    public void saveTasks(TaskList tasks) throws IOException {","lastModifiedDate":"2021-08-28"},{"lineNumber":30,"author":{"gitId":"adam-ky"},"content":"        FileWriter fw \u003d new FileWriter(filePath);","lastModifiedDate":"2021-08-28"},{"lineNumber":31,"author":{"gitId":"adam-ky"},"content":"        ArrayList\u003cTask\u003e taskList \u003d tasks.getTaskList();","lastModifiedDate":"2021-08-28"},{"lineNumber":32,"author":{"gitId":"adam-ky"},"content":"        for (Task task : taskList) {","lastModifiedDate":"2021-08-28"},{"lineNumber":33,"author":{"gitId":"adam-ky"},"content":"            String taskDetails;","lastModifiedDate":"2021-08-28"},{"lineNumber":34,"author":{"gitId":"adam-ky"},"content":"            String done \u003d task.checkStatus() ? \"1\" : \"0\";","lastModifiedDate":"2021-08-28"},{"lineNumber":35,"author":{"gitId":"adam-ky"},"content":"            if (task instanceof Todo) {","lastModifiedDate":"2021-08-28"},{"lineNumber":36,"author":{"gitId":"adam-ky"},"content":"                taskDetails \u003d \"T\" + BAR + done + BAR + task.getDescription() + \"\\n\";","lastModifiedDate":"2021-08-28"},{"lineNumber":37,"author":{"gitId":"adam-ky"},"content":"            } else if (task instanceof Deadline) {","lastModifiedDate":"2021-08-28"},{"lineNumber":38,"author":{"gitId":"adam-ky"},"content":"                Deadline deadline \u003d (Deadline) task;","lastModifiedDate":"2021-08-28"},{"lineNumber":39,"author":{"gitId":"adam-ky"},"content":"                taskDetails \u003d \"D\" + BAR + done + BAR + deadline.getDescription()","lastModifiedDate":"2021-08-28"},{"lineNumber":40,"author":{"gitId":"adam-ky"},"content":"                        + BAR + deadline.getBy() + \"\\n\";","lastModifiedDate":"2021-08-28"},{"lineNumber":41,"author":{"gitId":"adam-ky"},"content":"            } else {","lastModifiedDate":"2021-08-28"},{"lineNumber":42,"author":{"gitId":"adam-ky"},"content":"                Event event \u003d (Event) task;","lastModifiedDate":"2021-08-28"},{"lineNumber":43,"author":{"gitId":"adam-ky"},"content":"                taskDetails \u003d \"E\" + BAR + done + BAR + event.getDescription()","lastModifiedDate":"2021-08-28"},{"lineNumber":44,"author":{"gitId":"adam-ky"},"content":"                        + BAR + event.getAt() + \"\\n\";","lastModifiedDate":"2021-08-28"},{"lineNumber":45,"author":{"gitId":"adam-ky"},"content":"            }","lastModifiedDate":"2021-08-28"},{"lineNumber":46,"author":{"gitId":"adam-ky"},"content":"            fw.write(taskDetails);","lastModifiedDate":"2021-08-28"},{"lineNumber":47,"author":{"gitId":"adam-ky"},"content":"        }","lastModifiedDate":"2021-08-28"},{"lineNumber":48,"author":{"gitId":"adam-ky"},"content":"        fw.close();","lastModifiedDate":"2021-08-28"},{"lineNumber":49,"author":{"gitId":"adam-ky"},"content":"    }","lastModifiedDate":"2021-08-28"},{"lineNumber":50,"author":{"gitId":"adam-ky"},"content":"","lastModifiedDate":"2021-08-28"},{"lineNumber":51,"author":{"gitId":"adam-ky"},"content":"    /**","lastModifiedDate":"2021-08-28"},{"lineNumber":52,"author":{"gitId":"adam-ky"},"content":"     * Reads the list of tasks from a text file.","lastModifiedDate":"2021-08-28"},{"lineNumber":53,"author":{"gitId":"adam-ky"},"content":"     * @throws FileNotFoundException The exception is thrown if the text file does not exist in the directory.","lastModifiedDate":"2021-08-28"},{"lineNumber":54,"author":{"gitId":"adam-ky"},"content":"     */","lastModifiedDate":"2021-08-28"},{"lineNumber":55,"author":{"gitId":"adam-ky"},"content":"    public ArrayList\u003cTask\u003e loadTasks() throws DukeException {","lastModifiedDate":"2021-08-28"},{"lineNumber":56,"author":{"gitId":"adam-ky"},"content":"        try {","lastModifiedDate":"2021-08-28"},{"lineNumber":57,"author":{"gitId":"adam-ky"},"content":"            ArrayList\u003cTask\u003e taskList \u003d new ArrayList\u003c\u003e();","lastModifiedDate":"2021-08-28"},{"lineNumber":58,"author":{"gitId":"adam-ky"},"content":"            File f \u003d new File(filePath);","lastModifiedDate":"2021-08-28"},{"lineNumber":59,"author":{"gitId":"adam-ky"},"content":"            Scanner s \u003d new Scanner(f);","lastModifiedDate":"2021-08-28"},{"lineNumber":60,"author":{"gitId":"adam-ky"},"content":"            while (s.hasNext()) {","lastModifiedDate":"2021-08-28"},{"lineNumber":61,"author":{"gitId":"adam-ky"},"content":"                String[] taskFormat \u003d s.nextLine().split(\" \\\\| \");","lastModifiedDate":"2021-08-28"},{"lineNumber":62,"author":{"gitId":"adam-ky"},"content":"                Task t;","lastModifiedDate":"2021-08-28"},{"lineNumber":63,"author":{"gitId":"adam-ky"},"content":"                if (taskFormat[0].equals(\"T\")) {","lastModifiedDate":"2021-08-28"},{"lineNumber":64,"author":{"gitId":"adam-ky"},"content":"                    t \u003d new Todo(taskFormat[2]);","lastModifiedDate":"2021-08-28"},{"lineNumber":65,"author":{"gitId":"adam-ky"},"content":"                } else if (taskFormat[0].equals(\"D\")) {","lastModifiedDate":"2021-08-28"},{"lineNumber":66,"author":{"gitId":"adam-ky"},"content":"                    t \u003d new Deadline(taskFormat[2], taskFormat[3]);","lastModifiedDate":"2021-08-28"},{"lineNumber":67,"author":{"gitId":"adam-ky"},"content":"                } else {","lastModifiedDate":"2021-08-28"},{"lineNumber":68,"author":{"gitId":"adam-ky"},"content":"                    t \u003d new Event(taskFormat[2], taskFormat[3]);","lastModifiedDate":"2021-08-28"},{"lineNumber":69,"author":{"gitId":"adam-ky"},"content":"                }","lastModifiedDate":"2021-08-28"},{"lineNumber":70,"author":{"gitId":"adam-ky"},"content":"                t.setDone(taskFormat[1].equals(\"1\"));","lastModifiedDate":"2021-08-28"},{"lineNumber":71,"author":{"gitId":"adam-ky"},"content":"                taskList.add(t);","lastModifiedDate":"2021-08-28"},{"lineNumber":72,"author":{"gitId":"adam-ky"},"content":"            }","lastModifiedDate":"2021-08-28"},{"lineNumber":73,"author":{"gitId":"adam-ky"},"content":"            return taskList;","lastModifiedDate":"2021-08-28"},{"lineNumber":74,"author":{"gitId":"adam-ky"},"content":"        } catch (FileNotFoundException e) {","lastModifiedDate":"2021-08-28"},{"lineNumber":75,"author":{"gitId":"adam-ky"},"content":"            throw new DukeException(\"Oops something went wrong :(\");","lastModifiedDate":"2021-08-28"},{"lineNumber":76,"author":{"gitId":"adam-ky"},"content":"        }","lastModifiedDate":"2021-08-28"},{"lineNumber":77,"author":{"gitId":"adam-ky"},"content":"    }","lastModifiedDate":"2021-08-28"},{"lineNumber":78,"author":{"gitId":"adam-ky"},"content":"}","lastModifiedDate":"2021-08-28"}],"authorContributionMap":{"adam-ky":78}},{"path":"src/main/java/duke/Ui.java","fileType":"java","lines":[{"lineNumber":1,"author":{"gitId":"adam-ky"},"content":"package duke;","lastModifiedDate":"2021-08-28"},{"lineNumber":2,"author":{"gitId":"adam-ky"},"content":"","lastModifiedDate":"2021-08-28"},{"lineNumber":3,"author":{"gitId":"adam-ky"},"content":"import duke.task.Task;","lastModifiedDate":"2021-08-28"},{"lineNumber":4,"author":{"gitId":"adam-ky"},"content":"import duke.task.TaskList;","lastModifiedDate":"2021-08-28"},{"lineNumber":5,"author":{"gitId":"adam-ky"},"content":"","lastModifiedDate":"2021-08-28"},{"lineNumber":6,"author":{"gitId":"adam-ky"},"content":"import java.util.Scanner;","lastModifiedDate":"2021-08-28"},{"lineNumber":7,"author":{"gitId":"adam-ky"},"content":"","lastModifiedDate":"2021-08-19"},{"lineNumber":8,"author":{"gitId":"adam-ky"},"content":"/**","lastModifiedDate":"2021-08-19"},{"lineNumber":9,"author":{"gitId":"adam-ky"},"content":" * Deals with interactions with the user.","lastModifiedDate":"2021-08-28"},{"lineNumber":10,"author":{"gitId":"adam-ky"},"content":" *","lastModifiedDate":"2021-08-19"},{"lineNumber":11,"author":{"gitId":"adam-ky"},"content":" * @author Adam Ho","lastModifiedDate":"2021-08-19"},{"lineNumber":12,"author":{"gitId":"adam-ky"},"content":" */","lastModifiedDate":"2021-08-19"},{"lineNumber":13,"author":{"gitId":"adam-ky"},"content":"public class Ui {","lastModifiedDate":"2021-08-28"},{"lineNumber":14,"author":{"gitId":"adam-ky"},"content":"    private final String DIVIDER \u003d \"\\t____________________________________________________________\";","lastModifiedDate":"2021-08-28"},{"lineNumber":15,"author":{"gitId":"adam-ky"},"content":"    private Scanner sc \u003d new Scanner(System.in);","lastModifiedDate":"2021-08-28"},{"lineNumber":16,"author":{"gitId":"adam-ky"},"content":"","lastModifiedDate":"2021-08-28"},{"lineNumber":17,"author":{"gitId":"adam-ky"},"content":"    public String readCommand() {","lastModifiedDate":"2021-08-28"},{"lineNumber":18,"author":{"gitId":"adam-ky"},"content":"        return sc.nextLine();","lastModifiedDate":"2021-08-28"},{"lineNumber":19,"author":{"gitId":"adam-ky"},"content":"    }","lastModifiedDate":"2021-08-19"},{"lineNumber":20,"author":{"gitId":"adam-ky"},"content":"","lastModifiedDate":"2021-08-19"},{"lineNumber":21,"author":{"gitId":"adam-ky"},"content":"    public void showLine() {","lastModifiedDate":"2021-08-28"},{"lineNumber":22,"author":{"gitId":"adam-ky"},"content":"        System.out.println(DIVIDER);","lastModifiedDate":"2021-08-28"},{"lineNumber":23,"author":{"gitId":"adam-ky"},"content":"    }","lastModifiedDate":"2021-08-28"},{"lineNumber":24,"author":{"gitId":"adam-ky"},"content":"","lastModifiedDate":"2021-08-28"},{"lineNumber":25,"author":{"gitId":"adam-ky"},"content":"    public void showWelcome() {","lastModifiedDate":"2021-08-28"},{"lineNumber":26,"author":{"gitId":"adam-ky"},"content":"        System.out.println(\"\\tHello! I\u0027m Adam, your personal chat bot.\\n\\tHow may I assist you today?\");","lastModifiedDate":"2021-08-28"},{"lineNumber":27,"author":{"gitId":"adam-ky"},"content":"    }","lastModifiedDate":"2021-08-28"},{"lineNumber":28,"author":{"gitId":"adam-ky"},"content":"","lastModifiedDate":"2021-08-28"},{"lineNumber":29,"author":{"gitId":"adam-ky"},"content":"    public void showGoodbye() {","lastModifiedDate":"2021-08-28"},{"lineNumber":30,"author":{"gitId":"adam-ky"},"content":"        System.out.println(\"\\tGoodbye! Please visit me again soon :(\");","lastModifiedDate":"2021-08-28"},{"lineNumber":31,"author":{"gitId":"adam-ky"},"content":"    }","lastModifiedDate":"2021-08-19"},{"lineNumber":32,"author":{"gitId":"adam-ky"},"content":"","lastModifiedDate":"2021-08-19"},{"lineNumber":33,"author":{"gitId":"adam-ky"},"content":"    public void showAddTask(TaskList tasks, Task task) {","lastModifiedDate":"2021-08-28"},{"lineNumber":34,"author":{"gitId":"adam-ky"},"content":"        System.out.println(\"    Got it. I\u0027ve added this task: \\n      \" + task);","lastModifiedDate":"2021-08-19"},{"lineNumber":35,"author":{"gitId":"adam-ky"},"content":"        System.out.println(\"    Now you have \" + tasks.getListSize() + \" in the list.\");","lastModifiedDate":"2021-08-28"},{"lineNumber":36,"author":{"gitId":"adam-ky"},"content":"    }","lastModifiedDate":"2021-08-19"},{"lineNumber":37,"author":{"gitId":"adam-ky"},"content":"","lastModifiedDate":"2021-08-19"},{"lineNumber":38,"author":{"gitId":"adam-ky"},"content":"    public void showDeleteTask(TaskList tasks, Task task) {","lastModifiedDate":"2021-08-28"},{"lineNumber":39,"author":{"gitId":"adam-ky"},"content":"        System.out.println(\"    Noted. I\u0027ve removed this task: \\n      \" + task);","lastModifiedDate":"2021-08-28"},{"lineNumber":40,"author":{"gitId":"adam-ky"},"content":"        System.out.println(\"    Now you have \" + tasks.getListSize() + \" in the list.\");","lastModifiedDate":"2021-08-28"},{"lineNumber":41,"author":{"gitId":"adam-ky"},"content":"    }","lastModifiedDate":"2021-08-19"},{"lineNumber":42,"author":{"gitId":"adam-ky"},"content":"","lastModifiedDate":"2021-08-19"},{"lineNumber":43,"author":{"gitId":"adam-ky"},"content":"    public void showLoadingError() {","lastModifiedDate":"2021-08-28"},{"lineNumber":44,"author":{"gitId":"adam-ky"},"content":"        System.out.println(\"\\tWe couldn\u0027t load your data file \u003e\u003c\");","lastModifiedDate":"2021-08-28"},{"lineNumber":45,"author":{"gitId":"adam-ky"},"content":"    }","lastModifiedDate":"2021-08-28"},{"lineNumber":46,"author":{"gitId":"adam-ky"},"content":"","lastModifiedDate":"2021-08-28"},{"lineNumber":47,"author":{"gitId":"adam-ky"},"content":"    public void showTaskList(TaskList tasks) {","lastModifiedDate":"2021-08-28"},{"lineNumber":48,"author":{"gitId":"adam-ky"},"content":"        System.out.println(\"\\tHere are the tasks in your list:\");","lastModifiedDate":"2021-08-28"},{"lineNumber":49,"author":{"gitId":"adam-ky"},"content":"        int id \u003d 1;","lastModifiedDate":"2021-08-28"},{"lineNumber":50,"author":{"gitId":"adam-ky"},"content":"        for (Task task : tasks.getTaskList()) {","lastModifiedDate":"2021-08-28"},{"lineNumber":51,"author":{"gitId":"adam-ky"},"content":"            System.out.println(\"\\t\" + id++ + \".\" + task);","lastModifiedDate":"2021-08-28"},{"lineNumber":52,"author":{"gitId":"adam-ky"},"content":"        }","lastModifiedDate":"2021-08-28"},{"lineNumber":53,"author":{"gitId":"adam-ky"},"content":"    }","lastModifiedDate":"2021-08-28"},{"lineNumber":54,"author":{"gitId":"adam-ky"},"content":"","lastModifiedDate":"2021-08-28"},{"lineNumber":55,"author":{"gitId":"adam-ky"},"content":"    public void showTaskDone(Task task) {","lastModifiedDate":"2021-08-28"},{"lineNumber":56,"author":{"gitId":"adam-ky"},"content":"        System.out.println(\"\\tNice! I\u0027ve marked this task as done:  \\n\\t\" + task);","lastModifiedDate":"2021-08-28"},{"lineNumber":57,"author":{"gitId":"adam-ky"},"content":"    }","lastModifiedDate":"2021-08-19"},{"lineNumber":58,"author":{"gitId":"adam-ky"},"content":"","lastModifiedDate":"2021-08-19"},{"lineNumber":59,"author":{"gitId":"adam-ky"},"content":"    public void showError(String errorMessage) {","lastModifiedDate":"2021-08-28"},{"lineNumber":60,"author":{"gitId":"adam-ky"},"content":"        System.out.println(\"\\t\" + errorMessage);","lastModifiedDate":"2021-08-28"},{"lineNumber":61,"author":{"gitId":"adam-ky"},"content":"    }","lastModifiedDate":"2021-08-19"},{"lineNumber":62,"author":{"gitId":"adam-ky"},"content":"}","lastModifiedDate":"2021-08-19"}],"authorContributionMap":{"adam-ky":62}},{"path":"src/main/java/duke/command/AddCommand.java","fileType":"java","lines":[{"lineNumber":1,"author":{"gitId":"adam-ky"},"content":"package duke.command;","lastModifiedDate":"2021-08-28"},{"lineNumber":2,"author":{"gitId":"adam-ky"},"content":"","lastModifiedDate":"2021-08-28"},{"lineNumber":3,"author":{"gitId":"adam-ky"},"content":"import duke.DukeException;","lastModifiedDate":"2021-08-28"},{"lineNumber":4,"author":{"gitId":"adam-ky"},"content":"import duke.Storage;","lastModifiedDate":"2021-08-28"},{"lineNumber":5,"author":{"gitId":"adam-ky"},"content":"import duke.Ui;","lastModifiedDate":"2021-08-28"},{"lineNumber":6,"author":{"gitId":"adam-ky"},"content":"import duke.task.Task;","lastModifiedDate":"2021-08-28"},{"lineNumber":7,"author":{"gitId":"adam-ky"},"content":"import duke.task.TaskList;","lastModifiedDate":"2021-08-28"},{"lineNumber":8,"author":{"gitId":"adam-ky"},"content":"","lastModifiedDate":"2021-08-28"},{"lineNumber":9,"author":{"gitId":"adam-ky"},"content":"import java.io.IOException;","lastModifiedDate":"2021-08-28"},{"lineNumber":10,"author":{"gitId":"adam-ky"},"content":"","lastModifiedDate":"2021-08-28"},{"lineNumber":11,"author":{"gitId":"adam-ky"},"content":"public class AddCommand extends Command {","lastModifiedDate":"2021-08-28"},{"lineNumber":12,"author":{"gitId":"adam-ky"},"content":"    private Task task;","lastModifiedDate":"2021-08-28"},{"lineNumber":13,"author":{"gitId":"adam-ky"},"content":"","lastModifiedDate":"2021-08-28"},{"lineNumber":14,"author":{"gitId":"adam-ky"},"content":"    public AddCommand(Task task) {","lastModifiedDate":"2021-08-28"},{"lineNumber":15,"author":{"gitId":"adam-ky"},"content":"        this.task \u003d task;","lastModifiedDate":"2021-08-28"},{"lineNumber":16,"author":{"gitId":"adam-ky"},"content":"    }","lastModifiedDate":"2021-08-28"},{"lineNumber":17,"author":{"gitId":"adam-ky"},"content":"","lastModifiedDate":"2021-08-28"},{"lineNumber":18,"author":{"gitId":"adam-ky"},"content":"    @Override","lastModifiedDate":"2021-08-28"},{"lineNumber":19,"author":{"gitId":"adam-ky"},"content":"    public void execute(TaskList tasks, Ui ui, Storage storage) throws DukeException {","lastModifiedDate":"2021-08-28"},{"lineNumber":20,"author":{"gitId":"adam-ky"},"content":"        try {","lastModifiedDate":"2021-08-28"},{"lineNumber":21,"author":{"gitId":"adam-ky"},"content":"            tasks.addTask(task);","lastModifiedDate":"2021-08-28"},{"lineNumber":22,"author":{"gitId":"adam-ky"},"content":"            ui.showAddTask(tasks, task);","lastModifiedDate":"2021-08-28"},{"lineNumber":23,"author":{"gitId":"adam-ky"},"content":"            storage.saveTasks(tasks);","lastModifiedDate":"2021-08-28"},{"lineNumber":24,"author":{"gitId":"adam-ky"},"content":"        } catch (IOException e) {","lastModifiedDate":"2021-08-28"},{"lineNumber":25,"author":{"gitId":"adam-ky"},"content":"            throw new DukeException(\"Oops!!! somthing wehnt wrong :/\");","lastModifiedDate":"2021-08-28"},{"lineNumber":26,"author":{"gitId":"adam-ky"},"content":"        }","lastModifiedDate":"2021-08-28"},{"lineNumber":27,"author":{"gitId":"adam-ky"},"content":"","lastModifiedDate":"2021-08-28"},{"lineNumber":28,"author":{"gitId":"adam-ky"},"content":"    }","lastModifiedDate":"2021-08-28"},{"lineNumber":29,"author":{"gitId":"adam-ky"},"content":"}","lastModifiedDate":"2021-08-28"}],"authorContributionMap":{"adam-ky":29}},{"path":"src/main/java/duke/command/Command.java","fileType":"java","lines":[{"lineNumber":1,"author":{"gitId":"adam-ky"},"content":"package duke.command;","lastModifiedDate":"2021-08-28"},{"lineNumber":2,"author":{"gitId":"adam-ky"},"content":"","lastModifiedDate":"2021-08-28"},{"lineNumber":3,"author":{"gitId":"adam-ky"},"content":"import duke.DukeException;","lastModifiedDate":"2021-08-28"},{"lineNumber":4,"author":{"gitId":"adam-ky"},"content":"import duke.Storage;","lastModifiedDate":"2021-08-28"},{"lineNumber":5,"author":{"gitId":"adam-ky"},"content":"import duke.Ui;","lastModifiedDate":"2021-08-28"},{"lineNumber":6,"author":{"gitId":"adam-ky"},"content":"import duke.task.TaskList;","lastModifiedDate":"2021-08-28"},{"lineNumber":7,"author":{"gitId":"adam-ky"},"content":"","lastModifiedDate":"2021-08-28"},{"lineNumber":8,"author":{"gitId":"adam-ky"},"content":"public abstract class Command {","lastModifiedDate":"2021-08-28"},{"lineNumber":9,"author":{"gitId":"adam-ky"},"content":"","lastModifiedDate":"2021-08-28"},{"lineNumber":10,"author":{"gitId":"adam-ky"},"content":"    abstract public void execute(TaskList tasks, Ui ui, Storage storage) throws DukeException;","lastModifiedDate":"2021-08-28"},{"lineNumber":11,"author":{"gitId":"adam-ky"},"content":"","lastModifiedDate":"2021-08-28"},{"lineNumber":12,"author":{"gitId":"adam-ky"},"content":"    public boolean isExit() {","lastModifiedDate":"2021-08-28"},{"lineNumber":13,"author":{"gitId":"adam-ky"},"content":"        return false;","lastModifiedDate":"2021-08-28"},{"lineNumber":14,"author":{"gitId":"adam-ky"},"content":"    };","lastModifiedDate":"2021-08-28"},{"lineNumber":15,"author":{"gitId":"adam-ky"},"content":"}","lastModifiedDate":"2021-08-28"}],"authorContributionMap":{"adam-ky":15}},{"path":"src/main/java/duke/command/DeleteCommand.java","fileType":"java","lines":[{"lineNumber":1,"author":{"gitId":"adam-ky"},"content":"package duke.command;","lastModifiedDate":"2021-08-28"},{"lineNumber":2,"author":{"gitId":"adam-ky"},"content":"","lastModifiedDate":"2021-08-28"},{"lineNumber":3,"author":{"gitId":"adam-ky"},"content":"import duke.DukeException;","lastModifiedDate":"2021-08-28"},{"lineNumber":4,"author":{"gitId":"adam-ky"},"content":"import duke.Storage;","lastModifiedDate":"2021-08-28"},{"lineNumber":5,"author":{"gitId":"adam-ky"},"content":"import duke.Ui;","lastModifiedDate":"2021-08-28"},{"lineNumber":6,"author":{"gitId":"adam-ky"},"content":"import duke.task.Task;","lastModifiedDate":"2021-08-28"},{"lineNumber":7,"author":{"gitId":"adam-ky"},"content":"import duke.task.TaskList;","lastModifiedDate":"2021-08-28"},{"lineNumber":8,"author":{"gitId":"adam-ky"},"content":"","lastModifiedDate":"2021-08-28"},{"lineNumber":9,"author":{"gitId":"adam-ky"},"content":"import java.io.IOException;","lastModifiedDate":"2021-08-28"},{"lineNumber":10,"author":{"gitId":"adam-ky"},"content":"","lastModifiedDate":"2021-08-28"},{"lineNumber":11,"author":{"gitId":"adam-ky"},"content":"public class DeleteCommand extends Command {","lastModifiedDate":"2021-08-28"},{"lineNumber":12,"author":{"gitId":"adam-ky"},"content":"    private int taskId;","lastModifiedDate":"2021-08-28"},{"lineNumber":13,"author":{"gitId":"adam-ky"},"content":"","lastModifiedDate":"2021-08-28"},{"lineNumber":14,"author":{"gitId":"adam-ky"},"content":"    public DeleteCommand(int taskId) {","lastModifiedDate":"2021-08-28"},{"lineNumber":15,"author":{"gitId":"adam-ky"},"content":"        this.taskId \u003d taskId;","lastModifiedDate":"2021-08-28"},{"lineNumber":16,"author":{"gitId":"adam-ky"},"content":"    }","lastModifiedDate":"2021-08-28"},{"lineNumber":17,"author":{"gitId":"adam-ky"},"content":"","lastModifiedDate":"2021-08-28"},{"lineNumber":18,"author":{"gitId":"adam-ky"},"content":"    @Override","lastModifiedDate":"2021-08-28"},{"lineNumber":19,"author":{"gitId":"adam-ky"},"content":"    public void execute(TaskList tasks, Ui ui, Storage storage) throws DukeException {","lastModifiedDate":"2021-08-28"},{"lineNumber":20,"author":{"gitId":"adam-ky"},"content":"        try {","lastModifiedDate":"2021-08-28"},{"lineNumber":21,"author":{"gitId":"adam-ky"},"content":"            Task task \u003d tasks.getTaskById(taskId);","lastModifiedDate":"2021-08-28"},{"lineNumber":22,"author":{"gitId":"adam-ky"},"content":"            tasks.deleteTask(task);","lastModifiedDate":"2021-08-28"},{"lineNumber":23,"author":{"gitId":"adam-ky"},"content":"            ui.showDeleteTask(tasks, task);","lastModifiedDate":"2021-08-28"},{"lineNumber":24,"author":{"gitId":"adam-ky"},"content":"            storage.saveTasks(tasks);","lastModifiedDate":"2021-08-28"},{"lineNumber":25,"author":{"gitId":"adam-ky"},"content":"        } catch (IOException e) {","lastModifiedDate":"2021-08-28"},{"lineNumber":26,"author":{"gitId":"adam-ky"},"content":"            throw new DukeException(\"Ooooops something went wrong with the data file.\");","lastModifiedDate":"2021-08-28"},{"lineNumber":27,"author":{"gitId":"adam-ky"},"content":"        }","lastModifiedDate":"2021-08-28"},{"lineNumber":28,"author":{"gitId":"adam-ky"},"content":"    }","lastModifiedDate":"2021-08-28"},{"lineNumber":29,"author":{"gitId":"adam-ky"},"content":"}","lastModifiedDate":"2021-08-28"}],"authorContributionMap":{"adam-ky":29}},{"path":"src/main/java/duke/command/DoneCommand.java","fileType":"java","lines":[{"lineNumber":1,"author":{"gitId":"adam-ky"},"content":"package duke.command;","lastModifiedDate":"2021-08-28"},{"lineNumber":2,"author":{"gitId":"adam-ky"},"content":"","lastModifiedDate":"2021-08-28"},{"lineNumber":3,"author":{"gitId":"adam-ky"},"content":"import duke.DukeException;","lastModifiedDate":"2021-08-28"},{"lineNumber":4,"author":{"gitId":"adam-ky"},"content":"import duke.Storage;","lastModifiedDate":"2021-08-28"},{"lineNumber":5,"author":{"gitId":"adam-ky"},"content":"import duke.Ui;","lastModifiedDate":"2021-08-28"},{"lineNumber":6,"author":{"gitId":"adam-ky"},"content":"import duke.task.Task;","lastModifiedDate":"2021-08-28"},{"lineNumber":7,"author":{"gitId":"adam-ky"},"content":"import duke.task.TaskList;","lastModifiedDate":"2021-08-28"},{"lineNumber":8,"author":{"gitId":"adam-ky"},"content":"","lastModifiedDate":"2021-08-28"},{"lineNumber":9,"author":{"gitId":"adam-ky"},"content":"public class DoneCommand extends Command {","lastModifiedDate":"2021-08-28"},{"lineNumber":10,"author":{"gitId":"adam-ky"},"content":"    private int taskId;","lastModifiedDate":"2021-08-28"},{"lineNumber":11,"author":{"gitId":"adam-ky"},"content":"","lastModifiedDate":"2021-08-28"},{"lineNumber":12,"author":{"gitId":"adam-ky"},"content":"    public DoneCommand(int taskId) {","lastModifiedDate":"2021-08-28"},{"lineNumber":13,"author":{"gitId":"adam-ky"},"content":"        this.taskId \u003d taskId;","lastModifiedDate":"2021-08-28"},{"lineNumber":14,"author":{"gitId":"adam-ky"},"content":"    }","lastModifiedDate":"2021-08-28"},{"lineNumber":15,"author":{"gitId":"adam-ky"},"content":"","lastModifiedDate":"2021-08-28"},{"lineNumber":16,"author":{"gitId":"adam-ky"},"content":"    @Override","lastModifiedDate":"2021-08-28"},{"lineNumber":17,"author":{"gitId":"adam-ky"},"content":"    public void execute(TaskList tasks, Ui ui, Storage storage) throws DukeException {","lastModifiedDate":"2021-08-28"},{"lineNumber":18,"author":{"gitId":"adam-ky"},"content":"        Task task \u003d tasks.getTaskById(taskId);","lastModifiedDate":"2021-08-28"},{"lineNumber":19,"author":{"gitId":"adam-ky"},"content":"        task.setDone(true);","lastModifiedDate":"2021-08-28"},{"lineNumber":20,"author":{"gitId":"adam-ky"},"content":"        ui.showTaskDone(task);","lastModifiedDate":"2021-08-28"},{"lineNumber":21,"author":{"gitId":"adam-ky"},"content":"    }","lastModifiedDate":"2021-08-28"},{"lineNumber":22,"author":{"gitId":"adam-ky"},"content":"","lastModifiedDate":"2021-08-28"},{"lineNumber":23,"author":{"gitId":"adam-ky"},"content":"}","lastModifiedDate":"2021-08-28"}],"authorContributionMap":{"adam-ky":23}},{"path":"src/main/java/duke/command/ExitCommand.java","fileType":"java","lines":[{"lineNumber":1,"author":{"gitId":"adam-ky"},"content":"package duke.command;","lastModifiedDate":"2021-08-28"},{"lineNumber":2,"author":{"gitId":"adam-ky"},"content":"","lastModifiedDate":"2021-08-28"},{"lineNumber":3,"author":{"gitId":"adam-ky"},"content":"import duke.Storage;","lastModifiedDate":"2021-08-28"},{"lineNumber":4,"author":{"gitId":"adam-ky"},"content":"import duke.Ui;","lastModifiedDate":"2021-08-28"},{"lineNumber":5,"author":{"gitId":"adam-ky"},"content":"import duke.task.TaskList;","lastModifiedDate":"2021-08-28"},{"lineNumber":6,"author":{"gitId":"adam-ky"},"content":"","lastModifiedDate":"2021-08-28"},{"lineNumber":7,"author":{"gitId":"adam-ky"},"content":"public class ExitCommand extends Command {","lastModifiedDate":"2021-08-28"},{"lineNumber":8,"author":{"gitId":"adam-ky"},"content":"","lastModifiedDate":"2021-08-28"},{"lineNumber":9,"author":{"gitId":"adam-ky"},"content":"    @Override","lastModifiedDate":"2021-08-28"},{"lineNumber":10,"author":{"gitId":"adam-ky"},"content":"    public void execute(TaskList tasks, Ui ui, Storage storage) {","lastModifiedDate":"2021-08-28"},{"lineNumber":11,"author":{"gitId":"adam-ky"},"content":"        ui.showGoodbye();","lastModifiedDate":"2021-08-28"},{"lineNumber":12,"author":{"gitId":"adam-ky"},"content":"    }","lastModifiedDate":"2021-08-28"},{"lineNumber":13,"author":{"gitId":"adam-ky"},"content":"","lastModifiedDate":"2021-08-28"},{"lineNumber":14,"author":{"gitId":"adam-ky"},"content":"    @Override","lastModifiedDate":"2021-08-28"},{"lineNumber":15,"author":{"gitId":"adam-ky"},"content":"    public boolean isExit() {","lastModifiedDate":"2021-08-28"},{"lineNumber":16,"author":{"gitId":"adam-ky"},"content":"        return true;","lastModifiedDate":"2021-08-28"},{"lineNumber":17,"author":{"gitId":"adam-ky"},"content":"    }","lastModifiedDate":"2021-08-28"},{"lineNumber":18,"author":{"gitId":"adam-ky"},"content":"}","lastModifiedDate":"2021-08-28"}],"authorContributionMap":{"adam-ky":18}},{"path":"src/main/java/duke/command/FindCommand.java","fileType":"java","lines":[{"lineNumber":1,"author":{"gitId":"adam-ky"},"content":"package duke.command;","lastModifiedDate":"2021-08-29"},{"lineNumber":2,"author":{"gitId":"adam-ky"},"content":"","lastModifiedDate":"2021-08-29"},{"lineNumber":3,"author":{"gitId":"adam-ky"},"content":"import duke.DukeException;","lastModifiedDate":"2021-08-29"},{"lineNumber":4,"author":{"gitId":"adam-ky"},"content":"import duke.Storage;","lastModifiedDate":"2021-08-29"},{"lineNumber":5,"author":{"gitId":"adam-ky"},"content":"import duke.Ui;","lastModifiedDate":"2021-08-29"},{"lineNumber":6,"author":{"gitId":"adam-ky"},"content":"import duke.task.Task;","lastModifiedDate":"2021-08-29"},{"lineNumber":7,"author":{"gitId":"adam-ky"},"content":"import duke.task.TaskList;","lastModifiedDate":"2021-08-29"},{"lineNumber":8,"author":{"gitId":"adam-ky"},"content":"","lastModifiedDate":"2021-08-29"},{"lineNumber":9,"author":{"gitId":"adam-ky"},"content":"import java.util.ArrayList;","lastModifiedDate":"2021-08-29"},{"lineNumber":10,"author":{"gitId":"adam-ky"},"content":"","lastModifiedDate":"2021-08-29"},{"lineNumber":11,"author":{"gitId":"adam-ky"},"content":"public class FindCommand extends Command {","lastModifiedDate":"2021-08-29"},{"lineNumber":12,"author":{"gitId":"adam-ky"},"content":"    private String keyword;","lastModifiedDate":"2021-08-29"},{"lineNumber":13,"author":{"gitId":"adam-ky"},"content":"","lastModifiedDate":"2021-08-29"},{"lineNumber":14,"author":{"gitId":"adam-ky"},"content":"    public FindCommand(String keyword) {","lastModifiedDate":"2021-08-29"},{"lineNumber":15,"author":{"gitId":"adam-ky"},"content":"        this.keyword \u003d keyword.toLowerCase();","lastModifiedDate":"2021-08-29"},{"lineNumber":16,"author":{"gitId":"adam-ky"},"content":"    }","lastModifiedDate":"2021-08-29"},{"lineNumber":17,"author":{"gitId":"adam-ky"},"content":"","lastModifiedDate":"2021-08-29"},{"lineNumber":18,"author":{"gitId":"adam-ky"},"content":"    @Override","lastModifiedDate":"2021-08-29"},{"lineNumber":19,"author":{"gitId":"adam-ky"},"content":"    public void execute(TaskList tasks, Ui ui, Storage storage) {","lastModifiedDate":"2021-08-29"},{"lineNumber":20,"author":{"gitId":"adam-ky"},"content":"        TaskList keywordTasks \u003d new TaskList();","lastModifiedDate":"2021-08-29"},{"lineNumber":21,"author":{"gitId":"adam-ky"},"content":"        for (Task t : tasks.getTaskList()) {","lastModifiedDate":"2021-08-29"},{"lineNumber":22,"author":{"gitId":"adam-ky"},"content":"            String description \u003d t.getDescription().toLowerCase();","lastModifiedDate":"2021-08-29"},{"lineNumber":23,"author":{"gitId":"adam-ky"},"content":"            if (description.contains(keyword)) {","lastModifiedDate":"2021-08-29"},{"lineNumber":24,"author":{"gitId":"adam-ky"},"content":"                keywordTasks.addTask(t);","lastModifiedDate":"2021-08-29"},{"lineNumber":25,"author":{"gitId":"adam-ky"},"content":"            }","lastModifiedDate":"2021-08-29"},{"lineNumber":26,"author":{"gitId":"adam-ky"},"content":"        }","lastModifiedDate":"2021-08-29"},{"lineNumber":27,"author":{"gitId":"adam-ky"},"content":"        ui.showTaskList(keywordTasks);","lastModifiedDate":"2021-08-29"},{"lineNumber":28,"author":{"gitId":"adam-ky"},"content":"    }","lastModifiedDate":"2021-08-29"},{"lineNumber":29,"author":{"gitId":"adam-ky"},"content":"}","lastModifiedDate":"2021-08-29"}],"authorContributionMap":{"adam-ky":29}},{"path":"src/main/java/duke/command/ListCommand.java","fileType":"java","lines":[{"lineNumber":1,"author":{"gitId":"adam-ky"},"content":"package duke.command;","lastModifiedDate":"2021-08-28"},{"lineNumber":2,"author":{"gitId":"adam-ky"},"content":"","lastModifiedDate":"2021-08-28"},{"lineNumber":3,"author":{"gitId":"adam-ky"},"content":"import duke.Storage;","lastModifiedDate":"2021-08-28"},{"lineNumber":4,"author":{"gitId":"adam-ky"},"content":"import duke.Ui;","lastModifiedDate":"2021-08-28"},{"lineNumber":5,"author":{"gitId":"adam-ky"},"content":"import duke.task.TaskList;","lastModifiedDate":"2021-08-28"},{"lineNumber":6,"author":{"gitId":"adam-ky"},"content":"","lastModifiedDate":"2021-08-28"},{"lineNumber":7,"author":{"gitId":"adam-ky"},"content":"public class ListCommand extends Command {","lastModifiedDate":"2021-08-28"},{"lineNumber":8,"author":{"gitId":"adam-ky"},"content":"","lastModifiedDate":"2021-08-28"},{"lineNumber":9,"author":{"gitId":"adam-ky"},"content":"    @Override","lastModifiedDate":"2021-08-28"},{"lineNumber":10,"author":{"gitId":"adam-ky"},"content":"    public void execute(TaskList tasks, Ui ui, Storage storage) {","lastModifiedDate":"2021-08-28"},{"lineNumber":11,"author":{"gitId":"adam-ky"},"content":"        ui.showTaskList(tasks);","lastModifiedDate":"2021-08-28"},{"lineNumber":12,"author":{"gitId":"adam-ky"},"content":"    }","lastModifiedDate":"2021-08-28"},{"lineNumber":13,"author":{"gitId":"adam-ky"},"content":"}","lastModifiedDate":"2021-08-28"}],"authorContributionMap":{"adam-ky":13}},{"path":"src/main/java/duke/task/Deadline.java","fileType":"java","lines":[{"lineNumber":1,"author":{"gitId":"adam-ky"},"content":"package duke.task;","lastModifiedDate":"2021-08-28"},{"lineNumber":2,"author":{"gitId":"adam-ky"},"content":"","lastModifiedDate":"2021-08-28"},{"lineNumber":3,"author":{"gitId":"adam-ky"},"content":"import duke.DukeException.MissingDescriptionException;","lastModifiedDate":"2021-08-28"},{"lineNumber":4,"author":{"gitId":"adam-ky"},"content":"","lastModifiedDate":"2021-08-28"},{"lineNumber":5,"author":{"gitId":"adam-ky"},"content":"/**","lastModifiedDate":"2021-08-19"},{"lineNumber":6,"author":{"gitId":"adam-ky"},"content":" * Represents a task with deadline.","lastModifiedDate":"2021-08-19"},{"lineNumber":7,"author":{"gitId":"adam-ky"},"content":" *","lastModifiedDate":"2021-08-19"},{"lineNumber":8,"author":{"gitId":"adam-ky"},"content":" * @author Adam Ho","lastModifiedDate":"2021-08-19"},{"lineNumber":9,"author":{"gitId":"adam-ky"},"content":" */","lastModifiedDate":"2021-08-19"},{"lineNumber":10,"author":{"gitId":"adam-ky"},"content":"public class Deadline extends Task {","lastModifiedDate":"2021-08-19"},{"lineNumber":11,"author":{"gitId":"adam-ky"},"content":"    protected String by;","lastModifiedDate":"2021-08-19"},{"lineNumber":12,"author":{"gitId":"adam-ky"},"content":"","lastModifiedDate":"2021-08-19"},{"lineNumber":13,"author":{"gitId":"adam-ky"},"content":"    /**","lastModifiedDate":"2021-08-19"},{"lineNumber":14,"author":{"gitId":"adam-ky"},"content":"     * Creates a task with the specified deadline.","lastModifiedDate":"2021-08-19"},{"lineNumber":15,"author":{"gitId":"adam-ky"},"content":"     * @param description The task description.","lastModifiedDate":"2021-08-19"},{"lineNumber":16,"author":{"gitId":"adam-ky"},"content":"     * @param by The deadline of the task.","lastModifiedDate":"2021-08-19"},{"lineNumber":17,"author":{"gitId":"adam-ky"},"content":"     */","lastModifiedDate":"2021-08-19"},{"lineNumber":18,"author":{"gitId":"adam-ky"},"content":"    public Deadline(String description, String by) throws MissingDescriptionException {","lastModifiedDate":"2021-08-28"},{"lineNumber":19,"author":{"gitId":"adam-ky"},"content":"        super(description);","lastModifiedDate":"2021-08-19"},{"lineNumber":20,"author":{"gitId":"adam-ky"},"content":"        this.by \u003d by;","lastModifiedDate":"2021-08-19"},{"lineNumber":21,"author":{"gitId":"adam-ky"},"content":"    }","lastModifiedDate":"2021-08-19"},{"lineNumber":22,"author":{"gitId":"adam-ky"},"content":"","lastModifiedDate":"2021-08-19"},{"lineNumber":23,"author":{"gitId":"adam-ky"},"content":"    public String getBy() {","lastModifiedDate":"2021-08-28"},{"lineNumber":24,"author":{"gitId":"adam-ky"},"content":"        return by;","lastModifiedDate":"2021-08-28"},{"lineNumber":25,"author":{"gitId":"adam-ky"},"content":"    }","lastModifiedDate":"2021-08-28"},{"lineNumber":26,"author":{"gitId":"adam-ky"},"content":"","lastModifiedDate":"2021-08-28"},{"lineNumber":27,"author":{"gitId":"adam-ky"},"content":"    /**","lastModifiedDate":"2021-08-19"},{"lineNumber":28,"author":{"gitId":"adam-ky"},"content":"     * Represents deadline task as a string.","lastModifiedDate":"2021-08-19"},{"lineNumber":29,"author":{"gitId":"adam-ky"},"content":"     * @return A string representation of the deadline task.","lastModifiedDate":"2021-08-19"},{"lineNumber":30,"author":{"gitId":"adam-ky"},"content":"     */","lastModifiedDate":"2021-08-19"},{"lineNumber":31,"author":{"gitId":"adam-ky"},"content":"    @Override","lastModifiedDate":"2021-08-19"},{"lineNumber":32,"author":{"gitId":"adam-ky"},"content":"    public String toString() {","lastModifiedDate":"2021-08-19"},{"lineNumber":33,"author":{"gitId":"adam-ky"},"content":"        return \"[D]\" + super.toString() + \" (by: \" + by + \")\";","lastModifiedDate":"2021-08-19"},{"lineNumber":34,"author":{"gitId":"adam-ky"},"content":"    }","lastModifiedDate":"2021-08-19"},{"lineNumber":35,"author":{"gitId":"adam-ky"},"content":"}","lastModifiedDate":"2021-08-19"}],"authorContributionMap":{"adam-ky":35}},{"path":"src/main/java/duke/task/Event.java","fileType":"java","lines":[{"lineNumber":1,"author":{"gitId":"adam-ky"},"content":"package duke.task;","lastModifiedDate":"2021-08-28"},{"lineNumber":2,"author":{"gitId":"adam-ky"},"content":"","lastModifiedDate":"2021-08-28"},{"lineNumber":3,"author":{"gitId":"adam-ky"},"content":"import duke.DukeException.MissingDescriptionException;","lastModifiedDate":"2021-08-28"},{"lineNumber":4,"author":{"gitId":"adam-ky"},"content":"","lastModifiedDate":"2021-08-28"},{"lineNumber":5,"author":{"gitId":"adam-ky"},"content":"/**","lastModifiedDate":"2021-08-19"},{"lineNumber":6,"author":{"gitId":"adam-ky"},"content":" * Represents an event with a date.","lastModifiedDate":"2021-08-19"},{"lineNumber":7,"author":{"gitId":"adam-ky"},"content":" *","lastModifiedDate":"2021-08-19"},{"lineNumber":8,"author":{"gitId":"adam-ky"},"content":" * @author Adam Ho","lastModifiedDate":"2021-08-19"},{"lineNumber":9,"author":{"gitId":"adam-ky"},"content":" */","lastModifiedDate":"2021-08-19"},{"lineNumber":10,"author":{"gitId":"adam-ky"},"content":"public class Event extends Task {","lastModifiedDate":"2021-08-19"},{"lineNumber":11,"author":{"gitId":"adam-ky"},"content":"    protected String at;","lastModifiedDate":"2021-08-19"},{"lineNumber":12,"author":{"gitId":"adam-ky"},"content":"","lastModifiedDate":"2021-08-19"},{"lineNumber":13,"author":{"gitId":"adam-ky"},"content":"    /**","lastModifiedDate":"2021-08-19"},{"lineNumber":14,"author":{"gitId":"adam-ky"},"content":"     * Creates an event with the specified description and date.","lastModifiedDate":"2021-08-19"},{"lineNumber":15,"author":{"gitId":"adam-ky"},"content":"     * @param description The task description.","lastModifiedDate":"2021-08-19"},{"lineNumber":16,"author":{"gitId":"adam-ky"},"content":"     * @param at The date of event.","lastModifiedDate":"2021-08-19"},{"lineNumber":17,"author":{"gitId":"adam-ky"},"content":"     */","lastModifiedDate":"2021-08-19"},{"lineNumber":18,"author":{"gitId":"adam-ky"},"content":"    public Event(String description, String at) throws MissingDescriptionException {","lastModifiedDate":"2021-08-28"},{"lineNumber":19,"author":{"gitId":"adam-ky"},"content":"        super(description);","lastModifiedDate":"2021-08-19"},{"lineNumber":20,"author":{"gitId":"adam-ky"},"content":"        this.at \u003d at;","lastModifiedDate":"2021-08-19"},{"lineNumber":21,"author":{"gitId":"adam-ky"},"content":"    }","lastModifiedDate":"2021-08-19"},{"lineNumber":22,"author":{"gitId":"adam-ky"},"content":"","lastModifiedDate":"2021-08-19"},{"lineNumber":23,"author":{"gitId":"adam-ky"},"content":"    public String getAt() {","lastModifiedDate":"2021-08-28"},{"lineNumber":24,"author":{"gitId":"adam-ky"},"content":"        return at;","lastModifiedDate":"2021-08-28"},{"lineNumber":25,"author":{"gitId":"adam-ky"},"content":"    }","lastModifiedDate":"2021-08-28"},{"lineNumber":26,"author":{"gitId":"adam-ky"},"content":"","lastModifiedDate":"2021-08-28"},{"lineNumber":27,"author":{"gitId":"adam-ky"},"content":"    /**","lastModifiedDate":"2021-08-19"},{"lineNumber":28,"author":{"gitId":"adam-ky"},"content":"     * Represents event object as a string.","lastModifiedDate":"2021-08-19"},{"lineNumber":29,"author":{"gitId":"adam-ky"},"content":"     * @return A string representation of the event.","lastModifiedDate":"2021-08-19"},{"lineNumber":30,"author":{"gitId":"adam-ky"},"content":"     */","lastModifiedDate":"2021-08-19"},{"lineNumber":31,"author":{"gitId":"adam-ky"},"content":"    @Override","lastModifiedDate":"2021-08-19"},{"lineNumber":32,"author":{"gitId":"adam-ky"},"content":"    public String toString() {","lastModifiedDate":"2021-08-19"},{"lineNumber":33,"author":{"gitId":"adam-ky"},"content":"        return \"[E]\" + super.toString() + \" (at: \" + at + \")\";","lastModifiedDate":"2021-08-19"},{"lineNumber":34,"author":{"gitId":"adam-ky"},"content":"    }","lastModifiedDate":"2021-08-19"},{"lineNumber":35,"author":{"gitId":"adam-ky"},"content":"}","lastModifiedDate":"2021-08-19"}],"authorContributionMap":{"adam-ky":35}},{"path":"src/main/java/duke/task/Task.java","fileType":"java","lines":[{"lineNumber":1,"author":{"gitId":"adam-ky"},"content":"package duke.task;","lastModifiedDate":"2021-08-28"},{"lineNumber":2,"author":{"gitId":"adam-ky"},"content":"","lastModifiedDate":"2021-08-25"},{"lineNumber":3,"author":{"gitId":"adam-ky"},"content":"import duke.DukeException.MissingDescriptionException;","lastModifiedDate":"2021-08-28"},{"lineNumber":4,"author":{"gitId":"adam-ky"},"content":"","lastModifiedDate":"2021-08-28"},{"lineNumber":5,"author":{"gitId":"adam-ky"},"content":"/**","lastModifiedDate":"2021-08-19"},{"lineNumber":6,"author":{"gitId":"adam-ky"},"content":" * Encapsulates the details of a Task object.","lastModifiedDate":"2021-08-19"},{"lineNumber":7,"author":{"gitId":"adam-ky"},"content":" *","lastModifiedDate":"2021-08-19"},{"lineNumber":8,"author":{"gitId":"adam-ky"},"content":" * @author Adam Ho","lastModifiedDate":"2021-08-19"},{"lineNumber":9,"author":{"gitId":"adam-ky"},"content":" */","lastModifiedDate":"2021-08-19"},{"lineNumber":10,"author":{"gitId":"adam-ky"},"content":"public class Task {","lastModifiedDate":"2021-08-28"},{"lineNumber":11,"author":{"gitId":"adam-ky"},"content":"    private String description;","lastModifiedDate":"2021-08-28"},{"lineNumber":12,"author":{"gitId":"adam-ky"},"content":"    private boolean isDone;","lastModifiedDate":"2021-08-28"},{"lineNumber":13,"author":{"gitId":"adam-ky"},"content":"","lastModifiedDate":"2021-08-19"},{"lineNumber":14,"author":{"gitId":"adam-ky"},"content":"    /**","lastModifiedDate":"2021-08-19"},{"lineNumber":15,"author":{"gitId":"adam-ky"},"content":"     * Creates a task with the specified description.","lastModifiedDate":"2021-08-19"},{"lineNumber":16,"author":{"gitId":"adam-ky"},"content":"     * @param description The task description.","lastModifiedDate":"2021-08-28"},{"lineNumber":17,"author":{"gitId":"adam-ky"},"content":"     */","lastModifiedDate":"2021-08-19"},{"lineNumber":18,"author":{"gitId":"adam-ky"},"content":"    public Task(String description) throws MissingDescriptionException {","lastModifiedDate":"2021-08-28"},{"lineNumber":19,"author":{"gitId":"adam-ky"},"content":"        if (description \u003d\u003d null) {","lastModifiedDate":"2021-08-28"},{"lineNumber":20,"author":{"gitId":"adam-ky"},"content":"            throw new MissingDescriptionException();","lastModifiedDate":"2021-08-28"},{"lineNumber":21,"author":{"gitId":"adam-ky"},"content":"        }","lastModifiedDate":"2021-08-28"},{"lineNumber":22,"author":{"gitId":"adam-ky"},"content":"        this.description \u003d description;","lastModifiedDate":"2021-08-19"},{"lineNumber":23,"author":{"gitId":"adam-ky"},"content":"        this.isDone \u003d false;","lastModifiedDate":"2021-08-19"},{"lineNumber":24,"author":{"gitId":"adam-ky"},"content":"    }","lastModifiedDate":"2021-08-19"},{"lineNumber":25,"author":{"gitId":"adam-ky"},"content":"","lastModifiedDate":"2021-08-19"},{"lineNumber":26,"author":{"gitId":"adam-ky"},"content":"    public boolean checkStatus() {","lastModifiedDate":"2021-08-28"},{"lineNumber":27,"author":{"gitId":"adam-ky"},"content":"        return isDone;","lastModifiedDate":"2021-08-28"},{"lineNumber":28,"author":{"gitId":"adam-ky"},"content":"    }","lastModifiedDate":"2021-08-28"},{"lineNumber":29,"author":{"gitId":"adam-ky"},"content":"","lastModifiedDate":"2021-08-28"},{"lineNumber":30,"author":{"gitId":"adam-ky"},"content":"    public void setDone(boolean isDone) {","lastModifiedDate":"2021-08-28"},{"lineNumber":31,"author":{"gitId":"adam-ky"},"content":"        this.isDone \u003d isDone;","lastModifiedDate":"2021-08-28"},{"lineNumber":32,"author":{"gitId":"adam-ky"},"content":"    }","lastModifiedDate":"2021-08-28"},{"lineNumber":33,"author":{"gitId":"adam-ky"},"content":"","lastModifiedDate":"2021-08-28"},{"lineNumber":34,"author":{"gitId":"adam-ky"},"content":"    public String getDescription() {","lastModifiedDate":"2021-08-28"},{"lineNumber":35,"author":{"gitId":"adam-ky"},"content":"        return description;","lastModifiedDate":"2021-08-28"},{"lineNumber":36,"author":{"gitId":"adam-ky"},"content":"    }","lastModifiedDate":"2021-08-28"},{"lineNumber":37,"author":{"gitId":"adam-ky"},"content":"","lastModifiedDate":"2021-08-28"},{"lineNumber":38,"author":{"gitId":"adam-ky"},"content":"    /**","lastModifiedDate":"2021-08-19"},{"lineNumber":39,"author":{"gitId":"adam-ky"},"content":"     * Returns the status of the task.","lastModifiedDate":"2021-08-19"},{"lineNumber":40,"author":{"gitId":"adam-ky"},"content":"     * @return A String representation of the task status.","lastModifiedDate":"2021-08-19"},{"lineNumber":41,"author":{"gitId":"adam-ky"},"content":"     */","lastModifiedDate":"2021-08-19"},{"lineNumber":42,"author":{"gitId":"adam-ky"},"content":"    public String getStatus() {","lastModifiedDate":"2021-08-19"},{"lineNumber":43,"author":{"gitId":"adam-ky"},"content":"        return isDone ? \"[X] \" : \"[ ] \";","lastModifiedDate":"2021-08-19"},{"lineNumber":44,"author":{"gitId":"adam-ky"},"content":"    }","lastModifiedDate":"2021-08-19"},{"lineNumber":45,"author":{"gitId":"adam-ky"},"content":"","lastModifiedDate":"2021-08-19"},{"lineNumber":46,"author":{"gitId":"adam-ky"},"content":"    /**","lastModifiedDate":"2021-08-19"},{"lineNumber":47,"author":{"gitId":"adam-ky"},"content":"     * Represents task object as a string.","lastModifiedDate":"2021-08-19"},{"lineNumber":48,"author":{"gitId":"adam-ky"},"content":"     * @return a string representation of the task.","lastModifiedDate":"2021-08-19"},{"lineNumber":49,"author":{"gitId":"adam-ky"},"content":"     */","lastModifiedDate":"2021-08-19"},{"lineNumber":50,"author":{"gitId":"adam-ky"},"content":"    @Override","lastModifiedDate":"2021-08-19"},{"lineNumber":51,"author":{"gitId":"adam-ky"},"content":"    public String toString() {","lastModifiedDate":"2021-08-19"},{"lineNumber":52,"author":{"gitId":"adam-ky"},"content":"        return this.getStatus() + this.description;","lastModifiedDate":"2021-08-19"},{"lineNumber":53,"author":{"gitId":"adam-ky"},"content":"    }","lastModifiedDate":"2021-08-19"},{"lineNumber":54,"author":{"gitId":"adam-ky"},"content":"}","lastModifiedDate":"2021-08-19"}],"authorContributionMap":{"adam-ky":54}},{"path":"src/main/java/duke/task/TaskList.java","fileType":"java","lines":[{"lineNumber":1,"author":{"gitId":"adam-ky"},"content":"package duke.task;","lastModifiedDate":"2021-08-28"},{"lineNumber":2,"author":{"gitId":"adam-ky"},"content":"","lastModifiedDate":"2021-08-28"},{"lineNumber":3,"author":{"gitId":"adam-ky"},"content":"import java.util.ArrayList;","lastModifiedDate":"2021-08-28"},{"lineNumber":4,"author":{"gitId":"adam-ky"},"content":"","lastModifiedDate":"2021-08-28"},{"lineNumber":5,"author":{"gitId":"adam-ky"},"content":"import duke.DukeException.MissingTaskException;","lastModifiedDate":"2021-08-28"},{"lineNumber":6,"author":{"gitId":"adam-ky"},"content":"","lastModifiedDate":"2021-08-28"},{"lineNumber":7,"author":{"gitId":"adam-ky"},"content":"/**","lastModifiedDate":"2021-08-28"},{"lineNumber":8,"author":{"gitId":"adam-ky"},"content":" * Contains the task list.","lastModifiedDate":"2021-08-28"},{"lineNumber":9,"author":{"gitId":"adam-ky"},"content":" *","lastModifiedDate":"2021-08-28"},{"lineNumber":10,"author":{"gitId":"adam-ky"},"content":" * @author Adam Ho","lastModifiedDate":"2021-08-28"},{"lineNumber":11,"author":{"gitId":"adam-ky"},"content":" */","lastModifiedDate":"2021-08-28"},{"lineNumber":12,"author":{"gitId":"adam-ky"},"content":"public class TaskList {","lastModifiedDate":"2021-08-28"},{"lineNumber":13,"author":{"gitId":"adam-ky"},"content":"    private ArrayList\u003cTask\u003e taskList;","lastModifiedDate":"2021-08-28"},{"lineNumber":14,"author":{"gitId":"adam-ky"},"content":"","lastModifiedDate":"2021-08-28"},{"lineNumber":15,"author":{"gitId":"adam-ky"},"content":"    public TaskList() {","lastModifiedDate":"2021-08-28"},{"lineNumber":16,"author":{"gitId":"adam-ky"},"content":"        taskList \u003d new ArrayList\u003c\u003e();","lastModifiedDate":"2021-08-28"},{"lineNumber":17,"author":{"gitId":"adam-ky"},"content":"    }","lastModifiedDate":"2021-08-28"},{"lineNumber":18,"author":{"gitId":"adam-ky"},"content":"    public TaskList(ArrayList\u003cTask\u003e taskList) {","lastModifiedDate":"2021-08-28"},{"lineNumber":19,"author":{"gitId":"adam-ky"},"content":"        this.taskList \u003d taskList;","lastModifiedDate":"2021-08-28"},{"lineNumber":20,"author":{"gitId":"adam-ky"},"content":"    }","lastModifiedDate":"2021-08-28"},{"lineNumber":21,"author":{"gitId":"adam-ky"},"content":"","lastModifiedDate":"2021-08-28"},{"lineNumber":22,"author":{"gitId":"adam-ky"},"content":"    public ArrayList\u003cTask\u003e getTaskList() {","lastModifiedDate":"2021-08-28"},{"lineNumber":23,"author":{"gitId":"adam-ky"},"content":"        return taskList;","lastModifiedDate":"2021-08-28"},{"lineNumber":24,"author":{"gitId":"adam-ky"},"content":"    }","lastModifiedDate":"2021-08-28"},{"lineNumber":25,"author":{"gitId":"adam-ky"},"content":"","lastModifiedDate":"2021-08-28"},{"lineNumber":26,"author":{"gitId":"adam-ky"},"content":"    public int getListSize() {","lastModifiedDate":"2021-08-28"},{"lineNumber":27,"author":{"gitId":"adam-ky"},"content":"        return taskList.size();","lastModifiedDate":"2021-08-28"},{"lineNumber":28,"author":{"gitId":"adam-ky"},"content":"    }","lastModifiedDate":"2021-08-28"},{"lineNumber":29,"author":{"gitId":"adam-ky"},"content":"","lastModifiedDate":"2021-08-28"},{"lineNumber":30,"author":{"gitId":"adam-ky"},"content":"    public Task getTaskById(int taskId) throws MissingTaskException {","lastModifiedDate":"2021-08-28"},{"lineNumber":31,"author":{"gitId":"adam-ky"},"content":"        if (taskId \u003c 1 || taskId \u003e taskList.size()) {","lastModifiedDate":"2021-08-28"},{"lineNumber":32,"author":{"gitId":"adam-ky"},"content":"            throw new MissingTaskException();","lastModifiedDate":"2021-08-28"},{"lineNumber":33,"author":{"gitId":"adam-ky"},"content":"        }","lastModifiedDate":"2021-08-28"},{"lineNumber":34,"author":{"gitId":"adam-ky"},"content":"        return taskList.get(taskId - 1);","lastModifiedDate":"2021-08-28"},{"lineNumber":35,"author":{"gitId":"adam-ky"},"content":"    }","lastModifiedDate":"2021-08-28"},{"lineNumber":36,"author":{"gitId":"adam-ky"},"content":"    /**","lastModifiedDate":"2021-08-28"},{"lineNumber":37,"author":{"gitId":"adam-ky"},"content":"     * Adds a task to the list of tasks.","lastModifiedDate":"2021-08-28"},{"lineNumber":38,"author":{"gitId":"adam-ky"},"content":"     * @param task The task to add.","lastModifiedDate":"2021-08-28"},{"lineNumber":39,"author":{"gitId":"adam-ky"},"content":"     */","lastModifiedDate":"2021-08-28"},{"lineNumber":40,"author":{"gitId":"adam-ky"},"content":"    public void addTask(Task task) {","lastModifiedDate":"2021-08-28"},{"lineNumber":41,"author":{"gitId":"adam-ky"},"content":"        taskList.add(task);","lastModifiedDate":"2021-08-28"},{"lineNumber":42,"author":{"gitId":"adam-ky"},"content":"    }","lastModifiedDate":"2021-08-28"},{"lineNumber":43,"author":{"gitId":"adam-ky"},"content":"","lastModifiedDate":"2021-08-28"},{"lineNumber":44,"author":{"gitId":"adam-ky"},"content":"    /**","lastModifiedDate":"2021-08-28"},{"lineNumber":45,"author":{"gitId":"adam-ky"},"content":"     * Deletes a task from the list of tasks.","lastModifiedDate":"2021-08-28"},{"lineNumber":46,"author":{"gitId":"adam-ky"},"content":"     * @param task The task to delete.","lastModifiedDate":"2021-08-28"},{"lineNumber":47,"author":{"gitId":"adam-ky"},"content":"     */","lastModifiedDate":"2021-08-28"},{"lineNumber":48,"author":{"gitId":"adam-ky"},"content":"    public void deleteTask(Task task) {","lastModifiedDate":"2021-08-28"},{"lineNumber":49,"author":{"gitId":"adam-ky"},"content":"        taskList.remove(task);","lastModifiedDate":"2021-08-28"},{"lineNumber":50,"author":{"gitId":"adam-ky"},"content":"    }","lastModifiedDate":"2021-08-28"},{"lineNumber":51,"author":{"gitId":"adam-ky"},"content":"}","lastModifiedDate":"2021-08-28"}],"authorContributionMap":{"adam-ky":51}},{"path":"src/main/java/duke/task/Todo.java","fileType":"java","lines":[{"lineNumber":1,"author":{"gitId":"adam-ky"},"content":"package duke.task;","lastModifiedDate":"2021-08-28"},{"lineNumber":2,"author":{"gitId":"adam-ky"},"content":"","lastModifiedDate":"2021-08-28"},{"lineNumber":3,"author":{"gitId":"adam-ky"},"content":"import duke.DukeException.MissingDescriptionException;","lastModifiedDate":"2021-08-28"},{"lineNumber":4,"author":{"gitId":"adam-ky"},"content":"","lastModifiedDate":"2021-08-28"},{"lineNumber":5,"author":{"gitId":"adam-ky"},"content":"/**","lastModifiedDate":"2021-08-19"},{"lineNumber":6,"author":{"gitId":"adam-ky"},"content":" * Represents a to-do task.","lastModifiedDate":"2021-08-19"},{"lineNumber":7,"author":{"gitId":"adam-ky"},"content":" *","lastModifiedDate":"2021-08-19"},{"lineNumber":8,"author":{"gitId":"adam-ky"},"content":" * @author Adam Ho","lastModifiedDate":"2021-08-19"},{"lineNumber":9,"author":{"gitId":"adam-ky"},"content":" */","lastModifiedDate":"2021-08-19"},{"lineNumber":10,"author":{"gitId":"adam-ky"},"content":"public class Todo extends Task {","lastModifiedDate":"2021-08-19"},{"lineNumber":11,"author":{"gitId":"adam-ky"},"content":"    /**","lastModifiedDate":"2021-08-19"},{"lineNumber":12,"author":{"gitId":"adam-ky"},"content":"     * Creates a to-do task with the specified description.","lastModifiedDate":"2021-08-19"},{"lineNumber":13,"author":{"gitId":"adam-ky"},"content":"     * @param description The task description.","lastModifiedDate":"2021-08-19"},{"lineNumber":14,"author":{"gitId":"adam-ky"},"content":"     */","lastModifiedDate":"2021-08-19"},{"lineNumber":15,"author":{"gitId":"adam-ky"},"content":"    public Todo(String description) throws MissingDescriptionException {","lastModifiedDate":"2021-08-28"},{"lineNumber":16,"author":{"gitId":"adam-ky"},"content":"        super(description);","lastModifiedDate":"2021-08-19"},{"lineNumber":17,"author":{"gitId":"adam-ky"},"content":"    }","lastModifiedDate":"2021-08-19"},{"lineNumber":18,"author":{"gitId":"adam-ky"},"content":"","lastModifiedDate":"2021-08-19"},{"lineNumber":19,"author":{"gitId":"adam-ky"},"content":"    /**","lastModifiedDate":"2021-08-19"},{"lineNumber":20,"author":{"gitId":"adam-ky"},"content":"     * Represents to-do task as a string.","lastModifiedDate":"2021-08-19"},{"lineNumber":21,"author":{"gitId":"adam-ky"},"content":"     * @return A string representation of the to-do task.","lastModifiedDate":"2021-08-19"},{"lineNumber":22,"author":{"gitId":"adam-ky"},"content":"     */","lastModifiedDate":"2021-08-19"},{"lineNumber":23,"author":{"gitId":"adam-ky"},"content":"    @Override","lastModifiedDate":"2021-08-19"},{"lineNumber":24,"author":{"gitId":"adam-ky"},"content":"    public String toString() {","lastModifiedDate":"2021-08-19"},{"lineNumber":25,"author":{"gitId":"adam-ky"},"content":"        return \"[T]\" + super.toString();","lastModifiedDate":"2021-08-19"},{"lineNumber":26,"author":{"gitId":"adam-ky"},"content":"    }","lastModifiedDate":"2021-08-19"},{"lineNumber":27,"author":{"gitId":"adam-ky"},"content":"","lastModifiedDate":"2021-08-28"},{"lineNumber":28,"author":{"gitId":"adam-ky"},"content":"}","lastModifiedDate":"2021-08-19"}],"authorContributionMap":{"adam-ky":28}},{"path":"src/test/java/duke/DukeTest.java","fileType":"java","lines":[{"lineNumber":1,"author":{"gitId":"adam-ky"},"content":"package duke;","lastModifiedDate":"2021-08-28"},{"lineNumber":2,"author":{"gitId":"adam-ky"},"content":"","lastModifiedDate":"2021-08-28"},{"lineNumber":3,"author":{"gitId":"adam-ky"},"content":"import org.junit.jupiter.api.Test;","lastModifiedDate":"2021-08-28"},{"lineNumber":4,"author":{"gitId":"adam-ky"},"content":"","lastModifiedDate":"2021-08-28"},{"lineNumber":5,"author":{"gitId":"adam-ky"},"content":"import static org.junit.jupiter.api.Assertions.assertEquals;","lastModifiedDate":"2021-08-28"},{"lineNumber":6,"author":{"gitId":"adam-ky"},"content":"","lastModifiedDate":"2021-08-28"},{"lineNumber":7,"author":{"gitId":"adam-ky"},"content":"public class DukeTest {","lastModifiedDate":"2021-08-28"},{"lineNumber":8,"author":{"gitId":"adam-ky"},"content":"    @Test","lastModifiedDate":"2021-08-28"},{"lineNumber":9,"author":{"gitId":"adam-ky"},"content":"    public void dummyTest() {","lastModifiedDate":"2021-08-28"},{"lineNumber":10,"author":{"gitId":"adam-ky"},"content":"        assertEquals(2, 2);","lastModifiedDate":"2021-08-28"},{"lineNumber":11,"author":{"gitId":"adam-ky"},"content":"    }","lastModifiedDate":"2021-08-28"},{"lineNumber":12,"author":{"gitId":"adam-ky"},"content":"}","lastModifiedDate":"2021-08-28"}],"authorContributionMap":{"adam-ky":12}},{"path":"src/test/java/duke/command/AddCommandTest.java","fileType":"java","lines":[{"lineNumber":1,"author":{"gitId":"adam-ky"},"content":"package duke.command;","lastModifiedDate":"2021-08-28"},{"lineNumber":2,"author":{"gitId":"adam-ky"},"content":"","lastModifiedDate":"2021-08-28"},{"lineNumber":3,"author":{"gitId":"adam-ky"},"content":"import duke.DukeException;","lastModifiedDate":"2021-08-28"},{"lineNumber":4,"author":{"gitId":"adam-ky"},"content":"import duke.Storage;","lastModifiedDate":"2021-08-28"},{"lineNumber":5,"author":{"gitId":"adam-ky"},"content":"import duke.Ui;","lastModifiedDate":"2021-08-28"},{"lineNumber":6,"author":{"gitId":"adam-ky"},"content":"import duke.task.Task;","lastModifiedDate":"2021-08-28"},{"lineNumber":7,"author":{"gitId":"adam-ky"},"content":"import duke.task.TaskList;","lastModifiedDate":"2021-08-28"},{"lineNumber":8,"author":{"gitId":"adam-ky"},"content":"import duke.task.Todo;","lastModifiedDate":"2021-08-28"},{"lineNumber":9,"author":{"gitId":"adam-ky"},"content":"import org.junit.jupiter.api.Test;","lastModifiedDate":"2021-08-28"},{"lineNumber":10,"author":{"gitId":"adam-ky"},"content":"","lastModifiedDate":"2021-08-28"},{"lineNumber":11,"author":{"gitId":"adam-ky"},"content":"public class AddCommandTest {","lastModifiedDate":"2021-08-28"},{"lineNumber":12,"author":{"gitId":"adam-ky"},"content":"    @Test","lastModifiedDate":"2021-08-28"},{"lineNumber":13,"author":{"gitId":"adam-ky"},"content":"    public void testExecute() {","lastModifiedDate":"2021-08-28"},{"lineNumber":14,"author":{"gitId":"adam-ky"},"content":"        try {","lastModifiedDate":"2021-08-28"},{"lineNumber":15,"author":{"gitId":"adam-ky"},"content":"            Task task \u003d new Todo(\"Buy pen\");","lastModifiedDate":"2021-08-28"},{"lineNumber":16,"author":{"gitId":"adam-ky"},"content":"            Command addCommand \u003d new AddCommand(task);","lastModifiedDate":"2021-08-28"},{"lineNumber":17,"author":{"gitId":"adam-ky"},"content":"            addCommand.execute(new TaskList(), new Ui(), new Storage(\"./data/duke.txt\"));","lastModifiedDate":"2021-08-28"},{"lineNumber":18,"author":{"gitId":"adam-ky"},"content":"        } catch (DukeException e) {","lastModifiedDate":"2021-08-28"},{"lineNumber":19,"author":{"gitId":"adam-ky"},"content":"            e.printStackTrace();","lastModifiedDate":"2021-08-28"},{"lineNumber":20,"author":{"gitId":"adam-ky"},"content":"        }","lastModifiedDate":"2021-08-28"},{"lineNumber":21,"author":{"gitId":"adam-ky"},"content":"    }","lastModifiedDate":"2021-08-28"},{"lineNumber":22,"author":{"gitId":"adam-ky"},"content":"}","lastModifiedDate":"2021-08-28"}],"authorContributionMap":{"adam-ky":22}},{"path":"src/test/java/duke/task/TaskListTest.java","fileType":"java","lines":[{"lineNumber":1,"author":{"gitId":"adam-ky"},"content":"package duke.task;","lastModifiedDate":"2021-08-28"},{"lineNumber":2,"author":{"gitId":"adam-ky"},"content":"","lastModifiedDate":"2021-08-28"},{"lineNumber":3,"author":{"gitId":"adam-ky"},"content":"import org.junit.jupiter.api.Test;","lastModifiedDate":"2021-08-28"},{"lineNumber":4,"author":{"gitId":"adam-ky"},"content":"","lastModifiedDate":"2021-08-28"},{"lineNumber":5,"author":{"gitId":"adam-ky"},"content":"public class TaskListTest {","lastModifiedDate":"2021-08-28"},{"lineNumber":6,"author":{"gitId":"adam-ky"},"content":"    @Test","lastModifiedDate":"2021-08-28"},{"lineNumber":7,"author":{"gitId":"adam-ky"},"content":"    public void testAddTask() {","lastModifiedDate":"2021-08-28"},{"lineNumber":8,"author":{"gitId":"adam-ky"},"content":"","lastModifiedDate":"2021-08-28"},{"lineNumber":9,"author":{"gitId":"adam-ky"},"content":"    }","lastModifiedDate":"2021-08-28"},{"lineNumber":10,"author":{"gitId":"adam-ky"},"content":"}","lastModifiedDate":"2021-08-28"}],"authorContributionMap":{"adam-ky":10}},{"path":"text-ui-test/input.txt","fileType":"txt","lines":[{"lineNumber":1,"author":{"gitId":"adam-ky"},"content":"todo borrow book","lastModifiedDate":"2021-08-19"},{"lineNumber":2,"author":{"gitId":"adam-ky"},"content":"list","lastModifiedDate":"2021-08-19"},{"lineNumber":3,"author":{"gitId":"adam-ky"},"content":"deadline return book /by Sunday","lastModifiedDate":"2021-08-19"},{"lineNumber":4,"author":{"gitId":"adam-ky"},"content":"event project meeting /at Mon 2-4pm","lastModifiedDate":"2021-08-19"}],"authorContributionMap":{"adam-ky":4}}]
