{"authorDailyContributionsMap":{"adam-ky":[{"date":"2021-08-19","commitResults":[{"hash":"906d263ffa50752f4e2f9b6062ae2e39fe5bdfe8","messageTitle":"Added greet, echo, and exit functionalities.","messageBody":"","tags":["Level-1"],"fileTypesAndContributionMap":{"java":{"insertions":32,"deletions":6}}},{"hash":"9a6e17b7c1b22596ea69cb09fbe2b344a74c3ce0","messageTitle":"Added tasks list and list functionality.","messageBody":"","tags":["Level-2"],"fileTypesAndContributionMap":{"java":{"insertions":21,"deletions":4}}},{"hash":"dfdf61db6ba8d6f3cefd7741900ac8c2dcaa5275","messageTitle":"Added Task class and mark tasks as done functionality","messageBody":"","tags":["Level-3"],"fileTypesAndContributionMap":{"java":{"insertions":58,"deletions":15}}},{"hash":"4cecad1b895c4e0589fb28ac261cbb0eaa5390f5","messageTitle":"Added 3 types of Task - Todo, Deadline, Event","messageBody":"","tags":["Level-4"],"fileTypesAndContributionMap":{"java":{"insertions":66,"deletions":18}}},{"hash":"69bc1ef53c56cf72c21307d6f8fdf42bde1fbead","messageTitle":"Created TaskManager class to manage tasks","messageBody":"","fileTypesAndContributionMap":{"txt":{"insertions":4,"deletions":0},"java":{"insertions":58,"deletions":34}}},{"hash":"7cda2f89408bd73bd5ab5a8812174f06f296226c","messageTitle":"Semi-automate tested Duke","messageBody":"","tags":["A-TextUiTesting"],"fileTypesAndContributionMap":{"txt":{"insertions":1,"deletions":1},"java":{"insertions":0,"deletions":1}}},{"hash":"ac7b594c4090ebce9d9b5ce69adc293896e619f5","messageTitle":"Added DukeException class to handle exceptions","messageBody":"","tags":["Level-5"],"fileTypesAndContributionMap":{"java":{"insertions":57,"deletions":19}}},{"hash":"f9c9ab55c70acb4a4122bea7e3177debf45e45a4","messageTitle":"Added delete functionality","messageBody":"","tags":["Level-6"],"fileTypesAndContributionMap":{"java":{"insertions":87,"deletions":49}}},{"hash":"0b3d0acbde7844a758223d425046459d17129658","messageTitle":"Added Enum","messageBody":"","tags":["A-Enums"],"fileTypesAndContributionMap":{"java":{"insertions":39,"deletions":11}}},{"hash":"cbd2bf99da00344a47be20172f1b2059a2878348","messageTitle":"Added javadoc comments","messageBody":"","fileTypesAndContributionMap":{"java":{"insertions":138,"deletions":6}}}]},{"date":"2021-08-25","commitResults":[{"hash":"7219e90fb5ae79b20290364f4e14f125079945d7","messageTitle":"Create DukeTest class for unit testing","messageBody":"","fileTypesAndContributionMap":{"java":{"insertions":22,"deletions":16}}},{"hash":"a725a75bf203b9db7da2804873b6e347a028a894","messageTitle":"Add TaskListWriter and TaskListReader classes to save and load data","messageBody":"","fileTypesAndContributionMap":{"java":{"insertions":69,"deletions":27}}},{"hash":"6ac5e02ccb1a25e639e9d1081f3695c99bc3a79a","messageTitle":"Add TaskListWriter and TaskListReader","messageBody":"","fileTypesAndContributionMap":{"java":{"insertions":6,"deletions":7}}},{"hash":"668f7d6b24642ba55073e09754decb89a12bf5be","messageTitle":"Update naming","messageBody":"","fileTypesAndContributionMap":{"java":{"insertions":7,"deletions":6}}},{"hash":"f30488eb0b6323ae3b814e29af13ca074ec1965b","messageTitle":"Create duke.txt","messageBody":"","fileTypesAndContributionMap":{"txt":{"insertions":0,"deletions":0}}},{"hash":"dcba95bb7a28bac0ad30dbd05ffd3ba17f9dff11","messageTitle":"Add save and load data functionalities","messageBody":"The saveTaskList method iterates through the arraylist of tasks and formats them into a string representation of the tasks in duke.txt.\nThe loadTaskList method scans through duke.txt and adds the tasks back into the arraylist of tasks during rerun of Duke.\n","fileTypesAndContributionMap":{"txt":{"insertions":3,"deletions":0},"java":{"insertions":88,"deletions":73}}},{"hash":"182d840d36af50ad65324eba796c8d8d080d3b15","messageTitle":"Add the ability to format dates","messageBody":"The formatDate method converts a date from \"yyyy-mm-dd\" format to \"MMM d yyyy\" format.\n","fileTypesAndContributionMap":{"java":{"insertions":27,"deletions":6}}},{"hash":"9d79b03d00fd25f7e5aa751c08596958b9c62c69","messageTitle":"Add JavaDocs","messageBody":"","fileTypesAndContributionMap":{"txt":{"insertions":2,"deletions":0},"java":{"insertions":18,"deletions":5}}}]},{"date":"2021-08-28","commitResults":[{"hash":"9715eb3a4204ac067f5f64ca8a2408fe90bfa336","messageTitle":"Add 3 new classes: Storage, TaskList, and Ui","messageBody":"The Ui class deals with interactions with the user.\nThe Storage class deals with loading tasks from the file and saving tasks in the file.\nThe TaskList class contains the task list e.g., it has operations to add/delete tasks in the list\n","tags":["A-MoreOOP"],"fileTypesAndContributionMap":{"java":{"insertions":117,"deletions":11}}},{"hash":"683a264faa79282deda5c81e165577e325b58ce8","messageTitle":" Organize classes into package","messageBody":"","fileTypesAndContributionMap":{"txt":{"insertions":1,"deletions":5},"java":{"insertions":191,"deletions":311}}},{"hash":"023b4ad31ff734505ddfe82f2c2f10e87e5ba994","messageTitle":"Modify Parser and add ListCommand class","messageBody":"Parser class now works for commands: list, todo, deadline, event only.\n","fileTypesAndContributionMap":{"txt":{"insertions":4,"deletions":1},"java":{"insertions":56,"deletions":55}}},{"hash":"933bead07d601b8f446a2414ff3575097d2b5c97","messageTitle":"Add DeleteCommand class","messageBody":"","fileTypesAndContributionMap":{"java":{"insertions":2,"deletions":0}}},{"hash":"5f3a75c8d9c4b675f86da98f608c377aa63e1d50","messageTitle":"Rectify Exception Handling","messageBody":"","fileTypesAndContributionMap":{"txt":{"insertions":0,"deletions":4},"java":{"insertions":83,"deletions":52}}},{"hash":"4fe85593395f7cf2d64ae369680ee456051f6faf","messageTitle":"Divide classes into packages","messageBody":"Classes are further divided into duke.task and duke.command packages.\n","tags":["A-Packages"],"fileTypesAndContributionMap":{"java":{"insertions":76,"deletions":24}}},{"hash":"eeec58312114bb1ad59871af31d432086d74d541","messageTitle":"Add DoneCommand","messageBody":"DoneCommand class handles marking a task as complete.\n","fileTypesAndContributionMap":{"txt":{"insertions":2,"deletions":0},"java":{"insertions":28,"deletions":8}}},{"hash":"82aac9df54eb2bcb815447055e94a75bf8ea8a32","messageTitle":"Add ExitCommand class","messageBody":"","fileTypesAndContributionMap":{"txt":{"insertions":1,"deletions":0},"java":{"insertions":22,"deletions":2}}},{"hash":"5dfc58a9a7d52202cdc53e3f02f89f51f1daddd1","messageTitle":"Add Junit Tests","messageBody":"","tags":["A-JUnit"],"fileTypesAndContributionMap":{"java":{"insertions":52,"deletions":9}}},{"hash":"0b4341a1a7a8af0477b8249639d85f1a16ae291b","messageTitle":"Package the App as a JAR file","messageBody":"","tags":["A-Jar"],"fileTypesAndContributionMap":{"txt":{"insertions":1,"deletions":3},"java":{"insertions":1,"deletions":1}}},{"hash":"d1de44b36b6ba4f9b686208590d78ce591a4b14f","messageTitle":"Add JavaDocs and fix missing user task description","messageBody":"A user may only provide the command word to chatbot but fail to provide task description. In that case, an Duke Exception is thrown.\n","tags":["A-JavaDoc"],"fileTypesAndContributionMap":{"txt":{"insertions":1,"deletions":1},"java":{"insertions":32,"deletions":22}}},{"hash":"60ece85eb7d2347cdda35fcad65c96148bc5ffb1","messageTitle":"Modify coding standards","messageBody":"","fileTypesAndContributionMap":{"txt":{"insertions":1,"deletions":1},"java":{"insertions":14,"deletions":15}}}]},{"date":"2021-08-29","commitResults":[{"hash":"22b9e19ffde47443435ff47103ac5ba18054550c","messageTitle":"Create FindCommand to handle finding tasks by keyword","messageBody":"The FindCommand class checks if the task description contains the keyword.\nCurrently, it does not support finding tasks through the date and time description of a task (i.e. by field of Deadline and at field of Event)\n","fileTypesAndContributionMap":{"txt":{"insertions":5,"deletions":0},"java":{"insertions":31,"deletions":1}}}]},{"date":"2021-09-01","commitResults":[{"hash":"1d65421dafaf8116651587b1d0665390ab300802","messageTitle":"Modify exception handling for Storage saveTask method","messageBody":"A try-catch block is added within saveTask method to handle IOException, and try-catch blocks in Command sub-classes have been removed.\n","fileTypesAndContributionMap":{"java":{"insertions":33,"deletions":36}}},{"hash":"61681956b0a65394ecc75e93fc6ac3925c04cd79","messageTitle":"Add config files","messageBody":"","fileTypesAndContributionMap":{"gradle":{"insertions":2,"deletions":2},"txt":{"insertions":2,"deletions":6},"java":{"insertions":4,"deletions":4}}}]},{"date":"2021-09-03","commitResults":[{"hash":"eb9de00c228d0ec79d29ee5a8842dae0f3a631ff","messageTitle":"Fix Checkstyle configuration and error handling","messageBody":"","fileTypesAndContributionMap":{"txt":{"insertions":2,"deletions":2},"java":{"insertions":96,"deletions":18}}},{"hash":"5f565b07ea414fe80f39ff8dc758b3939404e8cf","messageTitle":"Fix coding standards","messageBody":"Minor correction in coding standards in accordance to Checkstyle.\n","fileTypesAndContributionMap":{"java":{"insertions":48,"deletions":24}}}]},{"date":"2021-09-04","commitResults":[{"hash":"3053194df919a4c32b719ad7ac110bb6d795ff17","messageTitle":"Add clear task list functionality","messageBody":"A new ClearCommand class has been added to manage whether the user wants to clear his/her list of tasks.\nA confirmation message is provided before the task list is actually cleared. If the user says \"yes\" or \"y\", then the\ntask list is cleared. Otherwise, the original task list remains.\n","fileTypesAndContributionMap":{"txt":{"insertions":0,"deletions":2},"java":{"insertions":70,"deletions":3}}}]},{"date":"2021-09-08","commitResults":[{"hash":"e9671832cad87350b7a06eaece0c697f528f53f4","messageTitle":"Add Gradle to automate project builds","messageBody":"","fileTypesAndContributionMap":{"gradle":{"insertions":16,"deletions":1},"fxml":{"insertions":33,"deletions":0},"java":{"insertions":157,"deletions":0}}},{"hash":"d208efcaf8e1d43517ab5ba514fcbd2eb10086c6","messageTitle":"Add JavaFX","messageBody":"","tags":["A-Gradle"],"fileTypesAndContributionMap":{"fxml":{"insertions":13,"deletions":11},"java":{"insertions":102,"deletions":80}}},{"hash":"80971d80f3e3025d406ffc46902a72207f6ff664","messageTitle":"Optimize import statements","messageBody":"","tags":["A-CheckStyle"],"fileTypesAndContributionMap":{"java":{"insertions":12,"deletions":4}}},{"hash":"91a4870b81c4c5911625781b24fd7bd7965a2ef9","messageTitle":"Add GUI to Duke","messageBody":"","tags":["Level-10"],"fileTypesAndContributionMap":{"java":{"insertions":2,"deletions":10}}},{"hash":"d957dd5e295eab64172f1f85e72de7443c64e983","messageTitle":"Add Java varargs","messageBody":"","fileTypesAndContributionMap":{"txt":{"insertions":4,"deletions":0},"java":{"insertions":16,"deletions":11}}}]},{"date":"2021-09-09","commitResults":[{"hash":"e6a3bdf154fd7a8f7b6fc681831dfd10893f4af3","messageTitle":"Add assertions","messageBody":"FindCommand class does not check for cases where the task list containing keywords might be longer than the original task list.\n\nA keyword task list that is longer than the original task list suggests a flaw in the logic or even possibly an infinitely long list is being created.\n\nAn assert expression is added before returning the keyword task list.\n\nThis helps to ensure that, in the event of an infinite loop, the program stops if keyword task list begins to grow beyond the original task list.\n","tags":["A-FullCommitMessage","A-Assertions"],"fileTypesAndContributionMap":{"txt":{"insertions":1,"deletions":2},"fxml":{"insertions":3,"deletions":3},"java":{"insertions":25,"deletions":27}}},{"hash":"2f29fe4432927531c6c5a381cb70af31241d7caa","messageTitle":"Improve Code Quality","messageBody":"Some of code quality changes as per guideline:\n* Avoid complicated expression\n* Avoid magic numbers\n* Avoid long methods\n","tags":["A-CodeQuality"],"fileTypesAndContributionMap":{"txt":{"insertions":0,"deletions":3},"java":{"insertions":67,"deletions":46}}},{"hash":"66ca8b92038ba94441693e488d03d05098145622","messageTitle":"Add Streams feature","messageBody":"Stream is used to filter out the task list when provided with a single\nkeyword.\n","tags":["A-Streams"],"fileTypesAndContributionMap":{"txt":{"insertions":1,"deletions":0},"java":{"insertions":30,"deletions":5}}},{"hash":"6fd95cdac6453827011f714b7354436005a1e48e","messageTitle":"Set up CI","messageBody":"","tags":["A-CI"],"fileTypesAndContributionMap":{"txt":{"insertions":2,"deletions":7},"java":{"insertions":2,"deletions":2}}}]},{"date":"2021-09-10","commitResults":[{"hash":"fc4fb117c0002ac25b78feb1c829194b0000b12c","messageTitle":"Add JavaDoc comments","messageBody":"","fileTypesAndContributionMap":{"java":{"insertions":11,"deletions":1}}}]},{"date":"2021-09-15","commitResults":[{"hash":"42f9567bcefde5cdb3e949172b2b1687c893e304","messageTitle":"Finalise the features","messageBody":"","fileTypesAndContributionMap":{"txt":{"insertions":1,"deletions":2},"java":{"insertions":136,"deletions":127}}},{"hash":"21597adc175cb870f3ca1f98877cc16c035ca8f5","messageTitle":"Update README.md","messageBody":"","fileTypesAndContributionMap":{"md":{"insertions":125,"deletions":11}}},{"hash":"408fc13c94765833248e636bb960e4ca43a3457d","messageTitle":"Finalise features","messageBody":"","fileTypesAndContributionMap":{"txt":{"insertions":2,"deletions":1},"java":{"insertions":3,"deletions":1}}},{"hash":"1cdc767c18e41d2643b32a2d479ba164f833ef2b","messageTitle":"Update README.md","messageBody":"","fileTypesAndContributionMap":{"md":{"insertions":1,"deletions":2}}}]},{"date":"2021-09-16","commitResults":[{"hash":"bda8cb945d97267f7d8a4596b94b7a729f0729ae","messageTitle":"Modify FindCommand logic","messageBody":"The FindCommand\u0027s execute checks for the length of keywords list.\n\nThe updated logic does not require this check.\n","fileTypesAndContributionMap":{"txt":{"insertions":3,"deletions":0},"java":{"insertions":27,"deletions":26}}},{"hash":"f9f61a2b26a13b04da69e0275f7536b0562be918","messageTitle":"Modify message constants","messageBody":"Magic literals within Ui methods are refactored into static constants.\n","fileTypesAndContributionMap":{"txt":{"insertions":0,"deletions":5},"java":{"insertions":10,"deletions":6}}}]},{"date":"2021-09-17","commitResults":[{"hash":"35500aeacb88a5cae666d0d5b847fb66183269dc","messageTitle":"Improve GUI","messageBody":"Tweak padding, background colour, image view shape, app icon and\npaddings.\n","tags":["A-BetterGui"],"fileTypesAndContributionMap":{"txt":{"insertions":1,"deletions":0},"fxml":{"insertions":11,"deletions":8},"java":{"insertions":7,"deletions":1}}}]}]},"authorFileTypeContributionMap":{"adam-ky":{"java":1127,"md":115,"fxml":38,"sh":0,"bat":0,"gradle":16,"txt":5}},"authorContributionVariance":{"adam-ky":56250.5},"authorDisplayNameMap":{"adam-ky":"CS2103T-T12-4 ADAM..YUEN"}}
