{"authorDailyContributionsMap":{"Timothyoung97":[{"date":"2021-08-17","commitResults":[{"hash":"3ff2fbf799d45206a34017863f4bd076653603c0","messageTitle":"Level 1 - add greeting","messageBody":"","fileTypesAndContributionMap":{"java":{"insertions":50,"deletions":8}}}]},{"date":"2021-08-18","commitResults":[{"hash":"5b15a39e9a00d0eb1b62ba57385e070d46b4640e","messageTitle":"Level 1 - Add Echo \u0026 Exit","messageBody":"","fileTypesAndContributionMap":{"java":{"insertions":46,"deletions":27}}},{"hash":"469dd5f832b7d02cbb82f9fa4b99ab3a32bd59cf","messageTitle":"Complete Level 2 - Add, List","messageBody":"","fileTypesAndContributionMap":{"java":{"insertions":54,"deletions":30}}},{"hash":"db1d7ef4c89e5b33daa3d93fede4e08e832f987c","messageTitle":"Complete Level 3: Add A Class","messageBody":"","fileTypesAndContributionMap":{"java":{"insertions":23,"deletions":3}}},{"hash":"f1da604d0145eed28b5ab2e77caf2035f0f2ae6f","messageTitle":"Complete Level 3: Mark as Done","messageBody":"","fileTypesAndContributionMap":{"java":{"insertions":13,"deletions":1}}},{"hash":"f5f849f73643a0111d73895205a3748896583338","messageTitle":"Complete Level 4","messageBody":"* Make class Task to become abstract class\n* Add ToDo, Event, Deadline class. All of them are inherited from Task.\n","fileTypesAndContributionMap":{"java":{"insertions":94,"deletions":22}}},{"hash":"c387d8f08714d81562541aa282d93c4bb675f707","messageTitle":"Refactor - OOP Principle","messageBody":"Refactor Duke.java to better structure the Bot with OOP principle.\n\nStrip Duke.java into 4 components:\n1. Bot.java - imitate a whole bot\u0027s body, which currently contains the Bot\u0027s Brain\n2. BotBrain.java - imitate a bot\u0027s brain, which handles the interactions with the user\n3. BotPrinter.java - imitate a bot\u0027s information output to the user\n4. BotMemory.java - imitate a bot\u0027s memory unit, where it stores the commonly used lines\n","tags":["A-Collections"],"fileTypesAndContributionMap":{"java":{"insertions":150,"deletions":135}}},{"hash":"f8db03ef04153fc1a0e41b8349ecae7a60ac47f8","messageTitle":"Complete A-TextUiTesting","messageBody":"Output with no issue based on the test case provided\n","tags":["A-TextUiTesting","A-TextUITesting"],"fileTypesAndContributionMap":{"txt":{"insertions":10,"deletions":0},"java":{"insertions":3,"deletions":0},"bat":{"insertions":1,"deletions":1}}},{"hash":"72c209bacffda129e7980126f6abf2aaf715bead","messageTitle":"Complete A-Exceptions","messageBody":"Add exceptions for:\n* invalid commands\n* invalid command format\n* empty task list\n* task out of range\n","tags":["A-Exceptions"],"fileTypesAndContributionMap":{"java":{"insertions":23,"deletions":0}}},{"hash":"08ba431dcb92fd92081cb69bab8e83ae152819ad","messageTitle":"Complete Level 5 - Handle Errors","messageBody":"BotBrain.java\n1. change \u0027if ... else ...\u0027 to \u0027switch\u0027 in classifyTask() method\nto identify the distinct task\n\nBotMemory.java\n1. Added in commonly used error prompting messages\n","tags":["Level-5"],"fileTypesAndContributionMap":{"java":{"insertions":53,"deletions":38}}},{"hash":"0b742da60367fdfd99a2b6fe48e55805c35391d6","messageTitle":"Complete Level 6 - Delete","messageBody":"Add in the function of delete task from task list\n","tags":["Level-6"],"fileTypesAndContributionMap":{"java":{"insertions":44,"deletions":8}}},{"hash":"61658749137854b11c078b108ef0e137675f83f4","messageTitle":"Change EXPECT.TXT and input.txt","messageBody":"include some test cases that test the functions of level 5 and 6\n","fileTypesAndContributionMap":{"txt":{"insertions":9,"deletions":0}}},{"hash":"04a3d37720ec5d922190ea2605d41c5b50a9b497","messageTitle":"Add javaDocs","messageBody":"","fileTypesAndContributionMap":{"java":{"insertions":180,"deletions":25}}}]},{"date":"2021-08-19","commitResults":[{"hash":"e727166cb3a0a4e70382afa665a5c51083857ea3","messageTitle":"Amend javaDoc","messageBody":"","fileTypesAndContributionMap":{"java":{"insertions":6,"deletions":8}}},{"hash":"ff7f749c43a60918af3b431e191aec3781aecfbc","messageTitle":"Complete A-Enums","messageBody":"To make interact() method in BotBrain.java more readable:\n* Include enum CommandInput\n* Include identifyCommand() method to identify the respective command\n* Modify if... else... to switch in interact() method\n","tags":["A-Enums"],"fileTypesAndContributionMap":{"java":{"insertions":58,"deletions":15}}},{"hash":"6ea7815047bfddf1e736b5fb27b124d3264ae058","messageTitle":"Refactor identidyCommand() and classifyTask() method in BotBrian.java","messageBody":"","fileTypesAndContributionMap":{"java":{"insertions":9,"deletions":24}}}]}]},"authorFileTypeContributionMap":{"Timothyoung97":{"java":472,"md":0,"fxml":0,"sh":0,"bat":1,"gradle":0,"txt":19}},"authorContributionVariance":{"Timothyoung97":79923.16},"authorDisplayNameMap":{"Timothyoung97":"CS2103T-F13-4 YANG..YUAN"}}
