{"authorDailyContributionsMap":{"Timothyoung97":[{"date":"2021-08-17","commitResults":[{"hash":"3ff2fbf799d45206a34017863f4bd076653603c0","messageTitle":"Level 1 - add greeting","messageBody":"","fileTypesAndContributionMap":{"java":{"insertions":50,"deletions":8}}}]},{"date":"2021-08-18","commitResults":[{"hash":"5b15a39e9a00d0eb1b62ba57385e070d46b4640e","messageTitle":"Level 1 - Add Echo \u0026 Exit","messageBody":"","fileTypesAndContributionMap":{"java":{"insertions":46,"deletions":27}}},{"hash":"469dd5f832b7d02cbb82f9fa4b99ab3a32bd59cf","messageTitle":"Complete Level 2 - Add, List","messageBody":"","fileTypesAndContributionMap":{"java":{"insertions":54,"deletions":30}}},{"hash":"db1d7ef4c89e5b33daa3d93fede4e08e832f987c","messageTitle":"Complete Level 3: Add A Class","messageBody":"","fileTypesAndContributionMap":{"java":{"insertions":23,"deletions":3}}},{"hash":"f1da604d0145eed28b5ab2e77caf2035f0f2ae6f","messageTitle":"Complete Level 3: Mark as Done","messageBody":"","fileTypesAndContributionMap":{"java":{"insertions":13,"deletions":1}}},{"hash":"f5f849f73643a0111d73895205a3748896583338","messageTitle":"Complete Level 4","messageBody":"* Make class Task to become abstract class\n* Add ToDo, Event, Deadline class. All of them are inherited from Task.\n","fileTypesAndContributionMap":{"java":{"insertions":94,"deletions":22}}},{"hash":"c387d8f08714d81562541aa282d93c4bb675f707","messageTitle":"Refactor - OOP Principle","messageBody":"Refactor Duke.java to better structure the Bot with OOP principle.\n\nStrip Duke.java into 4 components:\n1. Bot.java - imitate a whole bot\u0027s body, which currently contains the Bot\u0027s Brain\n2. BotBrain.java - imitate a bot\u0027s brain, which handles the interactions with the user\n3. BotPrinter.java - imitate a bot\u0027s information output to the user\n4. BotMemory.java - imitate a bot\u0027s memory unit, where it stores the commonly used lines\n","tags":["A-Collections"],"fileTypesAndContributionMap":{"java":{"insertions":150,"deletions":135}}},{"hash":"f8db03ef04153fc1a0e41b8349ecae7a60ac47f8","messageTitle":"Complete A-TextUiTesting","messageBody":"Output with no issue based on the test case provided\n","tags":["A-TextUiTesting","A-TextUITesting"],"fileTypesAndContributionMap":{"txt":{"insertions":10,"deletions":0},"java":{"insertions":3,"deletions":0},"bat":{"insertions":1,"deletions":1}}},{"hash":"72c209bacffda129e7980126f6abf2aaf715bead","messageTitle":"Complete A-Exceptions","messageBody":"Add exceptions for:\n* invalid commands\n* invalid command format\n* empty task list\n* task out of range\n","tags":["A-Exceptions"],"fileTypesAndContributionMap":{"java":{"insertions":23,"deletions":0}}},{"hash":"08ba431dcb92fd92081cb69bab8e83ae152819ad","messageTitle":"Complete Level 5 - Handle Errors","messageBody":"BotBrain.java\n1. change \u0027if ... else ...\u0027 to \u0027switch\u0027 in classifyTask() method\nto identify the distinct task\n\nBotMemory.java\n1. Added in commonly used error prompting messages\n","tags":["Level-5"],"fileTypesAndContributionMap":{"java":{"insertions":53,"deletions":38}}},{"hash":"0b742da60367fdfd99a2b6fe48e55805c35391d6","messageTitle":"Complete Level 6 - Delete","messageBody":"Add in the function of delete task from task list\n","tags":["Level-6"],"fileTypesAndContributionMap":{"java":{"insertions":44,"deletions":8}}},{"hash":"61658749137854b11c078b108ef0e137675f83f4","messageTitle":"Change EXPECT.TXT and input.txt","messageBody":"include some test cases that test the functions of level 5 and 6\n","fileTypesAndContributionMap":{"txt":{"insertions":9,"deletions":0}}},{"hash":"04a3d37720ec5d922190ea2605d41c5b50a9b497","messageTitle":"Add javaDocs","messageBody":"","fileTypesAndContributionMap":{"java":{"insertions":180,"deletions":25}}}]},{"date":"2021-08-19","commitResults":[{"hash":"e727166cb3a0a4e70382afa665a5c51083857ea3","messageTitle":"Amend javaDoc","messageBody":"","fileTypesAndContributionMap":{"java":{"insertions":6,"deletions":8}}},{"hash":"ff7f749c43a60918af3b431e191aec3781aecfbc","messageTitle":"Complete A-Enums","messageBody":"To make interact() method in BotBrain.java more readable:\n* Include enum CommandInput\n* Include identifyCommand() method to identify the respective command\n* Modify if... else... to switch in interact() method\n","tags":["A-Enums"],"fileTypesAndContributionMap":{"java":{"insertions":58,"deletions":15}}},{"hash":"6ea7815047bfddf1e736b5fb27b124d3264ae058","messageTitle":"Refactor identidyCommand() and classifyTask() method in BotBrian.java","messageBody":"","fileTypesAndContributionMap":{"java":{"insertions":9,"deletions":24}}}]},{"date":"2021-08-24","commitResults":[{"hash":"4452320fe7c90e6cd6a830958abe3675becbd0e9","messageTitle":"Modify Task, Deadline, Event, Todo class","messageBody":"* To support the operation of the formation of task list in a String format\n","fileTypesAndContributionMap":{"txt":{"insertions":0,"deletions":0},"java":{"insertions":101,"deletions":15}}},{"hash":"33c99b0f86fc307b95bb5fceb5100e00c3328964","messageTitle":"Implement saveToHardDisk() method","messageBody":"Support for save to data.txt\n* Refactor switch case as reactToCommand() in BotBrain.java\n* Include isTerminated boolean kill switch that ends the program when \"bye\" is entered\n","fileTypesAndContributionMap":{"txt":{"insertions":1,"deletions":0},"java":{"insertions":26,"deletions":21}}},{"hash":"d0b085ba5ef97a3334a0d20a4090872058c610e2","messageTitle":"Add Constructor for Task classes","messageBody":"To support feature of loading task from txt files\n","fileTypesAndContributionMap":{"java":{"insertions":24,"deletions":2}}}]},{"date":"2021-08-25","commitResults":[{"hash":"72468190de6b4078f353bab15183b918bbd07310","messageTitle":"Complete Level-7","messageBody":"Modification:\n* ToDo, Event, Deadline classes -\u003e Add overloading constructors, various get methods\n* BotMemory class -\u003e Add save and load features.\n* BotException class -\u003e Add new exception type\n","fileTypesAndContributionMap":{"java":{"insertions":87,"deletions":13}}},{"hash":"4c04af332baaae6a76f2adcee7adc1d71c311b79","messageTitle":"Implement basic feature of date \u0026 time","messageBody":"1) Modify constructors of deadline, event and todo class to accept LocalDate type\n2) Modify BotBrain and BotMemroy unit to accept LocalDate type as temporal data\n3) Implement basic string to LocalDate conversion in BotTemporal Unit\n","fileTypesAndContributionMap":{"txt":{"insertions":2,"deletions":0},"java":{"insertions":71,"deletions":26}}},{"hash":"48f5e828f86fc8587889297ce5bce043013f6a29","messageTitle":"Extending LocalDate to LocalDateTime","messageBody":"1) Modify Deadline, Event, Task, Todo classes to work with LocalDateTime\n2) Modify load/save method in BotMemory class\n","fileTypesAndContributionMap":{"txt":{"insertions":6,"deletions":2},"java":{"insertions":39,"deletions":21}}},{"hash":"f30ff79ed99f0a528ef749da136a8026e52f3ab2","messageTitle":"Complete Level-8","messageBody":"1) Pending Feature:\nDecipher different format of temporal data input in string\n","fileTypesAndContributionMap":{"txt":{"insertions":2,"deletions":3},"java":{"insertions":44,"deletions":14}}},{"hash":"cf984f45ec3602a066df4090684b79fa22f21864","messageTitle":"Complete A-MoreOOP","messageBody":"* Refactorization:\n1) BotBrain -\u003e Main Hub that pull in all Units together and react to human response\n2) BotCommandResponderUnit -\u003e Decipher command from user and produce the respective action\n3) BotDynamicMemoryUnit -\u003e Saving and Loading data.txt\n4) BotStaticMemoryUnit -\u003e Serve as a storage space for messages\n5) BotTaskStatusGeneratorUnit -\u003e Generate status of tasklist\n6) BotTemporalUnit -\u003e Incharge of converting String data to DateTime\n","fileTypesAndContributionMap":{"txt":{"insertions":2,"deletions":2},"java":{"insertions":388,"deletions":379}}},{"hash":"d68d18c38dff7f663f898e9def14e0159b33f3b4","messageTitle":"Packaging of files","messageBody":"Organize files:\n1) error -\u003e contains all exceptions classes\n2) function -\u003e contains classes that handles UI and feedback to users\n3) task -\u003e contains Task type classes\n4) memory -\u003e contains classes that handles data\n","fileTypesAndContributionMap":{"txt":{"insertions":2,"deletions":1},"java":{"insertions":134,"deletions":66}}},{"hash":"568ed4f28d2c46f96d494f901c022bbb6824722b","messageTitle":"Set save/load file path to relative path","messageBody":"","fileTypesAndContributionMap":{"java":{"insertions":18,"deletions":3}}}]},{"date":"2021-08-26","commitResults":[{"hash":"2ec066d0b10f1138a1a3de040c155f856254cf4a","messageTitle":"Complete A-JUnit (Basic Level)","messageBody":"Test for:\n1. Task class\n2. ToDo class\n3. Event class\n4. Deadline class\n","fileTypesAndContributionMap":{"gradle":{"insertions":2,"deletions":1},"java":{"insertions":297,"deletions":2}}},{"hash":"a7e978eae3a2e031f9727f30141bbb061af8da2b","messageTitle":"Complete A-Jar","messageBody":"1) Modify LOGO to non-extendded ACSII text\n","fileTypesAndContributionMap":{"gradle":{"insertions":1,"deletions":1},"java":{"insertions":58,"deletions":19}}},{"hash":"41bd2043af11f2e5c691568a45aaa2c83a7efaf6","messageTitle":"Complete A-JavaDoc","messageBody":"","tags":["A-JavaDoc"],"fileTypesAndContributionMap":{"java":{"insertions":231,"deletions":56}}},{"hash":"75a785111c5b6fb64755b4d8829c56c0bdd2cb9b","messageTitle":"Complete A-CodingStandard","messageBody":"","tags":["A-CodingStandard"],"fileTypesAndContributionMap":{"java":{"insertions":74,"deletions":48}}},{"hash":"b6b87b10d3eace26e4201cafee9330fa927ea721","messageTitle":"Complete Level-9 Feature","messageBody":"Add find feature to Bot:\n1) find task based on keywords\n\nFollow Up:\n1) Refactor\n2) JavaDoc for new methods\n","tags":["Level-9"],"fileTypesAndContributionMap":{"java":{"insertions":84,"deletions":6}}}]},{"date":"2021-08-27","commitResults":[{"hash":"3b116df7fbfc5d9ea5ab48096db1e1ae883d61be","messageTitle":"Edit JavaDoc","messageBody":"","fileTypesAndContributionMap":{"java":{"insertions":1,"deletions":0}}},{"hash":"a304cb5e1be660454129fa08d6c39831dea15a51","messageTitle":"Minor edit on java style","messageBody":"","fileTypesAndContributionMap":{"java":{"insertions":1,"deletions":0}}},{"hash":"257565591cecd4a371970669b81846f3f91b2e7d","messageTitle":"Edit on level 9","messageBody":"","fileTypesAndContributionMap":{"java":{"insertions":1,"deletions":1}}}]},{"date":"2021-09-01","commitResults":[{"hash":"0563a0a5ed40d250984eb85585abe24c59c4fe41","messageTitle":"Update README.md","messageBody":"","fileTypesAndContributionMap":{"md":{"insertions":131,"deletions":14}}},{"hash":"1dc31dc38e2fc32f37445ef0f3fa177767bd7bb0","messageTitle":"Update README.md","messageBody":"","fileTypesAndContributionMap":{"md":{"insertions":2,"deletions":2}}},{"hash":"7d32d7360f1aabfdd69ece499e27ea45a292de49","messageTitle":"Update README.md","messageBody":"","fileTypesAndContributionMap":{"md":{"insertions":5,"deletions":2}}},{"hash":"f0bfa8b27f985cb8ce1ab3ffc62058a348a790ca","messageTitle":"Update README.md","messageBody":"","fileTypesAndContributionMap":{"md":{"insertions":3,"deletions":1}}},{"hash":"b314567b732b6e2bda6f0995a828192be29703ae","messageTitle":"Update README.md","messageBody":"","fileTypesAndContributionMap":{"md":{"insertions":1,"deletions":1}}},{"hash":"cafa18ef6ddfe449979cc57dc795ac3078ae15b4","messageTitle":"Update README.md","messageBody":"","fileTypesAndContributionMap":{"md":{"insertions":1,"deletions":1}}},{"hash":"4dad55881fc95b23750169889fe0cd08c3813579","messageTitle":"Complete A-Gradle","messageBody":"","tags":["A-Gradle"],"fileTypesAndContributionMap":{"gradle":{"insertions":0,"deletions":1}}},{"hash":"24170494e5b281d99c8b98f8971e804ff1dce520","messageTitle":"Complete A-CheckStyle","messageBody":"Skip CheckStyle for BotStaticMemoryUnit.java\n","tags":["A-CheckStyle"],"fileTypesAndContributionMap":{"java":{"insertions":203,"deletions":200}}},{"hash":"ae62d0b408658195dd79d1ad0a531b68414aac4b","messageTitle":"Complete Javafx tutorial 2","messageBody":"","fileTypesAndContributionMap":{"gradle":{"insertions":15,"deletions":0},"java":{"insertions":79,"deletions":1}}},{"hash":"32102526f9c9efca6e93ac8f0a3b31b38b65ba94","messageTitle":"Complete Javafx - Tutorial 3","messageBody":"","fileTypesAndContributionMap":{"java":{"insertions":109,"deletions":1}}},{"hash":"84ba119c44ac2c7a2652cddc75d22eb5e27e11e2","messageTitle":"Complete JavaFX - Tutorial 4","messageBody":"","fileTypesAndContributionMap":{"fxml":{"insertions":35,"deletions":0},"java":{"insertions":114,"deletions":145}}},{"hash":"c9ae5a12294df39f0cc028bfff1e87eaa77c5834","messageTitle":"Minor edit on styling","messageBody":"","fileTypesAndContributionMap":{"gradle":{"insertions":2,"deletions":1},"java":{"insertions":16,"deletions":9}}}]},{"date":"2021-09-02","commitResults":[{"hash":"bb9e3a256a315c13c04731ecfa0b2ffd9eade0d3","messageTitle":"Add message in BotStaticMeoryUnit.java","messageBody":"","fileTypesAndContributionMap":{"java":{"insertions":1,"deletions":0}}},{"hash":"a589758444a81b680e8d7b46666ccc53df66e5bf","messageTitle":"Implement BotPrinter.java with varargs","messageBody":"","tags":["A-Varargs"],"fileTypesAndContributionMap":{"java":{"insertions":13,"deletions":0}}},{"hash":"0f0e7ec2045ee2b8f00d8677a7875adecd7d357f","messageTitle":"Change style dialogBox.java","messageBody":"","fileTypesAndContributionMap":{"java":{"insertions":6,"deletions":1}}},{"hash":"6476d3fb4a8c2b86b086f7ec49782a0700f833e5","messageTitle":"Edit BotTaskStatusGeneratorUnit.java \u0027s method to return String","messageBody":"","fileTypesAndContributionMap":{"java":{"insertions":5,"deletions":5}}},{"hash":"8799b74e889a0791d22cbb7a5b47c1feac3d2044","messageTitle":"Implement basic interaction between bot and user","messageBody":"Follow up:\n1) Load / save into hard disk\n","fileTypesAndContributionMap":{"java":{"insertions":40,"deletions":28}}},{"hash":"cbd1380e2ac994e348ef157f2e12c53d4888fc0a","messageTitle":"Complete Level 10","messageBody":"Complete Basic GUI features\n","fileTypesAndContributionMap":{"java":{"insertions":40,"deletions":11}}}]}]},"authorFileTypeContributionMap":{"Timothyoung97":{"java":1684,"md":135,"fxml":35,"sh":0,"bat":1,"gradle":19,"txt":26}},"authorContributionVariance":{"Timothyoung97":154564.4},"authorDisplayNameMap":{"Timothyoung97":"CS2103T-F13-4 YANG..YUAN"}}
