{"authorDailyContributionsMap":{"Shruthi0310":[{"date":"2021-08-14","commitResults":[{"hash":"59980ac10cfda6b2df5229744b731a4b0a8ed43c","messageTitle":"Level-1","messageBody":"","tags":["Level-1"],"fileTypesAndContributionMap":{"java":{"insertions":17,"deletions":6}}},{"hash":"1a2896c1c062aafd1336d0e70c513b8d83dda334","messageTitle":"Level-2","messageBody":"","tags":["Level-2"],"fileTypesAndContributionMap":{"java":{"insertions":25,"deletions":9}}},{"hash":"1889abec10dd1b1c4cdbe50dc0b774822829a1b2","messageTitle":"Level-3","messageBody":"","tags":["Level-3"],"fileTypesAndContributionMap":{"java":{"insertions":46,"deletions":10}}}]},{"date":"2021-08-15","commitResults":[{"hash":"cec0f989da1d704b289655d763690150cf2a667c","messageTitle":"Level-4","messageBody":"","tags":["Level-4"],"fileTypesAndContributionMap":{"java":{"insertions":87,"deletions":8}}},{"hash":"2108bc162048e2f5c19ac974e4c025923d804f61","messageTitle":"A-TextUiTesting","messageBody":"","tags":["A-TextUiTesting"],"fileTypesAndContributionMap":{"txt":{"insertions":9,"deletions":0},"bat":{"insertions":2,"deletions":2}}}]},{"date":"2021-08-17","commitResults":[{"hash":"bbe75a01d164ca25fdd6c0cf05a3327b49bc807b","messageTitle":"Level-5","messageBody":"","tags":["Level-5"],"fileTypesAndContributionMap":{"java":{"insertions":120,"deletions":71}}}]},{"date":"2021-08-18","commitResults":[{"hash":"34d18885293d2cbd8f773b5a97e51c554d40bf64","messageTitle":"Level-6","messageBody":"","tags":["Level-6"],"fileTypesAndContributionMap":{"txt":{"insertions":9,"deletions":0},"java":{"insertions":41,"deletions":10}}}]},{"date":"2021-08-23","commitResults":[{"hash":"2c9f6eb71743b0a46f62bbe972b90e3f25544d0e","messageTitle":"Add save to hard disk feature","messageBody":"","fileTypesAndContributionMap":{"java":{"insertions":206,"deletions":61}}},{"hash":"4d380966f509d30495cd39f6353accb4bb8e45ec","messageTitle":"Add date and time parser","messageBody":"","fileTypesAndContributionMap":{"java":{"insertions":3,"deletions":2}}},{"hash":"e06b409cd828ebc98f3f481ef696e7fb3a3dae69","messageTitle":"Update time parser","messageBody":"","fileTypesAndContributionMap":{"java":{"insertions":188,"deletions":42}}}]},{"date":"2021-08-24","commitResults":[{"hash":"2659d0cf97e975965bc335e3f7655e04746184a8","messageTitle":"Refactor code to extract classes","messageBody":"","tags":["A-MoreOOP"],"fileTypesAndContributionMap":{"java":{"insertions":360,"deletions":225}}},{"hash":"124c463cbfeccc1546244310411f3f22dc82ba0c","messageTitle":"Divide classes into packages","messageBody":"","tags":["A-Packages"],"fileTypesAndContributionMap":{"java":{"insertions":116,"deletions":75},"bat":{"insertions":1,"deletions":1}}}]},{"date":"2021-08-25","commitResults":[{"hash":"5b060179867139d0f4271ec7a4bab1c208d49307","messageTitle":"Store dates as localDate instead of String","messageBody":"","fileTypesAndContributionMap":{"java":{"insertions":31,"deletions":19}}},{"hash":"46a7c27e6f6a99cee1badfc56da3feed2409fe8e","messageTitle":"Add Junit tests","messageBody":"","tags":["v0.1","A-JUnit"],"fileTypesAndContributionMap":{"java":{"insertions":268,"deletions":29}}},{"hash":"b1c94d261b1d193d571b450f39756beb4c06ece2","messageTitle":"Package the App as a JAR file","messageBody":"","tags":["A-Jar"],"fileTypesAndContributionMap":{"java":{"insertions":0,"deletions":1}}}]},{"date":"2021-08-26","commitResults":[{"hash":"9b7d969bc58e72a57af0e0e0f0cf0609a0b68722","messageTitle":"Tweak the code to comply with coding standard","messageBody":"","fileTypesAndContributionMap":{"java":{"insertions":143,"deletions":131}}}]},{"date":"2021-08-27","commitResults":[{"hash":"a650d8149e487ab8c91715ed2467e0ee6cc92a81","messageTitle":"Add find matching task feature","messageBody":"","fileTypesAndContributionMap":{"java":{"insertions":37,"deletions":5}}},{"hash":"a17390774f1b36e5389a4edc2057ddbecfb3850d","messageTitle":"Add JavaDoc comments","messageBody":"","fileTypesAndContributionMap":{"java":{"insertions":294,"deletions":0}}}]}]},"authorFileTypeContributionMap":{"Shruthi0310":{"java":1165,"md":0,"fxml":0,"sh":0,"bat":1,"gradle":0,"txt":18}},"authorContributionVariance":{"Shruthi0310":44439.285},"authorDisplayNameMap":{"Shruthi0310":"CS2103T-W12-1 SENT..UTHI"}}
