{"authorDailyContributionsMap":{"angkoonhwee":[{"date":"2021-08-19","commitResults":[{"hash":"bb3da7f4d1e5efc423da7d5ee6df9b64dcc6fcb2","messageTitle":"level-1","messageBody":"","tags":["Level-2"],"fileTypesAndContributionMap":{"java":{"insertions":13,"deletions":0}}},{"hash":"4e52aacd89dd993ff0702ccee95b126f460061d8","messageTitle":"level-2","messageBody":"","fileTypesAndContributionMap":{"java":{"insertions":42,"deletions":3}}},{"hash":"b5b913a0722f8020d7590f7c1daf8a65f94d245f","messageTitle":"level-3","messageBody":"","tags":["Level-3"],"fileTypesAndContributionMap":{"java":{"insertions":24,"deletions":6}}}]}]},"authorFileTypeContributionMap":{"angkoonhwee":{"java":70,"md":0,"fxml":0,"sh":0,"bat":0,"gradle":0,"txt":0}},"authorContributionVariance":{"angkoonhwee":640.0},"authorDisplayNameMap":{"angkoonhwee":"ANG ..HWEE"}}
