{"authorDailyContributionsMap":{"kflim":[{"date":"2021-08-18","commitResults":[{"hash":"c47b3aa99ff9cb4cae48063d1fbcca24783fa775","messageTitle":"Add greet message, echo command and exit message","messageBody":"","tags":["Level-1"],"fileTypesAndContributionMap":{"java":{"insertions":51,"deletions":10},"bat":{"insertions":1,"deletions":1},"md":{"insertions":2,"deletions":2}}},{"hash":"ab38f06840d783a7cc80f3f952ae5bc9a8ceac59","messageTitle":"Add ability to store text by user and display them","messageBody":"","tags":["Level-2"],"fileTypesAndContributionMap":{"java":{"insertions":17,"deletions":3}}},{"hash":"5899ce220d5600dafbe18ef94957e3b5b59d9e74","messageTitle":"Add the ability to mark tasks as done","messageBody":"","tags":["Level-3"],"fileTypesAndContributionMap":{"java":{"insertions":69,"deletions":10}}},{"hash":"90929c8571816b494e2daaa637fd79430c0f1df9","messageTitle":"Add support for tracking three types of tasks","messageBody":"","tags":["Level-4"],"fileTypesAndContributionMap":{"java":{"insertions":103,"deletions":1}}},{"hash":"26355636b3a8defa70a9c5893de3d82d2100676e","messageTitle":"Add semi-automated testing of Duke","messageBody":"","tags":["A-TextUiTesting"],"fileTypesAndContributionMap":{"txt":{"insertions":7,"deletions":0},"bat":{"insertions":1,"deletions":1}}},{"hash":"6da45c685523ced5c9a09b8cd7fb99b93f08fbf6","messageTitle":"Teach Duke to deal with errors","messageBody":"","tags":["Level-5"],"fileTypesAndContributionMap":{"java":{"insertions":96,"deletions":46}}},{"hash":"1c9ea787e04d7ce4691ace69a7b0b7042965d880","messageTitle":"Add support for deleting tasks from the list","messageBody":"","tags":["Level-6"],"fileTypesAndContributionMap":{"java":{"insertions":7,"deletions":0}}}]},{"date":"2021-08-22","commitResults":[{"hash":"05856d47c1e0f87d580969a9f7f090f08c7a4761","messageTitle":"Save the tasks in the hard disk automatically","messageBody":"The tasks are only temporarily used during one execution of the program.\n\nThe program needs to be more reusable so that it can actually keep\ntrack of all the tasks that have been made so far in the lifespan of\nthe program.\n\nA storage for the list of tasks can be implemented to make the program\nmore reusable.\n","fileTypesAndContributionMap":{"txt":{"insertions":4,"deletions":0},"java":{"insertions":163,"deletions":1}}},{"hash":"4e9c5336eae16ba54ad1db232b2c7d323e38c4a8","messageTitle":"Teach Duke how to understand dates and times","messageBody":"Dates entered are displayed as is.\n\nThe program should be able to display the dates in a more meaningful\nway.\n\nA way to understand different date formats can be implemented to make\nthe timings of the tasks more understandable.\n","fileTypesAndContributionMap":{"java":{"insertions":106,"deletions":2}}},{"hash":"2b02dae11e55a21b7ba3c9cc81cb5e92bead0f99","messageTitle":"Introduce more OOP design to the program","messageBody":"The program tries to do everything in a few classes, particularly the\nDuke class.\n\nIt is harder to modify the code as it all happens in one class.\n\nAdding new classes will make modifying the code in the future easier.\n","tags":["A-Packages","A-MoreOOP"],"fileTypesAndContributionMap":{"txt":{"insertions":1,"deletions":1},"java":{"insertions":238,"deletions":172},"bat":{"insertions":1,"deletions":1},"md":{"insertions":2,"deletions":2}}},{"hash":"2cbcf2019fafdd67cd5fff434759c405d74edab3","messageTitle":"Add JUnit tests to test the behavior of the code","messageBody":"The code is presumably workable.\n\nIt is difficult to see corner cases that have not been accounted for.\n\nTests can help to reduce bugs in the code.\n","tags":["v1.0","A-Jar","A-JUnit"],"fileTypesAndContributionMap":{"java":{"insertions":74,"deletions":12}}},{"hash":"fa9ffc0fa72689f91d158fe4724e8f24ac356245","messageTitle":"Add JavaDoc comments to the code","messageBody":"Some of the public methods are documented for readability.\n\nSome methods are not documented.\n\nDocumentation of methods can allow other developers to understand the\ncode better.\n","fileTypesAndContributionMap":{"java":{"insertions":69,"deletions":2}}}]},{"date":"2021-08-23","commitResults":[{"hash":"c26f6fb8549661ae0edb2ba141de01a6ded2bc4f","messageTitle":" Tweak the code to comply with a coding standard","messageBody":" Code has some documentation.\n\n Code could use slight improvement.\n\n Tweaking the code could comply with the standard better.\n","fileTypesAndContributionMap":{"java":{"insertions":2,"deletions":2}}}]},{"date":"2021-08-24","commitResults":[{"hash":"86f478c7d757565b4d87278394f8f501ac78dff3","messageTitle":"Add JavaDoc comments to the code","messageBody":"Code has some documentation\n\nSome methods require further clarification.\n\nMore comments can help.\n","fileTypesAndContributionMap":{"java":{"insertions":1,"deletions":1}}},{"hash":"7a6b17e552a1897aefad579982195af4b1a6668e","messageTitle":"Tweak the code to comply with a coding standard","messageBody":"Code has some compliance.\n\nSome import statements could be organized better\n\nMore changes can help.\n","fileTypesAndContributionMap":{"java":{"insertions":7,"deletions":1}}}]},{"date":"2021-08-25","commitResults":[{"hash":"30bdb2c41240930e8f1dc4866b16fbde485b7826","messageTitle":"Change packages organization","messageBody":"","fileTypesAndContributionMap":{"txt":{"insertions":5,"deletions":0},"java":{"insertions":37,"deletions":35},"bat":{"insertions":4,"deletions":3},"sh":{"insertions":1,"deletions":1},"md":{"insertions":2,"deletions":2}}},{"hash":"64f5b58b5b1d6cfa27da5aadc56d4f0c387881a6","messageTitle":"Change organization of directories","messageBody":"","fileTypesAndContributionMap":{"java":{"insertions":33,"deletions":33},"md":{"insertions":2,"deletions":2}}},{"hash":"ded2a594538fdecb1365b0cfdb4c035c7c67a1ac","messageTitle":"Close scanner after use","messageBody":"","fileTypesAndContributionMap":{"java":{"insertions":5,"deletions":0}}},{"hash":"418e5df32a1cbe74c175d254b257338153562f12","messageTitle":"Add find task functionality","messageBody":"Program does not support find tasks by keyword\n\nThis makes finding tasks troublesome when the list becomes too big.\n","fileTypesAndContributionMap":{"java":{"insertions":10,"deletions":0}}}]},{"date":"2021-08-28","commitResults":[{"hash":"27b47ea34d958059cb19da849c0db034d412221b","messageTitle":"Use checkStyle to detect coding style violations","messageBody":"Code generally compiles well.\n\nThere are potential code violations according to the standard.\n\nUsing checkStyle can correct the violations.\n","tags":["A-CheckStyle"],"fileTypesAndContributionMap":{"java":{"insertions":69,"deletions":69}}}]},{"date":"2021-08-29","commitResults":[{"hash":"f0a069e7ba57493ce8e413657263722b508de376","messageTitle":"Add a GUI to Duke","messageBody":"Currently, Duke can only be interacted with through the CLI.\n\nThis is not very practical and is not very user-friendly.\n\nA GUI is easier to interact with.\n","fileTypesAndContributionMap":{"gradle":{"insertions":15,"deletions":0},"fxml":{"insertions":35,"deletions":0},"java":{"insertions":284,"deletions":15}}},{"hash":"6aa30826d4dd86979cc6fa55155a0e990a3d13f8","messageTitle":"Add changes to style","messageBody":"Code compiles fine.\n\nSome parts of the code can be improved.\n\nSome changes to style can be helpful.\n","fileTypesAndContributionMap":{"java":{"insertions":15,"deletions":13}}}]},{"date":"2021-08-31","commitResults":[{"hash":"3100030442b98a886f8db1fd47ab099e1a84562c","messageTitle":"Add some changes to code style","messageBody":"","fileTypesAndContributionMap":{"fxml":{"insertions":15,"deletions":16},"java":{"insertions":24,"deletions":25}}},{"hash":"d00fd0e69d4f9146cfc5247d45932ca4b27165c0","messageTitle":"Add header comments to methods","messageBody":"","fileTypesAndContributionMap":{"java":{"insertions":37,"deletions":5}}}]},{"date":"2021-09-03","commitResults":[{"hash":"80ee206df104f500a46beb20a8e816438b8290d0","messageTitle":"Change code style","messageBody":"","fileTypesAndContributionMap":{"java":{"insertions":65,"deletions":58}}},{"hash":"43e1888aba97f4053fda0ce25311d004340d6324","messageTitle":"Add Command abstractions","messageBody":"Parser currently does all of the work to interact with the logger and\ntasklist.\n\nIn the long term, if there were new commands, the switch statement would\nhave to be very long. If there were specific changes to commands, it\nwould be difficult to edit.\n\nAbstraction of the commands into different classes can allow for more\nmanageable code in the long term.\n","fileTypesAndContributionMap":{"java":{"insertions":233,"deletions":138}}},{"hash":"11dfbf291798c961ce606c73f81e424e6eb27f70","messageTitle":"Add header comments to Command classes","messageBody":"","fileTypesAndContributionMap":{"java":{"insertions":102,"deletions":2}}}]},{"date":"2021-09-04","commitResults":[{"hash":"d9865b53056e3ce8b042e23a398faf75589eb991","messageTitle":"Modify arrowhead code","messageBody":"Event has several arrowhead code.\n\nArrowhead code violates the coding standard.\n\nParts of the code are being abstracted into other methods.\n\nAbstraction helps to make the code simpler and neater.\n","tags":["A-FullCommitMessage"],"fileTypesAndContributionMap":{"java":{"insertions":20,"deletions":30}}},{"hash":"4ded5464adcf65ea9c10c9cd4a8708c673864615","messageTitle":"Add minor changes.","messageBody":"Code is mostly functional.\n\nSome comments may be not be complete.\n\nChanging comments can improve code.\n","fileTypesAndContributionMap":{"java":{"insertions":1,"deletions":1}}},{"hash":"8e1d1e2ef51e97c4625336cf5d5c6912ee0325d7","messageTitle":"Add minor changes to code.","messageBody":"Code has many comments.\n\nComments may not be structure correctly.\n\nMinor adjustments can improve code.\n","tags":["A-Assertions"],"fileTypesAndContributionMap":{"java":{"insertions":0,"deletions":25}}},{"hash":"5f322b4425da006bce7e403179a5324b07623824","messageTitle":"Add code changes","messageBody":"Code has some redundancies.\n\nCode performance will be affected by the redundancies.\n\nRemoving redundacies will improve code.\n","fileTypesAndContributionMap":{"java":{"insertions":1,"deletions":2}}},{"hash":"b91739276b406f0c7f97a02ec21174fbc5592529","messageTitle":"Change Parser behaviour","messageBody":"Parsing does switch statement in the same try-catch block as the error\nchecking.\n\nThe error checking should be separate from the actual switch cases.\n\nDoing error checking first and then continue with the switch cases is\ncleaner.\n","tags":["A-CodeQuality"],"fileTypesAndContributionMap":{"java":{"insertions":38,"deletions":46}}}]},{"date":"2021-09-09","commitResults":[{"hash":"029982a6ff04c20d89a5243b2b9ed017424efb05","messageTitle":"Fix long methods","messageBody":"Some methods had more than 30 LoC.\n\nIf there were more similar details within the methods, the code would not\nbe maintained well.\n\nAbstraction of some details into other methods can help to break up the\ncode into smaller functions so that the original method is much easier\nto maintain.\n","fileTypesAndContributionMap":{"java":{"insertions":91,"deletions":50}}}]},{"date":"2021-09-12","commitResults":[{"hash":"9f902d2a9501741b191ae788e544331f5e2ac56b","messageTitle":"Improve the GUI and fix the creation flow of the GUI","messageBody":"The GUI is at the minimum level where an input is replied with a\ngenerated response and there are basic features that the user can see.\nThe creation flow of the GUI is standard and all styled within the code itself.\n\nIt is not very visually pleasing and does not give unique responses to inputs.\nThe creation flow of the GUI can be changed to fit the abstraction of the bot\nand styling is hard coded within the Window class.\n\nChanging how the bot responds will help to increase interactivity with\nthe user. Abstracting some parts of the GUI creation to different classes\nwill make code more understandable and using .fxml files to style the\nGUI will be simpler as well.\n","tags":["A-BetterGui"],"fileTypesAndContributionMap":{"fxml":{"insertions":45,"deletions":24},"txt":{"insertions":1,"deletions":1},"java":{"insertions":191,"deletions":266},"md":{"insertions":2,"deletions":2}}}]},{"date":"2021-09-13","commitResults":[{"hash":"25c7a5779ef371f421bcb8b6b49a6fcc51d06980","messageTitle":"Add a User Guide and fix some bugs","messageBody":"The readme.md file currently does not showcase how IntelliBot works.\n\nFirst-time users will be confused with the lack of information.\n\nHaving a proper user guide will help first-time users understand how\nIntelliBot works.\n","tags":["A-UserGuide"],"fileTypesAndContributionMap":{"fxml":{"insertions":10,"deletions":8},"txt":{"insertions":0,"deletions":4},"java":{"insertions":113,"deletions":52},"md":{"insertions":219,"deletions":11}}},{"hash":"5e975587ec1659fe68c2efba0c5b4b3c2408b008","messageTitle":"Change README.md","messageBody":"","fileTypesAndContributionMap":{"md":{"insertions":237,"deletions":24}}},{"hash":"104fe6d4234591a71438ff65537f15944909dc12","messageTitle":"Change README.md","messageBody":"","fileTypesAndContributionMap":{"md":{"insertions":1,"deletions":0}}},{"hash":"79ed0c69656e4df47abdd9463228b5ead59c496f","messageTitle":"Change README.md","messageBody":"","fileTypesAndContributionMap":{"md":{"insertions":1,"deletions":0}}},{"hash":"04e5bc8d274148bc9fa316a7b41017a3b1392e6d","messageTitle":"Release the product","messageBody":"","tags":["A-Release"],"fileTypesAndContributionMap":{"gradle":{"insertions":1,"deletions":6},"fxml":{"insertions":3,"deletions":3},"java":{"insertions":75,"deletions":45}}}]},{"date":"2021-09-17","commitResults":[{"hash":"d7aab0ecdc1e05563c58d79929e36ebbdf4d2252","messageTitle":"Fix long methods","messageBody":"","tags":["A-Release-2"],"fileTypesAndContributionMap":{"java":{"insertions":65,"deletions":47}}}]},{"date":"2021-09-28","commitResults":[{"hash":"c4eaa9903865488b4ce19fc635f47d54c80f101e","messageTitle":"Fix import order","messageBody":"","fileTypesAndContributionMap":{"java":{"insertions":22,"deletions":19}}}]}]},"authorFileTypeContributionMap":{"kflim":{"java":1322,"md":441,"fxml":57,"sh":1,"bat":4,"gradle":16,"txt":12}},"authorContributionVariance":{"kflim":40758.113},"authorDisplayNameMap":{"kflim":"CS2103T-W10-1 LIM ..FANG"}}
