[{"path":"data/duke.txt","fileType":"txt","lines":[{"lineNumber":1,"author":{"gitId":"CheongYeeMing"},"content":"T | 1 | run","lastModifiedDate":"2021-08-30"},{"lineNumber":2,"author":{"gitId":"CheongYeeMing"},"content":"D | 0 | work | 1999-02-02T01:01","lastModifiedDate":"2021-08-28"},{"lineNumber":3,"author":{"gitId":"CheongYeeMing"},"content":"E | 1 | project meeting | 2021-08-31T15:00","lastModifiedDate":"2021-08-28"}],"authorContributionMap":{"CheongYeeMing":3}},{"path":"src/main/java/duke/Duke.java","fileType":"java","lines":[{"lineNumber":1,"author":{"gitId":"CheongYeeMing"},"content":"package duke;","lastModifiedDate":"2021-08-30"},{"lineNumber":2,"author":{"gitId":"CheongYeeMing"},"content":"","lastModifiedDate":"2021-08-30"},{"lineNumber":3,"author":{"gitId":"CheongYeeMing"},"content":"import duke.command.Command;","lastModifiedDate":"2021-08-30"},{"lineNumber":4,"author":{"gitId":"CheongYeeMing"},"content":"import duke.command.ExitCommand;","lastModifiedDate":"2021-08-30"},{"lineNumber":5,"author":{"gitId":"CheongYeeMing"},"content":"import duke.exception.DukeException;","lastModifiedDate":"2021-08-30"},{"lineNumber":6,"author":{"gitId":"CheongYeeMing"},"content":"import duke.parser.Parser;","lastModifiedDate":"2021-08-30"},{"lineNumber":7,"author":{"gitId":"CheongYeeMing"},"content":"import duke.storage.Storage;","lastModifiedDate":"2021-08-30"},{"lineNumber":8,"author":{"gitId":"CheongYeeMing"},"content":"import duke.task.TaskList;","lastModifiedDate":"2021-08-30"},{"lineNumber":9,"author":{"gitId":"CheongYeeMing"},"content":"import duke.ui.Ui;","lastModifiedDate":"2021-08-30"},{"lineNumber":10,"author":{"gitId":"CheongYeeMing"},"content":"","lastModifiedDate":"2021-08-30"},{"lineNumber":11,"author":{"gitId":"CheongYeeMing"},"content":"import java.util.Scanner;","lastModifiedDate":"2021-08-28"},{"lineNumber":12,"author":{"gitId":"CheongYeeMing"},"content":"","lastModifiedDate":"2021-08-19"},{"lineNumber":13,"author":{"gitId":"-"},"content":"public class Duke {","lastModifiedDate":"2019-07-29"},{"lineNumber":14,"author":{"gitId":"CheongYeeMing"},"content":"","lastModifiedDate":"2021-08-28"},{"lineNumber":15,"author":{"gitId":"CheongYeeMing"},"content":"    // List to store all user inputs","lastModifiedDate":"2021-08-28"},{"lineNumber":16,"author":{"gitId":"CheongYeeMing"},"content":"    private final TaskList taskList;","lastModifiedDate":"2021-08-30"},{"lineNumber":17,"author":{"gitId":"CheongYeeMing"},"content":"    private final Storage storage;","lastModifiedDate":"2021-08-28"},{"lineNumber":18,"author":{"gitId":"CheongYeeMing"},"content":"    private final Ui ui;","lastModifiedDate":"2021-08-30"},{"lineNumber":19,"author":{"gitId":"CheongYeeMing"},"content":"    private final Parser parser;","lastModifiedDate":"2021-08-30"},{"lineNumber":20,"author":{"gitId":"CheongYeeMing"},"content":"","lastModifiedDate":"2021-08-28"},{"lineNumber":21,"author":{"gitId":"CheongYeeMing"},"content":"    public Duke(){","lastModifiedDate":"2021-08-28"},{"lineNumber":22,"author":{"gitId":"CheongYeeMing"},"content":"        taskList \u003d new TaskList();","lastModifiedDate":"2021-08-28"},{"lineNumber":23,"author":{"gitId":"CheongYeeMing"},"content":"        storage \u003d new Storage();","lastModifiedDate":"2021-08-30"},{"lineNumber":24,"author":{"gitId":"CheongYeeMing"},"content":"        ui \u003d new Ui();","lastModifiedDate":"2021-08-30"},{"lineNumber":25,"author":{"gitId":"CheongYeeMing"},"content":"        parser \u003d new Parser(taskList, storage, ui);","lastModifiedDate":"2021-08-30"},{"lineNumber":26,"author":{"gitId":"CheongYeeMing"},"content":"    }","lastModifiedDate":"2021-08-28"},{"lineNumber":27,"author":{"gitId":"CheongYeeMing"},"content":"","lastModifiedDate":"2021-08-19"},{"lineNumber":28,"author":{"gitId":"CheongYeeMing"},"content":"    private void initiateSystem() {","lastModifiedDate":"2021-08-30"},{"lineNumber":29,"author":{"gitId":"CheongYeeMing"},"content":"        taskList.loadFromStorage(storage.load());","lastModifiedDate":"2021-08-30"},{"lineNumber":30,"author":{"gitId":"CheongYeeMing"},"content":"        ui.greet();","lastModifiedDate":"2021-08-30"},{"lineNumber":31,"author":{"gitId":"CheongYeeMing"},"content":"        Scanner sc \u003d new Scanner(System.in);","lastModifiedDate":"2021-08-19"},{"lineNumber":32,"author":{"gitId":"CheongYeeMing"},"content":"        boolean isActive \u003d true;","lastModifiedDate":"2021-08-30"},{"lineNumber":33,"author":{"gitId":"CheongYeeMing"},"content":"","lastModifiedDate":"2021-08-30"},{"lineNumber":34,"author":{"gitId":"CheongYeeMing"},"content":"        while (isActive) {","lastModifiedDate":"2021-08-30"},{"lineNumber":35,"author":{"gitId":"CheongYeeMing"},"content":"            String userInput \u003d sc.nextLine();","lastModifiedDate":"2021-08-30"},{"lineNumber":36,"author":{"gitId":"CheongYeeMing"},"content":"            try {","lastModifiedDate":"2021-08-30"},{"lineNumber":37,"author":{"gitId":"CheongYeeMing"},"content":"                Command command \u003d parser.parseUserInput(userInput);","lastModifiedDate":"2021-08-30"},{"lineNumber":38,"author":{"gitId":"CheongYeeMing"},"content":"                command.runCommand();","lastModifiedDate":"2021-08-30"},{"lineNumber":39,"author":{"gitId":"CheongYeeMing"},"content":"                isActive \u003d !(command instanceof ExitCommand);","lastModifiedDate":"2021-08-30"},{"lineNumber":40,"author":{"gitId":"CheongYeeMing"},"content":"            } catch (DukeException e) {","lastModifiedDate":"2021-08-30"},{"lineNumber":41,"author":{"gitId":"CheongYeeMing"},"content":"                System.out.println(e.getMessage());","lastModifiedDate":"2021-08-30"},{"lineNumber":42,"author":{"gitId":"CheongYeeMing"},"content":"            }","lastModifiedDate":"2021-08-19"},{"lineNumber":43,"author":{"gitId":"CheongYeeMing"},"content":"        }","lastModifiedDate":"2021-08-19"},{"lineNumber":44,"author":{"gitId":"CheongYeeMing"},"content":"        sc.close();","lastModifiedDate":"2021-08-30"},{"lineNumber":45,"author":{"gitId":"CheongYeeMing"},"content":"    }","lastModifiedDate":"2021-08-19"},{"lineNumber":46,"author":{"gitId":"CheongYeeMing"},"content":"","lastModifiedDate":"2021-08-30"},{"lineNumber":47,"author":{"gitId":"CheongYeeMing"},"content":"    public static void main(String[] args) {","lastModifiedDate":"2021-08-30"},{"lineNumber":48,"author":{"gitId":"CheongYeeMing"},"content":"        Duke duke \u003d new Duke();","lastModifiedDate":"2021-08-30"},{"lineNumber":49,"author":{"gitId":"CheongYeeMing"},"content":"        duke.initiateSystem();","lastModifiedDate":"2021-08-30"},{"lineNumber":50,"author":{"gitId":"-"},"content":"    }","lastModifiedDate":"2019-07-29"},{"lineNumber":51,"author":{"gitId":"-"},"content":"}","lastModifiedDate":"2019-07-29"}],"authorContributionMap":{"CheongYeeMing":48,"-":3}},{"path":"src/main/java/duke/command/AddCommand.java","fileType":"java","lines":[{"lineNumber":1,"author":{"gitId":"CheongYeeMing"},"content":"package duke.command;","lastModifiedDate":"2021-08-30"},{"lineNumber":2,"author":{"gitId":"CheongYeeMing"},"content":"","lastModifiedDate":"2021-08-30"},{"lineNumber":3,"author":{"gitId":"CheongYeeMing"},"content":"import duke.storage.Storage;","lastModifiedDate":"2021-08-30"},{"lineNumber":4,"author":{"gitId":"CheongYeeMing"},"content":"import duke.task.Task;","lastModifiedDate":"2021-08-30"},{"lineNumber":5,"author":{"gitId":"CheongYeeMing"},"content":"import duke.task.TaskList;","lastModifiedDate":"2021-08-30"},{"lineNumber":6,"author":{"gitId":"CheongYeeMing"},"content":"import duke.ui.Ui;","lastModifiedDate":"2021-08-30"},{"lineNumber":7,"author":{"gitId":"CheongYeeMing"},"content":"","lastModifiedDate":"2021-08-30"},{"lineNumber":8,"author":{"gitId":"CheongYeeMing"},"content":"public class AddCommand extends Command{","lastModifiedDate":"2021-08-30"},{"lineNumber":9,"author":{"gitId":"CheongYeeMing"},"content":"    private final Task task;","lastModifiedDate":"2021-08-30"},{"lineNumber":10,"author":{"gitId":"CheongYeeMing"},"content":"","lastModifiedDate":"2021-08-30"},{"lineNumber":11,"author":{"gitId":"CheongYeeMing"},"content":"    public AddCommand(TaskList taskList, Storage storage, Ui ui, Task task) {","lastModifiedDate":"2021-08-30"},{"lineNumber":12,"author":{"gitId":"CheongYeeMing"},"content":"        super(taskList, storage, ui);","lastModifiedDate":"2021-08-30"},{"lineNumber":13,"author":{"gitId":"CheongYeeMing"},"content":"        this.task \u003d task;","lastModifiedDate":"2021-08-30"},{"lineNumber":14,"author":{"gitId":"CheongYeeMing"},"content":"    }","lastModifiedDate":"2021-08-30"},{"lineNumber":15,"author":{"gitId":"CheongYeeMing"},"content":"","lastModifiedDate":"2021-08-30"},{"lineNumber":16,"author":{"gitId":"CheongYeeMing"},"content":"    @Override","lastModifiedDate":"2021-08-30"},{"lineNumber":17,"author":{"gitId":"CheongYeeMing"},"content":"    public void runCommand(){","lastModifiedDate":"2021-08-30"},{"lineNumber":18,"author":{"gitId":"CheongYeeMing"},"content":"        taskList.addTask(task);","lastModifiedDate":"2021-08-30"},{"lineNumber":19,"author":{"gitId":"CheongYeeMing"},"content":"        ui.taskAddedMessage(task, taskList.size());","lastModifiedDate":"2021-08-30"},{"lineNumber":20,"author":{"gitId":"CheongYeeMing"},"content":"        storage.save(taskList.getList());","lastModifiedDate":"2021-08-30"},{"lineNumber":21,"author":{"gitId":"CheongYeeMing"},"content":"    }","lastModifiedDate":"2021-08-30"},{"lineNumber":22,"author":{"gitId":"CheongYeeMing"},"content":"}","lastModifiedDate":"2021-08-30"}],"authorContributionMap":{"CheongYeeMing":22}},{"path":"src/main/java/duke/command/Command.java","fileType":"java","lines":[{"lineNumber":1,"author":{"gitId":"CheongYeeMing"},"content":"package duke.command;","lastModifiedDate":"2021-08-30"},{"lineNumber":2,"author":{"gitId":"CheongYeeMing"},"content":"","lastModifiedDate":"2021-08-30"},{"lineNumber":3,"author":{"gitId":"CheongYeeMing"},"content":"import duke.exception.DukeException;","lastModifiedDate":"2021-08-30"},{"lineNumber":4,"author":{"gitId":"CheongYeeMing"},"content":"import duke.storage.Storage;","lastModifiedDate":"2021-08-30"},{"lineNumber":5,"author":{"gitId":"CheongYeeMing"},"content":"import duke.task.TaskList;","lastModifiedDate":"2021-08-30"},{"lineNumber":6,"author":{"gitId":"CheongYeeMing"},"content":"import duke.ui.Ui;","lastModifiedDate":"2021-08-30"},{"lineNumber":7,"author":{"gitId":"CheongYeeMing"},"content":"","lastModifiedDate":"2021-08-30"},{"lineNumber":8,"author":{"gitId":"CheongYeeMing"},"content":"public abstract class Command {","lastModifiedDate":"2021-08-30"},{"lineNumber":9,"author":{"gitId":"CheongYeeMing"},"content":"    protected final TaskList taskList;","lastModifiedDate":"2021-08-30"},{"lineNumber":10,"author":{"gitId":"CheongYeeMing"},"content":"    protected final Storage storage;","lastModifiedDate":"2021-08-30"},{"lineNumber":11,"author":{"gitId":"CheongYeeMing"},"content":"    protected final Ui ui;","lastModifiedDate":"2021-08-30"},{"lineNumber":12,"author":{"gitId":"CheongYeeMing"},"content":"","lastModifiedDate":"2021-08-30"},{"lineNumber":13,"author":{"gitId":"CheongYeeMing"},"content":"    public Command(TaskList taskList, Storage storage, Ui ui){","lastModifiedDate":"2021-08-30"},{"lineNumber":14,"author":{"gitId":"CheongYeeMing"},"content":"        this.taskList \u003d taskList;","lastModifiedDate":"2021-08-30"},{"lineNumber":15,"author":{"gitId":"CheongYeeMing"},"content":"        this.storage \u003d storage;","lastModifiedDate":"2021-08-30"},{"lineNumber":16,"author":{"gitId":"CheongYeeMing"},"content":"        this.ui \u003d ui;","lastModifiedDate":"2021-08-30"},{"lineNumber":17,"author":{"gitId":"CheongYeeMing"},"content":"    }","lastModifiedDate":"2021-08-30"},{"lineNumber":18,"author":{"gitId":"CheongYeeMing"},"content":"","lastModifiedDate":"2021-08-30"},{"lineNumber":19,"author":{"gitId":"CheongYeeMing"},"content":"    public abstract void runCommand() throws DukeException;","lastModifiedDate":"2021-08-30"},{"lineNumber":20,"author":{"gitId":"CheongYeeMing"},"content":"}","lastModifiedDate":"2021-08-30"}],"authorContributionMap":{"CheongYeeMing":20}},{"path":"src/main/java/duke/command/DeleteCommand.java","fileType":"java","lines":[{"lineNumber":1,"author":{"gitId":"CheongYeeMing"},"content":"package duke.command;","lastModifiedDate":"2021-08-30"},{"lineNumber":2,"author":{"gitId":"CheongYeeMing"},"content":"","lastModifiedDate":"2021-08-30"},{"lineNumber":3,"author":{"gitId":"CheongYeeMing"},"content":"import duke.exception.NoSuchTaskException;","lastModifiedDate":"2021-08-30"},{"lineNumber":4,"author":{"gitId":"CheongYeeMing"},"content":"import duke.storage.Storage;","lastModifiedDate":"2021-08-30"},{"lineNumber":5,"author":{"gitId":"CheongYeeMing"},"content":"import duke.task.Task;","lastModifiedDate":"2021-08-30"},{"lineNumber":6,"author":{"gitId":"CheongYeeMing"},"content":"import duke.task.TaskList;","lastModifiedDate":"2021-08-30"},{"lineNumber":7,"author":{"gitId":"CheongYeeMing"},"content":"import duke.ui.Ui;","lastModifiedDate":"2021-08-30"},{"lineNumber":8,"author":{"gitId":"CheongYeeMing"},"content":"","lastModifiedDate":"2021-08-30"},{"lineNumber":9,"author":{"gitId":"CheongYeeMing"},"content":"public class DeleteCommand extends Command{","lastModifiedDate":"2021-08-30"},{"lineNumber":10,"author":{"gitId":"CheongYeeMing"},"content":"    private final int taskNumber;","lastModifiedDate":"2021-08-30"},{"lineNumber":11,"author":{"gitId":"CheongYeeMing"},"content":"","lastModifiedDate":"2021-08-30"},{"lineNumber":12,"author":{"gitId":"CheongYeeMing"},"content":"    public DeleteCommand(TaskList taskList, Storage storage, Ui ui, int taskNumber) {","lastModifiedDate":"2021-08-30"},{"lineNumber":13,"author":{"gitId":"CheongYeeMing"},"content":"        super(taskList, storage, ui);","lastModifiedDate":"2021-08-30"},{"lineNumber":14,"author":{"gitId":"CheongYeeMing"},"content":"        this.taskNumber \u003d taskNumber;","lastModifiedDate":"2021-08-30"},{"lineNumber":15,"author":{"gitId":"CheongYeeMing"},"content":"    }","lastModifiedDate":"2021-08-30"},{"lineNumber":16,"author":{"gitId":"CheongYeeMing"},"content":"","lastModifiedDate":"2021-08-30"},{"lineNumber":17,"author":{"gitId":"CheongYeeMing"},"content":"    @Override","lastModifiedDate":"2021-08-30"},{"lineNumber":18,"author":{"gitId":"CheongYeeMing"},"content":"    public void runCommand() throws NoSuchTaskException {","lastModifiedDate":"2021-08-30"},{"lineNumber":19,"author":{"gitId":"CheongYeeMing"},"content":"        Task deletedTask \u003d taskList.deleteTask(taskNumber);","lastModifiedDate":"2021-08-30"},{"lineNumber":20,"author":{"gitId":"CheongYeeMing"},"content":"        ui.taskDeletedMessage(deletedTask, taskList.size());","lastModifiedDate":"2021-08-30"},{"lineNumber":21,"author":{"gitId":"CheongYeeMing"},"content":"        storage.save(taskList.getList());","lastModifiedDate":"2021-08-30"},{"lineNumber":22,"author":{"gitId":"CheongYeeMing"},"content":"    }","lastModifiedDate":"2021-08-30"},{"lineNumber":23,"author":{"gitId":"CheongYeeMing"},"content":"}","lastModifiedDate":"2021-08-30"},{"lineNumber":24,"author":{"gitId":"CheongYeeMing"},"content":"","lastModifiedDate":"2021-08-30"}],"authorContributionMap":{"CheongYeeMing":24}},{"path":"src/main/java/duke/command/DoneCommand.java","fileType":"java","lines":[{"lineNumber":1,"author":{"gitId":"CheongYeeMing"},"content":"package duke.command;","lastModifiedDate":"2021-08-30"},{"lineNumber":2,"author":{"gitId":"CheongYeeMing"},"content":"","lastModifiedDate":"2021-08-30"},{"lineNumber":3,"author":{"gitId":"CheongYeeMing"},"content":"import duke.exception.NoSuchTaskException;","lastModifiedDate":"2021-08-30"},{"lineNumber":4,"author":{"gitId":"CheongYeeMing"},"content":"import duke.storage.Storage;","lastModifiedDate":"2021-08-30"},{"lineNumber":5,"author":{"gitId":"CheongYeeMing"},"content":"import duke.task.TaskList;","lastModifiedDate":"2021-08-30"},{"lineNumber":6,"author":{"gitId":"CheongYeeMing"},"content":"import duke.ui.Ui;","lastModifiedDate":"2021-08-30"},{"lineNumber":7,"author":{"gitId":"CheongYeeMing"},"content":"","lastModifiedDate":"2021-08-30"},{"lineNumber":8,"author":{"gitId":"CheongYeeMing"},"content":"public class DoneCommand extends Command{","lastModifiedDate":"2021-08-30"},{"lineNumber":9,"author":{"gitId":"CheongYeeMing"},"content":"    private final int taskNumber;","lastModifiedDate":"2021-08-30"},{"lineNumber":10,"author":{"gitId":"CheongYeeMing"},"content":"","lastModifiedDate":"2021-08-30"},{"lineNumber":11,"author":{"gitId":"CheongYeeMing"},"content":"    public DoneCommand(TaskList taskList, Storage storage, Ui ui, int taskNumber) {","lastModifiedDate":"2021-08-30"},{"lineNumber":12,"author":{"gitId":"CheongYeeMing"},"content":"        super(taskList, storage, ui);","lastModifiedDate":"2021-08-30"},{"lineNumber":13,"author":{"gitId":"CheongYeeMing"},"content":"        this.taskNumber \u003d taskNumber;","lastModifiedDate":"2021-08-30"},{"lineNumber":14,"author":{"gitId":"CheongYeeMing"},"content":"    }","lastModifiedDate":"2021-08-30"},{"lineNumber":15,"author":{"gitId":"CheongYeeMing"},"content":"","lastModifiedDate":"2021-08-30"},{"lineNumber":16,"author":{"gitId":"CheongYeeMing"},"content":"    @Override","lastModifiedDate":"2021-08-30"},{"lineNumber":17,"author":{"gitId":"CheongYeeMing"},"content":"    public void runCommand() throws NoSuchTaskException {","lastModifiedDate":"2021-08-30"},{"lineNumber":18,"author":{"gitId":"CheongYeeMing"},"content":"        ui.taskDoneMessage(taskList.markAsDone(taskNumber));","lastModifiedDate":"2021-08-30"},{"lineNumber":19,"author":{"gitId":"CheongYeeMing"},"content":"        storage.save(taskList.getList());","lastModifiedDate":"2021-08-30"},{"lineNumber":20,"author":{"gitId":"CheongYeeMing"},"content":"    }","lastModifiedDate":"2021-08-30"},{"lineNumber":21,"author":{"gitId":"CheongYeeMing"},"content":"}","lastModifiedDate":"2021-08-30"}],"authorContributionMap":{"CheongYeeMing":21}},{"path":"src/main/java/duke/command/ExitCommand.java","fileType":"java","lines":[{"lineNumber":1,"author":{"gitId":"CheongYeeMing"},"content":"package duke.command;","lastModifiedDate":"2021-08-30"},{"lineNumber":2,"author":{"gitId":"CheongYeeMing"},"content":"","lastModifiedDate":"2021-08-30"},{"lineNumber":3,"author":{"gitId":"CheongYeeMing"},"content":"import duke.storage.Storage;","lastModifiedDate":"2021-08-30"},{"lineNumber":4,"author":{"gitId":"CheongYeeMing"},"content":"import duke.task.TaskList;","lastModifiedDate":"2021-08-30"},{"lineNumber":5,"author":{"gitId":"CheongYeeMing"},"content":"import duke.ui.Ui;","lastModifiedDate":"2021-08-30"},{"lineNumber":6,"author":{"gitId":"CheongYeeMing"},"content":"","lastModifiedDate":"2021-08-30"},{"lineNumber":7,"author":{"gitId":"CheongYeeMing"},"content":"public class ExitCommand extends Command{","lastModifiedDate":"2021-08-30"},{"lineNumber":8,"author":{"gitId":"CheongYeeMing"},"content":"    public ExitCommand(TaskList taskList, Storage storage, Ui ui) {","lastModifiedDate":"2021-08-30"},{"lineNumber":9,"author":{"gitId":"CheongYeeMing"},"content":"        super(taskList, storage, ui);","lastModifiedDate":"2021-08-30"},{"lineNumber":10,"author":{"gitId":"CheongYeeMing"},"content":"    }","lastModifiedDate":"2021-08-30"},{"lineNumber":11,"author":{"gitId":"CheongYeeMing"},"content":"","lastModifiedDate":"2021-08-30"},{"lineNumber":12,"author":{"gitId":"CheongYeeMing"},"content":"    @Override","lastModifiedDate":"2021-08-30"},{"lineNumber":13,"author":{"gitId":"CheongYeeMing"},"content":"    public void runCommand() {","lastModifiedDate":"2021-08-30"},{"lineNumber":14,"author":{"gitId":"CheongYeeMing"},"content":"        ui.bye();","lastModifiedDate":"2021-08-30"},{"lineNumber":15,"author":{"gitId":"CheongYeeMing"},"content":"        storage.save(taskList.getList());","lastModifiedDate":"2021-08-30"},{"lineNumber":16,"author":{"gitId":"CheongYeeMing"},"content":"    }","lastModifiedDate":"2021-08-30"},{"lineNumber":17,"author":{"gitId":"CheongYeeMing"},"content":"}","lastModifiedDate":"2021-08-30"}],"authorContributionMap":{"CheongYeeMing":17}},{"path":"src/main/java/duke/command/ListCommand.java","fileType":"java","lines":[{"lineNumber":1,"author":{"gitId":"CheongYeeMing"},"content":"package duke.command;","lastModifiedDate":"2021-08-30"},{"lineNumber":2,"author":{"gitId":"CheongYeeMing"},"content":"","lastModifiedDate":"2021-08-30"},{"lineNumber":3,"author":{"gitId":"CheongYeeMing"},"content":"import duke.storage.Storage;","lastModifiedDate":"2021-08-30"},{"lineNumber":4,"author":{"gitId":"CheongYeeMing"},"content":"import duke.task.TaskList;","lastModifiedDate":"2021-08-30"},{"lineNumber":5,"author":{"gitId":"CheongYeeMing"},"content":"import duke.ui.Ui;","lastModifiedDate":"2021-08-30"},{"lineNumber":6,"author":{"gitId":"CheongYeeMing"},"content":"","lastModifiedDate":"2021-08-30"},{"lineNumber":7,"author":{"gitId":"CheongYeeMing"},"content":"public class ListCommand extends Command{","lastModifiedDate":"2021-08-30"},{"lineNumber":8,"author":{"gitId":"CheongYeeMing"},"content":"    public ListCommand(TaskList taskList, Storage storage, Ui ui) {","lastModifiedDate":"2021-08-30"},{"lineNumber":9,"author":{"gitId":"CheongYeeMing"},"content":"        super(taskList, storage, ui);","lastModifiedDate":"2021-08-30"},{"lineNumber":10,"author":{"gitId":"CheongYeeMing"},"content":"    }","lastModifiedDate":"2021-08-30"},{"lineNumber":11,"author":{"gitId":"CheongYeeMing"},"content":"","lastModifiedDate":"2021-08-30"},{"lineNumber":12,"author":{"gitId":"CheongYeeMing"},"content":"    @Override","lastModifiedDate":"2021-08-30"},{"lineNumber":13,"author":{"gitId":"CheongYeeMing"},"content":"    public void runCommand() {","lastModifiedDate":"2021-08-30"},{"lineNumber":14,"author":{"gitId":"CheongYeeMing"},"content":"        ui.listTaskMessage(taskList);","lastModifiedDate":"2021-08-30"},{"lineNumber":15,"author":{"gitId":"CheongYeeMing"},"content":"    }","lastModifiedDate":"2021-08-30"},{"lineNumber":16,"author":{"gitId":"CheongYeeMing"},"content":"}","lastModifiedDate":"2021-08-30"}],"authorContributionMap":{"CheongYeeMing":16}},{"path":"src/main/java/duke/exception/DukeException.java","fileType":"java","lines":[{"lineNumber":1,"author":{"gitId":"CheongYeeMing"},"content":"package duke.exception;","lastModifiedDate":"2021-08-30"},{"lineNumber":2,"author":{"gitId":"CheongYeeMing"},"content":"","lastModifiedDate":"2021-08-30"},{"lineNumber":3,"author":{"gitId":"CheongYeeMing"},"content":"import duke.ui.Ui;","lastModifiedDate":"2021-08-30"},{"lineNumber":4,"author":{"gitId":"CheongYeeMing"},"content":"","lastModifiedDate":"2021-08-30"},{"lineNumber":5,"author":{"gitId":"CheongYeeMing"},"content":"public abstract class DukeException extends Exception {","lastModifiedDate":"2021-08-30"},{"lineNumber":6,"author":{"gitId":"CheongYeeMing"},"content":"    private Ui ui;","lastModifiedDate":"2021-08-30"},{"lineNumber":7,"author":{"gitId":"CheongYeeMing"},"content":"","lastModifiedDate":"2021-08-30"},{"lineNumber":8,"author":{"gitId":"CheongYeeMing"},"content":"    protected DukeException(Ui ui) {","lastModifiedDate":"2021-08-30"},{"lineNumber":9,"author":{"gitId":"CheongYeeMing"},"content":"        this.ui \u003d ui;","lastModifiedDate":"2021-08-30"},{"lineNumber":10,"author":{"gitId":"CheongYeeMing"},"content":"    }","lastModifiedDate":"2021-08-30"},{"lineNumber":11,"author":{"gitId":"CheongYeeMing"},"content":"","lastModifiedDate":"2021-08-30"},{"lineNumber":12,"author":{"gitId":"CheongYeeMing"},"content":"    protected String errorMessage(String errorMessage) {","lastModifiedDate":"2021-08-30"},{"lineNumber":13,"author":{"gitId":"CheongYeeMing"},"content":"        return ui.formatErrorMessage(errorMessage);","lastModifiedDate":"2021-08-30"},{"lineNumber":14,"author":{"gitId":"CheongYeeMing"},"content":"    }","lastModifiedDate":"2021-08-30"},{"lineNumber":15,"author":{"gitId":"CheongYeeMing"},"content":"}","lastModifiedDate":"2021-08-30"}],"authorContributionMap":{"CheongYeeMing":15}},{"path":"src/main/java/duke/exception/InvalidDateTimeException.java","fileType":"java","lines":[{"lineNumber":1,"author":{"gitId":"CheongYeeMing"},"content":"package duke.exception;","lastModifiedDate":"2021-08-30"},{"lineNumber":2,"author":{"gitId":"CheongYeeMing"},"content":"","lastModifiedDate":"2021-08-30"},{"lineNumber":3,"author":{"gitId":"CheongYeeMing"},"content":"import duke.ui.Ui;","lastModifiedDate":"2021-08-30"},{"lineNumber":4,"author":{"gitId":"CheongYeeMing"},"content":"","lastModifiedDate":"2021-08-30"},{"lineNumber":5,"author":{"gitId":"CheongYeeMing"},"content":"public class InvalidDateTimeException extends DukeException {","lastModifiedDate":"2021-08-30"},{"lineNumber":6,"author":{"gitId":"CheongYeeMing"},"content":"    public InvalidDateTimeException(Ui ui) {","lastModifiedDate":"2021-08-30"},{"lineNumber":7,"author":{"gitId":"CheongYeeMing"},"content":"        super(ui);","lastModifiedDate":"2021-08-30"},{"lineNumber":8,"author":{"gitId":"CheongYeeMing"},"content":"    }","lastModifiedDate":"2021-08-30"},{"lineNumber":9,"author":{"gitId":"CheongYeeMing"},"content":"","lastModifiedDate":"2021-08-30"},{"lineNumber":10,"author":{"gitId":"CheongYeeMing"},"content":"    @Override","lastModifiedDate":"2021-08-30"},{"lineNumber":11,"author":{"gitId":"CheongYeeMing"},"content":"    public String getMessage() {","lastModifiedDate":"2021-08-30"},{"lineNumber":12,"author":{"gitId":"CheongYeeMing"},"content":"        return super.errorMessage(\"The format of Data/Time entered is invalid.\\n \" +","lastModifiedDate":"2021-08-30"},{"lineNumber":13,"author":{"gitId":"CheongYeeMing"},"content":"                \"Do enter the Date/Time in yyyy-MM-dd HH:mm.\");","lastModifiedDate":"2021-08-30"},{"lineNumber":14,"author":{"gitId":"CheongYeeMing"},"content":"    }","lastModifiedDate":"2021-08-30"},{"lineNumber":15,"author":{"gitId":"CheongYeeMing"},"content":"}","lastModifiedDate":"2021-08-30"}],"authorContributionMap":{"CheongYeeMing":15}},{"path":"src/main/java/duke/exception/NoDateTimeException.java","fileType":"java","lines":[{"lineNumber":1,"author":{"gitId":"CheongYeeMing"},"content":"package duke.exception;","lastModifiedDate":"2021-08-30"},{"lineNumber":2,"author":{"gitId":"CheongYeeMing"},"content":"","lastModifiedDate":"2021-08-30"},{"lineNumber":3,"author":{"gitId":"CheongYeeMing"},"content":"import duke.ui.Ui;","lastModifiedDate":"2021-08-30"},{"lineNumber":4,"author":{"gitId":"CheongYeeMing"},"content":"","lastModifiedDate":"2021-08-30"},{"lineNumber":5,"author":{"gitId":"CheongYeeMing"},"content":"public class NoDateTimeException extends DukeException {","lastModifiedDate":"2021-08-30"},{"lineNumber":6,"author":{"gitId":"CheongYeeMing"},"content":"    public NoDateTimeException(Ui ui) {","lastModifiedDate":"2021-08-30"},{"lineNumber":7,"author":{"gitId":"CheongYeeMing"},"content":"        super(ui);","lastModifiedDate":"2021-08-30"},{"lineNumber":8,"author":{"gitId":"CheongYeeMing"},"content":"    }","lastModifiedDate":"2021-08-30"},{"lineNumber":9,"author":{"gitId":"CheongYeeMing"},"content":"","lastModifiedDate":"2021-08-30"},{"lineNumber":10,"author":{"gitId":"CheongYeeMing"},"content":"    @Override","lastModifiedDate":"2021-08-30"},{"lineNumber":11,"author":{"gitId":"CheongYeeMing"},"content":"    public String getMessage() {","lastModifiedDate":"2021-08-30"},{"lineNumber":12,"author":{"gitId":"CheongYeeMing"},"content":"        return super.errorMessage(\"The Date/Time of a task cannot be empty.\");","lastModifiedDate":"2021-08-30"},{"lineNumber":13,"author":{"gitId":"CheongYeeMing"},"content":"    }","lastModifiedDate":"2021-08-30"},{"lineNumber":14,"author":{"gitId":"CheongYeeMing"},"content":"}","lastModifiedDate":"2021-08-30"}],"authorContributionMap":{"CheongYeeMing":14}},{"path":"src/main/java/duke/exception/NoSuchCommandException.java","fileType":"java","lines":[{"lineNumber":1,"author":{"gitId":"CheongYeeMing"},"content":"package duke.exception;","lastModifiedDate":"2021-08-30"},{"lineNumber":2,"author":{"gitId":"CheongYeeMing"},"content":"","lastModifiedDate":"2021-08-30"},{"lineNumber":3,"author":{"gitId":"CheongYeeMing"},"content":"import duke.ui.Ui;","lastModifiedDate":"2021-08-30"},{"lineNumber":4,"author":{"gitId":"CheongYeeMing"},"content":"","lastModifiedDate":"2021-08-30"},{"lineNumber":5,"author":{"gitId":"CheongYeeMing"},"content":"public class NoSuchCommandException extends DukeException {","lastModifiedDate":"2021-08-30"},{"lineNumber":6,"author":{"gitId":"CheongYeeMing"},"content":"    public NoSuchCommandException(Ui ui) {","lastModifiedDate":"2021-08-30"},{"lineNumber":7,"author":{"gitId":"CheongYeeMing"},"content":"        super(ui);","lastModifiedDate":"2021-08-30"},{"lineNumber":8,"author":{"gitId":"CheongYeeMing"},"content":"    }","lastModifiedDate":"2021-08-30"},{"lineNumber":9,"author":{"gitId":"CheongYeeMing"},"content":"","lastModifiedDate":"2021-08-30"},{"lineNumber":10,"author":{"gitId":"CheongYeeMing"},"content":"    @Override","lastModifiedDate":"2021-08-30"},{"lineNumber":11,"author":{"gitId":"CheongYeeMing"},"content":"    public String getMessage() {","lastModifiedDate":"2021-08-30"},{"lineNumber":12,"author":{"gitId":"CheongYeeMing"},"content":"        return super.errorMessage(\"I\u0027m sorry, but I don\u0027t know what that means :-(\");","lastModifiedDate":"2021-08-30"},{"lineNumber":13,"author":{"gitId":"CheongYeeMing"},"content":"    }","lastModifiedDate":"2021-08-30"},{"lineNumber":14,"author":{"gitId":"CheongYeeMing"},"content":"}","lastModifiedDate":"2021-08-30"}],"authorContributionMap":{"CheongYeeMing":14}},{"path":"src/main/java/duke/exception/NoSuchTaskException.java","fileType":"java","lines":[{"lineNumber":1,"author":{"gitId":"CheongYeeMing"},"content":"package duke.exception;","lastModifiedDate":"2021-08-30"},{"lineNumber":2,"author":{"gitId":"CheongYeeMing"},"content":"","lastModifiedDate":"2021-08-30"},{"lineNumber":3,"author":{"gitId":"CheongYeeMing"},"content":"import duke.ui.Ui;","lastModifiedDate":"2021-08-30"},{"lineNumber":4,"author":{"gitId":"CheongYeeMing"},"content":"","lastModifiedDate":"2021-08-30"},{"lineNumber":5,"author":{"gitId":"CheongYeeMing"},"content":"public class NoSuchTaskException extends DukeException {","lastModifiedDate":"2021-08-30"},{"lineNumber":6,"author":{"gitId":"CheongYeeMing"},"content":"    public NoSuchTaskException(Ui ui) {","lastModifiedDate":"2021-08-30"},{"lineNumber":7,"author":{"gitId":"CheongYeeMing"},"content":"        super(ui);","lastModifiedDate":"2021-08-30"},{"lineNumber":8,"author":{"gitId":"CheongYeeMing"},"content":"    }","lastModifiedDate":"2021-08-30"},{"lineNumber":9,"author":{"gitId":"CheongYeeMing"},"content":"","lastModifiedDate":"2021-08-30"},{"lineNumber":10,"author":{"gitId":"CheongYeeMing"},"content":"    @Override","lastModifiedDate":"2021-08-30"},{"lineNumber":11,"author":{"gitId":"CheongYeeMing"},"content":"    public String getMessage() {","lastModifiedDate":"2021-08-30"},{"lineNumber":12,"author":{"gitId":"CheongYeeMing"},"content":"        return super.errorMessage(\"The task does not exist.\");","lastModifiedDate":"2021-08-30"},{"lineNumber":13,"author":{"gitId":"CheongYeeMing"},"content":"    }","lastModifiedDate":"2021-08-30"},{"lineNumber":14,"author":{"gitId":"CheongYeeMing"},"content":"}","lastModifiedDate":"2021-08-30"}],"authorContributionMap":{"CheongYeeMing":14}},{"path":"src/main/java/duke/exception/NoTaskDecriptionException.java","fileType":"java","lines":[{"lineNumber":1,"author":{"gitId":"CheongYeeMing"},"content":"package duke.exception;","lastModifiedDate":"2021-08-30"},{"lineNumber":2,"author":{"gitId":"CheongYeeMing"},"content":"","lastModifiedDate":"2021-08-30"},{"lineNumber":3,"author":{"gitId":"CheongYeeMing"},"content":"import duke.ui.Ui;","lastModifiedDate":"2021-08-30"},{"lineNumber":4,"author":{"gitId":"CheongYeeMing"},"content":"","lastModifiedDate":"2021-08-30"},{"lineNumber":5,"author":{"gitId":"CheongYeeMing"},"content":"public class NoTaskDecriptionException extends DukeException {","lastModifiedDate":"2021-08-30"},{"lineNumber":6,"author":{"gitId":"CheongYeeMing"},"content":"    public NoTaskDecriptionException(Ui ui) {","lastModifiedDate":"2021-08-30"},{"lineNumber":7,"author":{"gitId":"CheongYeeMing"},"content":"        super(ui);","lastModifiedDate":"2021-08-30"},{"lineNumber":8,"author":{"gitId":"CheongYeeMing"},"content":"    }","lastModifiedDate":"2021-08-30"},{"lineNumber":9,"author":{"gitId":"CheongYeeMing"},"content":"","lastModifiedDate":"2021-08-30"},{"lineNumber":10,"author":{"gitId":"CheongYeeMing"},"content":"    @Override","lastModifiedDate":"2021-08-30"},{"lineNumber":11,"author":{"gitId":"CheongYeeMing"},"content":"    public String getMessage() {","lastModifiedDate":"2021-08-30"},{"lineNumber":12,"author":{"gitId":"CheongYeeMing"},"content":"        return super.errorMessage(\"The description of a task cannot be empty.\");","lastModifiedDate":"2021-08-30"},{"lineNumber":13,"author":{"gitId":"CheongYeeMing"},"content":"    }","lastModifiedDate":"2021-08-30"},{"lineNumber":14,"author":{"gitId":"CheongYeeMing"},"content":"}","lastModifiedDate":"2021-08-30"}],"authorContributionMap":{"CheongYeeMing":14}},{"path":"src/main/java/duke/parser/Parser.java","fileType":"java","lines":[{"lineNumber":1,"author":{"gitId":"CheongYeeMing"},"content":"package duke.parser;","lastModifiedDate":"2021-08-30"},{"lineNumber":2,"author":{"gitId":"CheongYeeMing"},"content":"","lastModifiedDate":"2021-08-30"},{"lineNumber":3,"author":{"gitId":"CheongYeeMing"},"content":"import duke.command.*;","lastModifiedDate":"2021-08-30"},{"lineNumber":4,"author":{"gitId":"CheongYeeMing"},"content":"import duke.exception.*;","lastModifiedDate":"2021-08-30"},{"lineNumber":5,"author":{"gitId":"CheongYeeMing"},"content":"import duke.storage.Storage;","lastModifiedDate":"2021-08-30"},{"lineNumber":6,"author":{"gitId":"CheongYeeMing"},"content":"import duke.task.*;","lastModifiedDate":"2021-08-30"},{"lineNumber":7,"author":{"gitId":"CheongYeeMing"},"content":"import duke.ui.Ui;","lastModifiedDate":"2021-08-30"},{"lineNumber":8,"author":{"gitId":"CheongYeeMing"},"content":"","lastModifiedDate":"2021-08-30"},{"lineNumber":9,"author":{"gitId":"CheongYeeMing"},"content":"import java.time.LocalDateTime;","lastModifiedDate":"2021-08-30"},{"lineNumber":10,"author":{"gitId":"CheongYeeMing"},"content":"import java.time.format.DateTimeFormatter;","lastModifiedDate":"2021-08-30"},{"lineNumber":11,"author":{"gitId":"CheongYeeMing"},"content":"import java.time.format.DateTimeParseException;","lastModifiedDate":"2021-08-30"},{"lineNumber":12,"author":{"gitId":"CheongYeeMing"},"content":"","lastModifiedDate":"2021-08-30"},{"lineNumber":13,"author":{"gitId":"CheongYeeMing"},"content":"public class Parser {","lastModifiedDate":"2021-08-30"},{"lineNumber":14,"author":{"gitId":"CheongYeeMing"},"content":"    private final TaskList taskList;","lastModifiedDate":"2021-08-30"},{"lineNumber":15,"author":{"gitId":"CheongYeeMing"},"content":"    private final Storage storage;","lastModifiedDate":"2021-08-30"},{"lineNumber":16,"author":{"gitId":"CheongYeeMing"},"content":"    private final Ui ui;","lastModifiedDate":"2021-08-30"},{"lineNumber":17,"author":{"gitId":"CheongYeeMing"},"content":"","lastModifiedDate":"2021-08-30"},{"lineNumber":18,"author":{"gitId":"CheongYeeMing"},"content":"    public Parser(TaskList taskList, Storage storage, Ui ui) {","lastModifiedDate":"2021-08-30"},{"lineNumber":19,"author":{"gitId":"CheongYeeMing"},"content":"        this.taskList \u003d taskList;","lastModifiedDate":"2021-08-30"},{"lineNumber":20,"author":{"gitId":"CheongYeeMing"},"content":"        this.storage \u003d storage;","lastModifiedDate":"2021-08-30"},{"lineNumber":21,"author":{"gitId":"CheongYeeMing"},"content":"        this.ui \u003d ui;","lastModifiedDate":"2021-08-30"},{"lineNumber":22,"author":{"gitId":"CheongYeeMing"},"content":"    }","lastModifiedDate":"2021-08-30"},{"lineNumber":23,"author":{"gitId":"CheongYeeMing"},"content":"","lastModifiedDate":"2021-08-30"},{"lineNumber":24,"author":{"gitId":"CheongYeeMing"},"content":"    public Command parseUserInput(String userInput) throws DukeException {","lastModifiedDate":"2021-08-30"},{"lineNumber":25,"author":{"gitId":"CheongYeeMing"},"content":"        String[] splitUserInput \u003d userInput.split(\" \");","lastModifiedDate":"2021-08-30"},{"lineNumber":26,"author":{"gitId":"CheongYeeMing"},"content":"        String commandType \u003d splitUserInput[0];","lastModifiedDate":"2021-08-30"},{"lineNumber":27,"author":{"gitId":"CheongYeeMing"},"content":"        String commandDetails \u003d userInput.substring(userInput.indexOf(\" \") + 1);","lastModifiedDate":"2021-08-30"},{"lineNumber":28,"author":{"gitId":"CheongYeeMing"},"content":"        if (!(commandType.equals(\"list\") || commandType.equals(\"bye\")) \u0026\u0026","lastModifiedDate":"2021-08-30"},{"lineNumber":29,"author":{"gitId":"CheongYeeMing"},"content":"                (commandDetails.isBlank() || userInput.indexOf(\" \") \u003d\u003d -1)) {","lastModifiedDate":"2021-08-30"},{"lineNumber":30,"author":{"gitId":"CheongYeeMing"},"content":"            throw new NoTaskDecriptionException(ui);","lastModifiedDate":"2021-08-30"},{"lineNumber":31,"author":{"gitId":"CheongYeeMing"},"content":"        }","lastModifiedDate":"2021-08-30"},{"lineNumber":32,"author":{"gitId":"CheongYeeMing"},"content":"","lastModifiedDate":"2021-08-30"},{"lineNumber":33,"author":{"gitId":"CheongYeeMing"},"content":"        switch (commandType) {","lastModifiedDate":"2021-08-30"},{"lineNumber":34,"author":{"gitId":"CheongYeeMing"},"content":"        case \"list\":","lastModifiedDate":"2021-08-30"},{"lineNumber":35,"author":{"gitId":"CheongYeeMing"},"content":"            return new ListCommand(taskList, storage, ui);","lastModifiedDate":"2021-08-30"},{"lineNumber":36,"author":{"gitId":"CheongYeeMing"},"content":"","lastModifiedDate":"2021-08-30"},{"lineNumber":37,"author":{"gitId":"CheongYeeMing"},"content":"        case \"bye\":","lastModifiedDate":"2021-08-30"},{"lineNumber":38,"author":{"gitId":"CheongYeeMing"},"content":"            return new ExitCommand(taskList, storage, ui);","lastModifiedDate":"2021-08-30"},{"lineNumber":39,"author":{"gitId":"CheongYeeMing"},"content":"","lastModifiedDate":"2021-08-30"},{"lineNumber":40,"author":{"gitId":"CheongYeeMing"},"content":"        case \"deadline\":","lastModifiedDate":"2021-08-30"},{"lineNumber":41,"author":{"gitId":"CheongYeeMing"},"content":"            return new AddCommand(taskList, storage, ui, parseTaskInput(TaskType.DEADLINE, userInput));","lastModifiedDate":"2021-08-30"},{"lineNumber":42,"author":{"gitId":"CheongYeeMing"},"content":"","lastModifiedDate":"2021-08-30"},{"lineNumber":43,"author":{"gitId":"CheongYeeMing"},"content":"        case \"event\":","lastModifiedDate":"2021-08-30"},{"lineNumber":44,"author":{"gitId":"CheongYeeMing"},"content":"            return new AddCommand(taskList, storage, ui, parseTaskInput(TaskType.EVENT, userInput));","lastModifiedDate":"2021-08-30"},{"lineNumber":45,"author":{"gitId":"CheongYeeMing"},"content":"","lastModifiedDate":"2021-08-30"},{"lineNumber":46,"author":{"gitId":"CheongYeeMing"},"content":"        case \"todo\":","lastModifiedDate":"2021-08-30"},{"lineNumber":47,"author":{"gitId":"CheongYeeMing"},"content":"            return new AddCommand(taskList, storage, ui, parseTaskInput(TaskType.TODO, userInput));","lastModifiedDate":"2021-08-30"},{"lineNumber":48,"author":{"gitId":"CheongYeeMing"},"content":"","lastModifiedDate":"2021-08-30"},{"lineNumber":49,"author":{"gitId":"CheongYeeMing"},"content":"        case \"done\":","lastModifiedDate":"2021-08-30"},{"lineNumber":50,"author":{"gitId":"CheongYeeMing"},"content":"            return new DoneCommand(taskList, storage, ui, Integer.parseInt(splitUserInput[1]));","lastModifiedDate":"2021-08-30"},{"lineNumber":51,"author":{"gitId":"CheongYeeMing"},"content":"","lastModifiedDate":"2021-08-30"},{"lineNumber":52,"author":{"gitId":"CheongYeeMing"},"content":"        case \"delete\":","lastModifiedDate":"2021-08-30"},{"lineNumber":53,"author":{"gitId":"CheongYeeMing"},"content":"            return new DeleteCommand(taskList, storage, ui, Integer.parseInt(splitUserInput[1]));","lastModifiedDate":"2021-08-30"},{"lineNumber":54,"author":{"gitId":"CheongYeeMing"},"content":"","lastModifiedDate":"2021-08-30"},{"lineNumber":55,"author":{"gitId":"CheongYeeMing"},"content":"        default:","lastModifiedDate":"2021-08-30"},{"lineNumber":56,"author":{"gitId":"CheongYeeMing"},"content":"            throw new NoSuchCommandException(ui);","lastModifiedDate":"2021-08-30"},{"lineNumber":57,"author":{"gitId":"CheongYeeMing"},"content":"        }","lastModifiedDate":"2021-08-30"},{"lineNumber":58,"author":{"gitId":"CheongYeeMing"},"content":"    }","lastModifiedDate":"2021-08-30"},{"lineNumber":59,"author":{"gitId":"CheongYeeMing"},"content":"","lastModifiedDate":"2021-08-30"},{"lineNumber":60,"author":{"gitId":"CheongYeeMing"},"content":"    public Task parseTaskInput(TaskType taskType, String userInput) throws DukeException {","lastModifiedDate":"2021-08-30"},{"lineNumber":61,"author":{"gitId":"CheongYeeMing"},"content":"        String[] splitUserInput \u003d userInput.split(\" \");","lastModifiedDate":"2021-08-30"},{"lineNumber":62,"author":{"gitId":"CheongYeeMing"},"content":"        String commandDetails \u003d userInput.substring(userInput.indexOf(\" \") + 1);","lastModifiedDate":"2021-08-30"},{"lineNumber":63,"author":{"gitId":"CheongYeeMing"},"content":"        if (commandDetails.isBlank() || userInput.indexOf(\" \") \u003d\u003d -1) {","lastModifiedDate":"2021-08-30"},{"lineNumber":64,"author":{"gitId":"CheongYeeMing"},"content":"            throw new NoTaskDecriptionException(ui);","lastModifiedDate":"2021-08-30"},{"lineNumber":65,"author":{"gitId":"CheongYeeMing"},"content":"        }","lastModifiedDate":"2021-08-30"},{"lineNumber":66,"author":{"gitId":"CheongYeeMing"},"content":"","lastModifiedDate":"2021-08-30"},{"lineNumber":67,"author":{"gitId":"CheongYeeMing"},"content":"        switch (taskType) {","lastModifiedDate":"2021-08-30"},{"lineNumber":68,"author":{"gitId":"CheongYeeMing"},"content":"        case DEADLINE:","lastModifiedDate":"2021-08-30"},{"lineNumber":69,"author":{"gitId":"CheongYeeMing"},"content":"            try {","lastModifiedDate":"2021-08-30"},{"lineNumber":70,"author":{"gitId":"CheongYeeMing"},"content":"                int byIndex \u003d commandDetails.indexOf(\"/by\") - 1 ;","lastModifiedDate":"2021-08-30"},{"lineNumber":71,"author":{"gitId":"CheongYeeMing"},"content":"                if (byIndex \u003c\u003d 0) {","lastModifiedDate":"2021-08-30"},{"lineNumber":72,"author":{"gitId":"CheongYeeMing"},"content":"                    throw new NoDateTimeException(ui);","lastModifiedDate":"2021-08-30"},{"lineNumber":73,"author":{"gitId":"CheongYeeMing"},"content":"                }","lastModifiedDate":"2021-08-30"},{"lineNumber":74,"author":{"gitId":"CheongYeeMing"},"content":"                String deadlineDetails \u003d commandDetails.substring(0, byIndex);","lastModifiedDate":"2021-08-30"},{"lineNumber":75,"author":{"gitId":"CheongYeeMing"},"content":"                if (deadlineDetails.isBlank()) {","lastModifiedDate":"2021-08-30"},{"lineNumber":76,"author":{"gitId":"CheongYeeMing"},"content":"                    throw new NoTaskDecriptionException(ui);","lastModifiedDate":"2021-08-30"},{"lineNumber":77,"author":{"gitId":"CheongYeeMing"},"content":"                }","lastModifiedDate":"2021-08-30"},{"lineNumber":78,"author":{"gitId":"CheongYeeMing"},"content":"                try {","lastModifiedDate":"2021-08-30"},{"lineNumber":79,"author":{"gitId":"CheongYeeMing"},"content":"                    LocalDateTime by \u003d LocalDateTime.parse(commandDetails.substring(deadlineDetails.indexOf(\"by\") + 3),","lastModifiedDate":"2021-08-30"},{"lineNumber":80,"author":{"gitId":"CheongYeeMing"},"content":"                            DateTimeFormatter.ofPattern(\"yyyy-MM-dd HH:mm\"));","lastModifiedDate":"2021-08-30"},{"lineNumber":81,"author":{"gitId":"CheongYeeMing"},"content":"                    return new Deadline(commandDetails, false, by);","lastModifiedDate":"2021-08-30"},{"lineNumber":82,"author":{"gitId":"CheongYeeMing"},"content":"                } catch (DateTimeParseException e) {","lastModifiedDate":"2021-08-30"},{"lineNumber":83,"author":{"gitId":"CheongYeeMing"},"content":"                    throw new InvalidDateTimeException(ui);","lastModifiedDate":"2021-08-30"},{"lineNumber":84,"author":{"gitId":"CheongYeeMing"},"content":"                }","lastModifiedDate":"2021-08-30"},{"lineNumber":85,"author":{"gitId":"CheongYeeMing"},"content":"            } catch (StringIndexOutOfBoundsException e) {","lastModifiedDate":"2021-08-30"},{"lineNumber":86,"author":{"gitId":"CheongYeeMing"},"content":"                throw new NoTaskDecriptionException(ui);","lastModifiedDate":"2021-08-30"},{"lineNumber":87,"author":{"gitId":"CheongYeeMing"},"content":"            }","lastModifiedDate":"2021-08-30"},{"lineNumber":88,"author":{"gitId":"CheongYeeMing"},"content":"","lastModifiedDate":"2021-08-30"},{"lineNumber":89,"author":{"gitId":"CheongYeeMing"},"content":"","lastModifiedDate":"2021-08-30"},{"lineNumber":90,"author":{"gitId":"CheongYeeMing"},"content":"        case EVENT:","lastModifiedDate":"2021-08-30"},{"lineNumber":91,"author":{"gitId":"CheongYeeMing"},"content":"            try{","lastModifiedDate":"2021-08-30"},{"lineNumber":92,"author":{"gitId":"CheongYeeMing"},"content":"                int atIndex \u003d commandDetails.indexOf(\"/at\") - 1 ;","lastModifiedDate":"2021-08-30"},{"lineNumber":93,"author":{"gitId":"CheongYeeMing"},"content":"                if (atIndex \u003c\u003d 0) {","lastModifiedDate":"2021-08-30"},{"lineNumber":94,"author":{"gitId":"CheongYeeMing"},"content":"                    throw new NoDateTimeException(ui);","lastModifiedDate":"2021-08-30"},{"lineNumber":95,"author":{"gitId":"CheongYeeMing"},"content":"                }","lastModifiedDate":"2021-08-30"},{"lineNumber":96,"author":{"gitId":"CheongYeeMing"},"content":"                String eventDetails \u003d commandDetails.substring(0, atIndex);","lastModifiedDate":"2021-08-30"},{"lineNumber":97,"author":{"gitId":"CheongYeeMing"},"content":"                if (eventDetails.isBlank()) {","lastModifiedDate":"2021-08-30"},{"lineNumber":98,"author":{"gitId":"CheongYeeMing"},"content":"                    throw new NoTaskDecriptionException(ui);","lastModifiedDate":"2021-08-30"},{"lineNumber":99,"author":{"gitId":"CheongYeeMing"},"content":"                }","lastModifiedDate":"2021-08-30"},{"lineNumber":100,"author":{"gitId":"CheongYeeMing"},"content":"                try {","lastModifiedDate":"2021-08-30"},{"lineNumber":101,"author":{"gitId":"CheongYeeMing"},"content":"                    LocalDateTime at \u003d LocalDateTime.parse(commandDetails.substring(eventDetails.indexOf(\"at\") + 3),","lastModifiedDate":"2021-08-30"},{"lineNumber":102,"author":{"gitId":"CheongYeeMing"},"content":"                            DateTimeFormatter.ofPattern(\"yyyy-MM-dd HH:mm\"));","lastModifiedDate":"2021-08-30"},{"lineNumber":103,"author":{"gitId":"CheongYeeMing"},"content":"                    return new Event(commandDetails, false, at);","lastModifiedDate":"2021-08-30"},{"lineNumber":104,"author":{"gitId":"CheongYeeMing"},"content":"                } catch (DateTimeParseException e) {","lastModifiedDate":"2021-08-30"},{"lineNumber":105,"author":{"gitId":"CheongYeeMing"},"content":"                    throw new InvalidDateTimeException(ui);","lastModifiedDate":"2021-08-30"},{"lineNumber":106,"author":{"gitId":"CheongYeeMing"},"content":"                }","lastModifiedDate":"2021-08-30"},{"lineNumber":107,"author":{"gitId":"CheongYeeMing"},"content":"            } catch (StringIndexOutOfBoundsException e) {","lastModifiedDate":"2021-08-30"},{"lineNumber":108,"author":{"gitId":"CheongYeeMing"},"content":"                throw new NoTaskDecriptionException(ui);","lastModifiedDate":"2021-08-30"},{"lineNumber":109,"author":{"gitId":"CheongYeeMing"},"content":"            }","lastModifiedDate":"2021-08-30"},{"lineNumber":110,"author":{"gitId":"CheongYeeMing"},"content":"","lastModifiedDate":"2021-08-30"},{"lineNumber":111,"author":{"gitId":"CheongYeeMing"},"content":"        default:","lastModifiedDate":"2021-08-30"},{"lineNumber":112,"author":{"gitId":"CheongYeeMing"},"content":"            return new ToDo(commandDetails, false);","lastModifiedDate":"2021-08-30"},{"lineNumber":113,"author":{"gitId":"CheongYeeMing"},"content":"        }","lastModifiedDate":"2021-08-30"},{"lineNumber":114,"author":{"gitId":"CheongYeeMing"},"content":"    }","lastModifiedDate":"2021-08-30"},{"lineNumber":115,"author":{"gitId":"CheongYeeMing"},"content":" }","lastModifiedDate":"2021-08-30"}],"authorContributionMap":{"CheongYeeMing":115}},{"path":"src/main/java/duke/storage/Storage.java","fileType":"java","lines":[{"lineNumber":1,"author":{"gitId":"CheongYeeMing"},"content":"package duke.storage;","lastModifiedDate":"2021-08-30"},{"lineNumber":2,"author":{"gitId":"CheongYeeMing"},"content":"","lastModifiedDate":"2021-08-30"},{"lineNumber":3,"author":{"gitId":"CheongYeeMing"},"content":"import duke.task.Task;","lastModifiedDate":"2021-08-30"},{"lineNumber":4,"author":{"gitId":"CheongYeeMing"},"content":"import duke.task.TaskList;","lastModifiedDate":"2021-08-30"},{"lineNumber":5,"author":{"gitId":"CheongYeeMing"},"content":"","lastModifiedDate":"2021-08-30"},{"lineNumber":6,"author":{"gitId":"CheongYeeMing"},"content":"import java.io.File;","lastModifiedDate":"2021-08-28"},{"lineNumber":7,"author":{"gitId":"CheongYeeMing"},"content":"import java.io.FileNotFoundException;","lastModifiedDate":"2021-08-28"},{"lineNumber":8,"author":{"gitId":"CheongYeeMing"},"content":"import java.io.FileWriter;","lastModifiedDate":"2021-08-28"},{"lineNumber":9,"author":{"gitId":"CheongYeeMing"},"content":"import java.io.IOException;","lastModifiedDate":"2021-08-28"},{"lineNumber":10,"author":{"gitId":"CheongYeeMing"},"content":"import java.util.ArrayList;","lastModifiedDate":"2021-08-28"},{"lineNumber":11,"author":{"gitId":"CheongYeeMing"},"content":"import java.util.Scanner;","lastModifiedDate":"2021-08-28"},{"lineNumber":12,"author":{"gitId":"CheongYeeMing"},"content":"","lastModifiedDate":"2021-08-28"},{"lineNumber":13,"author":{"gitId":"CheongYeeMing"},"content":"public class Storage {","lastModifiedDate":"2021-08-28"},{"lineNumber":14,"author":{"gitId":"CheongYeeMing"},"content":"","lastModifiedDate":"2021-08-28"},{"lineNumber":15,"author":{"gitId":"CheongYeeMing"},"content":"    private static final String FOLDER \u003d \"data\";","lastModifiedDate":"2021-08-28"},{"lineNumber":16,"author":{"gitId":"CheongYeeMing"},"content":"    private static final String FILE \u003d \"duke.txt\";","lastModifiedDate":"2021-08-28"},{"lineNumber":17,"author":{"gitId":"CheongYeeMing"},"content":"","lastModifiedDate":"2021-08-28"},{"lineNumber":18,"author":{"gitId":"CheongYeeMing"},"content":"    public void createFolder(){","lastModifiedDate":"2021-08-28"},{"lineNumber":19,"author":{"gitId":"CheongYeeMing"},"content":"        File folder \u003d new File(FOLDER);","lastModifiedDate":"2021-08-28"},{"lineNumber":20,"author":{"gitId":"CheongYeeMing"},"content":"        boolean folderCreated \u003d folder.mkdir();","lastModifiedDate":"2021-08-28"},{"lineNumber":21,"author":{"gitId":"CheongYeeMing"},"content":"        if (!folderCreated) {","lastModifiedDate":"2021-08-28"},{"lineNumber":22,"author":{"gitId":"CheongYeeMing"},"content":"            System.out.println(\"Folder could not be created.\");","lastModifiedDate":"2021-08-28"},{"lineNumber":23,"author":{"gitId":"CheongYeeMing"},"content":"        }","lastModifiedDate":"2021-08-28"},{"lineNumber":24,"author":{"gitId":"CheongYeeMing"},"content":"    }","lastModifiedDate":"2021-08-28"},{"lineNumber":25,"author":{"gitId":"CheongYeeMing"},"content":"","lastModifiedDate":"2021-08-28"},{"lineNumber":26,"author":{"gitId":"CheongYeeMing"},"content":"    public void createFile(){","lastModifiedDate":"2021-08-28"},{"lineNumber":27,"author":{"gitId":"CheongYeeMing"},"content":"        File file \u003d new File(FOLDER + \"/\" + FILE);","lastModifiedDate":"2021-08-28"},{"lineNumber":28,"author":{"gitId":"CheongYeeMing"},"content":"        boolean fileCreated \u003d false;","lastModifiedDate":"2021-08-28"},{"lineNumber":29,"author":{"gitId":"CheongYeeMing"},"content":"        try {","lastModifiedDate":"2021-08-28"},{"lineNumber":30,"author":{"gitId":"CheongYeeMing"},"content":"            fileCreated \u003d file.createNewFile();","lastModifiedDate":"2021-08-28"},{"lineNumber":31,"author":{"gitId":"CheongYeeMing"},"content":"        } catch (IOException e) {","lastModifiedDate":"2021-08-28"},{"lineNumber":32,"author":{"gitId":"CheongYeeMing"},"content":"            System.out.println(e.getMessage());","lastModifiedDate":"2021-08-28"},{"lineNumber":33,"author":{"gitId":"CheongYeeMing"},"content":"        } finally {","lastModifiedDate":"2021-08-28"},{"lineNumber":34,"author":{"gitId":"CheongYeeMing"},"content":"            if (fileCreated) {","lastModifiedDate":"2021-08-28"},{"lineNumber":35,"author":{"gitId":"CheongYeeMing"},"content":"                System.out.println(\"New file has been created\");","lastModifiedDate":"2021-08-28"},{"lineNumber":36,"author":{"gitId":"CheongYeeMing"},"content":"            } else {","lastModifiedDate":"2021-08-28"},{"lineNumber":37,"author":{"gitId":"CheongYeeMing"},"content":"                System.out.println(\"File already exist.\");","lastModifiedDate":"2021-08-28"},{"lineNumber":38,"author":{"gitId":"CheongYeeMing"},"content":"            }","lastModifiedDate":"2021-08-28"},{"lineNumber":39,"author":{"gitId":"CheongYeeMing"},"content":"        }","lastModifiedDate":"2021-08-28"},{"lineNumber":40,"author":{"gitId":"CheongYeeMing"},"content":"    }","lastModifiedDate":"2021-08-28"},{"lineNumber":41,"author":{"gitId":"CheongYeeMing"},"content":"","lastModifiedDate":"2021-08-28"},{"lineNumber":42,"author":{"gitId":"CheongYeeMing"},"content":"    public ArrayList\u003cTask\u003e load(){","lastModifiedDate":"2021-08-28"},{"lineNumber":43,"author":{"gitId":"CheongYeeMing"},"content":"        ArrayList\u003cTask\u003e taskList \u003d new ArrayList\u003c\u003e();","lastModifiedDate":"2021-08-28"},{"lineNumber":44,"author":{"gitId":"CheongYeeMing"},"content":"        File file \u003d new File(FOLDER + \"/\" + FILE);","lastModifiedDate":"2021-08-28"},{"lineNumber":45,"author":{"gitId":"CheongYeeMing"},"content":"        try {","lastModifiedDate":"2021-08-28"},{"lineNumber":46,"author":{"gitId":"CheongYeeMing"},"content":"            Scanner sc \u003d new Scanner(file);","lastModifiedDate":"2021-08-28"},{"lineNumber":47,"author":{"gitId":"CheongYeeMing"},"content":"            System.out.println(\"Tasks have been loaded into the list\");","lastModifiedDate":"2021-08-28"},{"lineNumber":48,"author":{"gitId":"CheongYeeMing"},"content":"            while (sc.hasNextLine()) {","lastModifiedDate":"2021-08-28"},{"lineNumber":49,"author":{"gitId":"CheongYeeMing"},"content":"                String curr \u003d sc.nextLine();","lastModifiedDate":"2021-08-28"},{"lineNumber":50,"author":{"gitId":"CheongYeeMing"},"content":"                Task task \u003d TaskList.stringToTask(curr);","lastModifiedDate":"2021-08-28"},{"lineNumber":51,"author":{"gitId":"CheongYeeMing"},"content":"                taskList.add(task);","lastModifiedDate":"2021-08-28"},{"lineNumber":52,"author":{"gitId":"CheongYeeMing"},"content":"            }","lastModifiedDate":"2021-08-28"},{"lineNumber":53,"author":{"gitId":"CheongYeeMing"},"content":"            sc.close();","lastModifiedDate":"2021-08-28"},{"lineNumber":54,"author":{"gitId":"CheongYeeMing"},"content":"        } catch (FileNotFoundException e) {","lastModifiedDate":"2021-08-28"},{"lineNumber":55,"author":{"gitId":"CheongYeeMing"},"content":"            System.out.println(\"No data found, initializing empty list.\");","lastModifiedDate":"2021-08-28"},{"lineNumber":56,"author":{"gitId":"CheongYeeMing"},"content":"            createFolder();","lastModifiedDate":"2021-08-28"},{"lineNumber":57,"author":{"gitId":"CheongYeeMing"},"content":"            createFile();","lastModifiedDate":"2021-08-28"},{"lineNumber":58,"author":{"gitId":"CheongYeeMing"},"content":"        }","lastModifiedDate":"2021-08-28"},{"lineNumber":59,"author":{"gitId":"CheongYeeMing"},"content":"        return taskList;","lastModifiedDate":"2021-08-28"},{"lineNumber":60,"author":{"gitId":"CheongYeeMing"},"content":"    }","lastModifiedDate":"2021-08-28"},{"lineNumber":61,"author":{"gitId":"CheongYeeMing"},"content":"","lastModifiedDate":"2021-08-28"},{"lineNumber":62,"author":{"gitId":"CheongYeeMing"},"content":"    public void save(ArrayList\u003cTask\u003e taskList) {","lastModifiedDate":"2021-08-28"},{"lineNumber":63,"author":{"gitId":"CheongYeeMing"},"content":"        try {","lastModifiedDate":"2021-08-28"},{"lineNumber":64,"author":{"gitId":"CheongYeeMing"},"content":"            FileWriter fileWriter \u003d new FileWriter(FOLDER + \"/\" + FILE);","lastModifiedDate":"2021-08-28"},{"lineNumber":65,"author":{"gitId":"CheongYeeMing"},"content":"            for (Task task: taskList) {","lastModifiedDate":"2021-08-28"},{"lineNumber":66,"author":{"gitId":"CheongYeeMing"},"content":"                fileWriter.write(task.toString() + \"\\n\");","lastModifiedDate":"2021-08-28"},{"lineNumber":67,"author":{"gitId":"CheongYeeMing"},"content":"            }","lastModifiedDate":"2021-08-28"},{"lineNumber":68,"author":{"gitId":"CheongYeeMing"},"content":"            fileWriter.close();","lastModifiedDate":"2021-08-28"},{"lineNumber":69,"author":{"gitId":"CheongYeeMing"},"content":"        } catch (IOException e) {","lastModifiedDate":"2021-08-28"},{"lineNumber":70,"author":{"gitId":"CheongYeeMing"},"content":"            System.out.println(\"Save Error: \" + e.getMessage());","lastModifiedDate":"2021-08-28"},{"lineNumber":71,"author":{"gitId":"CheongYeeMing"},"content":"        }","lastModifiedDate":"2021-08-28"},{"lineNumber":72,"author":{"gitId":"CheongYeeMing"},"content":"    }","lastModifiedDate":"2021-08-28"},{"lineNumber":73,"author":{"gitId":"CheongYeeMing"},"content":"}","lastModifiedDate":"2021-08-28"}],"authorContributionMap":{"CheongYeeMing":73}},{"path":"src/main/java/duke/task/Deadline.java","fileType":"java","lines":[{"lineNumber":1,"author":{"gitId":"CheongYeeMing"},"content":"package duke.task;","lastModifiedDate":"2021-08-30"},{"lineNumber":2,"author":{"gitId":"CheongYeeMing"},"content":"","lastModifiedDate":"2021-08-30"},{"lineNumber":3,"author":{"gitId":"CheongYeeMing"},"content":"import java.time.LocalDateTime;","lastModifiedDate":"2021-08-28"},{"lineNumber":4,"author":{"gitId":"CheongYeeMing"},"content":"import java.time.format.DateTimeFormatter;","lastModifiedDate":"2021-08-28"},{"lineNumber":5,"author":{"gitId":"CheongYeeMing"},"content":"","lastModifiedDate":"2021-08-28"},{"lineNumber":6,"author":{"gitId":"CheongYeeMing"},"content":"public class Deadline extends Task {","lastModifiedDate":"2021-08-19"},{"lineNumber":7,"author":{"gitId":"CheongYeeMing"},"content":"","lastModifiedDate":"2021-08-19"},{"lineNumber":8,"author":{"gitId":"CheongYeeMing"},"content":"    protected final LocalDateTime by;","lastModifiedDate":"2021-08-28"},{"lineNumber":9,"author":{"gitId":"CheongYeeMing"},"content":"","lastModifiedDate":"2021-08-19"},{"lineNumber":10,"author":{"gitId":"CheongYeeMing"},"content":"    public Deadline(String description, boolean isDone, LocalDateTime by) {","lastModifiedDate":"2021-08-28"},{"lineNumber":11,"author":{"gitId":"CheongYeeMing"},"content":"        super(description, isDone, TaskType.DEADLINE);","lastModifiedDate":"2021-08-28"},{"lineNumber":12,"author":{"gitId":"CheongYeeMing"},"content":"        this.by \u003d by;","lastModifiedDate":"2021-08-19"},{"lineNumber":13,"author":{"gitId":"CheongYeeMing"},"content":"    }","lastModifiedDate":"2021-08-19"},{"lineNumber":14,"author":{"gitId":"CheongYeeMing"},"content":"","lastModifiedDate":"2021-08-19"},{"lineNumber":15,"author":{"gitId":"CheongYeeMing"},"content":"    public String getDeadlineTime(){","lastModifiedDate":"2021-08-28"},{"lineNumber":16,"author":{"gitId":"CheongYeeMing"},"content":"        return \"(by: \" + by.format(DateTimeFormatter.ofPattern(\"dd MM yyyy HHmm\")) + \")\";","lastModifiedDate":"2021-08-28"},{"lineNumber":17,"author":{"gitId":"CheongYeeMing"},"content":"    }","lastModifiedDate":"2021-08-28"},{"lineNumber":18,"author":{"gitId":"CheongYeeMing"},"content":"","lastModifiedDate":"2021-08-28"},{"lineNumber":19,"author":{"gitId":"CheongYeeMing"},"content":"    @Override","lastModifiedDate":"2021-08-28"},{"lineNumber":20,"author":{"gitId":"CheongYeeMing"},"content":"    public String getStatus(){","lastModifiedDate":"2021-08-28"},{"lineNumber":21,"author":{"gitId":"CheongYeeMing"},"content":"        return \"[D]\" + super.getStatus() + \" \" + getDeadlineTime();","lastModifiedDate":"2021-08-28"},{"lineNumber":22,"author":{"gitId":"CheongYeeMing"},"content":"    }","lastModifiedDate":"2021-08-28"},{"lineNumber":23,"author":{"gitId":"CheongYeeMing"},"content":"","lastModifiedDate":"2021-08-28"},{"lineNumber":24,"author":{"gitId":"CheongYeeMing"},"content":"    @Override","lastModifiedDate":"2021-08-19"},{"lineNumber":25,"author":{"gitId":"CheongYeeMing"},"content":"    public String toString() {","lastModifiedDate":"2021-08-19"},{"lineNumber":26,"author":{"gitId":"CheongYeeMing"},"content":"        return \"D\" + \" | \" + super.toString() + \" | \" + by;","lastModifiedDate":"2021-08-28"},{"lineNumber":27,"author":{"gitId":"CheongYeeMing"},"content":"    }","lastModifiedDate":"2021-08-19"},{"lineNumber":28,"author":{"gitId":"CheongYeeMing"},"content":"}","lastModifiedDate":"2021-08-19"}],"authorContributionMap":{"CheongYeeMing":28}},{"path":"src/main/java/duke/task/Event.java","fileType":"java","lines":[{"lineNumber":1,"author":{"gitId":"CheongYeeMing"},"content":"package duke.task;","lastModifiedDate":"2021-08-30"},{"lineNumber":2,"author":{"gitId":"CheongYeeMing"},"content":"","lastModifiedDate":"2021-08-30"},{"lineNumber":3,"author":{"gitId":"CheongYeeMing"},"content":"import java.time.LocalDateTime;","lastModifiedDate":"2021-08-28"},{"lineNumber":4,"author":{"gitId":"CheongYeeMing"},"content":"import java.time.format.DateTimeFormatter;","lastModifiedDate":"2021-08-28"},{"lineNumber":5,"author":{"gitId":"CheongYeeMing"},"content":"","lastModifiedDate":"2021-08-28"},{"lineNumber":6,"author":{"gitId":"CheongYeeMing"},"content":"public class Event extends Task {","lastModifiedDate":"2021-08-19"},{"lineNumber":7,"author":{"gitId":"CheongYeeMing"},"content":"","lastModifiedDate":"2021-08-19"},{"lineNumber":8,"author":{"gitId":"CheongYeeMing"},"content":"    protected final LocalDateTime at;","lastModifiedDate":"2021-08-28"},{"lineNumber":9,"author":{"gitId":"CheongYeeMing"},"content":"","lastModifiedDate":"2021-08-19"},{"lineNumber":10,"author":{"gitId":"CheongYeeMing"},"content":"    public Event(String description, boolean isDone, LocalDateTime at) {","lastModifiedDate":"2021-08-28"},{"lineNumber":11,"author":{"gitId":"CheongYeeMing"},"content":"        super(description, isDone, TaskType.EVENT);","lastModifiedDate":"2021-08-28"},{"lineNumber":12,"author":{"gitId":"CheongYeeMing"},"content":"        this.at \u003d at;","lastModifiedDate":"2021-08-19"},{"lineNumber":13,"author":{"gitId":"CheongYeeMing"},"content":"    }","lastModifiedDate":"2021-08-19"},{"lineNumber":14,"author":{"gitId":"CheongYeeMing"},"content":"","lastModifiedDate":"2021-08-19"},{"lineNumber":15,"author":{"gitId":"CheongYeeMing"},"content":"    public String getEventTime() {","lastModifiedDate":"2021-08-28"},{"lineNumber":16,"author":{"gitId":"CheongYeeMing"},"content":"        return \"(by: \" + at.format(DateTimeFormatter.ofPattern(\"dd MM yyyy HHmm\")) + \")\";","lastModifiedDate":"2021-08-28"},{"lineNumber":17,"author":{"gitId":"CheongYeeMing"},"content":"    }","lastModifiedDate":"2021-08-28"},{"lineNumber":18,"author":{"gitId":"CheongYeeMing"},"content":"","lastModifiedDate":"2021-08-28"},{"lineNumber":19,"author":{"gitId":"CheongYeeMing"},"content":"    @Override","lastModifiedDate":"2021-08-28"},{"lineNumber":20,"author":{"gitId":"CheongYeeMing"},"content":"    public String getStatus() {","lastModifiedDate":"2021-08-28"},{"lineNumber":21,"author":{"gitId":"CheongYeeMing"},"content":"        return \"[E]\" + super.getStatus() + \" \" + getEventTime();","lastModifiedDate":"2021-08-28"},{"lineNumber":22,"author":{"gitId":"CheongYeeMing"},"content":"    }","lastModifiedDate":"2021-08-28"},{"lineNumber":23,"author":{"gitId":"CheongYeeMing"},"content":"","lastModifiedDate":"2021-08-28"},{"lineNumber":24,"author":{"gitId":"CheongYeeMing"},"content":"    @Override","lastModifiedDate":"2021-08-19"},{"lineNumber":25,"author":{"gitId":"CheongYeeMing"},"content":"    public String toString() {","lastModifiedDate":"2021-08-19"},{"lineNumber":26,"author":{"gitId":"CheongYeeMing"},"content":"        return \"E\" + \" | \" + super.toString() + \" | \" + at;","lastModifiedDate":"2021-08-28"},{"lineNumber":27,"author":{"gitId":"CheongYeeMing"},"content":"    }","lastModifiedDate":"2021-08-19"},{"lineNumber":28,"author":{"gitId":"CheongYeeMing"},"content":"}","lastModifiedDate":"2021-08-19"}],"authorContributionMap":{"CheongYeeMing":28}},{"path":"src/main/java/duke/task/Task.java","fileType":"java","lines":[{"lineNumber":1,"author":{"gitId":"CheongYeeMing"},"content":"package duke.task;","lastModifiedDate":"2021-08-30"},{"lineNumber":2,"author":{"gitId":"CheongYeeMing"},"content":"","lastModifiedDate":"2021-08-30"},{"lineNumber":3,"author":{"gitId":"CheongYeeMing"},"content":"public abstract class Task {","lastModifiedDate":"2021-08-28"},{"lineNumber":4,"author":{"gitId":"CheongYeeMing"},"content":"    protected final String description;","lastModifiedDate":"2021-08-28"},{"lineNumber":5,"author":{"gitId":"CheongYeeMing"},"content":"    protected boolean isDone;","lastModifiedDate":"2021-08-19"},{"lineNumber":6,"author":{"gitId":"CheongYeeMing"},"content":"    protected final TaskType taskType;","lastModifiedDate":"2021-08-28"},{"lineNumber":7,"author":{"gitId":"CheongYeeMing"},"content":"","lastModifiedDate":"2021-08-19"},{"lineNumber":8,"author":{"gitId":"CheongYeeMing"},"content":"    protected Task(String description, boolean isDone, TaskType taskType) {","lastModifiedDate":"2021-08-28"},{"lineNumber":9,"author":{"gitId":"CheongYeeMing"},"content":"        this.description \u003d description;","lastModifiedDate":"2021-08-19"},{"lineNumber":10,"author":{"gitId":"CheongYeeMing"},"content":"        this.isDone \u003d isDone;","lastModifiedDate":"2021-08-28"},{"lineNumber":11,"author":{"gitId":"CheongYeeMing"},"content":"        this.taskType \u003d taskType;","lastModifiedDate":"2021-08-28"},{"lineNumber":12,"author":{"gitId":"CheongYeeMing"},"content":"    }","lastModifiedDate":"2021-08-19"},{"lineNumber":13,"author":{"gitId":"CheongYeeMing"},"content":"","lastModifiedDate":"2021-08-19"},{"lineNumber":14,"author":{"gitId":"CheongYeeMing"},"content":"    public String getStatusIcon() {","lastModifiedDate":"2021-08-19"},{"lineNumber":15,"author":{"gitId":"CheongYeeMing"},"content":"        return (isDone ? \"X\" : \" \"); // mark done task with X","lastModifiedDate":"2021-08-19"},{"lineNumber":16,"author":{"gitId":"CheongYeeMing"},"content":"    }","lastModifiedDate":"2021-08-19"},{"lineNumber":17,"author":{"gitId":"CheongYeeMing"},"content":"","lastModifiedDate":"2021-08-19"},{"lineNumber":18,"author":{"gitId":"CheongYeeMing"},"content":"    public String getStatus(){","lastModifiedDate":"2021-08-28"},{"lineNumber":19,"author":{"gitId":"CheongYeeMing"},"content":"        return \"[\" + getStatusIcon() + \"] \" + description;","lastModifiedDate":"2021-08-28"},{"lineNumber":20,"author":{"gitId":"CheongYeeMing"},"content":"    }","lastModifiedDate":"2021-08-28"},{"lineNumber":21,"author":{"gitId":"CheongYeeMing"},"content":"","lastModifiedDate":"2021-08-28"},{"lineNumber":22,"author":{"gitId":"CheongYeeMing"},"content":"    public void markDone(){","lastModifiedDate":"2021-08-28"},{"lineNumber":23,"author":{"gitId":"CheongYeeMing"},"content":"        isDone \u003d true;","lastModifiedDate":"2021-08-28"},{"lineNumber":24,"author":{"gitId":"CheongYeeMing"},"content":"    }","lastModifiedDate":"2021-08-19"},{"lineNumber":25,"author":{"gitId":"CheongYeeMing"},"content":"","lastModifiedDate":"2021-08-19"},{"lineNumber":26,"author":{"gitId":"CheongYeeMing"},"content":"    @Override","lastModifiedDate":"2021-08-19"},{"lineNumber":27,"author":{"gitId":"CheongYeeMing"},"content":"    public String toString(){","lastModifiedDate":"2021-08-19"},{"lineNumber":28,"author":{"gitId":"CheongYeeMing"},"content":"        return (getStatusIcon().equals(\"X\") ? \"1\" : \"0\") + \" | \" + description;","lastModifiedDate":"2021-08-28"},{"lineNumber":29,"author":{"gitId":"CheongYeeMing"},"content":"    }","lastModifiedDate":"2021-08-19"},{"lineNumber":30,"author":{"gitId":"CheongYeeMing"},"content":"}","lastModifiedDate":"2021-08-19"}],"authorContributionMap":{"CheongYeeMing":30}},{"path":"src/main/java/duke/task/TaskList.java","fileType":"java","lines":[{"lineNumber":1,"author":{"gitId":"CheongYeeMing"},"content":"package duke.task;","lastModifiedDate":"2021-08-30"},{"lineNumber":2,"author":{"gitId":"CheongYeeMing"},"content":"","lastModifiedDate":"2021-08-30"},{"lineNumber":3,"author":{"gitId":"CheongYeeMing"},"content":"import duke.exception.NoSuchTaskException;","lastModifiedDate":"2021-08-30"},{"lineNumber":4,"author":{"gitId":"CheongYeeMing"},"content":"import duke.ui.Ui;","lastModifiedDate":"2021-08-30"},{"lineNumber":5,"author":{"gitId":"CheongYeeMing"},"content":"","lastModifiedDate":"2021-08-30"},{"lineNumber":6,"author":{"gitId":"CheongYeeMing"},"content":"import java.util.ArrayList;","lastModifiedDate":"2021-08-28"},{"lineNumber":7,"author":{"gitId":"CheongYeeMing"},"content":"import java.time.LocalDateTime;","lastModifiedDate":"2021-08-28"},{"lineNumber":8,"author":{"gitId":"CheongYeeMing"},"content":"","lastModifiedDate":"2021-08-28"},{"lineNumber":9,"author":{"gitId":"CheongYeeMing"},"content":"public class TaskList {","lastModifiedDate":"2021-08-28"},{"lineNumber":10,"author":{"gitId":"CheongYeeMing"},"content":"","lastModifiedDate":"2021-08-28"},{"lineNumber":11,"author":{"gitId":"CheongYeeMing"},"content":"    private ArrayList\u003cTask\u003e list;","lastModifiedDate":"2021-08-28"},{"lineNumber":12,"author":{"gitId":"CheongYeeMing"},"content":"","lastModifiedDate":"2021-08-28"},{"lineNumber":13,"author":{"gitId":"CheongYeeMing"},"content":"    public static Task stringToTask(String str){","lastModifiedDate":"2021-08-28"},{"lineNumber":14,"author":{"gitId":"CheongYeeMing"},"content":"        String[] taskStr \u003d str.split(\" \\\\| \");","lastModifiedDate":"2021-08-28"},{"lineNumber":15,"author":{"gitId":"CheongYeeMing"},"content":"        boolean isDone \u003d taskStr[1].equals(\"1\");","lastModifiedDate":"2021-08-28"},{"lineNumber":16,"author":{"gitId":"CheongYeeMing"},"content":"","lastModifiedDate":"2021-08-28"},{"lineNumber":17,"author":{"gitId":"CheongYeeMing"},"content":"        switch (taskStr[0]) {","lastModifiedDate":"2021-08-28"},{"lineNumber":18,"author":{"gitId":"CheongYeeMing"},"content":"        case \"D\":","lastModifiedDate":"2021-08-28"},{"lineNumber":19,"author":{"gitId":"CheongYeeMing"},"content":"            LocalDateTime by \u003d LocalDateTime.parse(taskStr[3]);","lastModifiedDate":"2021-08-28"},{"lineNumber":20,"author":{"gitId":"CheongYeeMing"},"content":"            return new Deadline(taskStr[2], isDone, by);","lastModifiedDate":"2021-08-28"},{"lineNumber":21,"author":{"gitId":"CheongYeeMing"},"content":"","lastModifiedDate":"2021-08-28"},{"lineNumber":22,"author":{"gitId":"CheongYeeMing"},"content":"        case \"E\":","lastModifiedDate":"2021-08-28"},{"lineNumber":23,"author":{"gitId":"CheongYeeMing"},"content":"            LocalDateTime at \u003d LocalDateTime.parse(taskStr[3]);","lastModifiedDate":"2021-08-28"},{"lineNumber":24,"author":{"gitId":"CheongYeeMing"},"content":"            return new Event(taskStr[2], isDone, at);","lastModifiedDate":"2021-08-28"},{"lineNumber":25,"author":{"gitId":"CheongYeeMing"},"content":"","lastModifiedDate":"2021-08-28"},{"lineNumber":26,"author":{"gitId":"CheongYeeMing"},"content":"        default:","lastModifiedDate":"2021-08-28"},{"lineNumber":27,"author":{"gitId":"CheongYeeMing"},"content":"            return new ToDo(taskStr[2], isDone);","lastModifiedDate":"2021-08-28"},{"lineNumber":28,"author":{"gitId":"CheongYeeMing"},"content":"        }","lastModifiedDate":"2021-08-28"},{"lineNumber":29,"author":{"gitId":"CheongYeeMing"},"content":"    }","lastModifiedDate":"2021-08-28"},{"lineNumber":30,"author":{"gitId":"CheongYeeMing"},"content":"","lastModifiedDate":"2021-08-28"},{"lineNumber":31,"author":{"gitId":"CheongYeeMing"},"content":"    public TaskList(){","lastModifiedDate":"2021-08-30"},{"lineNumber":32,"author":{"gitId":"CheongYeeMing"},"content":"        list \u003d new ArrayList\u003c\u003e();","lastModifiedDate":"2021-08-28"},{"lineNumber":33,"author":{"gitId":"CheongYeeMing"},"content":"    }","lastModifiedDate":"2021-08-28"},{"lineNumber":34,"author":{"gitId":"CheongYeeMing"},"content":"","lastModifiedDate":"2021-08-28"},{"lineNumber":35,"author":{"gitId":"CheongYeeMing"},"content":"    public Task getTask(int taskNumber){","lastModifiedDate":"2021-08-28"},{"lineNumber":36,"author":{"gitId":"CheongYeeMing"},"content":"        return list.get(taskNumber - 1);","lastModifiedDate":"2021-08-28"},{"lineNumber":37,"author":{"gitId":"CheongYeeMing"},"content":"    }","lastModifiedDate":"2021-08-28"},{"lineNumber":38,"author":{"gitId":"CheongYeeMing"},"content":"","lastModifiedDate":"2021-08-28"},{"lineNumber":39,"author":{"gitId":"CheongYeeMing"},"content":"    public void addTask(Task task){","lastModifiedDate":"2021-08-28"},{"lineNumber":40,"author":{"gitId":"CheongYeeMing"},"content":"        list.add(task);","lastModifiedDate":"2021-08-28"},{"lineNumber":41,"author":{"gitId":"CheongYeeMing"},"content":"    }","lastModifiedDate":"2021-08-28"},{"lineNumber":42,"author":{"gitId":"CheongYeeMing"},"content":"","lastModifiedDate":"2021-08-28"},{"lineNumber":43,"author":{"gitId":"CheongYeeMing"},"content":"    public Task deleteTask(int taskNumber) throws NoSuchTaskException {","lastModifiedDate":"2021-08-30"},{"lineNumber":44,"author":{"gitId":"CheongYeeMing"},"content":"        if (taskNumber \u003c 0 || taskNumber \u003e\u003d list.size()) {","lastModifiedDate":"2021-08-30"},{"lineNumber":45,"author":{"gitId":"CheongYeeMing"},"content":"            throw new NoSuchTaskException(new Ui());","lastModifiedDate":"2021-08-30"},{"lineNumber":46,"author":{"gitId":"CheongYeeMing"},"content":"        }","lastModifiedDate":"2021-08-30"},{"lineNumber":47,"author":{"gitId":"CheongYeeMing"},"content":"        Task task \u003d list.remove(taskNumber - 1);","lastModifiedDate":"2021-08-28"},{"lineNumber":48,"author":{"gitId":"CheongYeeMing"},"content":"        return task;","lastModifiedDate":"2021-08-28"},{"lineNumber":49,"author":{"gitId":"CheongYeeMing"},"content":"    }","lastModifiedDate":"2021-08-28"},{"lineNumber":50,"author":{"gitId":"CheongYeeMing"},"content":"","lastModifiedDate":"2021-08-28"},{"lineNumber":51,"author":{"gitId":"CheongYeeMing"},"content":"    public Task markAsDone(int taskNumber) throws NoSuchTaskException {","lastModifiedDate":"2021-08-30"},{"lineNumber":52,"author":{"gitId":"CheongYeeMing"},"content":"        if (taskNumber \u003c 0 || taskNumber \u003e\u003d list.size()) {","lastModifiedDate":"2021-08-30"},{"lineNumber":53,"author":{"gitId":"CheongYeeMing"},"content":"            throw new NoSuchTaskException(new Ui());","lastModifiedDate":"2021-08-30"},{"lineNumber":54,"author":{"gitId":"CheongYeeMing"},"content":"        }","lastModifiedDate":"2021-08-30"},{"lineNumber":55,"author":{"gitId":"CheongYeeMing"},"content":"        Task task \u003d list.get(taskNumber - 1);","lastModifiedDate":"2021-08-28"},{"lineNumber":56,"author":{"gitId":"CheongYeeMing"},"content":"        task.markDone();","lastModifiedDate":"2021-08-28"},{"lineNumber":57,"author":{"gitId":"CheongYeeMing"},"content":"        return task;","lastModifiedDate":"2021-08-30"},{"lineNumber":58,"author":{"gitId":"CheongYeeMing"},"content":"    }","lastModifiedDate":"2021-08-28"},{"lineNumber":59,"author":{"gitId":"CheongYeeMing"},"content":"","lastModifiedDate":"2021-08-28"},{"lineNumber":60,"author":{"gitId":"CheongYeeMing"},"content":"    public int size(){","lastModifiedDate":"2021-08-28"},{"lineNumber":61,"author":{"gitId":"CheongYeeMing"},"content":"        return list.size();","lastModifiedDate":"2021-08-28"},{"lineNumber":62,"author":{"gitId":"CheongYeeMing"},"content":"    }","lastModifiedDate":"2021-08-28"},{"lineNumber":63,"author":{"gitId":"CheongYeeMing"},"content":"","lastModifiedDate":"2021-08-28"},{"lineNumber":64,"author":{"gitId":"CheongYeeMing"},"content":"    public ArrayList\u003cTask\u003e getList(){","lastModifiedDate":"2021-08-30"},{"lineNumber":65,"author":{"gitId":"CheongYeeMing"},"content":"        return this.list;","lastModifiedDate":"2021-08-30"},{"lineNumber":66,"author":{"gitId":"CheongYeeMing"},"content":"    }","lastModifiedDate":"2021-08-30"},{"lineNumber":67,"author":{"gitId":"CheongYeeMing"},"content":"","lastModifiedDate":"2021-08-30"},{"lineNumber":68,"author":{"gitId":"CheongYeeMing"},"content":"    public void loadFromStorage(ArrayList\u003cTask\u003e listOfTasks){","lastModifiedDate":"2021-08-28"},{"lineNumber":69,"author":{"gitId":"CheongYeeMing"},"content":"        list \u003d listOfTasks;","lastModifiedDate":"2021-08-28"},{"lineNumber":70,"author":{"gitId":"CheongYeeMing"},"content":"    }","lastModifiedDate":"2021-08-28"},{"lineNumber":71,"author":{"gitId":"CheongYeeMing"},"content":"}","lastModifiedDate":"2021-08-28"}],"authorContributionMap":{"CheongYeeMing":71}},{"path":"src/main/java/duke/task/TaskType.java","fileType":"java","lines":[{"lineNumber":1,"author":{"gitId":"CheongYeeMing"},"content":"package duke.task;","lastModifiedDate":"2021-08-30"},{"lineNumber":2,"author":{"gitId":"CheongYeeMing"},"content":"","lastModifiedDate":"2021-08-30"},{"lineNumber":3,"author":{"gitId":"CheongYeeMing"},"content":"public enum TaskType {","lastModifiedDate":"2021-08-28"},{"lineNumber":4,"author":{"gitId":"CheongYeeMing"},"content":"    DEADLINE(\"D\"),","lastModifiedDate":"2021-08-28"},{"lineNumber":5,"author":{"gitId":"CheongYeeMing"},"content":"    EVENT(\"E\"),","lastModifiedDate":"2021-08-28"},{"lineNumber":6,"author":{"gitId":"CheongYeeMing"},"content":"    TODO(\"T\");","lastModifiedDate":"2021-08-28"},{"lineNumber":7,"author":{"gitId":"CheongYeeMing"},"content":"","lastModifiedDate":"2021-08-28"},{"lineNumber":8,"author":{"gitId":"CheongYeeMing"},"content":"    private final String taskType;","lastModifiedDate":"2021-08-28"},{"lineNumber":9,"author":{"gitId":"CheongYeeMing"},"content":"","lastModifiedDate":"2021-08-28"},{"lineNumber":10,"author":{"gitId":"CheongYeeMing"},"content":"    private TaskType(final String taskType) {","lastModifiedDate":"2021-08-28"},{"lineNumber":11,"author":{"gitId":"CheongYeeMing"},"content":"        this.taskType \u003d taskType;","lastModifiedDate":"2021-08-28"},{"lineNumber":12,"author":{"gitId":"CheongYeeMing"},"content":"    }","lastModifiedDate":"2021-08-28"},{"lineNumber":13,"author":{"gitId":"CheongYeeMing"},"content":"","lastModifiedDate":"2021-08-28"},{"lineNumber":14,"author":{"gitId":"CheongYeeMing"},"content":"    public String getTaskType(){","lastModifiedDate":"2021-08-28"},{"lineNumber":15,"author":{"gitId":"CheongYeeMing"},"content":"        return taskType;","lastModifiedDate":"2021-08-28"},{"lineNumber":16,"author":{"gitId":"CheongYeeMing"},"content":"    }","lastModifiedDate":"2021-08-28"},{"lineNumber":17,"author":{"gitId":"CheongYeeMing"},"content":"}","lastModifiedDate":"2021-08-28"}],"authorContributionMap":{"CheongYeeMing":17}},{"path":"src/main/java/duke/task/ToDo.java","fileType":"java","lines":[{"lineNumber":1,"author":{"gitId":"CheongYeeMing"},"content":"package duke.task;","lastModifiedDate":"2021-08-30"},{"lineNumber":2,"author":{"gitId":"CheongYeeMing"},"content":"","lastModifiedDate":"2021-08-30"},{"lineNumber":3,"author":{"gitId":"CheongYeeMing"},"content":"public class ToDo extends Task  {","lastModifiedDate":"2021-08-19"},{"lineNumber":4,"author":{"gitId":"CheongYeeMing"},"content":"","lastModifiedDate":"2021-08-19"},{"lineNumber":5,"author":{"gitId":"CheongYeeMing"},"content":"    public ToDo(String description, boolean isDone){","lastModifiedDate":"2021-08-28"},{"lineNumber":6,"author":{"gitId":"CheongYeeMing"},"content":"        super(description, isDone, TaskType.TODO);","lastModifiedDate":"2021-08-28"},{"lineNumber":7,"author":{"gitId":"CheongYeeMing"},"content":"    }","lastModifiedDate":"2021-08-28"},{"lineNumber":8,"author":{"gitId":"CheongYeeMing"},"content":"","lastModifiedDate":"2021-08-28"},{"lineNumber":9,"author":{"gitId":"CheongYeeMing"},"content":"    @Override","lastModifiedDate":"2021-08-28"},{"lineNumber":10,"author":{"gitId":"CheongYeeMing"},"content":"    public String getStatus(){","lastModifiedDate":"2021-08-28"},{"lineNumber":11,"author":{"gitId":"CheongYeeMing"},"content":"        return \"[T]\" + super.getStatus();","lastModifiedDate":"2021-08-28"},{"lineNumber":12,"author":{"gitId":"CheongYeeMing"},"content":"    }","lastModifiedDate":"2021-08-19"},{"lineNumber":13,"author":{"gitId":"CheongYeeMing"},"content":"","lastModifiedDate":"2021-08-19"},{"lineNumber":14,"author":{"gitId":"CheongYeeMing"},"content":"    @Override","lastModifiedDate":"2021-08-19"},{"lineNumber":15,"author":{"gitId":"CheongYeeMing"},"content":"    public String toString(){","lastModifiedDate":"2021-08-19"},{"lineNumber":16,"author":{"gitId":"CheongYeeMing"},"content":"        return \"T\" + \" | \" + super.toString();","lastModifiedDate":"2021-08-28"},{"lineNumber":17,"author":{"gitId":"CheongYeeMing"},"content":"    }","lastModifiedDate":"2021-08-19"},{"lineNumber":18,"author":{"gitId":"CheongYeeMing"},"content":"}","lastModifiedDate":"2021-08-19"}],"authorContributionMap":{"CheongYeeMing":18}},{"path":"src/main/java/duke/ui/Ui.java","fileType":"java","lines":[{"lineNumber":1,"author":{"gitId":"CheongYeeMing"},"content":"package duke.ui;","lastModifiedDate":"2021-08-30"},{"lineNumber":2,"author":{"gitId":"CheongYeeMing"},"content":"","lastModifiedDate":"2021-08-30"},{"lineNumber":3,"author":{"gitId":"CheongYeeMing"},"content":"import duke.task.Task;","lastModifiedDate":"2021-08-30"},{"lineNumber":4,"author":{"gitId":"CheongYeeMing"},"content":"import duke.task.TaskList;","lastModifiedDate":"2021-08-30"},{"lineNumber":5,"author":{"gitId":"CheongYeeMing"},"content":"","lastModifiedDate":"2021-08-30"},{"lineNumber":6,"author":{"gitId":"CheongYeeMing"},"content":"public class Ui {","lastModifiedDate":"2021-08-30"},{"lineNumber":7,"author":{"gitId":"CheongYeeMing"},"content":"    private static final String LINE \u003d \"    ____________________________________________________________\";","lastModifiedDate":"2021-08-30"},{"lineNumber":8,"author":{"gitId":"CheongYeeMing"},"content":"    private static final String INDENTATION \u003d \"     \";","lastModifiedDate":"2021-08-30"},{"lineNumber":9,"author":{"gitId":"CheongYeeMing"},"content":"","lastModifiedDate":"2021-08-30"},{"lineNumber":10,"author":{"gitId":"CheongYeeMing"},"content":"    private static final String GREETING \u003d \"Hello from\\n\"","lastModifiedDate":"2021-08-30"},{"lineNumber":11,"author":{"gitId":"CheongYeeMing"},"content":"            + \" ____        _        \\n\"","lastModifiedDate":"2021-08-30"},{"lineNumber":12,"author":{"gitId":"CheongYeeMing"},"content":"            + \"|  _ \\\\ _   _| | _____ \\n\"","lastModifiedDate":"2021-08-30"},{"lineNumber":13,"author":{"gitId":"CheongYeeMing"},"content":"            + \"| | | | | | | |/ / _ \\\\\\n\"","lastModifiedDate":"2021-08-30"},{"lineNumber":14,"author":{"gitId":"CheongYeeMing"},"content":"            + \"| |_| | |_| |   \u003c  __/\\n\"","lastModifiedDate":"2021-08-30"},{"lineNumber":15,"author":{"gitId":"CheongYeeMing"},"content":"            + \"|____/ \\\\__,_|_|\\\\_\\\\___|\\n\";","lastModifiedDate":"2021-08-30"},{"lineNumber":16,"author":{"gitId":"CheongYeeMing"},"content":"","lastModifiedDate":"2021-08-30"},{"lineNumber":17,"author":{"gitId":"CheongYeeMing"},"content":"    public void greet(){","lastModifiedDate":"2021-08-30"},{"lineNumber":18,"author":{"gitId":"CheongYeeMing"},"content":"        System.out.println(GREETING);","lastModifiedDate":"2021-08-30"},{"lineNumber":19,"author":{"gitId":"CheongYeeMing"},"content":"        printWithFormat(\"Hello! I\u0027m Duke\\n\" + INDENTATION + \"What can I do for you?\");","lastModifiedDate":"2021-08-30"},{"lineNumber":20,"author":{"gitId":"CheongYeeMing"},"content":"    }","lastModifiedDate":"2021-08-30"},{"lineNumber":21,"author":{"gitId":"CheongYeeMing"},"content":"","lastModifiedDate":"2021-08-30"},{"lineNumber":22,"author":{"gitId":"CheongYeeMing"},"content":"    public void taskAddedMessage(Task task, int taskLeft){","lastModifiedDate":"2021-08-30"},{"lineNumber":23,"author":{"gitId":"CheongYeeMing"},"content":"        String msg \u003d \"Got it. I\u0027ve added this task:\\n\" + INDENTATION + task.getStatus();","lastModifiedDate":"2021-08-30"},{"lineNumber":24,"author":{"gitId":"CheongYeeMing"},"content":"        msg +\u003d \"\\n\" + INDENTATION + \"Now you have \" + taskLeft + \" tasks in the list.\";","lastModifiedDate":"2021-08-30"},{"lineNumber":25,"author":{"gitId":"CheongYeeMing"},"content":"        printWithFormat(msg);","lastModifiedDate":"2021-08-30"},{"lineNumber":26,"author":{"gitId":"CheongYeeMing"},"content":"    }","lastModifiedDate":"2021-08-30"},{"lineNumber":27,"author":{"gitId":"CheongYeeMing"},"content":"","lastModifiedDate":"2021-08-30"},{"lineNumber":28,"author":{"gitId":"CheongYeeMing"},"content":"    public void taskDeletedMessage(Task task, int taskLeft){","lastModifiedDate":"2021-08-30"},{"lineNumber":29,"author":{"gitId":"CheongYeeMing"},"content":"        String msg \u003d \"Noted. I\u0027ve removed this task:\\n\" + INDENTATION + task.getStatus();","lastModifiedDate":"2021-08-30"},{"lineNumber":30,"author":{"gitId":"CheongYeeMing"},"content":"        msg +\u003d \"\\n\" + INDENTATION + \"Now you have \" + taskLeft + \" tasks in the list.\";","lastModifiedDate":"2021-08-30"},{"lineNumber":31,"author":{"gitId":"CheongYeeMing"},"content":"        printWithFormat(msg);","lastModifiedDate":"2021-08-30"},{"lineNumber":32,"author":{"gitId":"CheongYeeMing"},"content":"    }","lastModifiedDate":"2021-08-30"},{"lineNumber":33,"author":{"gitId":"CheongYeeMing"},"content":"","lastModifiedDate":"2021-08-30"},{"lineNumber":34,"author":{"gitId":"CheongYeeMing"},"content":"    public void taskDoneMessage(Task task){","lastModifiedDate":"2021-08-30"},{"lineNumber":35,"author":{"gitId":"CheongYeeMing"},"content":"        String msg \u003d \"Nice! I\u0027ve marked this task as done:\\n\" + INDENTATION + task.getStatus();","lastModifiedDate":"2021-08-30"},{"lineNumber":36,"author":{"gitId":"CheongYeeMing"},"content":"        printWithFormat(msg);","lastModifiedDate":"2021-08-30"},{"lineNumber":37,"author":{"gitId":"CheongYeeMing"},"content":"    }","lastModifiedDate":"2021-08-30"},{"lineNumber":38,"author":{"gitId":"CheongYeeMing"},"content":"","lastModifiedDate":"2021-08-30"},{"lineNumber":39,"author":{"gitId":"CheongYeeMing"},"content":"    public void listTaskMessage(TaskList taskList){","lastModifiedDate":"2021-08-30"},{"lineNumber":40,"author":{"gitId":"CheongYeeMing"},"content":"        String msg \u003d \"Here are the tasks in your list:\\n\";","lastModifiedDate":"2021-08-30"},{"lineNumber":41,"author":{"gitId":"CheongYeeMing"},"content":"        for (int i \u003d 1; i \u003c\u003d taskList.size(); i++) {","lastModifiedDate":"2021-08-30"},{"lineNumber":42,"author":{"gitId":"CheongYeeMing"},"content":"            msg +\u003d INDENTATION + + i + \".\" + taskList.getTask(i).getStatus() + \"\\n\";","lastModifiedDate":"2021-08-30"},{"lineNumber":43,"author":{"gitId":"CheongYeeMing"},"content":"        }","lastModifiedDate":"2021-08-30"},{"lineNumber":44,"author":{"gitId":"CheongYeeMing"},"content":"        printWithFormat(msg);","lastModifiedDate":"2021-08-30"},{"lineNumber":45,"author":{"gitId":"CheongYeeMing"},"content":"    }","lastModifiedDate":"2021-08-30"},{"lineNumber":46,"author":{"gitId":"CheongYeeMing"},"content":"","lastModifiedDate":"2021-08-30"},{"lineNumber":47,"author":{"gitId":"CheongYeeMing"},"content":"    public void bye(){","lastModifiedDate":"2021-08-30"},{"lineNumber":48,"author":{"gitId":"CheongYeeMing"},"content":"        printWithFormat(\"Bye. Hope to see you again soon!\");","lastModifiedDate":"2021-08-30"},{"lineNumber":49,"author":{"gitId":"CheongYeeMing"},"content":"    }","lastModifiedDate":"2021-08-30"},{"lineNumber":50,"author":{"gitId":"CheongYeeMing"},"content":"","lastModifiedDate":"2021-08-30"},{"lineNumber":51,"author":{"gitId":"CheongYeeMing"},"content":"    public static void printWithFormat(String message) {","lastModifiedDate":"2021-08-30"},{"lineNumber":52,"author":{"gitId":"CheongYeeMing"},"content":"        System.out.println(LINE);","lastModifiedDate":"2021-08-30"},{"lineNumber":53,"author":{"gitId":"CheongYeeMing"},"content":"        System.out.println(INDENTATION + message);","lastModifiedDate":"2021-08-30"},{"lineNumber":54,"author":{"gitId":"CheongYeeMing"},"content":"        System.out.println(LINE);","lastModifiedDate":"2021-08-30"},{"lineNumber":55,"author":{"gitId":"CheongYeeMing"},"content":"    }","lastModifiedDate":"2021-08-30"},{"lineNumber":56,"author":{"gitId":"CheongYeeMing"},"content":"","lastModifiedDate":"2021-08-30"},{"lineNumber":57,"author":{"gitId":"CheongYeeMing"},"content":"    public static String formatErrorMessage(String message) {","lastModifiedDate":"2021-08-30"},{"lineNumber":58,"author":{"gitId":"CheongYeeMing"},"content":"        String errorMessage \u003d LINE + \"\\n\";","lastModifiedDate":"2021-08-30"},{"lineNumber":59,"author":{"gitId":"CheongYeeMing"},"content":"        errorMessage +\u003d INDENTATION + \"☹ OOPS!!! \" + message + \"\\n\";","lastModifiedDate":"2021-08-30"},{"lineNumber":60,"author":{"gitId":"CheongYeeMing"},"content":"        errorMessage +\u003d LINE;","lastModifiedDate":"2021-08-30"},{"lineNumber":61,"author":{"gitId":"CheongYeeMing"},"content":"        return errorMessage;","lastModifiedDate":"2021-08-30"},{"lineNumber":62,"author":{"gitId":"CheongYeeMing"},"content":"    }","lastModifiedDate":"2021-08-30"},{"lineNumber":63,"author":{"gitId":"CheongYeeMing"},"content":"}","lastModifiedDate":"2021-08-30"}],"authorContributionMap":{"CheongYeeMing":63}},{"path":"text-ui-test/input.txt","fileType":"txt","lines":[{"lineNumber":1,"author":{"gitId":"CheongYeeMing"},"content":"todo bake cookies","lastModifiedDate":"2021-08-19"},{"lineNumber":2,"author":{"gitId":"CheongYeeMing"},"content":"deadline 2103T week2 IP /by Aug 19th 2359pm","lastModifiedDate":"2021-08-19"},{"lineNumber":3,"author":{"gitId":"CheongYeeMing"},"content":"event NUS IVP Training /at UTOWN Hall 1","lastModifiedDate":"2021-08-19"}],"authorContributionMap":{"CheongYeeMing":3}}]
