{"authorDailyContributionsMap":{"KelvinSoo":[{"date":"2021-08-17","commitResults":[{"hash":"af313982ff9579eff585a08a57156dd2d47e6174","messageTitle":"Added greet, echo and exit feature to Duke.java","messageBody":"","tags":["Level-1"],"fileTypesAndContributionMap":{"java":{"insertions":84,"deletions":6}}},{"hash":"392b232e67ebfc6676e0b1f94d4bbc4fd4ff6da8","messageTitle":"Add list funtionality, Change display box design.","messageBody":"","tags":["Level-2"],"fileTypesAndContributionMap":{"java":{"insertions":46,"deletions":13}}}]},{"date":"2021-08-18","commitResults":[{"hash":"676b0d79d66e1bc68e33914c1356fd4f2b86f795","messageTitle":"Add Task.java class.","messageBody":"","fileTypesAndContributionMap":{"java":{"insertions":35,"deletions":0}}},{"hash":"f7ec94db18495f62e3c901e7e4a314bbceaa56a2","messageTitle":"Add Mark as Done functionality.","messageBody":"","tags":["Level-3"],"fileTypesAndContributionMap":{"java":{"insertions":34,"deletions":19}}},{"hash":"c6ef7cffc9318292419347ee1213c93a5339902d","messageTitle":"Add ToDos, Events, Deadlines functionality.","messageBody":"","tags":["Level-4"],"fileTypesAndContributionMap":{"java":{"insertions":95,"deletions":10}}},{"hash":"6482c25d028219a679ef243b4dea6073490d7b00","messageTitle":"Add the input/output redirection to semi-automate the testing of the chatbot.","messageBody":"","tags":["A-TextUiTesting"],"fileTypesAndContributionMap":{"txt":{"insertions":8,"deletions":0},"java":{"insertions":13,"deletions":7}}},{"hash":"ed73596e39643f2749666fa179456eb96e362455","messageTitle":"Add error handleing.","messageBody":"","tags":["Level-5"],"fileTypesAndContributionMap":{"java":{"insertions":221,"deletions":141}}},{"hash":"911021d2b77dab86e21ad1ca7ec763a379b60521","messageTitle":"Added more test cases.","messageBody":"","fileTypesAndContributionMap":{"txt":{"insertions":6,"deletions":1}}},{"hash":"94681e09892262942668587db5a3744bba84a199","messageTitle":"Add Delete functionality.","messageBody":"","fileTypesAndContributionMap":{"java":{"insertions":32,"deletions":14}}},{"hash":"80deb3b5fb559f9694fb70bba60d8954690ef492","messageTitle":"Add test case for delete.","messageBody":"","tags":["Level-6"],"fileTypesAndContributionMap":{"txt":{"insertions":6,"deletions":1}}}]},{"date":"2021-08-22","commitResults":[{"hash":"7a3721ca8c07bc29ced6aa7cf3a1c863c5ee0295","messageTitle":"Refactor Duke: change format to better follow coding standard","messageBody":"","fileTypesAndContributionMap":{"java":{"insertions":86,"deletions":81}}},{"hash":"6402f85723e5689c022a6731a8d15ed5d1584d56","messageTitle":"Duke printReply: change the output box design","messageBody":"","fileTypesAndContributionMap":{"java":{"insertions":5,"deletions":7}}},{"hash":"baaef1974a3d7a24ba6e3c441533ba2d063d0686","messageTitle":"Add Save functionality","messageBody":"","fileTypesAndContributionMap":{"java":{"insertions":140,"deletions":15}}},{"hash":"e00611ac870a3670dfd346e2e9a6109d25be5626","messageTitle":"Save function: improve exception handling","messageBody":"","tags":["Level-7"],"fileTypesAndContributionMap":{"java":{"insertions":1,"deletions":1}}}]},{"date":"2021-08-23","commitResults":[{"hash":"df0c7957e0f2477c1d344425353e4b7296903f5b","messageTitle":"Task class: convert into abstract class","messageBody":"","fileTypesAndContributionMap":{"java":{"insertions":1,"deletions":1}}},{"hash":"663755badd0b2f57e640a538a56a58fc367374a2","messageTitle":"Add Dates and Times functionality","messageBody":"","tags":["Level-8"],"fileTypesAndContributionMap":{"java":{"insertions":72,"deletions":8}}},{"hash":"2ae5845330af174d6d68e18d24e402f3b4d3fcc6","messageTitle":"Revert commit","messageBody":"","fileTypesAndContributionMap":{"txt":{"insertions":1,"deletions":6}}},{"hash":"cb70a9e8741e831e20a2fd9feffb44b816c7ed5a","messageTitle":"Revert \"Save function: improve exception handling\"","messageBody":"This reverts commit e00611ac870a3670dfd346e2e9a6109d25be5626.\n","fileTypesAndContributionMap":{"java":{"insertions":1,"deletions":1}}},{"hash":"abbbf1157a0e95a20d9ec479da27dc2feab8dba4","messageTitle":"Update version descripting to Level-8","messageBody":"","fileTypesAndContributionMap":{"java":{"insertions":1,"deletions":1}}}]},{"date":"2021-08-24","commitResults":[{"hash":"78a0541330cd9b97cb7c88faf426d8b542113834","messageTitle":"Refactor Duke: change design to follow the OOP approach","messageBody":"","tags":["A-MoreOOP"],"fileTypesAndContributionMap":{"java":{"insertions":660,"deletions":353}}},{"hash":"e25b60c61ffa900453af2a9b7e6b7c3fd8ec9e52","messageTitle":"Divide classes into packages","messageBody":"","tags":["A-Packages"],"fileTypesAndContributionMap":{"java":{"insertions":184,"deletions":80}}},{"hash":"8258b112a919d0c01fd8b564704aabd002d82510","messageTitle":"Add JUnit tests","messageBody":"","tags":["v0.1","A-JUnit"],"fileTypesAndContributionMap":{"java":{"insertions":118,"deletions":11}}},{"hash":"6727fa9cbd510cf17416115b845e534bf2e50b3f","messageTitle":"Add more JavaDoc comments","messageBody":"","tags":["A-JavaDoc"],"fileTypesAndContributionMap":{"java":{"insertions":44,"deletions":0}}},{"hash":"805b08f1c7382a3f460da134162b38ad30666ed0","messageTitle":"Tweak code to comply with the coding standard","messageBody":"","tags":["A-CodingStandard"],"fileTypesAndContributionMap":{"java":{"insertions":17,"deletions":14}}},{"hash":"f758b457b46396e1b35680f7451341566ef77a96","messageTitle":"Add Find functionality","messageBody":"","tags":["Level-9"],"fileTypesAndContributionMap":{"java":{"insertions":71,"deletions":8}}}]},{"date":"2021-08-25","commitResults":[{"hash":"9280c230c055bfeb864fe5e282aceb76fa7a449b","messageTitle":"Update test files to include testing for find","messageBody":"","fileTypesAndContributionMap":{"txt":{"insertions":10,"deletions":4},"java":{"insertions":7,"deletions":3}}}]},{"date":"2021-08-30","commitResults":[{"hash":"c7c07f02dbf14cec7bef833b4c05678067d68ad8","messageTitle":"Rename methods to be more meaningful","messageBody":"","fileTypesAndContributionMap":{"java":{"insertions":16,"deletions":16}}},{"hash":"735d21e3e416cbe54b192f413804ee4324bc13b7","messageTitle":"Update README.md","messageBody":"","fileTypesAndContributionMap":{"md":{"insertions":34,"deletions":24}}}]},{"date":"2021-08-31","commitResults":[{"hash":"c222db5af0858ed80c33179214df002518cc6bde","messageTitle":"Add gradle gradle dependencies","messageBody":"","fileTypesAndContributionMap":{"gradle":{"insertions":15,"deletions":0},"java":{"insertions":7,"deletions":1}}},{"hash":"9dd46364d3479fdf56013600e58d7ccbbd007340","messageTitle":"Add basic javaFX feature","messageBody":"","fileTypesAndContributionMap":{"java":{"insertions":62,"deletions":1}}}]},{"date":"2021-09-02","commitResults":[{"hash":"f1bfeb011daa353410b9b23c9cdccc03bb55e7fa","messageTitle":"Add graphical UI","messageBody":"","tags":["Level-10"],"fileTypesAndContributionMap":{"java":{"insertions":277,"deletions":210}}}]},{"date":"2021-09-07","commitResults":[{"hash":"2e7bbd8749d92f334698bef09444fa779ae1b800","messageTitle":"Refactor Gui: remove magic numbers","messageBody":"","fileTypesAndContributionMap":{"java":{"insertions":14,"deletions":10}}},{"hash":"35449fbf988fdaee27a8235165533409afcfda3b","messageTitle":"Add Assertions for command package","messageBody":"Code should include assertion to alert programmer errors.\n\nAssertions have been added to the AddCommand, DeleteCommand,\nDoneCommand, FindCommand and ListCommand.\n\nUsing assertion for the command package is important as there might\nbe instances of programmer error when passing values that are\nincompatible such as null list.\n","tags":["A-FullCommitMessage","A-Assertions"],"fileTypesAndContributionMap":{"java":{"insertions":12,"deletions":2}}},{"hash":"a237e0df04e05f0bf7e5019cf8b73dba70ab27da","messageTitle":"Refactor DialogBox: remove magic numbers","messageBody":"","fileTypesAndContributionMap":{"java":{"insertions":9,"deletions":3}}},{"hash":"74cdb01beabd4c4eb9f6cb982f33e5437912f84e","messageTitle":"Refactor imports","messageBody":"Import statement is not in the right order.\n\nWhen the import statement is disorganise it will be hard to read.\n\nOrganising the import statements by packages increases readability.\n","fileTypesAndContributionMap":{"java":{"insertions":18,"deletions":17}}},{"hash":"2a3b6ac6d6f04803f3e69e78517d40c60d919259","messageTitle":"Refactor JavaDocs","messageBody":"Remove unnecessary white space.\n\nThis is to improve code readability.\n","fileTypesAndContributionMap":{"java":{"insertions":14,"deletions":28}}},{"hash":"c4be5c74b93dc559d76f006d5e6dc8e6d9ee8d16","messageTitle":"Refactor duke: improve if statements","messageBody":"It is hard to understand some if statements.\n\nAdd Boolean conditions with appropriate names.\n\nThis is to improve the overall code readability and quality.\n","tags":["A-CodeQuality"],"fileTypesAndContributionMap":{"java":{"insertions":68,"deletions":53}}},{"hash":"04e53dddb60a766247ca5815fb6e08210c09e25c","messageTitle":"Add Tagging functionality","messageBody":"","tags":["BCD-Extension"],"fileTypesAndContributionMap":{"java":{"insertions":130,"deletions":9}}},{"hash":"778266e11c16d1b6a224974b9e90157b35a3781d","messageTitle":"Tag command: wrong if statement","messageBody":"Statement is now correct.\n","fileTypesAndContributionMap":{"java":{"insertions":2,"deletions":2}}}]},{"date":"2021-09-14","commitResults":[{"hash":"13663daac391ef48c2570c1cf0dc2a41ead56847","messageTitle":"Refactor UI design from Gui into fxml files","messageBody":"","fileTypesAndContributionMap":{"fxml":{"insertions":35,"deletions":0},"java":{"insertions":197,"deletions":234}}}]},{"date":"2021-09-15","commitResults":[{"hash":"cb37dc9bb6db9da962e76e005fa8ba2e8d26ed21","messageTitle":"Refactor exceptions into individual duke exception","messageBody":"","fileTypesAndContributionMap":{"java":{"insertions":249,"deletions":134}}}]}]},"authorFileTypeContributionMap":{"KelvinSoo":{"java":1546,"md":29,"fxml":35,"sh":0,"bat":0,"gradle":15,"txt":19}},"authorContributionVariance":{"KelvinSoo":83617.55},"authorDisplayNameMap":{"KelvinSoo":"CS2103T-W17-4 SOO ..LVIN"}}
