{"authorDailyContributionsMap":{"EuniceSim142":[{"date":"2021-08-17","commitResults":[{"hash":"0c827bb414c8e0152e5d63d2f5d3e697967b575d","messageTitle":"Add response to user input","messageBody":"Let\u0027s have the Duke echo the user input and close when the user enters \u0027bye\u0027.\n","tags":["level-1"],"fileTypesAndContributionMap":{"java":{"insertions":26,"deletions":6}}},{"hash":"120502694480516d0f977d4a1e9df3201564d9d8","messageTitle":"Add new response for \u0027list\u0027","messageBody":"When user enters \u0027list\u0027 into Command Line, Duke will print to screen a list of all the inputs they have entered sofar.\n","tags":["level-2"],"fileTypesAndContributionMap":{"java":{"insertions":10,"deletions":1}}},{"hash":"a682524c92de09041d6c4477d82712521f4f44f5","messageTitle":"Add ability to mark tasks as done","messageBody":"Let\u0027s add a Task class that Duke can use, that can be marked as done.\n\nNew user response:\n* \u0027list\u0027: displays all the tasks (with X is they are done)\n* \u0027done (int)\u0027: marks the task at (int) as \u0027done\u0027\n","fileTypesAndContributionMap":{"java":{"insertions":34,"deletions":3}}},{"hash":"61b067a6e0943a9f33052fac0d8232c3397f5b7e","messageTitle":"Add Javadoc comments to Task class","messageBody":"","tags":["level-3"],"fileTypesAndContributionMap":{"java":{"insertions":13,"deletions":0}}},{"hash":"e17a563fe6cef2828e9c352490ea40237f5edc6e","messageTitle":"Add Deadline.java, Event.java and Todo.java","messageBody":"Deadline.java, Event.java and Todo.java inherit from Task.java and using Polymorphism, all the Tasks are stored in an Array List (savedInputs).\n\nEdit Duke.java to handle the 3 different Task types.\n","fileTypesAndContributionMap":{"java":{"insertions":59,"deletions":2}}},{"hash":"7409fe84ddfb92be165ea0eebafda6a21287db80","messageTitle":"Add Javadoc comments to Deadline.java, Event.java and Todo.java","messageBody":"","fileTypesAndContributionMap":{"java":{"insertions":31,"deletions":3}}},{"hash":"333c8362326d233674dfa19b614283d6dcb769cc","messageTitle":"Fix todo description bug","messageBody":"Wrong input when creating Todo object: used to have the \u0027todo\u0027, but now is removed.\n","tags":["level-4"],"fileTypesAndContributionMap":{"java":{"insertions":1,"deletions":1}}},{"hash":"050e2fbbc6a55cdc6ba57cd79a07daa94f038799","messageTitle":"Update EXPECTED.TXT and input.txt","messageBody":"","tags":["A-TextUiTesting"],"fileTypesAndContributionMap":{"txt":{"insertions":10,"deletions":0}}}]},{"date":"2021-08-18","commitResults":[{"hash":"0080b07d19b387d284afe119a648a7da347b7cfe","messageTitle":"Change if-else statements in Duke.java to a switch","messageBody":"To improve readibility of code.\n","fileTypesAndContributionMap":{"java":{"insertions":63,"deletions":34}}},{"hash":"04f450074c4889c81e3c1444aca84271318d168d","messageTitle":"Add DukeException.java and instances of DukeException class in Duke.java","messageBody":"","fileTypesAndContributionMap":{"java":{"insertions":129,"deletions":50}}},{"hash":"6530274bf6d86c636d360334cd89c4c92b0ec3bd","messageTitle":"Add test cases for DukeException.java in input.txt and the expected output in EXPECTED.TXT","messageBody":"Duke.java: Change if-statements and a DukeException object\u0027s argument, to improve consistency\n","tags":["level-5"],"fileTypesAndContributionMap":{"txt":{"insertions":17,"deletions":0},"java":{"insertions":3,"deletions":4}}},{"hash":"e1d31d952cc1e72820ae46b5a1dc5e4a805439b2","messageTitle":"Add delete function","messageBody":"","fileTypesAndContributionMap":{"java":{"insertions":38,"deletions":15}}},{"hash":"52deb827d4cfc9531b11e1fa9637daba1f01a84b","messageTitle":"Add test cases for delete function","messageBody":"","tags":["level-6"],"fileTypesAndContributionMap":{"txt":{"insertions":8,"deletions":0}}},{"hash":"382a2374343aaaa5ed0f5438fb76e991704f770c","messageTitle":"Added Enums to Duke.java","messageBody":"There are a finite, small number of commands the user can enter, so using Enumerations are applicable.\n\nMade minor changes to the Javadocs documentation in all other files.\n","tags":["A-Enums"],"fileTypesAndContributionMap":{"java":{"insertions":24,"deletions":29}}}]},{"date":"2021-08-23","commitResults":[{"hash":"3bf2c58b6476762cda5066dab4e81f2001cccbad","messageTitle":"Add ability to save to Hard Disk and load from Hard Disk when Duke starts up","messageBody":"Add 2 new methods (taskType and savedFormat) for Task.java, Todo.java, Deadline.java and Event.java\n\nIn Duke.java, when Duke starts up, it will load data from hard disk if the file already exists or create a new file. When Duke closes out (\u0027bye\u0027), the old file will be overwritten to\ncontain the contents of the new list.\n\nJavaDoc comments added.\n","fileTypesAndContributionMap":{"java":{"insertions":125,"deletions":2}}},{"hash":"21e8caa8e17d7c899f291c7a4ccd318d7d8e8338","messageTitle":"Change Duke to recognise Date and Time.","messageBody":"","fileTypesAndContributionMap":{"java":{"insertions":20,"deletions":8}}},{"hash":"462d0b2c915747f4c6d76b67051ff05fac0e709d","messageTitle":"Add check command that allows user to check the deadlines and events of that date","messageBody":"","fileTypesAndContributionMap":{"java":{"insertions":31,"deletions":1}}}]},{"date":"2021-08-24","commitResults":[{"hash":"7560eadfb4c2d2661639865ce07c69d11b450545","messageTitle":"Change from update hard disk everytime Duke closes to everytime a command is run","messageBody":"","fileTypesAndContributionMap":{"java":{"insertions":62,"deletions":17}}},{"hash":"7c2a71614490297fd3e0311d86aba9be9f68ccd4","messageTitle":"Add more OOP","messageBody":"","tags":["A-MoreOOP"],"fileTypesAndContributionMap":{"java":{"insertions":469,"deletions":292}}},{"hash":"7f234444edead9a5e923acac8dd3ba6ac45dbd52","messageTitle":"Move all duke java classes into a Duke package","messageBody":"","tags":["A-Packages"],"fileTypesAndContributionMap":{"java":{"insertions":35,"deletions":15},"bat":{"insertions":1,"deletions":1},"md":{"insertions":2,"deletions":2}}},{"hash":"244283bdfb0e1a3436725e3712945178d94184b7","messageTitle":"Add *Command classes and grouped them in duke.command package","messageBody":"Create duke.task package to group task-related classes together.\n","fileTypesAndContributionMap":{"java":{"insertions":388,"deletions":198}}},{"hash":"cb3bb8d0a6d552166d76cd153846fbcac2db4b52","messageTitle":"Add some JUnit test classes","messageBody":"Stubs and Interfaces were also created to isolate SUT from their dependencies.\n","fileTypesAndContributionMap":{"java":{"insertions":489,"deletions":7}}},{"hash":"46cdba30d4eeaba471a5c2ebcb30cf848c6d0191","messageTitle":"Move TaskList.java out of task package","messageBody":"","tags":["A-JUnit"],"fileTypesAndContributionMap":{"java":{"insertions":15,"deletions":14}}},{"hash":"5f7833022793f1d249b2855b519c09fd21cdd182","messageTitle":"Add isSameDate function to abstract out the operation","messageBody":"Make the class that the date is stored in to compare dates, to maintain abstraction barrier between client and the program\n","fileTypesAndContributionMap":{"java":{"insertions":8,"deletions":0}}},{"hash":"e0c4676a526a1e0f9cdef75d24d1c4105ad7612c","messageTitle":"Track the a stub text file to test loading data from hard disk","messageBody":"","fileTypesAndContributionMap":{"txt":{"insertions":0,"deletions":0}}},{"hash":"f2802d10eef0da41170a3f52fbf867d711a0e3ce","messageTitle":"Add duke.txt","messageBody":"","tags":["A-Jar"],"fileTypesAndContributionMap":{"txt":{"insertions":0,"deletions":0}}},{"hash":"7507ee47d84a144ada003626265e3a0ae0cabf40","messageTitle":"Add JavaDoc comments to all public classes and methods","messageBody":"","fileTypesAndContributionMap":{"java":{"insertions":398,"deletions":20}}},{"hash":"eee030ad668e5cf14258151b736ed0f6bb9c8909","messageTitle":"Add Find function to Duke","messageBody":"User can search for a phrase and Duke will return all tasks that match (contains) the phrase.\n","fileTypesAndContributionMap":{"txt":{"insertions":3,"deletions":0},"java":{"insertions":59,"deletions":6}}},{"hash":"379f9ebd428effb1a179b4e3d47fd3d676e06189","messageTitle":"Fix code to match Java Coding Standard","messageBody":"","fileTypesAndContributionMap":{"java":{"insertions":52,"deletions":44}}},{"hash":"a13f64d8a5be5b6f57f2af9cc79687348b565ded","messageTitle":"Add JavaDoc comments for Interfaces","messageBody":"","fileTypesAndContributionMap":{"java":{"insertions":12,"deletions":2}}}]},{"date":"2021-08-29","commitResults":[{"hash":"e8442f7849bfe7a1e5840d804186060c0e408643","messageTitle":"Fix FileNotFoundException when duke.txt (hard disk) does not exist yet","messageBody":"Occurs because directory does not exist exception was not handled.\n","fileTypesAndContributionMap":{"txt":{"insertions":0,"deletions":3},"java":{"insertions":5,"deletions":8}}}]},{"date":"2021-08-30","commitResults":[{"hash":"099ff7235bca813e39383785aa8938aa5823afec","messageTitle":"Add build.gradle and update test case for checkDate method","messageBody":"","fileTypesAndContributionMap":{"java":{"insertions":10,"deletions":8}}},{"hash":"e1f10127f28dae136b85ab1d02964f542ce1e917","messageTitle":"Add checkstyle.xml and suppressions.xml to run Checkstyle and fix all checkstyle errors","messageBody":"","fileTypesAndContributionMap":{"java":{"insertions":109,"deletions":89}}}]},{"date":"2021-08-31","commitResults":[{"hash":"0be1ce236dfb32911084b44329da37308b42cd36","messageTitle":"Add GUI to Duke","messageBody":"* change Command classes to return a String instead of directly printing to console when execute method is run\n* change Ui class methods to return a String instead of directly printing to console\n\n* Add fxml files to customise layout of application\n* Add Launcher, Main and DialogBox classes\n","fileTypesAndContributionMap":{"gradle":{"insertions":16,"deletions":1},"fxml":{"insertions":37,"deletions":0},"java":{"insertions":373,"deletions":55}}},{"hash":"5875820f4988a3a114fecc0a1dfa4e37febec2bf","messageTitle":"Fix style errors after running checkstyle","messageBody":"","fileTypesAndContributionMap":{"java":{"insertions":28,"deletions":18}}},{"hash":"5049f0ee8d24ecb14c8d63c53e08b822cb5a840b","messageTitle":"Clean Up Code","messageBody":"* Change Storage.java to only have one add method that works for all three task types\n* Change Ui.java to only have one add method that works for all three task types\n* Change tasktype method to return a character instead of an integer\n","fileTypesAndContributionMap":{"java":{"insertions":37,"deletions":94}}}]}]},"authorFileTypeContributionMap":{"EuniceSim142":{"java":2127,"md":2,"fxml":37,"sh":0,"bat":1,"gradle":16,"txt":35}},"authorContributionVariance":{"EuniceSim142":293036.7},"authorDisplayNameMap":{"EuniceSim142":"CS2103T-W16-2 SIM ..NICE"}}
