{"authorDailyContributionsMap":{"mslevis":[{"date":"2021-08-17","commitResults":[{"hash":"3a41beda46fe10a62fda2b973277cb9cb1c6a32c","messageTitle":"Added greeting, echo, exit","messageBody":"","tags":["Level-1"],"fileTypesAndContributionMap":{"java":{"insertions":22,"deletions":6}}}]},{"date":"2021-08-18","commitResults":[{"hash":"c31c8d4ba1b648814dced88581331230fc77dc3f","messageTitle":"Include Add, List into Duke.java","messageBody":"","tags":["Level-2"],"fileTypesAndContributionMap":{"java":{"insertions":24,"deletions":8}}},{"hash":"ce4e4ed4255f752ee6054b4d3e24614cbfa34716","messageTitle":"Add Task class","messageBody":"","tags":["A-Classes"],"fileTypesAndContributionMap":{"java":{"insertions":22,"deletions":0}}},{"hash":"5458873d32506961263496416b1fb0597aec8c8f","messageTitle":"Add ability to mark tasks as done","messageBody":"","tags":["Level-3"],"fileTypesAndContributionMap":{"java":{"insertions":18,"deletions":7}}},{"hash":"be9a3f9b09faca98e24f68ec5c71a76e1c68e593","messageTitle":"Abstract completing a task into a method","messageBody":"","fileTypesAndContributionMap":{"java":{"insertions":11,"deletions":7}}},{"hash":"9485cf3f012fe86b2f7cdcffd2b724241775c446","messageTitle":"Add Todo, Deadline, Event","messageBody":"","tags":["Level-4","A-Enums"],"fileTypesAndContributionMap":{"java":{"insertions":74,"deletions":16}}},{"hash":"201b2aa9849e7a04201247623c710fd80d864a6e","messageTitle":"Add Text UI Testing","messageBody":"","tags":["A-TextUiTesting"],"fileTypesAndContributionMap":{"txt":{"insertions":7,"deletions":0}}},{"hash":"9b6c5282ae94f625a54b4780d4b8de0a12e0b1a5","messageTitle":"Add Exceptions Handling","messageBody":"","tags":["Level-5"],"fileTypesAndContributionMap":{"java":{"insertions":66,"deletions":27}}},{"hash":"a9cc67ab2095f0943d7843d57a1ee279874817e2","messageTitle":"Add delete function, Tidy up exception handling","messageBody":"","tags":["Level-6"],"fileTypesAndContributionMap":{"java":{"insertions":29,"deletions":5}}},{"hash":"5f1dff436c276045e921effcf624c1a32d6ff229","messageTitle":"Edit formatting, Improve UI Testing","messageBody":"","fileTypesAndContributionMap":{"txt":{"insertions":3,"deletions":1},"java":{"insertions":2,"deletions":2}}}]},{"date":"2021-08-25","commitResults":[{"hash":"6b3de976d360f165143469a853a61eda82d49069","messageTitle":"updated constructors for Tasks","messageBody":"","fileTypesAndContributionMap":{"java":{"insertions":59,"deletions":0}}},{"hash":"65310391bd8c1711ed26f2b9eb0e0261d7f6ed2c","messageTitle":"Todo, Event, Deadline: Include PrintFormat method","messageBody":"","fileTypesAndContributionMap":{"java":{"insertions":50,"deletions":9}}},{"hash":"f3ddfd8eb7222ad63b755a718d7469572bb8c0a3","messageTitle":"Create Storage class","messageBody":"","fileTypesAndContributionMap":{"txt":{"insertions":6,"deletions":0},"java":{"insertions":32,"deletions":26}}},{"hash":"41af89d4c5c80860e900a6a76c3c1241353975cb","messageTitle":"Add LocalDateTime type to Deadline, Event","messageBody":"","fileTypesAndContributionMap":{"java":{"insertions":9,"deletions":7}}},{"hash":"ca6c8da7f7e0ce9718d0913c015724f613cac8ad","messageTitle":"Add Date parsing in Duke class","messageBody":"","fileTypesAndContributionMap":{"java":{"insertions":29,"deletions":8}}},{"hash":"c8d5f769caeaa27abf0631e4b8d065fb775933a1","messageTitle":"Change date output format","messageBody":"","fileTypesAndContributionMap":{"java":{"insertions":2,"deletions":2}}},{"hash":"1eb750600685ba1b8c4ee127ecddf440780da04c","messageTitle":"fix bugs","messageBody":"","fileTypesAndContributionMap":{"txt":{"insertions":5,"deletions":10},"java":{"insertions":25,"deletions":6}}}]},{"date":"2021-08-26","commitResults":[{"hash":"75c9a55ce0c8104a1b5d8ad08e2be283a32dbcbe","messageTitle":"Create Classes Parser, TaskList, Ui","messageBody":"","tags":["A-MoreOOP"],"fileTypesAndContributionMap":{"txt":{"insertions":0,"deletions":2},"java":{"insertions":218,"deletions":135}}},{"hash":"47f8a7c2f0e161540e7c66b96dc8d3e7575ca4a9","messageTitle":"Add package","messageBody":"","tags":["A-Packages"],"fileTypesAndContributionMap":{"txt":{"insertions":9,"deletions":0},"java":{"insertions":45,"deletions":7}}},{"hash":"7bfad9013d9de69438569364d090a7718524cb7f","messageTitle":"Add Junit Tests","messageBody":"","tags":["A-Junit"],"fileTypesAndContributionMap":{"java":{"insertions":10,"deletions":0}}}]}]},"authorFileTypeContributionMap":{"mslevis":{"java":477,"md":0,"fxml":0,"sh":0,"bat":0,"gradle":0,"txt":17}},"authorContributionVariance":{"mslevis":17131.0},"authorDisplayNameMap":{"mslevis":"CS2103T-T09-1 TAN ..OWEN"}}
