{"authorDailyContributionsMap":{"ryanpeh":[{"date":"2021-08-17","commitResults":[{"hash":"09ef9fb66aa6354ba721977b1f25d2d3d68cb57f","messageTitle":"add greet, echo and exit functionality","messageBody":"","tags":["Level-1"],"fileTypesAndContributionMap":{"java":{"insertions":29,"deletions":6}}},{"hash":"2f3250cc65e698efd853eaba3167ead1d4b07465","messageTitle":"add storing and displaying of tasks","messageBody":"","tags":["Level-2"],"fileTypesAndContributionMap":{"java":{"insertions":45,"deletions":21}}},{"hash":"d9340afdf0b63203d295021374f0483ab7c419c3","messageTitle":"add ability to mark task as done","messageBody":"","tags":["Level-3"],"fileTypesAndContributionMap":{"java":{"insertions":48,"deletions":11}}}]}]},"authorFileTypeContributionMap":{"ryanpeh":{"java":88,"md":0,"fxml":0,"sh":0,"bat":0,"gradle":0,"txt":0}},"authorContributionVariance":{"ryanpeh":2528.3955},"authorDisplayNameMap":{"ryanpeh":"PEH ..RYAN"}}
