{"authorDailyContributionsMap":{"ryanpeh":[{"date":"2021-08-17","commitResults":[{"hash":"09ef9fb66aa6354ba721977b1f25d2d3d68cb57f","messageTitle":"add greet, echo and exit functionality","messageBody":"","tags":["Level-1"],"fileTypesAndContributionMap":{"java":{"insertions":29,"deletions":6}}},{"hash":"2f3250cc65e698efd853eaba3167ead1d4b07465","messageTitle":"add storing and displaying of tasks","messageBody":"","tags":["Level-2"],"fileTypesAndContributionMap":{"java":{"insertions":45,"deletions":21}}},{"hash":"d9340afdf0b63203d295021374f0483ab7c419c3","messageTitle":"add ability to mark task as done","messageBody":"","tags":["Level-3"],"fileTypesAndContributionMap":{"java":{"insertions":48,"deletions":11}}}]},{"date":"2021-08-18","commitResults":[{"hash":"fb9cbcacf568780afabeffb2d69fc1885b6f0c67","messageTitle":"Add support for tracking todos, events and deadlines","messageBody":"","tags":["Level-4"],"fileTypesAndContributionMap":{"java":{"insertions":75,"deletions":13}}},{"hash":"f5bef012a8a5a68af31c32461db9f53a046b7d7d","messageTitle":"Add automated text UI testing","messageBody":"","tags":["A-TextUiTesting"],"fileTypesAndContributionMap":{"txt":{"insertions":14,"deletions":0},"java":{"insertions":2,"deletions":13}}},{"hash":"4924c32816c85e9f3243e00523be54eb390a80e3","messageTitle":"Refactor implementation of adding various tasks","messageBody":"","fileTypesAndContributionMap":{"txt":{"insertions":1,"deletions":3},"java":{"insertions":48,"deletions":42}}},{"hash":"750e8bda09c0712b44d8555454145c8b818b6026","messageTitle":"Add override statements","messageBody":"","fileTypesAndContributionMap":{"java":{"insertions":4,"deletions":0}}}]},{"date":"2021-08-19","commitResults":[{"hash":"9fc9a944c1fcd6f0147f2252d489cfb7e34944de","messageTitle":"Add error handling functionality","messageBody":"","tags":["Level-5"],"fileTypesAndContributionMap":{"txt":{"insertions":6,"deletions":1},"java":{"insertions":50,"deletions":28}}},{"hash":"42137a61f48ec1d1005a93fbb05a536b49f40b79","messageTitle":"Add support for deleting tasks from list","messageBody":"","tags":["Level-6"],"fileTypesAndContributionMap":{"java":{"insertions":30,"deletions":5}}}]},{"date":"2021-08-25","commitResults":[{"hash":"cc20db969ab2c4148867160089e9d4628dbf8e3d","messageTitle":"Add storing of date and time as dateTime","messageBody":"","tags":["Level-8"],"fileTypesAndContributionMap":{"java":{"insertions":17,"deletions":7}}},{"hash":"23f576dada63324afbe20d4e3e36fd29f8eb3337","messageTitle":"Add saving of tasks in a file","messageBody":"","tags":["Level-7"],"fileTypesAndContributionMap":{"java":{"insertions":58,"deletions":1}}}]},{"date":"2021-08-29","commitResults":[{"hash":"44cb81aafe9d5fc6d764f3150c97a802e71795dd","messageTitle":"Refactor code to be more OOP-like","messageBody":"","tags":["A-Packages","A-MoreOOP"],"fileTypesAndContributionMap":{"java":{"insertions":522,"deletions":194}}}]},{"date":"2021-08-30","commitResults":[{"hash":"8abd96a4c885d817a14f8504ea3f965ca2cb473d","messageTitle":"Add JUnit tests","messageBody":"","tags":["A-JUnit"],"fileTypesAndContributionMap":{"java":{"insertions":51,"deletions":0}}},{"hash":"b95f4745a5e7b9b9d3a180d41cc07ae43f55e964","messageTitle":"Refactor imports to follow coding standard","messageBody":"","fileTypesAndContributionMap":{"java":{"insertions":33,"deletions":65}}},{"hash":"e8df9ed460634b9f0f551443747f32ebcc254cf4","messageTitle":"Add javadocs","messageBody":"","tags":["A-JavaDoc"],"fileTypesAndContributionMap":{"java":{"insertions":244,"deletions":17}}},{"hash":"86d29f55ed1b691013061650c8b47844f01dcf56","messageTitle":"Refactor imports to follow coding standard","messageBody":"","tags":["A-CodingStandard"],"fileTypesAndContributionMap":{"java":{"insertions":4,"deletions":1}}},{"hash":"3920a79789638a5164feee0b0aae48397488ed1b","messageTitle":"Add ability to find task by searching for a keyword","messageBody":"","tags":["Level-9"],"fileTypesAndContributionMap":{"java":{"insertions":49,"deletions":9}}},{"hash":"878f9b062152774cd3fc8be21bde7f37714b7a7c","messageTitle":"Fix error during merging","messageBody":"","fileTypesAndContributionMap":{"java":{"insertions":1,"deletions":0}}}]}]},"authorFileTypeContributionMap":{"ryanpeh":{"java":888,"md":0,"fxml":0,"sh":0,"bat":0,"gradle":0,"txt":17}},"authorContributionVariance":{"ryanpeh":31289.23},"authorDisplayNameMap":{"ryanpeh":"CS2103T-F12-1 PEH ..RYAN"}}
