{"authorDailyContributionsMap":{"yeppog":[{"date":"2021-08-13","commitResults":[{"hash":"9b0926f6f92b2e371ad6f588e881e72721f9068b","messageTitle":"Add echo functionality","messageBody":"Seperated the Duke instance to a Main class\n","tags":["Level-1"],"fileTypesAndContributionMap":{"java":{"insertions":41,"deletions":7}}},{"hash":"176f8cf9cc293449bb5bcff5d6b75b3fcf912f61","messageTitle":"Add list storage functionality","messageBody":"Make Duke to be instance based and removed all static methods\n","tags":["Level-2"],"fileTypesAndContributionMap":{"java":{"insertions":57,"deletions":13}}},{"hash":"3f68127d4005051ada2e0403ad3ce95545c6bc03","messageTitle":"Add Task class with mark complete feature","messageBody":"Features basic error handling for handling errenous user input.\n","tags":["Level-3"],"fileTypesAndContributionMap":{"java":{"insertions":86,"deletions":6}}},{"hash":"3b25bd8665de0c364527a3104a74031287818d3b","messageTitle":"Add Task class Javadocs","messageBody":"","fileTypesAndContributionMap":{"java":{"insertions":23,"deletions":0}}}]},{"date":"2021-08-14","commitResults":[{"hash":"08631683d1785f44daa6b1be7de8a4d0ed02fc78","messageTitle":"Add Todos, Events and Deadlines","messageBody":"Update printed messages for successful task add.\n","tags":["Level-4"],"fileTypesAndContributionMap":{"java":{"insertions":134,"deletions":7}}}]},{"date":"2021-08-16","commitResults":[{"hash":"31672f9c56f339dd6da7148e934320acc6cb53d0","messageTitle":"Remove enhanced switch statement","messageBody":"Java 15 was somehow the default, which allowed for enhanced switch. Switch back to SDK 11\n","tags":["Level-4-v.1.1"],"fileTypesAndContributionMap":{"java":{"insertions":18,"deletions":9}}},{"hash":"0485d463e9b5585fe5e2ae890ee4ec5571cb0ca2","messageTitle":"Add test files","messageBody":"Run simple test on the input and output and check the diff\n","tags":["Level-4-v2.0","A-TextUiTesting"],"fileTypesAndContributionMap":{"txt":{"insertions":7,"deletions":0},"bat":{"insertions":1,"deletions":1},"sh":{"insertions":1,"deletions":1}}},{"hash":"24cf4691e22d8698866aab1f63866dac972ad396","messageTitle":"Add DukeException error handling class","messageBody":"Currently tries and catches errrenous methods\n","tags":["Level-5-v1.0"],"fileTypesAndContributionMap":{"java":{"insertions":77,"deletions":51}}},{"hash":"6ea405dffae74600eba598be3c11888998e44b35","messageTitle":"Add delete function, add enums","messageBody":"Partial refactor to use Java Enums while parsing the command.\n","tags":["Level-6-v1.0"],"fileTypesAndContributionMap":{"java":{"insertions":75,"deletions":16}}},{"hash":"e44ac37da0fb4ab539243f3d0e4968e931fbd8e3","messageTitle":"Add DukeActions interface","messageBody":"This interface is used as a lambda in DukeCommands\n","fileTypesAndContributionMap":{"java":{"insertions":13,"deletions":0}}},{"hash":"1f99bb2e1b73efd2d0aa173c7f49ea2e7b8f07dc","messageTitle":"Add enums to be used instead of switch statements","messageBody":"Enums contain their respective methods\n","tags":["A-Enums"],"fileTypesAndContributionMap":{"java":{"insertions":150,"deletions":1}}},{"hash":"601c5348970e7be6104c63178f90bf26a520e879","messageTitle":"Add Parser class to cleanly sort the input","messageBody":"HashMap implementation to store keywords to values\n","tags":["Level-6-v2.0"],"fileTypesAndContributionMap":{"java":{"insertions":52,"deletions":1}}},{"hash":"71f2527da647ffea381bbe0654f46a88c5054568","messageTitle":"Remove redundant commands","messageBody":"Deprecated commands removed as enums replace the commands\n","tags":["Level-6-v2.1"],"fileTypesAndContributionMap":{"java":{"insertions":11,"deletions":271}}},{"hash":"a9507e3ef52aacd6141f9910904c261f6574d367","messageTitle":"Remove throw exception on listen() command","messageBody":"Accidentally placed in the code\n","fileTypesAndContributionMap":{"java":{"insertions":1,"deletions":1}}}]},{"date":"2021-08-17","commitResults":[{"hash":"d490ab802783f60203371ee098c768fd7f3e9bdc","messageTitle":"Docs: Add java docs","messageBody":"Cleaned up unwanted code\n","fileTypesAndContributionMap":{"java":{"insertions":15,"deletions":6}}},{"hash":"f11bd5074b9cc05202d3d46af03ae37013d1edfa","messageTitle":"chore: cleanup","messageBody":"Removed deprecated javadocs\n","fileTypesAndContributionMap":{"java":{"insertions":1,"deletions":6}}},{"hash":"91d854ea97383ac85648d50cf53cc21ac621e0d9","messageTitle":"Add javadocs","messageBody":"Cleanup existing code\n","tags":["Level-6-v2.2"],"fileTypesAndContributionMap":{"java":{"insertions":87,"deletions":70}}},{"hash":"0112179b735839ec5fa4cb31a0af36442170622e","messageTitle":"Add enums to Parser","messageBody":"Prevents accidental parsing of non registered commands. Currently takes them as text input only.\n","fileTypesAndContributionMap":{"java":{"insertions":49,"deletions":15}}},{"hash":"1eba6240313f0e4648559d4cafd4d1810da49313","messageTitle":"Update test files","messageBody":"Update new input and expected output.\n","fileTypesAndContributionMap":{"txt":{"insertions":13,"deletions":5}}},{"hash":"488576a2d8b2ea61a8f637b360b216c0b31fe0ef","messageTitle":"Fix incorrect message","messageBody":"Deadline should print missing /by and not /at\n","tags":["Level-6-v3.0"],"fileTypesAndContributionMap":{"java":{"insertions":2,"deletions":1}}}]},{"date":"2021-08-22","commitResults":[{"hash":"7accb86eca21121a4f38c036fb50d483c00e4ca0","messageTitle":"Add simple DB handler class","messageBody":"Add DB handler to read, create and delete files\n","fileTypesAndContributionMap":{"java":{"insertions":2,"deletions":0}}}]},{"date":"2021-08-23","commitResults":[{"hash":"c81d0abeb631498a96056422c1a2e4cb13c42d27","messageTitle":"Update DukeDB","messageBody":"Add commands to output the desired store string. \\n Add reader methods to read the db\n","tags":["Level-7"],"fileTypesAndContributionMap":{"java":{"insertions":236,"deletions":17}}}]},{"date":"2021-08-24","commitResults":[{"hash":"a846e893dba28fb58dc7d7a0e37bfb006dc19081","messageTitle":"Add date handler","messageBody":"Add partial configurator\n","tags":["Level-8"],"fileTypesAndContributionMap":{"java":{"insertions":102,"deletions":15}}}]},{"date":"2021-08-25","commitResults":[{"hash":"494c465ebade58351af50ead7c2840c9d1ca5749","messageTitle":"Fix database parsing deadlines","messageBody":"","fileTypesAndContributionMap":{"java":{"insertions":10,"deletions":4}}},{"hash":"918d9816ab32e3378bc9bde18ef1d919677878e8","messageTitle":"Add more OOP","messageBody":"Add classes UI and DukeTaskList.\nIncrease interaction between objects with more method calls.\nIncrease abstraction for methods.\n","tags":["A-MoreOOP"],"fileTypesAndContributionMap":{"java":{"insertions":197,"deletions":123}}},{"hash":"7b6d5f6d343b3827280fbf5ea8e5b92abb634490","messageTitle":"Add packages","messageBody":"- Add Duke package for main file\n- Add Duke.util package for util files\n","tags":["A-Packages"],"fileTypesAndContributionMap":{"java":{"insertions":114,"deletions":46}}},{"hash":"8b6ea65715a10adfd987f57dae12df92a6bca814","messageTitle":"Add more packages","messageBody":"- Abstract enum commands into seperate action class files\n- Move DukeDB and DukeException to util package\n- Add task package\n","fileTypesAndContributionMap":{"java":{"insertions":263,"deletions":137}}},{"hash":"44a6831a394666d1106a3f683519eb56718913f3","messageTitle":"Add basic Junit test","messageBody":"- Test if Duke can be initialised\n- Test if Event returns the correct /at location\n","tags":["A-Jar","A-JUnit"],"fileTypesAndContributionMap":{"java":{"insertions":30,"deletions":0}}},{"hash":"bdfc47fc4e05dbd10bc90c4417fe85f571eaaf63","messageTitle":"Fix FileNotFoundException error","messageBody":"Move blocks around to accomodate all cases\n","fileTypesAndContributionMap":{"java":{"insertions":16,"deletions":14}}},{"hash":"9786fd8a499de46aac0b66f684707471410f3687","messageTitle":"Update gitignore","messageBody":"Chore\n- Add /data and .jar output to gitignore\n","fileTypesAndContributionMap":{"bat":{"insertions":1,"deletions":1}}},{"hash":"00ea3ec777b2fb559fdcf35af4fc14776c481d91","messageTitle":"Add find command","messageBody":"- Fix DeleteCommand not printing the result.\n- Find command matches strings in the description.\n","tags":["Level-9"],"fileTypesAndContributionMap":{"java":{"insertions":50,"deletions":0}}},{"hash":"2649f8584090a928f6180e2cefdfb8360fb920b5","messageTitle":"Add JavaDocs","messageBody":"Add Javadocs for all java classes\n","tags":["A-JavaDoc"],"fileTypesAndContributionMap":{"java":{"insertions":308,"deletions":7}}},{"hash":"62e9090c57f9f79b33c79eac2c8e77e706c3f455","messageTitle":"Fix boolean method","messageBody":"Fix boolean method to comply with coding convention for DukeActions\n","tags":["A-CodingStandard"],"fileTypesAndContributionMap":{"java":{"insertions":18,"deletions":21}}}]},{"date":"2021-09-01","commitResults":[{"hash":"eba0f38488733560b2b210b5c7b1d040907bc04d","messageTitle":"Update styling","messageBody":"Change variable and method names to fit the style guide.\n","fileTypesAndContributionMap":{"java":{"insertions":75,"deletions":49}}},{"hash":"ca26cb67916444729632edba7164a8834ff5f6e2","messageTitle":"Fix styling issues","messageBody":"Update imports\n","fileTypesAndContributionMap":{"java":{"insertions":90,"deletions":67}}},{"hash":"b4d7984c79df02347ef4c18c2e5d1d7216f9c6a5","messageTitle":"Add gradle","messageBody":"","tags":["A-Gradle"],"fileTypesAndContributionMap":{"gradle":{"insertions":0,"deletions":1}}}]},{"date":"2021-09-03","commitResults":[{"hash":"64737cdbbd230e6b51c1b7dfc49634e2d1cf8128","messageTitle":"Add GUI","messageBody":"Add simple GUI for duke. Removed CLI\n","tags":["Level-10"],"fileTypesAndContributionMap":{"fxml":{"insertions":35,"deletions":0},"java":{"insertions":295,"deletions":63}}},{"hash":"7adbbc22c4e50ee6826e5e82a89f8deb2c3e5aed","messageTitle":"Update build.gradle","messageBody":"Include JavaFX dependencies\n","fileTypesAndContributionMap":{"gradle":{"insertions":14,"deletions":0}}},{"hash":"52adb3939934a07bce3e07fdbbbd08659e5dffd5","messageTitle":"Update Gradle","messageBody":"Add Gradle settings back.\n","fileTypesAndContributionMap":{"gradle":{"insertions":10,"deletions":0},"bat":{"insertions":4,"deletions":18}}}]},{"date":"2021-09-09","commitResults":[{"hash":"8a35745dbebacf5e4f62c79c110c6235fbde5216","messageTitle":"Add assertions to DukeDB","messageBody":"DukeDB handles raw user input string to do file operations, which can be\nbuggy.\n\nAdding assertions will allow us to prevent specific run-time related\nerrors.\n\nAssertions are easy to implement\n\nAdded a new constructor to prevent calling \"null\" on the constructor of\nDukeDB to default to the standard DB path.\n","tags":["A-Assertions"],"fileTypesAndContributionMap":{"java":{"insertions":10,"deletions":3}}},{"hash":"6a6d17d89e89b5ef2f77145052c4ed4c53f7f41b","messageTitle":"Update code quality","messageBody":"","tags":["A-CodeQuality"],"fileTypesAndContributionMap":{"java":{"insertions":239,"deletions":190}}},{"hash":"55b5fdd738b5caf3ea851e8c789f5764b9fe2f27","messageTitle":"Add C-Help to Duke","messageBody":"Allow for a help command to display the available commands to the user.\n","tags":["C-Help"],"fileTypesAndContributionMap":{"java":{"insertions":43,"deletions":1}}},{"hash":"16ee5327f456c2ad734f872ce0c45403447e6084","messageTitle":"Fix checkstyle issue","messageBody":"","fileTypesAndContributionMap":{"java":{"insertions":1,"deletions":3}}},{"hash":"4c5fed9542d687bf7d65adeebda1229a689cbef4","messageTitle":"Add gettr for test","messageBody":"","fileTypesAndContributionMap":{"java":{"insertions":11,"deletions":2}}}]}]},"authorFileTypeContributionMap":{"yeppog":{"java":1781,"md":0,"fxml":35,"sh":1,"bat":5,"gradle":24,"txt":15}},"authorContributionVariance":{"yeppog":80646.4},"authorDisplayNameMap":{"yeppog":"CS2103-F09-2 LEE ..THAN"}}
