[{"path":"src/main/java/Deadline.java","fileType":"java","lines":[{"lineNumber":1,"author":{"gitId":"aikenwx"},"content":"public class Deadline extends Task {","lastModifiedDate":"2021-08-18"},{"lineNumber":2,"author":{"gitId":"aikenwx"},"content":"    protected String date;","lastModifiedDate":"2021-08-18"},{"lineNumber":3,"author":{"gitId":"aikenwx"},"content":"    protected String taskType \u003d \"[D]\";","lastModifiedDate":"2021-08-18"},{"lineNumber":4,"author":{"gitId":"aikenwx"},"content":"","lastModifiedDate":"2021-08-18"},{"lineNumber":5,"author":{"gitId":"aikenwx"},"content":"","lastModifiedDate":"2021-08-18"},{"lineNumber":6,"author":{"gitId":"aikenwx"},"content":"    public Deadline(String description, String date) {","lastModifiedDate":"2021-08-18"},{"lineNumber":7,"author":{"gitId":"aikenwx"},"content":"        super(description);","lastModifiedDate":"2021-08-18"},{"lineNumber":8,"author":{"gitId":"aikenwx"},"content":"        this.date \u003d date;","lastModifiedDate":"2021-08-18"},{"lineNumber":9,"author":{"gitId":"aikenwx"},"content":"    }","lastModifiedDate":"2021-08-18"},{"lineNumber":10,"author":{"gitId":"aikenwx"},"content":"","lastModifiedDate":"2021-08-18"},{"lineNumber":11,"author":{"gitId":"aikenwx"},"content":"    @Override","lastModifiedDate":"2021-08-18"},{"lineNumber":12,"author":{"gitId":"aikenwx"},"content":"    public String toString() {","lastModifiedDate":"2021-08-18"},{"lineNumber":13,"author":{"gitId":"aikenwx"},"content":"        return taskType + super.toString()  + \" (by: \" + this.date + \")\";","lastModifiedDate":"2021-08-18"},{"lineNumber":14,"author":{"gitId":"aikenwx"},"content":"    }","lastModifiedDate":"2021-08-18"},{"lineNumber":15,"author":{"gitId":"aikenwx"},"content":"","lastModifiedDate":"2021-08-18"},{"lineNumber":16,"author":{"gitId":"aikenwx"},"content":"","lastModifiedDate":"2021-08-18"},{"lineNumber":17,"author":{"gitId":"aikenwx"},"content":"}","lastModifiedDate":"2021-08-18"}],"authorContributionMap":{"aikenwx":17}},{"path":"src/main/java/Duke.java","fileType":"java","lines":[{"lineNumber":1,"author":{"gitId":"aikenwx"},"content":"import java.util.ArrayList;","lastModifiedDate":"2021-08-18"},{"lineNumber":2,"author":{"gitId":"aikenwx"},"content":"import java.util.Scanner;","lastModifiedDate":"2021-08-17"},{"lineNumber":3,"author":{"gitId":"aikenwx"},"content":"import java.util.regex.Pattern;","lastModifiedDate":"2021-08-18"},{"lineNumber":4,"author":{"gitId":"aikenwx"},"content":"","lastModifiedDate":"2021-08-17"},{"lineNumber":5,"author":{"gitId":"-"},"content":"public class Duke {","lastModifiedDate":"2019-07-29"},{"lineNumber":6,"author":{"gitId":"aikenwx"},"content":"","lastModifiedDate":"2021-08-17"},{"lineNumber":7,"author":{"gitId":"aikenwx"},"content":"    private ArrayList\u003cTask\u003e tasks \u003d new ArrayList\u003c\u003e();","lastModifiedDate":"2021-08-18"},{"lineNumber":8,"author":{"gitId":"aikenwx"},"content":"","lastModifiedDate":"2021-08-17"},{"lineNumber":9,"author":{"gitId":"aikenwx"},"content":"    private void serve() {","lastModifiedDate":"2021-08-17"},{"lineNumber":10,"author":{"gitId":"aikenwx"},"content":"        System.out.println(\"Good Day Sir/Mdm, I am Duke.\\nWhat can I do for you?\\n\");","lastModifiedDate":"2021-08-18"},{"lineNumber":11,"author":{"gitId":"aikenwx"},"content":"","lastModifiedDate":"2021-08-17"},{"lineNumber":12,"author":{"gitId":"aikenwx"},"content":"        Scanner sc \u003d new Scanner(System.in);","lastModifiedDate":"2021-08-17"},{"lineNumber":13,"author":{"gitId":"aikenwx"},"content":"","lastModifiedDate":"2021-08-18"},{"lineNumber":14,"author":{"gitId":"aikenwx"},"content":"        while (true) {","lastModifiedDate":"2021-08-18"},{"lineNumber":15,"author":{"gitId":"aikenwx"},"content":"","lastModifiedDate":"2021-08-18"},{"lineNumber":16,"author":{"gitId":"aikenwx"},"content":"            if (!sc.hasNextLine()) {","lastModifiedDate":"2021-08-18"},{"lineNumber":17,"author":{"gitId":"aikenwx"},"content":"                sc.close();","lastModifiedDate":"2021-08-18"},{"lineNumber":18,"author":{"gitId":"aikenwx"},"content":"                break;","lastModifiedDate":"2021-08-18"},{"lineNumber":19,"author":{"gitId":"aikenwx"},"content":"            }","lastModifiedDate":"2021-08-18"},{"lineNumber":20,"author":{"gitId":"aikenwx"},"content":"            String input \u003d sc.nextLine();","lastModifiedDate":"2021-08-17"},{"lineNumber":21,"author":{"gitId":"aikenwx"},"content":"","lastModifiedDate":"2021-08-18"},{"lineNumber":22,"author":{"gitId":"aikenwx"},"content":"            if (input.equals(\"bye\")) {","lastModifiedDate":"2021-08-17"},{"lineNumber":23,"author":{"gitId":"aikenwx"},"content":"                System.out.println(\"Goodbye Sir/Mdm. Hope to serve you again soon!\\n\");","lastModifiedDate":"2021-08-17"},{"lineNumber":24,"author":{"gitId":"aikenwx"},"content":"                sc.close();","lastModifiedDate":"2021-08-18"},{"lineNumber":25,"author":{"gitId":"aikenwx"},"content":"                break;","lastModifiedDate":"2021-08-17"},{"lineNumber":26,"author":{"gitId":"aikenwx"},"content":"            } else if (input.equals(\"list\")) {","lastModifiedDate":"2021-08-17"},{"lineNumber":27,"author":{"gitId":"aikenwx"},"content":"                System.out.println(\"Here are your tasks Sir/Mdm:\" + this.list());","lastModifiedDate":"2021-08-18"},{"lineNumber":28,"author":{"gitId":"aikenwx"},"content":"                System.out.println();","lastModifiedDate":"2021-08-18"},{"lineNumber":29,"author":{"gitId":"aikenwx"},"content":"                continue;","lastModifiedDate":"2021-08-18"},{"lineNumber":30,"author":{"gitId":"aikenwx"},"content":"            } else if (input.split(\" \")[0].equals(\"done\")) {","lastModifiedDate":"2021-08-18"},{"lineNumber":31,"author":{"gitId":"aikenwx"},"content":"                try {","lastModifiedDate":"2021-08-18"},{"lineNumber":32,"author":{"gitId":"aikenwx"},"content":"                    markAsDone(input);","lastModifiedDate":"2021-08-18"},{"lineNumber":33,"author":{"gitId":"aikenwx"},"content":"                } catch (DukeException e) {","lastModifiedDate":"2021-08-18"},{"lineNumber":34,"author":{"gitId":"aikenwx"},"content":"                    System.out.println(e.getMessage());","lastModifiedDate":"2021-08-18"},{"lineNumber":35,"author":{"gitId":"aikenwx"},"content":"                    System.out.println();","lastModifiedDate":"2021-08-18"},{"lineNumber":36,"author":{"gitId":"aikenwx"},"content":"                }","lastModifiedDate":"2021-08-18"},{"lineNumber":37,"author":{"gitId":"aikenwx"},"content":"            } else if (input.split(\" \")[0].equals(\"delete\")) {","lastModifiedDate":"2021-08-18"},{"lineNumber":38,"author":{"gitId":"aikenwx"},"content":"                try {","lastModifiedDate":"2021-08-18"},{"lineNumber":39,"author":{"gitId":"aikenwx"},"content":"                    deleteTask(input);","lastModifiedDate":"2021-08-18"},{"lineNumber":40,"author":{"gitId":"aikenwx"},"content":"                } catch (DukeException e) {","lastModifiedDate":"2021-08-18"},{"lineNumber":41,"author":{"gitId":"aikenwx"},"content":"                    System.out.println(e.getMessage());","lastModifiedDate":"2021-08-18"},{"lineNumber":42,"author":{"gitId":"aikenwx"},"content":"                    System.out.println();","lastModifiedDate":"2021-08-18"},{"lineNumber":43,"author":{"gitId":"aikenwx"},"content":"                }","lastModifiedDate":"2021-08-18"},{"lineNumber":44,"author":{"gitId":"aikenwx"},"content":"            } else {","lastModifiedDate":"2021-08-18"},{"lineNumber":45,"author":{"gitId":"aikenwx"},"content":"                try {","lastModifiedDate":"2021-08-18"},{"lineNumber":46,"author":{"gitId":"aikenwx"},"content":"                    addTask(input);","lastModifiedDate":"2021-08-18"},{"lineNumber":47,"author":{"gitId":"aikenwx"},"content":"                } catch (DukeException e) {","lastModifiedDate":"2021-08-18"},{"lineNumber":48,"author":{"gitId":"aikenwx"},"content":"                    System.out.println(e.getMessage());","lastModifiedDate":"2021-08-18"},{"lineNumber":49,"author":{"gitId":"aikenwx"},"content":"                    System.out.println();","lastModifiedDate":"2021-08-18"},{"lineNumber":50,"author":{"gitId":"aikenwx"},"content":"                }","lastModifiedDate":"2021-08-18"},{"lineNumber":51,"author":{"gitId":"aikenwx"},"content":"            }","lastModifiedDate":"2021-08-18"},{"lineNumber":52,"author":{"gitId":"aikenwx"},"content":"        }","lastModifiedDate":"2021-08-18"},{"lineNumber":53,"author":{"gitId":"aikenwx"},"content":"    }","lastModifiedDate":"2021-08-18"},{"lineNumber":54,"author":{"gitId":"aikenwx"},"content":"","lastModifiedDate":"2021-08-17"},{"lineNumber":55,"author":{"gitId":"aikenwx"},"content":"    private void markAsDone(String input) throws DukeException {","lastModifiedDate":"2021-08-18"},{"lineNumber":56,"author":{"gitId":"aikenwx"},"content":"        String[] parsedInput \u003d input.split(\" \");","lastModifiedDate":"2021-08-17"},{"lineNumber":57,"author":{"gitId":"aikenwx"},"content":"","lastModifiedDate":"2021-08-17"},{"lineNumber":58,"author":{"gitId":"aikenwx"},"content":"        if (parsedInput.length !\u003d 2) {","lastModifiedDate":"2021-08-17"},{"lineNumber":59,"author":{"gitId":"aikenwx"},"content":"            throw (new DukeException(\"Please specify a task you would like marked as done Sir/Mdm:\" + this.list()));","lastModifiedDate":"2021-08-18"},{"lineNumber":60,"author":{"gitId":"-"},"content":"        }","lastModifiedDate":"2019-07-29"},{"lineNumber":61,"author":{"gitId":"aikenwx"},"content":"","lastModifiedDate":"2021-08-17"},{"lineNumber":62,"author":{"gitId":"aikenwx"},"content":"        int taskToMark;","lastModifiedDate":"2021-08-17"},{"lineNumber":63,"author":{"gitId":"aikenwx"},"content":"","lastModifiedDate":"2021-08-17"},{"lineNumber":64,"author":{"gitId":"aikenwx"},"content":"        try {","lastModifiedDate":"2021-08-17"},{"lineNumber":65,"author":{"gitId":"aikenwx"},"content":"            taskToMark \u003d Integer.parseInt(parsedInput[1]) - 1;","lastModifiedDate":"2021-08-17"},{"lineNumber":66,"author":{"gitId":"aikenwx"},"content":"        } catch (NumberFormatException e) {","lastModifiedDate":"2021-08-17"},{"lineNumber":67,"author":{"gitId":"aikenwx"},"content":"            throw new DukeException(\"Please enter a proper number within this range Sir/Mdm:\" + this.list());","lastModifiedDate":"2021-08-18"},{"lineNumber":68,"author":{"gitId":"aikenwx"},"content":"        }","lastModifiedDate":"2021-08-17"},{"lineNumber":69,"author":{"gitId":"aikenwx"},"content":"","lastModifiedDate":"2021-08-17"},{"lineNumber":70,"author":{"gitId":"aikenwx"},"content":"        if (this.tasks.isEmpty()) {","lastModifiedDate":"2021-08-18"},{"lineNumber":71,"author":{"gitId":"aikenwx"},"content":"            throw (new DukeException(\"You have no tasks to mark as done Sir/Mdm!\"));","lastModifiedDate":"2021-08-18"},{"lineNumber":72,"author":{"gitId":"aikenwx"},"content":"        }","lastModifiedDate":"2021-08-18"},{"lineNumber":73,"author":{"gitId":"aikenwx"},"content":"","lastModifiedDate":"2021-08-18"},{"lineNumber":74,"author":{"gitId":"aikenwx"},"content":"        if (taskToMark \u003c 0 || taskToMark \u003e this.tasks.size() - 1) {","lastModifiedDate":"2021-08-18"},{"lineNumber":75,"author":{"gitId":"aikenwx"},"content":"            throw (new DukeException(\"Please specify a task within this range Sir/Mdm:\" + this.list()));","lastModifiedDate":"2021-08-18"},{"lineNumber":76,"author":{"gitId":"aikenwx"},"content":"        }","lastModifiedDate":"2021-08-17"},{"lineNumber":77,"author":{"gitId":"aikenwx"},"content":"","lastModifiedDate":"2021-08-17"},{"lineNumber":78,"author":{"gitId":"aikenwx"},"content":"        this.tasks.get(taskToMark).markAsDone();","lastModifiedDate":"2021-08-18"},{"lineNumber":79,"author":{"gitId":"aikenwx"},"content":"        System.out.println(\"Good job Sir/Mdm! I shall mark this task as complete:\\n   \" +","lastModifiedDate":"2021-08-17"},{"lineNumber":80,"author":{"gitId":"aikenwx"},"content":"                this.tasks.get(taskToMark) + \"\\n\");","lastModifiedDate":"2021-08-18"},{"lineNumber":81,"author":{"gitId":"aikenwx"},"content":"    }","lastModifiedDate":"2021-08-18"},{"lineNumber":82,"author":{"gitId":"aikenwx"},"content":"","lastModifiedDate":"2021-08-18"},{"lineNumber":83,"author":{"gitId":"aikenwx"},"content":"","lastModifiedDate":"2021-08-18"},{"lineNumber":84,"author":{"gitId":"aikenwx"},"content":"    private void addTask(String input) throws DukeException {","lastModifiedDate":"2021-08-18"},{"lineNumber":85,"author":{"gitId":"aikenwx"},"content":"        Pattern todoPattern \u003d Pattern.compile(\"(^(todo ))\");","lastModifiedDate":"2021-08-18"},{"lineNumber":86,"author":{"gitId":"aikenwx"},"content":"        Pattern deadlinePattern \u003d Pattern.compile(\"(^(deadline ))\");","lastModifiedDate":"2021-08-18"},{"lineNumber":87,"author":{"gitId":"aikenwx"},"content":"        Pattern eventPattern \u003d Pattern.compile(\"(^(event ))\");","lastModifiedDate":"2021-08-18"},{"lineNumber":88,"author":{"gitId":"aikenwx"},"content":"","lastModifiedDate":"2021-08-18"},{"lineNumber":89,"author":{"gitId":"aikenwx"},"content":"        if (todoPattern.matcher(input).find() || input.equals(\"todo\")) {","lastModifiedDate":"2021-08-18"},{"lineNumber":90,"author":{"gitId":"aikenwx"},"content":"            String description \u003d input.substring(4).trim();","lastModifiedDate":"2021-08-18"},{"lineNumber":91,"author":{"gitId":"aikenwx"},"content":"            if (description.isBlank()) {","lastModifiedDate":"2021-08-18"},{"lineNumber":92,"author":{"gitId":"aikenwx"},"content":"                throw new DukeException(\"Please provide a description of the todo Sir/Mdm.\");","lastModifiedDate":"2021-08-18"},{"lineNumber":93,"author":{"gitId":"aikenwx"},"content":"            }","lastModifiedDate":"2021-08-18"},{"lineNumber":94,"author":{"gitId":"aikenwx"},"content":"            Task newTask \u003d new Todo(description);","lastModifiedDate":"2021-08-18"},{"lineNumber":95,"author":{"gitId":"aikenwx"},"content":"            this.tasks.add(newTask);","lastModifiedDate":"2021-08-18"},{"lineNumber":96,"author":{"gitId":"aikenwx"},"content":"            System.out.println(\"Understood Sir/Mdm, I have added the indicated task: \" + \"\\n   \" + newTask);","lastModifiedDate":"2021-08-18"},{"lineNumber":97,"author":{"gitId":"aikenwx"},"content":"            System.out.println(\"Now you have \" + this.tasks.size() + (this.tasks.size() \u003d\u003d 1 ? \" task.\" : \" tasks.\")","lastModifiedDate":"2021-08-18"},{"lineNumber":98,"author":{"gitId":"aikenwx"},"content":"                    + \"\\n\");","lastModifiedDate":"2021-08-18"},{"lineNumber":99,"author":{"gitId":"aikenwx"},"content":"","lastModifiedDate":"2021-08-18"},{"lineNumber":100,"author":{"gitId":"aikenwx"},"content":"        } else if (deadlinePattern.matcher(input).find() || input.equals(\"deadline\")) {","lastModifiedDate":"2021-08-18"},{"lineNumber":101,"author":{"gitId":"aikenwx"},"content":"            int index \u003d input.indexOf(\u0027/\u0027);","lastModifiedDate":"2021-08-18"},{"lineNumber":102,"author":{"gitId":"aikenwx"},"content":"            if (index \u003d\u003d -1) {","lastModifiedDate":"2021-08-18"},{"lineNumber":103,"author":{"gitId":"aikenwx"},"content":"                if (input.equals(\"deadline\")) {","lastModifiedDate":"2021-08-18"},{"lineNumber":104,"author":{"gitId":"aikenwx"},"content":"                    throw new DukeException(\"Please provide a description and date of the deadline Sir/Mdm.\");","lastModifiedDate":"2021-08-18"},{"lineNumber":105,"author":{"gitId":"aikenwx"},"content":"                } else {","lastModifiedDate":"2021-08-18"},{"lineNumber":106,"author":{"gitId":"aikenwx"},"content":"                    throw new DukeException(\"Please provide a date of the deadline Sir/Mdm.\");","lastModifiedDate":"2021-08-18"},{"lineNumber":107,"author":{"gitId":"aikenwx"},"content":"                }","lastModifiedDate":"2021-08-18"},{"lineNumber":108,"author":{"gitId":"aikenwx"},"content":"            }","lastModifiedDate":"2021-08-18"},{"lineNumber":109,"author":{"gitId":"aikenwx"},"content":"            String description \u003d input.substring(9, index).trim();","lastModifiedDate":"2021-08-18"},{"lineNumber":110,"author":{"gitId":"aikenwx"},"content":"            if (description.isBlank()) {","lastModifiedDate":"2021-08-18"},{"lineNumber":111,"author":{"gitId":"aikenwx"},"content":"                throw new DukeException(\"Please provide a description of the deadline Sir/Mdm.\");","lastModifiedDate":"2021-08-18"},{"lineNumber":112,"author":{"gitId":"aikenwx"},"content":"            }","lastModifiedDate":"2021-08-18"},{"lineNumber":113,"author":{"gitId":"aikenwx"},"content":"            String date \u003d input.substring(index + 1);","lastModifiedDate":"2021-08-18"},{"lineNumber":114,"author":{"gitId":"aikenwx"},"content":"            Task newTask \u003d new Deadline(description, date);","lastModifiedDate":"2021-08-18"},{"lineNumber":115,"author":{"gitId":"aikenwx"},"content":"            this.tasks.add(newTask);","lastModifiedDate":"2021-08-18"},{"lineNumber":116,"author":{"gitId":"aikenwx"},"content":"            System.out.println(\"Understood Sir/Mdm, I have added the indicated task: \" + \"\\n   \" + newTask);","lastModifiedDate":"2021-08-18"},{"lineNumber":117,"author":{"gitId":"aikenwx"},"content":"            System.out.println(\"Now you have \" + this.tasks.size() + (this.tasks.size() \u003d\u003d 1 ? \" task.\" : \" tasks.\")","lastModifiedDate":"2021-08-18"},{"lineNumber":118,"author":{"gitId":"aikenwx"},"content":"                    + \"\\n\");","lastModifiedDate":"2021-08-18"},{"lineNumber":119,"author":{"gitId":"aikenwx"},"content":"","lastModifiedDate":"2021-08-18"},{"lineNumber":120,"author":{"gitId":"aikenwx"},"content":"        } else if (eventPattern.matcher(input).find() || input.equals(\"event\")) {","lastModifiedDate":"2021-08-18"},{"lineNumber":121,"author":{"gitId":"aikenwx"},"content":"            int index \u003d input.indexOf(\u0027/\u0027);","lastModifiedDate":"2021-08-18"},{"lineNumber":122,"author":{"gitId":"aikenwx"},"content":"            if (index \u003d\u003d -1) {","lastModifiedDate":"2021-08-18"},{"lineNumber":123,"author":{"gitId":"aikenwx"},"content":"                if (input.equals(\"event\")) {","lastModifiedDate":"2021-08-18"},{"lineNumber":124,"author":{"gitId":"aikenwx"},"content":"                    throw new DukeException(\"Please provide a description and timeline of the event Sir/Mdm.\");","lastModifiedDate":"2021-08-18"},{"lineNumber":125,"author":{"gitId":"aikenwx"},"content":"                } else {","lastModifiedDate":"2021-08-18"},{"lineNumber":126,"author":{"gitId":"aikenwx"},"content":"                    throw new DukeException(\"Please provide a timeline of the event Sir/Mdm.\");","lastModifiedDate":"2021-08-18"},{"lineNumber":127,"author":{"gitId":"aikenwx"},"content":"                }","lastModifiedDate":"2021-08-18"},{"lineNumber":128,"author":{"gitId":"aikenwx"},"content":"            }","lastModifiedDate":"2021-08-18"},{"lineNumber":129,"author":{"gitId":"aikenwx"},"content":"","lastModifiedDate":"2021-08-18"},{"lineNumber":130,"author":{"gitId":"aikenwx"},"content":"            String description \u003d input.substring(5, index).trim();","lastModifiedDate":"2021-08-18"},{"lineNumber":131,"author":{"gitId":"aikenwx"},"content":"            if (description.isBlank()) {","lastModifiedDate":"2021-08-18"},{"lineNumber":132,"author":{"gitId":"aikenwx"},"content":"                throw new DukeException(\"Please provide a description of the event Sir/Mdm.\");","lastModifiedDate":"2021-08-18"},{"lineNumber":133,"author":{"gitId":"aikenwx"},"content":"            }","lastModifiedDate":"2021-08-18"},{"lineNumber":134,"author":{"gitId":"aikenwx"},"content":"            String date \u003d input.substring(index + 1);","lastModifiedDate":"2021-08-18"},{"lineNumber":135,"author":{"gitId":"aikenwx"},"content":"            Task newTask \u003d new Event(description, date);","lastModifiedDate":"2021-08-18"},{"lineNumber":136,"author":{"gitId":"aikenwx"},"content":"            this.tasks.add(newTask);","lastModifiedDate":"2021-08-18"},{"lineNumber":137,"author":{"gitId":"aikenwx"},"content":"            System.out.println(\"Understood Sir/Mdm, I have added the indicated task: \" + \"\\n   \" + newTask);","lastModifiedDate":"2021-08-18"},{"lineNumber":138,"author":{"gitId":"aikenwx"},"content":"            System.out.println(\"Now you have \" + this.tasks.size() + (this.tasks.size() \u003d\u003d 1 ? \" task.\" : \" tasks.\")","lastModifiedDate":"2021-08-18"},{"lineNumber":139,"author":{"gitId":"aikenwx"},"content":"                    + \"\\n\");","lastModifiedDate":"2021-08-18"},{"lineNumber":140,"author":{"gitId":"aikenwx"},"content":"        } else {","lastModifiedDate":"2021-08-18"},{"lineNumber":141,"author":{"gitId":"aikenwx"},"content":"            throw new DukeException(\"Pardon me Sir/Mdm, but I do not understand.\");","lastModifiedDate":"2021-08-18"},{"lineNumber":142,"author":{"gitId":"aikenwx"},"content":"        }","lastModifiedDate":"2021-08-17"},{"lineNumber":143,"author":{"gitId":"aikenwx"},"content":"","lastModifiedDate":"2021-08-18"},{"lineNumber":144,"author":{"gitId":"aikenwx"},"content":"    }","lastModifiedDate":"2021-08-17"},{"lineNumber":145,"author":{"gitId":"aikenwx"},"content":"","lastModifiedDate":"2021-08-17"},{"lineNumber":146,"author":{"gitId":"aikenwx"},"content":"    private String list() {","lastModifiedDate":"2021-08-18"},{"lineNumber":147,"author":{"gitId":"aikenwx"},"content":"        String list \u003d \"\";","lastModifiedDate":"2021-08-18"},{"lineNumber":148,"author":{"gitId":"aikenwx"},"content":"        for (int i \u003d 0; i \u003c this.tasks.size(); i++) {","lastModifiedDate":"2021-08-18"},{"lineNumber":149,"author":{"gitId":"aikenwx"},"content":"            list \u003d list + \"\\n\" + (i + 1) + \". \" + this.tasks.get(i);","lastModifiedDate":"2021-08-18"},{"lineNumber":150,"author":{"gitId":"aikenwx"},"content":"        }","lastModifiedDate":"2021-08-17"},{"lineNumber":151,"author":{"gitId":"aikenwx"},"content":"","lastModifiedDate":"2021-08-18"},{"lineNumber":152,"author":{"gitId":"aikenwx"},"content":"        return list;","lastModifiedDate":"2021-08-18"},{"lineNumber":153,"author":{"gitId":"aikenwx"},"content":"","lastModifiedDate":"2021-08-17"},{"lineNumber":154,"author":{"gitId":"aikenwx"},"content":"    }","lastModifiedDate":"2021-08-17"},{"lineNumber":155,"author":{"gitId":"aikenwx"},"content":"","lastModifiedDate":"2021-08-17"},{"lineNumber":156,"author":{"gitId":"aikenwx"},"content":"    private void deleteTask(String input) throws DukeException {","lastModifiedDate":"2021-08-18"},{"lineNumber":157,"author":{"gitId":"aikenwx"},"content":"        String[] parsedInput \u003d input.split(\" \");","lastModifiedDate":"2021-08-18"},{"lineNumber":158,"author":{"gitId":"aikenwx"},"content":"","lastModifiedDate":"2021-08-18"},{"lineNumber":159,"author":{"gitId":"aikenwx"},"content":"        if (parsedInput.length !\u003d 2) {","lastModifiedDate":"2021-08-18"},{"lineNumber":160,"author":{"gitId":"aikenwx"},"content":"            throw (new DukeException(\"Please specify a task you would like to delete Sir/Mdm:\" + this.list()));","lastModifiedDate":"2021-08-18"},{"lineNumber":161,"author":{"gitId":"aikenwx"},"content":"        }","lastModifiedDate":"2021-08-18"},{"lineNumber":162,"author":{"gitId":"aikenwx"},"content":"","lastModifiedDate":"2021-08-18"},{"lineNumber":163,"author":{"gitId":"aikenwx"},"content":"        int taskToDelete;","lastModifiedDate":"2021-08-18"},{"lineNumber":164,"author":{"gitId":"aikenwx"},"content":"","lastModifiedDate":"2021-08-18"},{"lineNumber":165,"author":{"gitId":"aikenwx"},"content":"        try {","lastModifiedDate":"2021-08-18"},{"lineNumber":166,"author":{"gitId":"aikenwx"},"content":"            taskToDelete \u003d Integer.parseInt(parsedInput[1]) - 1;","lastModifiedDate":"2021-08-18"},{"lineNumber":167,"author":{"gitId":"aikenwx"},"content":"        } catch (NumberFormatException e) {","lastModifiedDate":"2021-08-18"},{"lineNumber":168,"author":{"gitId":"aikenwx"},"content":"            throw new DukeException(\"Please enter a proper number within this range Sir/Mdm:\" + this.list());","lastModifiedDate":"2021-08-18"},{"lineNumber":169,"author":{"gitId":"aikenwx"},"content":"        }","lastModifiedDate":"2021-08-18"},{"lineNumber":170,"author":{"gitId":"aikenwx"},"content":"","lastModifiedDate":"2021-08-18"},{"lineNumber":171,"author":{"gitId":"aikenwx"},"content":"        if (this.tasks.isEmpty()) {","lastModifiedDate":"2021-08-18"},{"lineNumber":172,"author":{"gitId":"aikenwx"},"content":"            throw (new DukeException(\"You have no tasks to delete Sir/Mdm!\"));","lastModifiedDate":"2021-08-18"},{"lineNumber":173,"author":{"gitId":"aikenwx"},"content":"        }","lastModifiedDate":"2021-08-18"},{"lineNumber":174,"author":{"gitId":"aikenwx"},"content":"","lastModifiedDate":"2021-08-18"},{"lineNumber":175,"author":{"gitId":"aikenwx"},"content":"        if (taskToDelete \u003c 0 || taskToDelete \u003e this.tasks.size() - 1) {","lastModifiedDate":"2021-08-18"},{"lineNumber":176,"author":{"gitId":"aikenwx"},"content":"            throw (new DukeException(\"Please specify a task within this range Sir/Mdm:\" + this.list()));","lastModifiedDate":"2021-08-18"},{"lineNumber":177,"author":{"gitId":"aikenwx"},"content":"        }","lastModifiedDate":"2021-08-18"},{"lineNumber":178,"author":{"gitId":"aikenwx"},"content":"","lastModifiedDate":"2021-08-18"},{"lineNumber":179,"author":{"gitId":"aikenwx"},"content":"","lastModifiedDate":"2021-08-18"},{"lineNumber":180,"author":{"gitId":"aikenwx"},"content":"        Task deletedTask \u003d this.tasks.get(taskToDelete);","lastModifiedDate":"2021-08-18"},{"lineNumber":181,"author":{"gitId":"aikenwx"},"content":"        this.tasks.remove(taskToDelete);","lastModifiedDate":"2021-08-18"},{"lineNumber":182,"author":{"gitId":"aikenwx"},"content":"        System.out.println(\"Much obliged Sir/Mdm! I shall delete this task:\\n   \" +","lastModifiedDate":"2021-08-18"},{"lineNumber":183,"author":{"gitId":"aikenwx"},"content":"                deletedTask + \"\\n\" + \"Now you have \" + this.tasks.size() +","lastModifiedDate":"2021-08-18"},{"lineNumber":184,"author":{"gitId":"aikenwx"},"content":"                (this.tasks.size() \u003d\u003d 1 ? \" task.\" : \" tasks.\") + \"\\n\");","lastModifiedDate":"2021-08-18"},{"lineNumber":185,"author":{"gitId":"aikenwx"},"content":"    }","lastModifiedDate":"2021-08-18"},{"lineNumber":186,"author":{"gitId":"aikenwx"},"content":"","lastModifiedDate":"2021-08-18"},{"lineNumber":187,"author":{"gitId":"aikenwx"},"content":"","lastModifiedDate":"2021-08-18"},{"lineNumber":188,"author":{"gitId":"-"},"content":"    public static void main(String[] args) {","lastModifiedDate":"2021-08-17"},{"lineNumber":189,"author":{"gitId":"aikenwx"},"content":"        Duke duke \u003d new Duke();","lastModifiedDate":"2021-08-17"},{"lineNumber":190,"author":{"gitId":"aikenwx"},"content":"        duke.serve();","lastModifiedDate":"2021-08-17"},{"lineNumber":191,"author":{"gitId":"-"},"content":"    }","lastModifiedDate":"2021-08-17"},{"lineNumber":192,"author":{"gitId":"aikenwx"},"content":"","lastModifiedDate":"2021-08-17"},{"lineNumber":193,"author":{"gitId":"aikenwx"},"content":"","lastModifiedDate":"2021-08-17"},{"lineNumber":194,"author":{"gitId":"-"},"content":"}","lastModifiedDate":"2021-08-17"},{"lineNumber":195,"author":{"gitId":"aikenwx"},"content":"","lastModifiedDate":"2021-08-17"},{"lineNumber":196,"author":{"gitId":"aikenwx"},"content":"","lastModifiedDate":"2021-08-17"},{"lineNumber":197,"author":{"gitId":"aikenwx"},"content":"","lastModifiedDate":"2021-08-17"}],"authorContributionMap":{"aikenwx":192,"-":5}},{"path":"src/main/java/DukeException.java","fileType":"java","lines":[{"lineNumber":1,"author":{"gitId":"aikenwx"},"content":"public class DukeException extends RuntimeException {","lastModifiedDate":"2021-08-18"},{"lineNumber":2,"author":{"gitId":"aikenwx"},"content":"    protected DukeException(String message) {","lastModifiedDate":"2021-08-18"},{"lineNumber":3,"author":{"gitId":"aikenwx"},"content":"        super(message);","lastModifiedDate":"2021-08-18"},{"lineNumber":4,"author":{"gitId":"aikenwx"},"content":"    }","lastModifiedDate":"2021-08-18"},{"lineNumber":5,"author":{"gitId":"aikenwx"},"content":"}","lastModifiedDate":"2021-08-18"}],"authorContributionMap":{"aikenwx":5}},{"path":"src/main/java/Event.java","fileType":"java","lines":[{"lineNumber":1,"author":{"gitId":"aikenwx"},"content":"public class Event extends Task {","lastModifiedDate":"2021-08-18"},{"lineNumber":2,"author":{"gitId":"aikenwx"},"content":"    protected String date;","lastModifiedDate":"2021-08-18"},{"lineNumber":3,"author":{"gitId":"aikenwx"},"content":"    protected String taskType \u003d \"[E]\";","lastModifiedDate":"2021-08-18"},{"lineNumber":4,"author":{"gitId":"aikenwx"},"content":"","lastModifiedDate":"2021-08-18"},{"lineNumber":5,"author":{"gitId":"aikenwx"},"content":"    public Event(String description, String date) {","lastModifiedDate":"2021-08-18"},{"lineNumber":6,"author":{"gitId":"aikenwx"},"content":"        super(description);","lastModifiedDate":"2021-08-18"},{"lineNumber":7,"author":{"gitId":"aikenwx"},"content":"","lastModifiedDate":"2021-08-18"},{"lineNumber":8,"author":{"gitId":"aikenwx"},"content":"        this.date \u003d date;","lastModifiedDate":"2021-08-18"},{"lineNumber":9,"author":{"gitId":"aikenwx"},"content":"    }","lastModifiedDate":"2021-08-18"},{"lineNumber":10,"author":{"gitId":"aikenwx"},"content":"","lastModifiedDate":"2021-08-18"},{"lineNumber":11,"author":{"gitId":"aikenwx"},"content":"    @Override","lastModifiedDate":"2021-08-18"},{"lineNumber":12,"author":{"gitId":"aikenwx"},"content":"    public String toString() {","lastModifiedDate":"2021-08-18"},{"lineNumber":13,"author":{"gitId":"aikenwx"},"content":"        return taskType + super.toString() + \" (at: \" + this.date + \")\";","lastModifiedDate":"2021-08-18"},{"lineNumber":14,"author":{"gitId":"aikenwx"},"content":"    }","lastModifiedDate":"2021-08-18"},{"lineNumber":15,"author":{"gitId":"aikenwx"},"content":"","lastModifiedDate":"2021-08-18"},{"lineNumber":16,"author":{"gitId":"aikenwx"},"content":"","lastModifiedDate":"2021-08-18"},{"lineNumber":17,"author":{"gitId":"aikenwx"},"content":"}","lastModifiedDate":"2021-08-18"}],"authorContributionMap":{"aikenwx":17}},{"path":"src/main/java/Task.java","fileType":"java","lines":[{"lineNumber":1,"author":{"gitId":"aikenwx"},"content":"public class Task {","lastModifiedDate":"2021-08-17"},{"lineNumber":2,"author":{"gitId":"aikenwx"},"content":"    protected String description;","lastModifiedDate":"2021-08-17"},{"lineNumber":3,"author":{"gitId":"aikenwx"},"content":"    protected boolean isDone;","lastModifiedDate":"2021-08-17"},{"lineNumber":4,"author":{"gitId":"aikenwx"},"content":"","lastModifiedDate":"2021-08-17"},{"lineNumber":5,"author":{"gitId":"aikenwx"},"content":"","lastModifiedDate":"2021-08-18"},{"lineNumber":6,"author":{"gitId":"aikenwx"},"content":"    public Task(String description) {","lastModifiedDate":"2021-08-17"},{"lineNumber":7,"author":{"gitId":"aikenwx"},"content":"        this.description \u003d description;","lastModifiedDate":"2021-08-17"},{"lineNumber":8,"author":{"gitId":"aikenwx"},"content":"        this.isDone \u003d false;","lastModifiedDate":"2021-08-17"},{"lineNumber":9,"author":{"gitId":"aikenwx"},"content":"    }","lastModifiedDate":"2021-08-17"},{"lineNumber":10,"author":{"gitId":"aikenwx"},"content":"","lastModifiedDate":"2021-08-17"},{"lineNumber":11,"author":{"gitId":"aikenwx"},"content":"    public String getStatusIcon() {","lastModifiedDate":"2021-08-17"},{"lineNumber":12,"author":{"gitId":"aikenwx"},"content":"        return (isDone ? \"X\" : \" \"); // mark done task with X","lastModifiedDate":"2021-08-17"},{"lineNumber":13,"author":{"gitId":"aikenwx"},"content":"    }","lastModifiedDate":"2021-08-17"},{"lineNumber":14,"author":{"gitId":"aikenwx"},"content":"","lastModifiedDate":"2021-08-17"},{"lineNumber":15,"author":{"gitId":"aikenwx"},"content":"    public void markAsDone() {","lastModifiedDate":"2021-08-17"},{"lineNumber":16,"author":{"gitId":"aikenwx"},"content":"        this.isDone \u003d true;","lastModifiedDate":"2021-08-17"},{"lineNumber":17,"author":{"gitId":"aikenwx"},"content":"    }","lastModifiedDate":"2021-08-17"},{"lineNumber":18,"author":{"gitId":"aikenwx"},"content":"","lastModifiedDate":"2021-08-17"},{"lineNumber":19,"author":{"gitId":"aikenwx"},"content":"    @Override","lastModifiedDate":"2021-08-17"},{"lineNumber":20,"author":{"gitId":"aikenwx"},"content":"    public String toString() {","lastModifiedDate":"2021-08-17"},{"lineNumber":21,"author":{"gitId":"aikenwx"},"content":"        return \"[\" + this.getStatusIcon() + \"] \" + this.description;","lastModifiedDate":"2021-08-17"},{"lineNumber":22,"author":{"gitId":"aikenwx"},"content":"    }","lastModifiedDate":"2021-08-17"},{"lineNumber":23,"author":{"gitId":"aikenwx"},"content":"","lastModifiedDate":"2021-08-17"},{"lineNumber":24,"author":{"gitId":"aikenwx"},"content":"}","lastModifiedDate":"2021-08-17"}],"authorContributionMap":{"aikenwx":24}},{"path":"src/main/java/Todo.java","fileType":"java","lines":[{"lineNumber":1,"author":{"gitId":"aikenwx"},"content":"public class Todo extends Task {","lastModifiedDate":"2021-08-18"},{"lineNumber":2,"author":{"gitId":"aikenwx"},"content":"    protected String taskType \u003d \"[T]\";","lastModifiedDate":"2021-08-18"},{"lineNumber":3,"author":{"gitId":"aikenwx"},"content":"","lastModifiedDate":"2021-08-18"},{"lineNumber":4,"author":{"gitId":"aikenwx"},"content":"    public Todo(String description) {","lastModifiedDate":"2021-08-18"},{"lineNumber":5,"author":{"gitId":"aikenwx"},"content":"        super(description);","lastModifiedDate":"2021-08-18"},{"lineNumber":6,"author":{"gitId":"aikenwx"},"content":"    }","lastModifiedDate":"2021-08-18"},{"lineNumber":7,"author":{"gitId":"aikenwx"},"content":"","lastModifiedDate":"2021-08-18"},{"lineNumber":8,"author":{"gitId":"aikenwx"},"content":"    @Override","lastModifiedDate":"2021-08-18"},{"lineNumber":9,"author":{"gitId":"aikenwx"},"content":"    public String toString() {","lastModifiedDate":"2021-08-18"},{"lineNumber":10,"author":{"gitId":"aikenwx"},"content":"        return taskType + super.toString();","lastModifiedDate":"2021-08-18"},{"lineNumber":11,"author":{"gitId":"aikenwx"},"content":"    }","lastModifiedDate":"2021-08-18"},{"lineNumber":12,"author":{"gitId":"aikenwx"},"content":"","lastModifiedDate":"2021-08-18"},{"lineNumber":13,"author":{"gitId":"aikenwx"},"content":"}","lastModifiedDate":"2021-08-18"}],"authorContributionMap":{"aikenwx":13}},{"path":"text-ui-test/input.txt","fileType":"txt","lines":[{"lineNumber":1,"author":{"gitId":"aikenwx"},"content":"todo check email","lastModifiedDate":"2021-08-18"},{"lineNumber":2,"author":{"gitId":"aikenwx"},"content":"todo feed momo","lastModifiedDate":"2021-08-18"},{"lineNumber":3,"author":{"gitId":"aikenwx"},"content":"list 0","lastModifiedDate":"2021-08-18"},{"lineNumber":4,"author":{"gitId":"aikenwx"},"content":"deadline assignment /Monday 5pm","lastModifiedDate":"2021-08-18"},{"lineNumber":5,"author":{"gitId":"aikenwx"},"content":"event exam /23/11/21","lastModifiedDate":"2021-08-18"},{"lineNumber":6,"author":{"gitId":"aikenwx"},"content":"list","lastModifiedDate":"2021-08-18"},{"lineNumber":7,"author":{"gitId":"aikenwx"},"content":"done 1","lastModifiedDate":"2021-08-18"},{"lineNumber":8,"author":{"gitId":"aikenwx"},"content":"done 2","lastModifiedDate":"2021-08-18"},{"lineNumber":9,"author":{"gitId":"aikenwx"},"content":"list","lastModifiedDate":"2021-08-18"},{"lineNumber":10,"author":{"gitId":"aikenwx"},"content":"done 3","lastModifiedDate":"2021-08-18"},{"lineNumber":11,"author":{"gitId":"aikenwx"},"content":"done 4","lastModifiedDate":"2021-08-18"},{"lineNumber":12,"author":{"gitId":"aikenwx"},"content":"list","lastModifiedDate":"2021-08-18"},{"lineNumber":13,"author":{"gitId":"aikenwx"},"content":"done","lastModifiedDate":"2021-08-18"},{"lineNumber":14,"author":{"gitId":"aikenwx"},"content":"done ok","lastModifiedDate":"2021-08-18"},{"lineNumber":15,"author":{"gitId":"aikenwx"},"content":"done 400","lastModifiedDate":"2021-08-18"},{"lineNumber":16,"author":{"gitId":"aikenwx"},"content":"done 4g5","lastModifiedDate":"2021-08-18"},{"lineNumber":17,"author":{"gitId":"aikenwx"},"content":"todo","lastModifiedDate":"2021-08-18"},{"lineNumber":18,"author":{"gitId":"aikenwx"},"content":"todoodle","lastModifiedDate":"2021-08-18"},{"lineNumber":19,"author":{"gitId":"aikenwx"},"content":"Assemble Avengers","lastModifiedDate":"2021-08-18"},{"lineNumber":20,"author":{"gitId":"aikenwx"},"content":"event","lastModifiedDate":"2021-08-18"},{"lineNumber":21,"author":{"gitId":"aikenwx"},"content":"event party","lastModifiedDate":"2021-08-18"},{"lineNumber":22,"author":{"gitId":"aikenwx"},"content":"event /date","lastModifiedDate":"2021-08-18"},{"lineNumber":23,"author":{"gitId":"aikenwx"},"content":"deadline","lastModifiedDate":"2021-08-18"},{"lineNumber":24,"author":{"gitId":"aikenwx"},"content":"deadline project","lastModifiedDate":"2021-08-18"},{"lineNumber":25,"author":{"gitId":"aikenwx"},"content":"deadline /date","lastModifiedDate":"2021-08-18"},{"lineNumber":26,"author":{"gitId":"aikenwx"},"content":"delete","lastModifiedDate":"2021-08-18"},{"lineNumber":27,"author":{"gitId":"aikenwx"},"content":"delete ok","lastModifiedDate":"2021-08-18"},{"lineNumber":28,"author":{"gitId":"aikenwx"},"content":"delete 5","lastModifiedDate":"2021-08-18"},{"lineNumber":29,"author":{"gitId":"aikenwx"},"content":"delete 4g5","lastModifiedDate":"2021-08-18"},{"lineNumber":30,"author":{"gitId":"aikenwx"},"content":"delete 4","lastModifiedDate":"2021-08-18"},{"lineNumber":31,"author":{"gitId":"aikenwx"},"content":"delete 3","lastModifiedDate":"2021-08-18"},{"lineNumber":32,"author":{"gitId":"aikenwx"},"content":"delete 2","lastModifiedDate":"2021-08-18"},{"lineNumber":33,"author":{"gitId":"aikenwx"},"content":"delete 1","lastModifiedDate":"2021-08-18"},{"lineNumber":34,"author":{"gitId":"aikenwx"},"content":"delete 0","lastModifiedDate":"2021-08-18"},{"lineNumber":35,"author":{"gitId":"aikenwx"},"content":"bye","lastModifiedDate":"2021-08-18"}],"authorContributionMap":{"aikenwx":35}}]
