[{"path":"src/main/java/Deadline.java","fileType":"java","lines":[{"lineNumber":1,"author":{"gitId":"wengYing227"},"content":"public class Deadline extends Task{","lastModifiedDate":"2021-08-19"},{"lineNumber":2,"author":{"gitId":"wengYing227"},"content":"    protected String by;","lastModifiedDate":"2021-08-19"},{"lineNumber":3,"author":{"gitId":"wengYing227"},"content":"","lastModifiedDate":"2021-08-19"},{"lineNumber":4,"author":{"gitId":"wengYing227"},"content":"    public Deadline(String description, String by) {","lastModifiedDate":"2021-08-19"},{"lineNumber":5,"author":{"gitId":"wengYing227"},"content":"        super(description);","lastModifiedDate":"2021-08-19"},{"lineNumber":6,"author":{"gitId":"wengYing227"},"content":"        this.by \u003d by;","lastModifiedDate":"2021-08-19"},{"lineNumber":7,"author":{"gitId":"wengYing227"},"content":"    }","lastModifiedDate":"2021-08-19"},{"lineNumber":8,"author":{"gitId":"wengYing227"},"content":"","lastModifiedDate":"2021-08-19"},{"lineNumber":9,"author":{"gitId":"wengYing227"},"content":"    @Override","lastModifiedDate":"2021-08-19"},{"lineNumber":10,"author":{"gitId":"wengYing227"},"content":"    public String toString() {","lastModifiedDate":"2021-08-19"},{"lineNumber":11,"author":{"gitId":"wengYing227"},"content":"        return \"[D]\" + super.toString() + \"(by: \" + by + \")\";","lastModifiedDate":"2021-08-19"},{"lineNumber":12,"author":{"gitId":"wengYing227"},"content":"    }","lastModifiedDate":"2021-08-19"},{"lineNumber":13,"author":{"gitId":"wengYing227"},"content":"}","lastModifiedDate":"2021-08-19"}],"authorContributionMap":{"wengYing227":13}},{"path":"src/main/java/Duke.java","fileType":"java","lines":[{"lineNumber":1,"author":{"gitId":"wengYing227"},"content":"import java.util.ArrayList;","lastModifiedDate":"2021-08-19"},{"lineNumber":2,"author":{"gitId":"wengYing227"},"content":"import java.util.List;","lastModifiedDate":"2021-08-19"},{"lineNumber":3,"author":{"gitId":"wengYing227"},"content":"import java.util.Scanner;","lastModifiedDate":"2021-08-19"},{"lineNumber":4,"author":{"gitId":"wengYing227"},"content":"","lastModifiedDate":"2021-08-19"},{"lineNumber":5,"author":{"gitId":"-"},"content":"public class Duke {","lastModifiedDate":"2019-07-29"},{"lineNumber":6,"author":{"gitId":"wengYing227"},"content":"    private static List\u003cTask\u003e tasks \u003d new ArrayList\u003c\u003e(100);","lastModifiedDate":"2021-08-19"},{"lineNumber":7,"author":{"gitId":"wengYing227"},"content":"    private static int len \u003d 0;","lastModifiedDate":"2021-08-19"},{"lineNumber":8,"author":{"gitId":"wengYing227"},"content":"    private static Boolean going \u003d true;","lastModifiedDate":"2021-08-19"},{"lineNumber":9,"author":{"gitId":"wengYing227"},"content":"","lastModifiedDate":"2021-08-19"},{"lineNumber":10,"author":{"gitId":"wengYing227"},"content":"    private enum Type{","lastModifiedDate":"2021-08-19"},{"lineNumber":11,"author":{"gitId":"wengYing227"},"content":"        DEADLINE, EVENT, TODO","lastModifiedDate":"2021-08-19"},{"lineNumber":12,"author":{"gitId":"wengYing227"},"content":"    };","lastModifiedDate":"2021-08-19"},{"lineNumber":13,"author":{"gitId":"wengYing227"},"content":"","lastModifiedDate":"2021-08-19"},{"lineNumber":14,"author":{"gitId":"wengYing227"},"content":"    /**","lastModifiedDate":"2021-08-19"},{"lineNumber":15,"author":{"gitId":"wengYing227"},"content":"     * Pack a string so that it can always output in a specific format.","lastModifiedDate":"2021-08-19"},{"lineNumber":16,"author":{"gitId":"wengYing227"},"content":"     *","lastModifiedDate":"2021-08-19"},{"lineNumber":17,"author":{"gitId":"wengYing227"},"content":"     * @param string the content you want to print","lastModifiedDate":"2021-08-19"},{"lineNumber":18,"author":{"gitId":"wengYing227"},"content":"     */","lastModifiedDate":"2021-08-19"},{"lineNumber":19,"author":{"gitId":"wengYing227"},"content":"    public static void pack(String string) { // format the output","lastModifiedDate":"2021-08-19"},{"lineNumber":20,"author":{"gitId":"wengYing227"},"content":"        System.out.println(\"------------------------------------------------------------\");","lastModifiedDate":"2021-08-19"},{"lineNumber":21,"author":{"gitId":"wengYing227"},"content":"        System.out.println(string);","lastModifiedDate":"2021-08-19"},{"lineNumber":22,"author":{"gitId":"wengYing227"},"content":"        System.out.println(\"------------------------------------------------------------\");","lastModifiedDate":"2021-08-19"},{"lineNumber":23,"author":{"gitId":"wengYing227"},"content":"    }","lastModifiedDate":"2021-08-19"},{"lineNumber":24,"author":{"gitId":"wengYing227"},"content":"","lastModifiedDate":"2021-08-19"},{"lineNumber":25,"author":{"gitId":"wengYing227"},"content":"    /**","lastModifiedDate":"2021-08-19"},{"lineNumber":26,"author":{"gitId":"wengYing227"},"content":"     * Greeting to the user.","lastModifiedDate":"2021-08-19"},{"lineNumber":27,"author":{"gitId":"wengYing227"},"content":"     */","lastModifiedDate":"2021-08-19"},{"lineNumber":28,"author":{"gitId":"wengYing227"},"content":"    public static void greet(){","lastModifiedDate":"2021-08-19"},{"lineNumber":29,"author":{"gitId":"wengYing227"},"content":"        String greeting \u003d \"Hello! I\u0027m Duke\\n\" + \"What can I do for you?\";","lastModifiedDate":"2021-08-19"},{"lineNumber":30,"author":{"gitId":"wengYing227"},"content":"        pack(greeting);","lastModifiedDate":"2021-08-19"},{"lineNumber":31,"author":{"gitId":"wengYing227"},"content":"    }","lastModifiedDate":"2021-08-19"},{"lineNumber":32,"author":{"gitId":"wengYing227"},"content":"","lastModifiedDate":"2021-08-19"},{"lineNumber":33,"author":{"gitId":"wengYing227"},"content":"    /**","lastModifiedDate":"2021-08-19"},{"lineNumber":34,"author":{"gitId":"wengYing227"},"content":"     * Scan the next line of input and add to the list.","lastModifiedDate":"2021-08-19"},{"lineNumber":35,"author":{"gitId":"wengYing227"},"content":"     *","lastModifiedDate":"2021-08-19"},{"lineNumber":36,"author":{"gitId":"wengYing227"},"content":"     * @throws DukeException","lastModifiedDate":"2021-08-19"},{"lineNumber":37,"author":{"gitId":"wengYing227"},"content":"     */","lastModifiedDate":"2021-08-19"},{"lineNumber":38,"author":{"gitId":"wengYing227"},"content":"    public static void scan(String input) throws DukeException{","lastModifiedDate":"2021-08-19"},{"lineNumber":39,"author":{"gitId":"wengYing227"},"content":"        if(input.equals(\"bye\")) {","lastModifiedDate":"2021-08-19"},{"lineNumber":40,"author":{"gitId":"wengYing227"},"content":"            going \u003d false;","lastModifiedDate":"2021-08-19"},{"lineNumber":41,"author":{"gitId":"wengYing227"},"content":"            return;","lastModifiedDate":"2021-08-19"},{"lineNumber":42,"author":{"gitId":"wengYing227"},"content":"        }","lastModifiedDate":"2021-08-19"},{"lineNumber":43,"author":{"gitId":"wengYing227"},"content":"        if(input.equals(\"List\") || input.equals(\"list\")) {","lastModifiedDate":"2021-08-19"},{"lineNumber":44,"author":{"gitId":"wengYing227"},"content":"            readList();","lastModifiedDate":"2021-08-19"},{"lineNumber":45,"author":{"gitId":"wengYing227"},"content":"            return;","lastModifiedDate":"2021-08-19"},{"lineNumber":46,"author":{"gitId":"wengYing227"},"content":"        }","lastModifiedDate":"2021-08-19"},{"lineNumber":47,"author":{"gitId":"wengYing227"},"content":"","lastModifiedDate":"2021-08-19"},{"lineNumber":48,"author":{"gitId":"wengYing227"},"content":"        if(input.startsWith(\"deadline\")) {","lastModifiedDate":"2021-08-19"},{"lineNumber":49,"author":{"gitId":"wengYing227"},"content":"            int indexOfTime \u003d input.indexOf(\"/by\");","lastModifiedDate":"2021-08-19"},{"lineNumber":50,"author":{"gitId":"wengYing227"},"content":"            if(indexOfTime \u003d\u003d -1) {","lastModifiedDate":"2021-08-19"},{"lineNumber":51,"author":{"gitId":"wengYing227"},"content":"                throw new DukeException(\"OOPS!!! The timeline of a deadline cannot be empty.\");","lastModifiedDate":"2021-08-19"},{"lineNumber":52,"author":{"gitId":"wengYing227"},"content":"            }","lastModifiedDate":"2021-08-19"},{"lineNumber":53,"author":{"gitId":"wengYing227"},"content":"            String item \u003d input.substring(9, indexOfTime);","lastModifiedDate":"2021-08-19"},{"lineNumber":54,"author":{"gitId":"wengYing227"},"content":"            String by \u003d input.substring(indexOfTime+4);","lastModifiedDate":"2021-08-19"},{"lineNumber":55,"author":{"gitId":"wengYing227"},"content":"            addList(Type.DEADLINE, item, by);","lastModifiedDate":"2021-08-19"},{"lineNumber":56,"author":{"gitId":"wengYing227"},"content":"        } else if(input.startsWith(\"event\")) {","lastModifiedDate":"2021-08-19"},{"lineNumber":57,"author":{"gitId":"wengYing227"},"content":"            int indexOfTime \u003d input.indexOf(\"/at\");","lastModifiedDate":"2021-08-19"},{"lineNumber":58,"author":{"gitId":"wengYing227"},"content":"            if(indexOfTime \u003d\u003d -1) {","lastModifiedDate":"2021-08-19"},{"lineNumber":59,"author":{"gitId":"wengYing227"},"content":"                throw new DukeException(\"OOPS!!! The timeline of a event cannot be empty.\");","lastModifiedDate":"2021-08-19"},{"lineNumber":60,"author":{"gitId":"wengYing227"},"content":"            }","lastModifiedDate":"2021-08-19"},{"lineNumber":61,"author":{"gitId":"wengYing227"},"content":"            String item \u003d input.substring(6, indexOfTime);","lastModifiedDate":"2021-08-19"},{"lineNumber":62,"author":{"gitId":"wengYing227"},"content":"            String at \u003d input.substring(indexOfTime+4);","lastModifiedDate":"2021-08-19"},{"lineNumber":63,"author":{"gitId":"wengYing227"},"content":"            addList(Type.EVENT, item, at);","lastModifiedDate":"2021-08-19"},{"lineNumber":64,"author":{"gitId":"wengYing227"},"content":"        } else if (input.startsWith(\"todo\")) {","lastModifiedDate":"2021-08-19"},{"lineNumber":65,"author":{"gitId":"wengYing227"},"content":"            try {","lastModifiedDate":"2021-08-19"},{"lineNumber":66,"author":{"gitId":"wengYing227"},"content":"                String item \u003d input.substring(5);","lastModifiedDate":"2021-08-19"},{"lineNumber":67,"author":{"gitId":"wengYing227"},"content":"                addList(Type.TODO, item, null);","lastModifiedDate":"2021-08-19"},{"lineNumber":68,"author":{"gitId":"wengYing227"},"content":"            } catch(StringIndexOutOfBoundsException e) {","lastModifiedDate":"2021-08-19"},{"lineNumber":69,"author":{"gitId":"wengYing227"},"content":"                throw new DukeException(\"OOPS!!! The description of a event cannot be empty.\");","lastModifiedDate":"2021-08-19"},{"lineNumber":70,"author":{"gitId":"wengYing227"},"content":"            }","lastModifiedDate":"2021-08-19"},{"lineNumber":71,"author":{"gitId":"wengYing227"},"content":"        } else if (input.startsWith(\"done\")) {","lastModifiedDate":"2021-08-19"},{"lineNumber":72,"author":{"gitId":"wengYing227"},"content":"            try {","lastModifiedDate":"2021-08-19"},{"lineNumber":73,"author":{"gitId":"wengYing227"},"content":"                char temp \u003d input.charAt(5);","lastModifiedDate":"2021-08-19"},{"lineNumber":74,"author":{"gitId":"wengYing227"},"content":"                if (Character.isDigit(temp)) {","lastModifiedDate":"2021-08-19"},{"lineNumber":75,"author":{"gitId":"wengYing227"},"content":"                    int item \u003d Integer.parseInt(input.substring(5, 6));","lastModifiedDate":"2021-08-19"},{"lineNumber":76,"author":{"gitId":"wengYing227"},"content":"                    done(tasks.get(item - 1));","lastModifiedDate":"2021-08-19"},{"lineNumber":77,"author":{"gitId":"wengYing227"},"content":"                    return;","lastModifiedDate":"2021-08-19"},{"lineNumber":78,"author":{"gitId":"wengYing227"},"content":"                }","lastModifiedDate":"2021-08-19"},{"lineNumber":79,"author":{"gitId":"wengYing227"},"content":"            } catch (StringIndexOutOfBoundsException e) {","lastModifiedDate":"2021-08-19"},{"lineNumber":80,"author":{"gitId":"wengYing227"},"content":"                throw new DukeException(\"OOPS!!! The target of finished task cannot be empty.\");","lastModifiedDate":"2021-08-19"},{"lineNumber":81,"author":{"gitId":"wengYing227"},"content":"            }","lastModifiedDate":"2021-08-19"},{"lineNumber":82,"author":{"gitId":"wengYing227"},"content":"        } else if (input.startsWith(\"delete\")) {","lastModifiedDate":"2021-08-19"},{"lineNumber":83,"author":{"gitId":"wengYing227"},"content":"            try {","lastModifiedDate":"2021-08-19"},{"lineNumber":84,"author":{"gitId":"wengYing227"},"content":"                char temp \u003d input.charAt(7);","lastModifiedDate":"2021-08-19"},{"lineNumber":85,"author":{"gitId":"wengYing227"},"content":"                if (Character.isDigit(temp)) {","lastModifiedDate":"2021-08-19"},{"lineNumber":86,"author":{"gitId":"wengYing227"},"content":"                    int item \u003d Integer.parseInt(input.substring(7, 8));","lastModifiedDate":"2021-08-19"},{"lineNumber":87,"author":{"gitId":"wengYing227"},"content":"                    deleteItem(tasks.get(item - 1));","lastModifiedDate":"2021-08-19"},{"lineNumber":88,"author":{"gitId":"wengYing227"},"content":"                    return;","lastModifiedDate":"2021-08-19"},{"lineNumber":89,"author":{"gitId":"wengYing227"},"content":"                }","lastModifiedDate":"2021-08-19"},{"lineNumber":90,"author":{"gitId":"wengYing227"},"content":"            } catch (StringIndexOutOfBoundsException e) {","lastModifiedDate":"2021-08-19"},{"lineNumber":91,"author":{"gitId":"wengYing227"},"content":"                throw new DukeException(\"OOPS!!! The target of deleting task cannot be empty.\");","lastModifiedDate":"2021-08-19"},{"lineNumber":92,"author":{"gitId":"wengYing227"},"content":"            }","lastModifiedDate":"2021-08-19"},{"lineNumber":93,"author":{"gitId":"wengYing227"},"content":"        } else {","lastModifiedDate":"2021-08-19"},{"lineNumber":94,"author":{"gitId":"wengYing227"},"content":"            throw new DukeException(\"OOPS!!! I\u0027m sorry, but I don\u0027t know what that means :-(\");","lastModifiedDate":"2021-08-19"},{"lineNumber":95,"author":{"gitId":"wengYing227"},"content":"        }","lastModifiedDate":"2021-08-19"},{"lineNumber":96,"author":{"gitId":"wengYing227"},"content":"    }","lastModifiedDate":"2021-08-19"},{"lineNumber":97,"author":{"gitId":"wengYing227"},"content":"","lastModifiedDate":"2021-08-19"},{"lineNumber":98,"author":{"gitId":"wengYing227"},"content":"    /**","lastModifiedDate":"2021-08-19"},{"lineNumber":99,"author":{"gitId":"wengYing227"},"content":"     * Add a task to the task list.","lastModifiedDate":"2021-08-19"},{"lineNumber":100,"author":{"gitId":"wengYing227"},"content":"     *","lastModifiedDate":"2021-08-19"},{"lineNumber":101,"author":{"gitId":"wengYing227"},"content":"     * @param type the type of input task","lastModifiedDate":"2021-08-19"},{"lineNumber":102,"author":{"gitId":"wengYing227"},"content":"     * @param item the description of the input task","lastModifiedDate":"2021-08-19"},{"lineNumber":103,"author":{"gitId":"wengYing227"},"content":"     * @param time task timeline or null","lastModifiedDate":"2021-08-19"},{"lineNumber":104,"author":{"gitId":"wengYing227"},"content":"     */","lastModifiedDate":"2021-08-19"},{"lineNumber":105,"author":{"gitId":"wengYing227"},"content":"    public static void addList(Type type, String item, String time) {","lastModifiedDate":"2021-08-19"},{"lineNumber":106,"author":{"gitId":"wengYing227"},"content":"        switch (type) {","lastModifiedDate":"2021-08-19"},{"lineNumber":107,"author":{"gitId":"wengYing227"},"content":"            case DEADLINE:","lastModifiedDate":"2021-08-19"},{"lineNumber":108,"author":{"gitId":"wengYing227"},"content":"                tasks.add(new Deadline(item, time));","lastModifiedDate":"2021-08-19"},{"lineNumber":109,"author":{"gitId":"wengYing227"},"content":"                len++;","lastModifiedDate":"2021-08-19"},{"lineNumber":110,"author":{"gitId":"wengYing227"},"content":"                break;","lastModifiedDate":"2021-08-19"},{"lineNumber":111,"author":{"gitId":"wengYing227"},"content":"            case EVENT:","lastModifiedDate":"2021-08-19"},{"lineNumber":112,"author":{"gitId":"wengYing227"},"content":"                tasks.add(new Event(item, time));","lastModifiedDate":"2021-08-19"},{"lineNumber":113,"author":{"gitId":"wengYing227"},"content":"                len++;","lastModifiedDate":"2021-08-19"},{"lineNumber":114,"author":{"gitId":"wengYing227"},"content":"                break;","lastModifiedDate":"2021-08-19"},{"lineNumber":115,"author":{"gitId":"wengYing227"},"content":"            case TODO:","lastModifiedDate":"2021-08-19"},{"lineNumber":116,"author":{"gitId":"wengYing227"},"content":"                tasks.add(new Todo(item));","lastModifiedDate":"2021-08-19"},{"lineNumber":117,"author":{"gitId":"wengYing227"},"content":"                len++;","lastModifiedDate":"2021-08-19"},{"lineNumber":118,"author":{"gitId":"wengYing227"},"content":"                break;","lastModifiedDate":"2021-08-19"},{"lineNumber":119,"author":{"gitId":"wengYing227"},"content":"        }","lastModifiedDate":"2021-08-19"},{"lineNumber":120,"author":{"gitId":"wengYing227"},"content":"","lastModifiedDate":"2021-08-19"},{"lineNumber":121,"author":{"gitId":"wengYing227"},"content":"        String added \u003d \"Got it. I\u0027ve added this task:\\n  \" + tasks.get(len-1).toString() + \"\\nNow you have \" + len;","lastModifiedDate":"2021-08-19"},{"lineNumber":122,"author":{"gitId":"wengYing227"},"content":"        if(len \u003e 1) {","lastModifiedDate":"2021-08-19"},{"lineNumber":123,"author":{"gitId":"wengYing227"},"content":"            added +\u003d \" tasks in the list.\";","lastModifiedDate":"2021-08-19"},{"lineNumber":124,"author":{"gitId":"wengYing227"},"content":"        } else {","lastModifiedDate":"2021-08-19"},{"lineNumber":125,"author":{"gitId":"wengYing227"},"content":"            added +\u003d \" task in the list.\";","lastModifiedDate":"2021-08-19"},{"lineNumber":126,"author":{"gitId":"wengYing227"},"content":"        }","lastModifiedDate":"2021-08-19"},{"lineNumber":127,"author":{"gitId":"wengYing227"},"content":"        pack(added);","lastModifiedDate":"2021-08-19"},{"lineNumber":128,"author":{"gitId":"wengYing227"},"content":"    }","lastModifiedDate":"2021-08-19"},{"lineNumber":129,"author":{"gitId":"wengYing227"},"content":"","lastModifiedDate":"2021-08-19"},{"lineNumber":130,"author":{"gitId":"wengYing227"},"content":"    /**","lastModifiedDate":"2021-08-19"},{"lineNumber":131,"author":{"gitId":"wengYing227"},"content":"     * Read the task list and print it out.","lastModifiedDate":"2021-08-19"},{"lineNumber":132,"author":{"gitId":"wengYing227"},"content":"     *","lastModifiedDate":"2021-08-19"},{"lineNumber":133,"author":{"gitId":"wengYing227"},"content":"     */","lastModifiedDate":"2021-08-19"},{"lineNumber":134,"author":{"gitId":"wengYing227"},"content":"    public static void readList(){","lastModifiedDate":"2021-08-19"},{"lineNumber":135,"author":{"gitId":"wengYing227"},"content":"        String out \u003d \"Here are the tasks in your list:\";","lastModifiedDate":"2021-08-19"},{"lineNumber":136,"author":{"gitId":"wengYing227"},"content":"        for(int i \u003d 1; i \u003c\u003d len; i++) {","lastModifiedDate":"2021-08-19"},{"lineNumber":137,"author":{"gitId":"wengYing227"},"content":"            out +\u003d \"\\n\" + i + \".\" + tasks.get(i-1).toString();","lastModifiedDate":"2021-08-19"},{"lineNumber":138,"author":{"gitId":"wengYing227"},"content":"        }","lastModifiedDate":"2021-08-19"},{"lineNumber":139,"author":{"gitId":"wengYing227"},"content":"        pack(out);","lastModifiedDate":"2021-08-19"},{"lineNumber":140,"author":{"gitId":"wengYing227"},"content":"    }","lastModifiedDate":"2021-08-19"},{"lineNumber":141,"author":{"gitId":"wengYing227"},"content":"","lastModifiedDate":"2021-08-19"},{"lineNumber":142,"author":{"gitId":"wengYing227"},"content":"    /**","lastModifiedDate":"2021-08-19"},{"lineNumber":143,"author":{"gitId":"wengYing227"},"content":"     * Delete an item from the task list.","lastModifiedDate":"2021-08-19"},{"lineNumber":144,"author":{"gitId":"wengYing227"},"content":"     *","lastModifiedDate":"2021-08-19"},{"lineNumber":145,"author":{"gitId":"wengYing227"},"content":"     * @param task the task that is going to be deleted","lastModifiedDate":"2021-08-19"},{"lineNumber":146,"author":{"gitId":"wengYing227"},"content":"     */","lastModifiedDate":"2021-08-19"},{"lineNumber":147,"author":{"gitId":"wengYing227"},"content":"    public static void deleteItem(Task task) {","lastModifiedDate":"2021-08-19"},{"lineNumber":148,"author":{"gitId":"wengYing227"},"content":"        String out \u003d \"Noted. I\u0027ve removed this task:\\n  \" + task.toString() + \"\\n\";","lastModifiedDate":"2021-08-19"},{"lineNumber":149,"author":{"gitId":"wengYing227"},"content":"        tasks.remove(task);","lastModifiedDate":"2021-08-19"},{"lineNumber":150,"author":{"gitId":"wengYing227"},"content":"        len--;","lastModifiedDate":"2021-08-19"},{"lineNumber":151,"author":{"gitId":"wengYing227"},"content":"        if (len \u003e 1) {","lastModifiedDate":"2021-08-19"},{"lineNumber":152,"author":{"gitId":"wengYing227"},"content":"            out +\u003d \"Now you have \" + len + \" tasks in the list.\";","lastModifiedDate":"2021-08-19"},{"lineNumber":153,"author":{"gitId":"wengYing227"},"content":"        } else {","lastModifiedDate":"2021-08-19"},{"lineNumber":154,"author":{"gitId":"wengYing227"},"content":"            out +\u003d \"Now you have \" + len + \" task in the list.\";","lastModifiedDate":"2021-08-19"},{"lineNumber":155,"author":{"gitId":"wengYing227"},"content":"        }","lastModifiedDate":"2021-08-19"},{"lineNumber":156,"author":{"gitId":"wengYing227"},"content":"        pack(out);","lastModifiedDate":"2021-08-19"},{"lineNumber":157,"author":{"gitId":"wengYing227"},"content":"    }","lastModifiedDate":"2021-08-19"},{"lineNumber":158,"author":{"gitId":"wengYing227"},"content":"","lastModifiedDate":"2021-08-19"},{"lineNumber":159,"author":{"gitId":"wengYing227"},"content":"    /**","lastModifiedDate":"2021-08-19"},{"lineNumber":160,"author":{"gitId":"wengYing227"},"content":"     * Mark an existing task as Done.","lastModifiedDate":"2021-08-19"},{"lineNumber":161,"author":{"gitId":"wengYing227"},"content":"     *","lastModifiedDate":"2021-08-19"},{"lineNumber":162,"author":{"gitId":"wengYing227"},"content":"     * @param task the task that users have done","lastModifiedDate":"2021-08-19"},{"lineNumber":163,"author":{"gitId":"wengYing227"},"content":"     */","lastModifiedDate":"2021-08-19"},{"lineNumber":164,"author":{"gitId":"wengYing227"},"content":"    public static void done(Task task) {","lastModifiedDate":"2021-08-19"},{"lineNumber":165,"author":{"gitId":"wengYing227"},"content":"        String out \u003d \"Nice! I\u0027ve marked this task as done:\\n  \";","lastModifiedDate":"2021-08-19"},{"lineNumber":166,"author":{"gitId":"wengYing227"},"content":"        task.markAsDone();","lastModifiedDate":"2021-08-19"},{"lineNumber":167,"author":{"gitId":"wengYing227"},"content":"        out +\u003d task.toString();","lastModifiedDate":"2021-08-19"},{"lineNumber":168,"author":{"gitId":"wengYing227"},"content":"        pack(out);","lastModifiedDate":"2021-08-19"},{"lineNumber":169,"author":{"gitId":"wengYing227"},"content":"    }","lastModifiedDate":"2021-08-19"},{"lineNumber":170,"author":{"gitId":"wengYing227"},"content":"","lastModifiedDate":"2021-08-19"},{"lineNumber":171,"author":{"gitId":"wengYing227"},"content":"    /**","lastModifiedDate":"2021-08-19"},{"lineNumber":172,"author":{"gitId":"wengYing227"},"content":"     * Exit from the system.","lastModifiedDate":"2021-08-19"},{"lineNumber":173,"author":{"gitId":"wengYing227"},"content":"     */","lastModifiedDate":"2021-08-19"},{"lineNumber":174,"author":{"gitId":"wengYing227"},"content":"    public static void exit(){","lastModifiedDate":"2021-08-19"},{"lineNumber":175,"author":{"gitId":"wengYing227"},"content":"        String bye \u003d \"Bye. Hope to see you again soon!\";","lastModifiedDate":"2021-08-19"},{"lineNumber":176,"author":{"gitId":"wengYing227"},"content":"        pack(bye);","lastModifiedDate":"2021-08-19"},{"lineNumber":177,"author":{"gitId":"wengYing227"},"content":"    }","lastModifiedDate":"2021-08-19"},{"lineNumber":178,"author":{"gitId":"wengYing227"},"content":"","lastModifiedDate":"2021-08-19"},{"lineNumber":179,"author":{"gitId":"wengYing227"},"content":"","lastModifiedDate":"2021-08-19"},{"lineNumber":180,"author":{"gitId":"-"},"content":"    public static void main(String[] args) {","lastModifiedDate":"2019-07-29"},{"lineNumber":181,"author":{"gitId":"wengYing227"},"content":"        Scanner scan \u003d new Scanner(System.in);","lastModifiedDate":"2021-08-19"},{"lineNumber":182,"author":{"gitId":"wengYing227"},"content":"        String s;","lastModifiedDate":"2021-08-19"},{"lineNumber":183,"author":{"gitId":"wengYing227"},"content":"","lastModifiedDate":"2021-08-19"},{"lineNumber":184,"author":{"gitId":"wengYing227"},"content":"        greet();","lastModifiedDate":"2021-08-19"},{"lineNumber":185,"author":{"gitId":"wengYing227"},"content":"        while(going \u0026\u0026 scan.hasNextLine()) {","lastModifiedDate":"2021-08-19"},{"lineNumber":186,"author":{"gitId":"wengYing227"},"content":"            try {","lastModifiedDate":"2021-08-19"},{"lineNumber":187,"author":{"gitId":"wengYing227"},"content":"                s \u003d scan.nextLine().trim();","lastModifiedDate":"2021-08-19"},{"lineNumber":188,"author":{"gitId":"wengYing227"},"content":"                scan(s);","lastModifiedDate":"2021-08-19"},{"lineNumber":189,"author":{"gitId":"wengYing227"},"content":"            } catch (DukeException e) {","lastModifiedDate":"2021-08-19"},{"lineNumber":190,"author":{"gitId":"wengYing227"},"content":"                pack(e.getMessage());","lastModifiedDate":"2021-08-19"},{"lineNumber":191,"author":{"gitId":"wengYing227"},"content":"            }","lastModifiedDate":"2021-08-19"},{"lineNumber":192,"author":{"gitId":"wengYing227"},"content":"        }","lastModifiedDate":"2021-08-19"},{"lineNumber":193,"author":{"gitId":"wengYing227"},"content":"        exit();","lastModifiedDate":"2021-08-19"},{"lineNumber":194,"author":{"gitId":"-"},"content":"    }","lastModifiedDate":"2019-07-29"},{"lineNumber":195,"author":{"gitId":"-"},"content":"}","lastModifiedDate":"2019-07-29"}],"authorContributionMap":{"wengYing227":191,"-":4}},{"path":"src/main/java/DukeException.java","fileType":"java","lines":[{"lineNumber":1,"author":{"gitId":"wengYing227"},"content":"public class DukeException extends RuntimeException{","lastModifiedDate":"2021-08-19"},{"lineNumber":2,"author":{"gitId":"wengYing227"},"content":"    public DukeException(String str) {","lastModifiedDate":"2021-08-19"},{"lineNumber":3,"author":{"gitId":"wengYing227"},"content":"        super(str);","lastModifiedDate":"2021-08-19"},{"lineNumber":4,"author":{"gitId":"wengYing227"},"content":"    }","lastModifiedDate":"2021-08-19"},{"lineNumber":5,"author":{"gitId":"wengYing227"},"content":"}","lastModifiedDate":"2021-08-19"}],"authorContributionMap":{"wengYing227":5}},{"path":"src/main/java/Event.java","fileType":"java","lines":[{"lineNumber":1,"author":{"gitId":"wengYing227"},"content":"public class Event extends Task {","lastModifiedDate":"2021-08-19"},{"lineNumber":2,"author":{"gitId":"wengYing227"},"content":"    protected String at;","lastModifiedDate":"2021-08-19"},{"lineNumber":3,"author":{"gitId":"wengYing227"},"content":"","lastModifiedDate":"2021-08-19"},{"lineNumber":4,"author":{"gitId":"wengYing227"},"content":"    public Event(String description, String at) {","lastModifiedDate":"2021-08-19"},{"lineNumber":5,"author":{"gitId":"wengYing227"},"content":"        super(description);","lastModifiedDate":"2021-08-19"},{"lineNumber":6,"author":{"gitId":"wengYing227"},"content":"        this.at \u003d at;","lastModifiedDate":"2021-08-19"},{"lineNumber":7,"author":{"gitId":"wengYing227"},"content":"    }","lastModifiedDate":"2021-08-19"},{"lineNumber":8,"author":{"gitId":"wengYing227"},"content":"","lastModifiedDate":"2021-08-19"},{"lineNumber":9,"author":{"gitId":"wengYing227"},"content":"    @Override","lastModifiedDate":"2021-08-19"},{"lineNumber":10,"author":{"gitId":"wengYing227"},"content":"    public String toString() {","lastModifiedDate":"2021-08-19"},{"lineNumber":11,"author":{"gitId":"wengYing227"},"content":"        return \"[E]\" + super.toString() + \"(at: \" + at + \")\";","lastModifiedDate":"2021-08-19"},{"lineNumber":12,"author":{"gitId":"wengYing227"},"content":"    }","lastModifiedDate":"2021-08-19"},{"lineNumber":13,"author":{"gitId":"wengYing227"},"content":"}","lastModifiedDate":"2021-08-19"},{"lineNumber":14,"author":{"gitId":"wengYing227"},"content":"","lastModifiedDate":"2021-08-19"}],"authorContributionMap":{"wengYing227":14}},{"path":"src/main/java/Task.java","fileType":"java","lines":[{"lineNumber":1,"author":{"gitId":"wengYing227"},"content":"public abstract class Task {","lastModifiedDate":"2021-08-19"},{"lineNumber":2,"author":{"gitId":"wengYing227"},"content":"    protected String description;","lastModifiedDate":"2021-08-19"},{"lineNumber":3,"author":{"gitId":"wengYing227"},"content":"    protected boolean isDone;","lastModifiedDate":"2021-08-19"},{"lineNumber":4,"author":{"gitId":"wengYing227"},"content":"","lastModifiedDate":"2021-08-19"},{"lineNumber":5,"author":{"gitId":"wengYing227"},"content":"    public Task(String description) {","lastModifiedDate":"2021-08-19"},{"lineNumber":6,"author":{"gitId":"wengYing227"},"content":"        this.description \u003d description;","lastModifiedDate":"2021-08-19"},{"lineNumber":7,"author":{"gitId":"wengYing227"},"content":"        this.isDone \u003d false;","lastModifiedDate":"2021-08-19"},{"lineNumber":8,"author":{"gitId":"wengYing227"},"content":"    }","lastModifiedDate":"2021-08-19"},{"lineNumber":9,"author":{"gitId":"wengYing227"},"content":"","lastModifiedDate":"2021-08-19"},{"lineNumber":10,"author":{"gitId":"wengYing227"},"content":"    public String getStatusIcon() {","lastModifiedDate":"2021-08-19"},{"lineNumber":11,"author":{"gitId":"wengYing227"},"content":"        return (isDone ? \"X\" : \" \"); // mark done task with X","lastModifiedDate":"2021-08-19"},{"lineNumber":12,"author":{"gitId":"wengYing227"},"content":"    }","lastModifiedDate":"2021-08-19"},{"lineNumber":13,"author":{"gitId":"wengYing227"},"content":"","lastModifiedDate":"2021-08-19"},{"lineNumber":14,"author":{"gitId":"wengYing227"},"content":"","lastModifiedDate":"2021-08-19"},{"lineNumber":15,"author":{"gitId":"wengYing227"},"content":"    public void markAsDone() {","lastModifiedDate":"2021-08-19"},{"lineNumber":16,"author":{"gitId":"wengYing227"},"content":"        this.isDone \u003d true;","lastModifiedDate":"2021-08-19"},{"lineNumber":17,"author":{"gitId":"wengYing227"},"content":"    }","lastModifiedDate":"2021-08-19"},{"lineNumber":18,"author":{"gitId":"wengYing227"},"content":"","lastModifiedDate":"2021-08-19"},{"lineNumber":19,"author":{"gitId":"wengYing227"},"content":"    @Override","lastModifiedDate":"2021-08-19"},{"lineNumber":20,"author":{"gitId":"wengYing227"},"content":"    public String toString() {","lastModifiedDate":"2021-08-19"},{"lineNumber":21,"author":{"gitId":"wengYing227"},"content":"        return \"[\" + this.getStatusIcon() + \"] \" + this.description;","lastModifiedDate":"2021-08-19"},{"lineNumber":22,"author":{"gitId":"wengYing227"},"content":"    }","lastModifiedDate":"2021-08-19"},{"lineNumber":23,"author":{"gitId":"wengYing227"},"content":"}","lastModifiedDate":"2021-08-19"}],"authorContributionMap":{"wengYing227":23}},{"path":"src/main/java/Todo.java","fileType":"java","lines":[{"lineNumber":1,"author":{"gitId":"wengYing227"},"content":"public class Todo extends Task {","lastModifiedDate":"2021-08-19"},{"lineNumber":2,"author":{"gitId":"wengYing227"},"content":"","lastModifiedDate":"2021-08-19"},{"lineNumber":3,"author":{"gitId":"wengYing227"},"content":"    public Todo(String description) {","lastModifiedDate":"2021-08-19"},{"lineNumber":4,"author":{"gitId":"wengYing227"},"content":"        super(description);","lastModifiedDate":"2021-08-19"},{"lineNumber":5,"author":{"gitId":"wengYing227"},"content":"    }","lastModifiedDate":"2021-08-19"},{"lineNumber":6,"author":{"gitId":"wengYing227"},"content":"","lastModifiedDate":"2021-08-19"},{"lineNumber":7,"author":{"gitId":"wengYing227"},"content":"    @Override","lastModifiedDate":"2021-08-19"},{"lineNumber":8,"author":{"gitId":"wengYing227"},"content":"    public String toString(){","lastModifiedDate":"2021-08-19"},{"lineNumber":9,"author":{"gitId":"wengYing227"},"content":"        return \"[T]\" + super.toString();","lastModifiedDate":"2021-08-19"},{"lineNumber":10,"author":{"gitId":"wengYing227"},"content":"    }","lastModifiedDate":"2021-08-19"},{"lineNumber":11,"author":{"gitId":"wengYing227"},"content":"}","lastModifiedDate":"2021-08-19"}],"authorContributionMap":{"wengYing227":11}},{"path":"text-ui-test/input.txt","fileType":"txt","lines":[{"lineNumber":1,"author":{"gitId":"wengYing227"},"content":"todo borrow book","lastModifiedDate":"2021-08-19"},{"lineNumber":2,"author":{"gitId":"wengYing227"},"content":"list","lastModifiedDate":"2021-08-19"},{"lineNumber":3,"author":{"gitId":"wengYing227"},"content":"deadline return book /by Sunday","lastModifiedDate":"2021-08-19"},{"lineNumber":4,"author":{"gitId":"wengYing227"},"content":"event project meeting /at Mon 2-4pm","lastModifiedDate":"2021-08-19"},{"lineNumber":5,"author":{"gitId":"wengYing227"},"content":"deadline do homework /by no idea :-p","lastModifiedDate":"2021-08-19"},{"lineNumber":6,"author":{"gitId":"wengYing227"},"content":"done 2","lastModifiedDate":"2021-08-19"},{"lineNumber":7,"author":{"gitId":"wengYing227"},"content":"list","lastModifiedDate":"2021-08-19"},{"lineNumber":8,"author":{"gitId":"wengYing227"},"content":"todo","lastModifiedDate":"2021-08-19"},{"lineNumber":9,"author":{"gitId":"wengYing227"},"content":"blah","lastModifiedDate":"2021-08-19"},{"lineNumber":10,"author":{"gitId":"wengYing227"},"content":"delete 3","lastModifiedDate":"2021-08-19"},{"lineNumber":11,"author":{"gitId":"wengYing227"},"content":"list","lastModifiedDate":"2021-08-19"},{"lineNumber":12,"author":{"gitId":"wengYing227"},"content":"bye","lastModifiedDate":"2021-08-19"}],"authorContributionMap":{"wengYing227":12}}]
