{"authorDailyContributionsMap":{"joshenx":[{"date":"2021-08-18","commitResults":[{"hash":"22a5bb6366d7c10fed76cd660adb0af9d068a6e2","messageTitle":"Add Level-1","messageBody":"","tags":["Level-1"],"fileTypesAndContributionMap":{"java":{"insertions":28,"deletions":6}}}]},{"date":"2021-08-19","commitResults":[{"hash":"a47515178afcec660e5eba31d6eef00ab2300286","messageTitle":"Add gitignore files and Level-2","messageBody":"","tags":["Level-2"],"fileTypesAndContributionMap":{"java":{"insertions":18,"deletions":2}}},{"hash":"12d7bc7da847fa643ff6beec9ff20c9927b8b48e","messageTitle":"Add Level-3 and Task class","messageBody":"","tags":["Level-3"],"fileTypesAndContributionMap":{"java":{"insertions":44,"deletions":5}}},{"hash":"31d8fb09fd3f2231ac7b9913e3d123cc238f71ed","messageTitle":"added Deadline, Event, Todo classes and added Level-4","messageBody":"","tags":["Level-4"],"fileTypesAndContributionMap":{"java":{"insertions":77,"deletions":8}}},{"hash":"e9953a238eadfec6fce7038922f76df5eef91ead","messageTitle":"fixed typo in Event.java and added Text Ui Testing","messageBody":"","tags":["A-TextUiTesting"],"fileTypesAndContributionMap":{"txt":{"insertions":7,"deletions":0},"java":{"insertions":1,"deletions":1}}},{"hash":"805129a2587e577dfd9d6cb8512626df5c958051","messageTitle":"Add Level-5 and updated io test","messageBody":"","tags":["Level-5"],"fileTypesAndContributionMap":{"txt":{"insertions":9,"deletions":0},"java":{"insertions":83,"deletions":43}}},{"hash":"d45af6c150d832f0494d0ab888b27b0b304a5280","messageTitle":"add Level-6, update io tests","messageBody":"","tags":["Level-6"],"fileTypesAndContributionMap":{"txt":{"insertions":2,"deletions":0},"java":{"insertions":18,"deletions":4}}},{"hash":"39daea7927244beebb55e926499900c32c7528b5","messageTitle":"implement enums","messageBody":"","tags":["A-Enums"],"fileTypesAndContributionMap":{"java":{"insertions":96,"deletions":59}}}]},{"date":"2021-08-23","commitResults":[{"hash":"fc790f084abd82014fc6c55e01d41af4f7c906da","messageTitle":"Add io/save feature for Level-7","messageBody":"","tags":["Level-7"],"fileTypesAndContributionMap":{"txt":{"insertions":5,"deletions":0},"java":{"insertions":132,"deletions":14}}},{"hash":"e346b56d5bb85e522156d2ef536248dbfd46cd2e","messageTitle":"Add time/date parsing for Level-8","messageBody":"","fileTypesAndContributionMap":{"java":{"insertions":43,"deletions":21}}}]},{"date":"2021-08-24","commitResults":[{"hash":"6d5c57e9644546fd99e96b44fcfb32c3e8926776","messageTitle":"Abstract most methods","messageBody":"","tags":["A-MoreOOP"],"fileTypesAndContributionMap":{"txt":{"insertions":1,"deletions":0},"java":{"insertions":267,"deletions":133}}},{"hash":"a03eb641bec13258efb2927b6e767afad66b338a","messageTitle":"Divide classes into packages and put static constants in Formats class","messageBody":"","fileTypesAndContributionMap":{"txt":{"insertions":1,"deletions":0},"java":{"insertions":121,"deletions":36},"md":{"insertions":2,"deletions":2}}},{"hash":"9547f4ae459b79fd8ef5a37c5a3420298281fd8b","messageTitle":"Fix 1 bug","messageBody":"","tags":["A-Packages"],"fileTypesAndContributionMap":{"java":{"insertions":1,"deletions":1}}},{"hash":"8ca4b3515a78e610a133151ed3bba75a05ec7d8a","messageTitle":"Add JUnit tests for Deadline and Todo classes","messageBody":"","tags":["A-Jar","A-JUnit"],"fileTypesAndContributionMap":{"java":{"insertions":44,"deletions":1}}},{"hash":"12a46885cb097da09c8b78bbf6c90665cfc8f22b","messageTitle":"Add jar file","messageBody":"","fileTypesAndContributionMap":{"java":{"insertions":9,"deletions":4}}},{"hash":"d9943010767bf120de1eed076f7fbdeafd3b9a41","messageTitle":"Add Javadocs","messageBody":"","tags":["A-JavaDoc"],"fileTypesAndContributionMap":{"java":{"insertions":79,"deletions":10}}},{"hash":"8fd147d2f1e6e2f59082c3781127686804a92f28","messageTitle":"Modify code to follow coding standards","messageBody":"","fileTypesAndContributionMap":{"java":{"insertions":11,"deletions":12}}},{"hash":"d981ba92b3ac7eb485c13076c6ba154e72cb20c0","messageTitle":"Add Find tasks feature","messageBody":"","fileTypesAndContributionMap":{"java":{"insertions":55,"deletions":20}}},{"hash":"af05811c04ab9fce19fcfa2eaac739bd9533f290","messageTitle":"Merge find feature with master","messageBody":"","tags":["Level-9"],"fileTypesAndContributionMap":{"java":{"insertions":4,"deletions":0}}}]},{"date":"2021-08-30","commitResults":[{"hash":"9d88bb5ceeba282e690a852d8972f086dce3cd4c","messageTitle":"Add gradle support","messageBody":"","tags":["A-Gradle"],"fileTypesAndContributionMap":{"java":{"insertions":1,"deletions":1}}},{"hash":"1a746adf999e2a72c87757fff64df18e3ef99905","messageTitle":"Add CheckStyle features to new branch","messageBody":"","tags":["A-CheckStyle"],"fileTypesAndContributionMap":{"java":{"insertions":62,"deletions":31}}}]}]},"authorFileTypeContributionMap":{"joshenx":{"java":801,"md":2,"fxml":0,"sh":0,"bat":0,"gradle":0,"txt":24}},"authorContributionVariance":{"joshenx":37500.94},"authorDisplayNameMap":{"joshenx":"CS2103-W14-1 JOSH.. LIM"}}
