{"authorDailyContributionsMap":{"luminousleek":[{"date":"2021-08-13","commitResults":[{"hash":"31848599afbb51ada954a2f644497bbe3410ca11","messageTitle":"Implement Greet, Echo and Exit","messageBody":"","tags":["Level-1"],"fileTypesAndContributionMap":{"java":{"insertions":37,"deletions":6}}},{"hash":"3bff772ad3c9bc0aa5f33105819f0cdb625bc874","messageTitle":"Implement ability to store text and display stored text in an ordered list","messageBody":"","tags":["Level-2"],"fileTypesAndContributionMap":{"java":{"insertions":34,"deletions":7}}},{"hash":"b124aaf59fbd84517da1c3a03d2b0b7b912a32d3","messageTitle":"Add ability to mark tasks as done. Also added a Task class","messageBody":"","tags":["Level-3"],"fileTypesAndContributionMap":{"java":{"insertions":50,"deletions":10}}},{"hash":"723b128829bc3abfbaf0f6f7508a6c1985b834cf","messageTitle":"add Deadline, Event and ToDo classes","messageBody":"","fileTypesAndContributionMap":{"java":{"insertions":39,"deletions":0}}},{"hash":"869173eb0e1b1bd256fb121e506875a83c712188","messageTitle":"fix bugs in Deadline and Event","messageBody":"","fileTypesAndContributionMap":{"java":{"insertions":4,"deletions":4}}},{"hash":"acc6c0a4bf17d4e4aa3520af6f02edebd9b6ca69","messageTitle":"Add support for ToDo, Deadline and Event","messageBody":"","tags":["Level-4"],"fileTypesAndContributionMap":{"java":{"insertions":18,"deletions":4}}},{"hash":"124fb9e9bc12bc0ee5552b04409ef54b70632487","messageTitle":"Add test cases for Duke","messageBody":"","tags":["A-TextUiTesting"],"fileTypesAndContributionMap":{"txt":{"insertions":9,"deletions":0}}}]},{"date":"2021-08-16","commitResults":[{"hash":"642077fa0c93c86e76b1834c5e1b38998a0cccd0","messageTitle":"added DukeException and error handling, add more test cases","messageBody":"","tags":["Level-5-BUGGY","Level-5"],"fileTypesAndContributionMap":{"txt":{"insertions":5,"deletions":0},"java":{"insertions":43,"deletions":26}}},{"hash":"ab8dfff0ed9c41b0ec61641643aa6fde44bf4a9f","messageTitle":"change Task array to ArrayList, fix bug for validating Event input","messageBody":"","tags":["Level-5++"],"fileTypesAndContributionMap":{"java":{"insertions":35,"deletions":27}}},{"hash":"381dbb06fe2d2b29f82eac31b9c6c6e48511f454","messageTitle":"fix bug when list did not have newline characters","messageBody":"","fileTypesAndContributionMap":{"java":{"insertions":4,"deletions":0}}},{"hash":"8a8d672360e58f3daf87d203718e82d3253fa9be","messageTitle":"added ability to remove tasks, more testcases","messageBody":"","tags":["Level-6"],"fileTypesAndContributionMap":{"txt":{"insertions":6,"deletions":0},"java":{"insertions":8,"deletions":0}}}]}]},"authorFileTypeContributionMap":{"luminousleek":{"java":194,"md":0,"fxml":0,"sh":0,"bat":0,"gradle":0,"txt":20}},"authorContributionVariance":{"luminousleek":6916.0},"authorDisplayNameMap":{"luminousleek":"LEE ..SAAC"}}
