{"authorDailyContributionsMap":{"rebeccacxy":[{"date":"2021-08-17","commitResults":[{"hash":"39c77d8a99b69b46794f9d158bfbb446bee70ed4","messageTitle":"Level 1 - greet, echo, exit","messageBody":"","tags":["Level-1"],"fileTypesAndContributionMap":{"java":{"insertions":37,"deletions":6}}},{"hash":"f27525dc288b210e727ce2f81e1dafac64aa9c90","messageTitle":"Level 2 - add, list","messageBody":"","tags":["Level-2"],"fileTypesAndContributionMap":{"java":{"insertions":43,"deletions":5}}},{"hash":"a910195309e5249c9e41064fd9c79d569eba8064","messageTitle":"Level 3 - mark as done","messageBody":"","tags":["Level-3"],"fileTypesAndContributionMap":{"java":{"insertions":87,"deletions":28}}},{"hash":"f40dd23ab966d280efc97e368f89b398da455bd2","messageTitle":"Level-4 - todos, events, deadlines","messageBody":"","tags":["Level-4"],"fileTypesAndContributionMap":{"java":{"insertions":99,"deletions":12}}},{"hash":"d6ea1e044ef9eafaa9184f2c5016c1bc1be7ff92","messageTitle":"Automated Text UI Testing done","messageBody":"","tags":["A-TextUiTesting"],"fileTypesAndContributionMap":{"txt":{"insertions":9,"deletions":0},"java":{"insertions":4,"deletions":4}}},{"hash":"987ae1b3f258a3d278eea24fd0a5e42e4b4a49d3","messageTitle":"Level-5 - error handling done","messageBody":"","tags":["Level-5"],"fileTypesAndContributionMap":{"java":{"insertions":79,"deletions":43}}},{"hash":"37e08a3ee5b4503216d03cb11cdbe5223e3f5e73","messageTitle":"A-exceptions - added exceptions for more edge cases","messageBody":"","tags":["A-Exceptions"],"fileTypesAndContributionMap":{"java":{"insertions":44,"deletions":7}}},{"hash":"b184c9002598ad54e6b5af7083e6861d3a44de35","messageTitle":"Level-6 - delete","messageBody":"","tags":["Level-6"],"fileTypesAndContributionMap":{"java":{"insertions":3,"deletions":1}}},{"hash":"eddf7581b48441435d23717c509d07f868694f7c","messageTitle":"A-Collections","messageBody":"","tags":["A-Collections"],"fileTypesAndContributionMap":{"java":{"insertions":7,"deletions":3}}},{"hash":"9424781d90695d15e283d575616170c6537d153e","messageTitle":"Run checkstyle and revert .gitignore","messageBody":"","tags":["A-Inheritance","A-Classes"],"fileTypesAndContributionMap":{"txt":{"insertions":0,"deletions":1},"java":{"insertions":16,"deletions":9}}},{"hash":"fa2a4e947955c1048c79d7ebd032b31fe25b204c","messageTitle":"A-Enums - switch to using enums","messageBody":"","fileTypesAndContributionMap":{"java":{"insertions":31,"deletions":14}}},{"hash":"520911ba9e1d3b414c5fea9c26ef19198e49d840","messageTitle":"A-Enums - use enums, fixed a wrong bound in deleteTask","messageBody":"","tags":["A-Enums"],"fileTypesAndContributionMap":{"java":{"insertions":7,"deletions":1}}}]},{"date":"2021-08-22","commitResults":[{"hash":"17331135e4e61d4d31c31ab0f626f470d9b40101","messageTitle":"Level-7 - save data","messageBody":"","tags":["Level-7"],"fileTypesAndContributionMap":{"txt":{"insertions":3,"deletions":0},"java":{"insertions":167,"deletions":54}}}]},{"date":"2021-08-23","commitResults":[{"hash":"73858a0c455a1076203e21e044c0179c24020574","messageTitle":"Level-8 Dates and Times","messageBody":"","tags":["Level-8"],"fileTypesAndContributionMap":{"txt":{"insertions":9,"deletions":3},"java":{"insertions":90,"deletions":55}}},{"hash":"8db0ce2cfdd3fc5eb5acfe63296a7aa049aca0c8","messageTitle":"A-More OOP - refactor code","messageBody":"","tags":["A-MoreOOP"],"fileTypesAndContributionMap":{"txt":{"insertions":4,"deletions":3},"java":{"insertions":352,"deletions":356}}},{"hash":"97b0da5b15160f5583ca618004e39ec4cf00c0a3","messageTitle":"A-Packages - divide classes into packages","messageBody":"","tags":["A-Packages"],"fileTypesAndContributionMap":{"java":{"insertions":105,"deletions":58}}}]},{"date":"2021-08-24","commitResults":[{"hash":"cd149050b4ea44b361bd973c628142b54a54d158","messageTitle":"A-JUnit - add tests for tasks and storage","messageBody":"","tags":["v0.1","A-JUnit"],"fileTypesAndContributionMap":{"txt":{"insertions":1,"deletions":2},"java":{"insertions":311,"deletions":65}}},{"hash":"9f5361711d7a567c52b1c2f36c04d0d1ad7a515a","messageTitle":"A-Jar - generate jar file","messageBody":"","tags":["A-Jar"],"fileTypesAndContributionMap":{"txt":{"insertions":0,"deletions":1}}},{"hash":"506473f66c70280ee5243b57b94a219509e4b476","messageTitle":"A-JavaDoc - update javadoc","messageBody":"","fileTypesAndContributionMap":{"java":{"insertions":59,"deletions":25}}},{"hash":"a53ee850404f04f6a5948b827d02c756e41d1951","messageTitle":"A-JavaDoc - update javadoc","messageBody":"","tags":["A-JavaDoc"],"fileTypesAndContributionMap":{"java":{"insertions":4,"deletions":0}}},{"hash":"e8ff7bec50d3fded4485a049d4bd45728b6d744d","messageTitle":"A-CodingStandard - comply with coding standard","messageBody":"","tags":["A-CodingStandard"],"fileTypesAndContributionMap":{"java":{"insertions":4,"deletions":0}}},{"hash":"2fa3ce0fe4d19d25c6f055d2b73787f16c6ee82f","messageTitle":"Level-9 - Add find task functionality","messageBody":"","tags":["Level-9"],"fileTypesAndContributionMap":{"txt":{"insertions":1,"deletions":1},"java":{"insertions":38,"deletions":18}}},{"hash":"d9ade3a03a01ba1a4d3fcf4a215d5910d32351ed","messageTitle":"fix up text-ui-test to work with current changes","messageBody":"","fileTypesAndContributionMap":{"txt":{"insertions":26,"deletions":0},"sh":{"insertions":6,"deletions":2}}}]},{"date":"2021-08-25","commitResults":[{"hash":"bcd24205c1d7c3a200818e143a8fbf7ad56dc498","messageTitle":"Change param name to adhere to coding standards","messageBody":"","fileTypesAndContributionMap":{"java":{"insertions":5,"deletions":5}}}]},{"date":"2021-08-26","commitResults":[{"hash":"53bb2f9a3994e874747fc655f30a7d5ae6b08e8d","messageTitle":"Add class header javadocs","messageBody":"","fileTypesAndContributionMap":{"java":{"insertions":97,"deletions":42}}}]},{"date":"2021-08-28","commitResults":[{"hash":"a97895e1d2a40759a51c36d0cffc831605815367","messageTitle":"Add A-gradle compatibility","messageBody":"","fileTypesAndContributionMap":{"txt":{"insertions":0,"deletions":0}}}]},{"date":"2021-08-31","commitResults":[{"hash":"df45f58aa7ac04a57d5981da6d05519dfb04e987","messageTitle":"A-CheckStyle - add checkstyle to gradle","messageBody":"","tags":["A-CheckStyle"],"fileTypesAndContributionMap":{"gradle":{"insertions":35,"deletions":3},"txt":{"insertions":0,"deletions":4}}},{"hash":"bfd4a85ef868f9c02e2d7e17e5500eed40085d02","messageTitle":"Make changes according to checkstyle","messageBody":"","fileTypesAndContributionMap":{"gradle":{"insertions":1,"deletions":1},"txt":{"insertions":4,"deletions":0},"java":{"insertions":40,"deletions":34}}},{"hash":"2848dffb0759c874c57791092e29a9cc94b890f4","messageTitle":"Clear up more checkstyle errors","messageBody":"","fileTypesAndContributionMap":{"java":{"insertions":26,"deletions":17}}}]},{"date":"2021-09-01","commitResults":[{"hash":"fc7f02c6593ba3e115f2c04d4424bb5d5cbb3118","messageTitle":"Level-10 - Add Gui functionality with stylesheets","messageBody":"","tags":["Level-10"],"fileTypesAndContributionMap":{"gradle":{"insertions":1,"deletions":1},"txt":{"insertions":2,"deletions":4},"fxml":{"insertions":35,"deletions":0},"java":{"insertions":271,"deletions":42}}},{"hash":"8a042be28ff4d7619a193ca82ee8e2e1534141c8","messageTitle":"Delete stray test folders","messageBody":"","fileTypesAndContributionMap":{"txt":{"insertions":0,"deletions":0}}},{"hash":"fa0c4362448d1f0f69c673bf44daeac258c6c636","messageTitle":"Delete stray test folders again","messageBody":"","fileTypesAndContributionMap":{"txt":{"insertions":0,"deletions":0}}},{"hash":"62b9897acd58ddc59b6f85bc3893bdd62c005a4e","messageTitle":"Add javadocs for constructors","messageBody":"","fileTypesAndContributionMap":{"java":{"insertions":29,"deletions":13}}}]},{"date":"2021-09-05","commitResults":[{"hash":"7c22ca59c8a43f7da8a1cc85f5c4f2f1ddc168f6","messageTitle":"Add assertions","messageBody":"","tags":["A-Assertions"],"fileTypesAndContributionMap":{"txt":{"insertions":0,"deletions":2},"java":{"insertions":12,"deletions":25}}},{"hash":"1d4887f720d80bffb4d95c1f6644287efa743640","messageTitle":"Improve code quality","messageBody":"","tags":["A-CodeQuality"],"fileTypesAndContributionMap":{"java":{"insertions":7,"deletions":0}}},{"hash":"2fd9086e3d626f62d0ea8948249ae91225146d8e","messageTitle":"A-Help - add help function","messageBody":"","fileTypesAndContributionMap":{"java":{"insertions":13,"deletions":1}}},{"hash":"c3b30557d279987dc5e9d13b788666d142d31706","messageTitle":"Add undo functionality","messageBody":"","tags":["BCD-Extension","A-Streams","A-FullCommitMessage"],"fileTypesAndContributionMap":{"txt":{"insertions":3,"deletions":0},"java":{"insertions":54,"deletions":1}}}]},{"date":"2021-09-14","commitResults":[{"hash":"1179d050f02a240ff5cc4d3ee6c95f96fddc80b7","messageTitle":"Add formatting for speech bubbles","messageBody":"","tags":["A-BetterGui"],"fileTypesAndContributionMap":{"txt":{"insertions":0,"deletions":3},"fxml":{"insertions":24,"deletions":7},"java":{"insertions":10,"deletions":3}}},{"hash":"0364e15b7395b51ba4ec6289141ba91039e15516","messageTitle":"Add travis.yml","messageBody":"","fileTypesAndContributionMap":{"txt":{"insertions":1,"deletions":0},"fxml":{"insertions":1,"deletions":1},"md":{"insertions":3,"deletions":2}}},{"hash":"9d5fb0c1c061b57a782f9485f5639391efedecd6","messageTitle":"A-UserGuide - Add user guide","messageBody":"","fileTypesAndContributionMap":{"txt":{"insertions":0,"deletions":1},"fxml":{"insertions":1,"deletions":1},"java":{"insertions":33,"deletions":7},"md":{"insertions":166,"deletions":11}}},{"hash":"e5faffe41ed8e234f70cfce656b6984d0b926552","messageTitle":"Tweak user guide","messageBody":"","tags":["A-Release"],"fileTypesAndContributionMap":{"md":{"insertions":3,"deletions":1}}},{"hash":"b377d79832e5353330a9c7b3d992c5df404196ef","messageTitle":"Allow switching between CLI and GUI","messageBody":"","fileTypesAndContributionMap":{"gradle":{"insertions":1,"deletions":1},"java":{"insertions":37,"deletions":2},"md":{"insertions":11,"deletions":0}}},{"hash":"32e11e1602513aafe385581bad47eb8004e6eb58","messageTitle":"Amend img file path","messageBody":"","fileTypesAndContributionMap":{"md":{"insertions":1,"deletions":1}}},{"hash":"22a50e9e56a513e797a67cd455ff8568a6424e99","messageTitle":"Reduce img size","messageBody":"","fileTypesAndContributionMap":{"md":{"insertions":1,"deletions":1}}},{"hash":"e1dc60f6d1879fbeb90581f91e30e66a22a2c339","messageTitle":"Change img size","messageBody":"","fileTypesAndContributionMap":{"md":{"insertions":1,"deletions":1}}}]},{"date":"2021-09-15","commitResults":[{"hash":"9352fd733a7b3ba128c3fe74e8fe18fe26af69ef","messageTitle":"Update headers based on @cs2103-bot feedback","messageBody":"","fileTypesAndContributionMap":{"java":{"insertions":11,"deletions":9}}},{"hash":"3edefb33297fd8ba861b8aaafa61a74a905c07aa","messageTitle":"Update .gitignore","messageBody":"","fileTypesAndContributionMap":{"txt":{"insertions":3,"deletions":0},"fxml":{"insertions":2,"deletions":1}}},{"hash":"d4b92bb770b8add21a9188e2e8ccf0b649551da4","messageTitle":"Remove test directories","messageBody":"","fileTypesAndContributionMap":{"txt":{"insertions":0,"deletions":0}}}]},{"date":"2021-09-16","commitResults":[{"hash":"57167538b2beb73f2cd0dc6b3d5f69063ad3733e","messageTitle":"Fix user guide","messageBody":"","tags":["A-UserGuide"],"fileTypesAndContributionMap":{"txt":{"insertions":2,"deletions":3},"md":{"insertions":8,"deletions":2}}},{"hash":"da4ffacd5d81268dd461338029c412abcd82c1d3","messageTitle":"Change mode from console to cli","messageBody":"","fileTypesAndContributionMap":{"java":{"insertions":1,"deletions":1}}}]}]},"authorFileTypeContributionMap":{"rebeccacxy":{"java":1297,"md":172,"fxml":53,"sh":6,"bat":0,"gradle":32,"txt":40}},"authorContributionVariance":{"rebeccacxy":46014.79},"authorDisplayNameMap":{"rebeccacxy":"CS2103T-W11-1 CHIN..ECCA"}}
