[{"path":"src/main/java/Duke.java","fileType":"java","lines":[{"lineNumber":1,"author":{"gitId":"mrmrinal"},"content":"import java.util.ArrayList;","lastModifiedDate":"2021-08-18"},{"lineNumber":2,"author":{"gitId":"mrmrinal"},"content":"import java.util.List;","lastModifiedDate":"2021-08-18"},{"lineNumber":3,"author":{"gitId":"mrmrinal"},"content":"import java.util.Scanner;","lastModifiedDate":"2021-08-18"},{"lineNumber":4,"author":{"gitId":"mrmrinal"},"content":"","lastModifiedDate":"2021-08-18"},{"lineNumber":5,"author":{"gitId":"-"},"content":"public class Duke {","lastModifiedDate":"2019-07-29"},{"lineNumber":6,"author":{"gitId":"mrmrinal"},"content":"    private static List\u003cTask\u003e items \u003d new ArrayList\u003cTask\u003e(100);","lastModifiedDate":"2021-08-18"},{"lineNumber":7,"author":{"gitId":"-"},"content":"    public static void main(String[] args) {","lastModifiedDate":"2019-07-29"},{"lineNumber":8,"author":{"gitId":"mrmrinal"},"content":"        Scanner userSc \u003d new Scanner(System.in);","lastModifiedDate":"2021-08-18"},{"lineNumber":9,"author":{"gitId":"mrmrinal"},"content":"        String name \u003d \"JARVIS\";","lastModifiedDate":"2021-08-18"},{"lineNumber":10,"author":{"gitId":"mrmrinal"},"content":"","lastModifiedDate":"2021-08-18"},{"lineNumber":11,"author":{"gitId":"mrmrinal"},"content":"","lastModifiedDate":"2021-08-18"},{"lineNumber":12,"author":{"gitId":"mrmrinal"},"content":"        System.out.println(\"Hello I am \" + name +\".\\nIs there anything I can do for you Sir?\\n\");","lastModifiedDate":"2021-08-18"},{"lineNumber":13,"author":{"gitId":"mrmrinal"},"content":"","lastModifiedDate":"2021-08-18"},{"lineNumber":14,"author":{"gitId":"mrmrinal"},"content":"        String userInput \u003d userSc.nextLine();","lastModifiedDate":"2021-08-18"},{"lineNumber":15,"author":{"gitId":"mrmrinal"},"content":"        while(!userInput.equals(\"bye\")){","lastModifiedDate":"2021-08-18"},{"lineNumber":16,"author":{"gitId":"mrmrinal"},"content":"            if(userInput.equals(\"list\")){","lastModifiedDate":"2021-08-18"},{"lineNumber":17,"author":{"gitId":"mrmrinal"},"content":"                list();","lastModifiedDate":"2021-08-18"},{"lineNumber":18,"author":{"gitId":"mrmrinal"},"content":"            } else if(userInput.length() \u003e 3 \u0026\u0026 userInput.substring(0, 4).equals(\"done\") ){","lastModifiedDate":"2021-08-18"},{"lineNumber":19,"author":{"gitId":"mrmrinal"},"content":"                int task \u003d Integer.parseInt(userInput.substring(5)) ;","lastModifiedDate":"2021-08-18"},{"lineNumber":20,"author":{"gitId":"mrmrinal"},"content":"                if(task \u003e 0 \u0026\u0026 task \u003c\u003d items.size()){","lastModifiedDate":"2021-08-18"},{"lineNumber":21,"author":{"gitId":"mrmrinal"},"content":"                    markDone(task - 1);","lastModifiedDate":"2021-08-18"},{"lineNumber":22,"author":{"gitId":"mrmrinal"},"content":"                    System.out.println(\"One task down sir. Here is the task I checked off:\");","lastModifiedDate":"2021-08-18"},{"lineNumber":23,"author":{"gitId":"mrmrinal"},"content":"                    System.out.println(task + \". [\" +  items.get(task - 1).getStatusIcon() + \"] \" + items.get(task - 1).getDescription() + \"\\n\");","lastModifiedDate":"2021-08-18"},{"lineNumber":24,"author":{"gitId":"mrmrinal"},"content":"                } else {","lastModifiedDate":"2021-08-18"},{"lineNumber":25,"author":{"gitId":"mrmrinal"},"content":"                    System.out.println(\"You have entered an invalid task number Sir, please input again.\\n\");","lastModifiedDate":"2021-08-18"},{"lineNumber":26,"author":{"gitId":"mrmrinal"},"content":"                }","lastModifiedDate":"2021-08-18"},{"lineNumber":27,"author":{"gitId":"mrmrinal"},"content":"","lastModifiedDate":"2021-08-18"},{"lineNumber":28,"author":{"gitId":"mrmrinal"},"content":"            } else {","lastModifiedDate":"2021-08-18"},{"lineNumber":29,"author":{"gitId":"mrmrinal"},"content":"                echo(userInput);","lastModifiedDate":"2021-08-18"},{"lineNumber":30,"author":{"gitId":"mrmrinal"},"content":"            }","lastModifiedDate":"2021-08-18"},{"lineNumber":31,"author":{"gitId":"mrmrinal"},"content":"            userInput \u003d userSc.nextLine();","lastModifiedDate":"2021-08-18"},{"lineNumber":32,"author":{"gitId":"-"},"content":"        }","lastModifiedDate":"2019-07-29"},{"lineNumber":33,"author":{"gitId":"mrmrinal"},"content":"","lastModifiedDate":"2021-08-18"},{"lineNumber":34,"author":{"gitId":"mrmrinal"},"content":"        System.out.println(\"Goodbye Sir! Will take good care of your plants in the meantime.\");","lastModifiedDate":"2021-08-18"},{"lineNumber":35,"author":{"gitId":"-"},"content":"    }","lastModifiedDate":"2021-08-18"},{"lineNumber":36,"author":{"gitId":"mrmrinal"},"content":"","lastModifiedDate":"2021-08-18"},{"lineNumber":37,"author":{"gitId":"mrmrinal"},"content":"    public static void echo(String userInput){","lastModifiedDate":"2021-08-18"},{"lineNumber":38,"author":{"gitId":"mrmrinal"},"content":"        items.add(new Task(userInput));","lastModifiedDate":"2021-08-18"},{"lineNumber":39,"author":{"gitId":"mrmrinal"},"content":"        System.out.println(\"added: \" + userInput + \"\\n\");","lastModifiedDate":"2021-08-18"},{"lineNumber":40,"author":{"gitId":"mrmrinal"},"content":"    }","lastModifiedDate":"2021-08-18"},{"lineNumber":41,"author":{"gitId":"mrmrinal"},"content":"","lastModifiedDate":"2021-08-18"},{"lineNumber":42,"author":{"gitId":"mrmrinal"},"content":"    public static void list(){","lastModifiedDate":"2021-08-18"},{"lineNumber":43,"author":{"gitId":"mrmrinal"},"content":"        for(int i \u003d 1; i \u003c\u003d items.size(); i++){","lastModifiedDate":"2021-08-18"},{"lineNumber":44,"author":{"gitId":"mrmrinal"},"content":"            System.out.println(i + \". [\" +  items.get(i - 1).getStatusIcon() + \"] \" + items.get(i - 1).getDescription());","lastModifiedDate":"2021-08-18"},{"lineNumber":45,"author":{"gitId":"mrmrinal"},"content":"        }","lastModifiedDate":"2021-08-18"},{"lineNumber":46,"author":{"gitId":"mrmrinal"},"content":"        System.out.println(\"\");","lastModifiedDate":"2021-08-18"},{"lineNumber":47,"author":{"gitId":"mrmrinal"},"content":"    }","lastModifiedDate":"2021-08-18"},{"lineNumber":48,"author":{"gitId":"mrmrinal"},"content":"","lastModifiedDate":"2021-08-18"},{"lineNumber":49,"author":{"gitId":"mrmrinal"},"content":"    public static void markDone(int n){","lastModifiedDate":"2021-08-18"},{"lineNumber":50,"author":{"gitId":"mrmrinal"},"content":"        items.get(n).markAsDone();","lastModifiedDate":"2021-08-18"},{"lineNumber":51,"author":{"gitId":"mrmrinal"},"content":"    }","lastModifiedDate":"2021-08-18"},{"lineNumber":52,"author":{"gitId":"mrmrinal"},"content":"","lastModifiedDate":"2021-08-18"},{"lineNumber":53,"author":{"gitId":"mrmrinal"},"content":"","lastModifiedDate":"2021-08-18"},{"lineNumber":54,"author":{"gitId":"mrmrinal"},"content":"","lastModifiedDate":"2021-08-18"},{"lineNumber":55,"author":{"gitId":"-"},"content":"}","lastModifiedDate":"2019-07-29"}],"authorContributionMap":{"mrmrinal":50,"-":5}},{"path":"src/main/java/Task.java","fileType":"java","lines":[{"lineNumber":1,"author":{"gitId":"mrmrinal"},"content":"public class Task {","lastModifiedDate":"2021-08-18"},{"lineNumber":2,"author":{"gitId":"mrmrinal"},"content":"  protected String description;","lastModifiedDate":"2021-08-18"},{"lineNumber":3,"author":{"gitId":"mrmrinal"},"content":"  protected boolean isDone;","lastModifiedDate":"2021-08-18"},{"lineNumber":4,"author":{"gitId":"mrmrinal"},"content":"","lastModifiedDate":"2021-08-18"},{"lineNumber":5,"author":{"gitId":"mrmrinal"},"content":"  public Task(String description) {","lastModifiedDate":"2021-08-18"},{"lineNumber":6,"author":{"gitId":"mrmrinal"},"content":"    this.description \u003d description;","lastModifiedDate":"2021-08-18"},{"lineNumber":7,"author":{"gitId":"mrmrinal"},"content":"    this.isDone \u003d false;","lastModifiedDate":"2021-08-18"},{"lineNumber":8,"author":{"gitId":"mrmrinal"},"content":"  }","lastModifiedDate":"2021-08-18"},{"lineNumber":9,"author":{"gitId":"mrmrinal"},"content":"","lastModifiedDate":"2021-08-18"},{"lineNumber":10,"author":{"gitId":"mrmrinal"},"content":"  public String getDescription() {","lastModifiedDate":"2021-08-18"},{"lineNumber":11,"author":{"gitId":"mrmrinal"},"content":"    return this.description;","lastModifiedDate":"2021-08-18"},{"lineNumber":12,"author":{"gitId":"mrmrinal"},"content":"  }","lastModifiedDate":"2021-08-18"},{"lineNumber":13,"author":{"gitId":"mrmrinal"},"content":"","lastModifiedDate":"2021-08-18"},{"lineNumber":14,"author":{"gitId":"mrmrinal"},"content":"  public String getStatusIcon() {","lastModifiedDate":"2021-08-18"},{"lineNumber":15,"author":{"gitId":"mrmrinal"},"content":"    return (isDone ? \"X\" : \" \"); // mark done task with X","lastModifiedDate":"2021-08-18"},{"lineNumber":16,"author":{"gitId":"mrmrinal"},"content":"  }","lastModifiedDate":"2021-08-18"},{"lineNumber":17,"author":{"gitId":"mrmrinal"},"content":"","lastModifiedDate":"2021-08-18"},{"lineNumber":18,"author":{"gitId":"mrmrinal"},"content":"  public void markAsDone(){","lastModifiedDate":"2021-08-18"},{"lineNumber":19,"author":{"gitId":"mrmrinal"},"content":"    this.isDone \u003d true;","lastModifiedDate":"2021-08-18"},{"lineNumber":20,"author":{"gitId":"mrmrinal"},"content":"  }","lastModifiedDate":"2021-08-18"},{"lineNumber":21,"author":{"gitId":"mrmrinal"},"content":"}","lastModifiedDate":"2021-08-18"}],"authorContributionMap":{"mrmrinal":21}}]
