{"authorDailyContributionsMap":{"junghon3709":[{"date":"2021-08-13","commitResults":[{"hash":"3d5a362f393da2ecaedd8b999cfa213b6549e524","messageTitle":"Add greeting and bye feature","messageBody":"","tags":["Level-2"],"fileTypesAndContributionMap":{"java":{"insertions":21,"deletions":6}}},{"hash":"e932f06381fd89a76250a206576ba8bd8b915045","messageTitle":"Add feature to allow users to add and list tasks","messageBody":"","fileTypesAndContributionMap":{"java":{"insertions":58,"deletions":2}}},{"hash":"44974f2e43a3eaea3ab48c1a5f6c74adddc1512f","messageTitle":"Add task completion","messageBody":"","tags":["Level-3"],"fileTypesAndContributionMap":{"java":{"insertions":77,"deletions":13}}}]},{"date":"2021-08-14","commitResults":[{"hash":"fc78974ba5f0f6845599dbff50926bd00066d9ca","messageTitle":"Made Task abstract, add ToDofeature, add detection if user double marks task as done","messageBody":"","fileTypesAndContributionMap":{"java":{"insertions":60,"deletions":21}}},{"hash":"ac790a799ae28fda6eda4a0d138dd10fdd3a7116","messageTitle":"Refactor code, made each command their own class","messageBody":"","fileTypesAndContributionMap":{"java":{"insertions":136,"deletions":39}}},{"hash":"ab8dd652dc5be436e807948d9a71be771894bb80","messageTitle":"Refactor code to include Command parsing","messageBody":"","fileTypesAndContributionMap":{"java":{"insertions":113,"deletions":85},"bat":{"insertions":1,"deletions":1}}},{"hash":"16ebcd150f20bfb37ac2fbc3915e8299781d2a6f","messageTitle":"Add deadline","messageBody":"","fileTypesAndContributionMap":{"java":{"insertions":84,"deletions":0}}},{"hash":"91354d78ae884511012d676daa0dd68b1558b659","messageTitle":"Fix bug, extra spaces added by users before entering command are correctly ignored","messageBody":"","fileTypesAndContributionMap":{"java":{"insertions":22,"deletions":3}}},{"hash":"989fa2fdbd387a17b429e6411f0d51d921fb34e3","messageTitle":"Add events","messageBody":"","tags":["Level-4"],"fileTypesAndContributionMap":{"java":{"insertions":90,"deletions":5}}},{"hash":"3f570cff353dcd66098ae21d81e2911c2bee0a44","messageTitle":"Add basic tests","messageBody":"","tags":["A-TextUiTesting"],"fileTypesAndContributionMap":{"txt":{"insertions":8,"deletions":0},"java":{"insertions":9,"deletions":14},"sh":{"insertions":2,"deletions":2}}},{"hash":"af86b0ea9a961763bd012d4af4ebe62c1ad64f2b","messageTitle":"Add Exceptions DukeEmptyStringException, OutOfBoundsException and InvalidArgumentException","messageBody":"","fileTypesAndContributionMap":{"java":{"insertions":107,"deletions":31}}},{"hash":"457f3c1fb841483b4adc7ef7d837dff682c4b1b0","messageTitle":"Add Exception catching to Todo, Event classes","messageBody":"","fileTypesAndContributionMap":{"java":{"insertions":35,"deletions":8}}},{"hash":"c61ab3b632a8a6257a9044276e2c69f1d737acf3","messageTitle":"Add Exception to dateTime classes","messageBody":"","fileTypesAndContributionMap":{"java":{"insertions":18,"deletions":5}}},{"hash":"12c640ec6fa64d5352897c8235658e4294573f6a","messageTitle":"Clean up code, remove second layer of Exception checks which are not needed","messageBody":"","tags":["Level-5","A-Inheritance","A-Exceptions","A-Classes"],"fileTypesAndContributionMap":{"java":{"insertions":7,"deletions":12}}},{"hash":"f1ca3a3bdee54407cb7638e12c575bcec4959ad3","messageTitle":"Add support for delete","messageBody":"","tags":["Level-6"],"fileTypesAndContributionMap":{"java":{"insertions":65,"deletions":3}}},{"hash":"6058dfb13590836f01517916f4c909db96407dbe","messageTitle":"Add testing for Level 1 to Leve 6 functionality","messageBody":"","tags":["A-Collections","A-AbstractClasses"],"fileTypesAndContributionMap":{"txt":{"insertions":13,"deletions":0}}}]},{"date":"2021-08-21","commitResults":[{"hash":"201e7a09d4d66f81137dded98281ddfa4e15920c","messageTitle":"Refactor code","messageBody":"","fileTypesAndContributionMap":{"java":{"insertions":134,"deletions":120},"sh":{"insertions":1,"deletions":1}}},{"hash":"17906fd4d2d9907a2ce18bca5e493fb5d4daa2a8","messageTitle":"Rename project from Duke to Tiger","messageBody":"","fileTypesAndContributionMap":{"java":{"insertions":59,"deletions":59},"bat":{"insertions":1,"deletions":1},"sh":{"insertions":1,"deletions":1},"md":{"insertions":2,"deletions":2}}},{"hash":"cd01233e8168be3f479333f5146e4231b79cd4cd","messageTitle":"Update error messages to hide the TigerException class string showing up","messageBody":"","fileTypesAndContributionMap":{"java":{"insertions":10,"deletions":1}}},{"hash":"3dcb538d11ab11c1d45c8b33b1bced2c4af1f045","messageTitle":"Add process to store taskList","messageBody":"","fileTypesAndContributionMap":{"txt":{"insertions":1,"deletions":0},"java":{"insertions":96,"deletions":0}}},{"hash":"6ea0c1b5042ba2e1133e342e1489473e709d1cd5","messageTitle":"Add mechanism to load from storage","messageBody":"","fileTypesAndContributionMap":{"txt":{"insertions":4,"deletions":1},"java":{"insertions":140,"deletions":10}}},{"hash":"da3db961f172cea5511787323e5b468d851998e5","messageTitle":"Rename classes in parser package, update gitignore to exclude data file","messageBody":"","tags":["Level-7"],"fileTypesAndContributionMap":{"txt":{"insertions":0,"deletions":4},"java":{"insertions":43,"deletions":47}}},{"hash":"24cc3e9853d9244de59bb26b16364f8341735efa","messageTitle":"Refactor code: static Command class handles getting Action from user command","messageBody":"","fileTypesAndContributionMap":{"java":{"insertions":137,"deletions":141}}},{"hash":"d8858e901b4fde94a8eed22649f8e46ea54e26b2","messageTitle":"Make storage functional","messageBody":"","tags":["A-Packages","A-MoreOOP"],"fileTypesAndContributionMap":{"txt":{"insertions":3,"deletions":0},"java":{"insertions":115,"deletions":37},"sh":{"insertions":1,"deletions":0}}},{"hash":"73d0628344d72254cbbe8ca77ecc58980265820b","messageTitle":"Add datetime class","messageBody":"","fileTypesAndContributionMap":{"java":{"insertions":91,"deletions":2}}},{"hash":"490a5f4ea47880baa2680901cdf39e878c7f5698","messageTitle":"Add checks for front back spacing on dates","messageBody":"","fileTypesAndContributionMap":{"java":{"insertions":42,"deletions":31}}},{"hash":"84ad797bfa2c2b821d9eaf0bed45bb912fd31151","messageTitle":"Add functionality to parse user input as dates","messageBody":"","fileTypesAndContributionMap":{"java":{"insertions":42,"deletions":26}}},{"hash":"cac53e2aaedb37fc10e6f58f1014d243280db87d","messageTitle":"Update testing to reflect input dates","messageBody":"","tags":["Level-8"],"fileTypesAndContributionMap":{"txt":{"insertions":13,"deletions":2}}},{"hash":"ff5662f9b358bb12e36a2b642a0b886960392eb0","messageTitle":"Add testing for dateParser class","messageBody":"","fileTypesAndContributionMap":{"java":{"insertions":298,"deletions":1}}}]},{"date":"2021-08-22","commitResults":[{"hash":"f27963521c64150627cee39a72be071da694f6a0","messageTitle":"Add testing for DeleteParser","messageBody":"","fileTypesAndContributionMap":{"java":{"insertions":96,"deletions":6}}},{"hash":"8632126e5a6a4bc29d775d7cc5d0dbbe9cbdbcf9","messageTitle":"Add testing for ToDoParser","messageBody":"","fileTypesAndContributionMap":{"java":{"insertions":50,"deletions":3}}},{"hash":"d745bbaf018fd27029d5fa33c7226909323c6157","messageTitle":"Add testing for DeadLineParser","messageBody":"","fileTypesAndContributionMap":{"java":{"insertions":65,"deletions":3}}},{"hash":"fc28ef3cc86197cb2f5cef40fde2bcc415b9e804","messageTitle":"Add testing for EventParser","messageBody":"","fileTypesAndContributionMap":{"java":{"insertions":84,"deletions":12}}},{"hash":"c536ffe506feda5bcff0b553ff48c48d1ea0d540","messageTitle":"Add testing for MarkDone","messageBody":"","tags":["A-Jar","A-JUnit"],"fileTypesAndContributionMap":{"java":{"insertions":90,"deletions":2}}},{"hash":"9a23cf1a9c5865d8e686166a019f7fd34973e883","messageTitle":"Add some ToDos","messageBody":"","fileTypesAndContributionMap":{"java":{"insertions":2,"deletions":0}}},{"hash":"b5ebab601ced08ebf82ee912cfe34db33291e42b","messageTitle":"Add javadocs","messageBody":"","tags":["A-JavaDoc"],"fileTypesAndContributionMap":{"txt":{"insertions":2,"deletions":1},"java":{"insertions":508,"deletions":41}}},{"hash":"61bd84c1b89ecece0c6340ddeacf426cac08e044","messageTitle":"Refactor code","messageBody":"","tags":["A-CodingStandard"],"fileTypesAndContributionMap":{"java":{"insertions":8,"deletions":5}}},{"hash":"77f22a4d9d14e13c6c8c0856cd71dad6a864adef","messageTitle":"Add find command","messageBody":"","tags":["Level-9"],"fileTypesAndContributionMap":{"java":{"insertions":85,"deletions":4}}},{"hash":"ee458c09579d9ea20d70f9f51e41074ca411efb5","messageTitle":"Replace error messages with enums","messageBody":"","tags":["A-Enums"],"fileTypesAndContributionMap":{"java":{"insertions":69,"deletions":57}}},{"hash":"0f6756f49b62fdac1a076af465f832c5560bc6aa","messageTitle":"Ban users from entering semicolons","messageBody":"","fileTypesAndContributionMap":{"java":{"insertions":16,"deletions":1}}},{"hash":"46349e3fed36b397ef734e515611540995a9197d","messageTitle":"Improve test to test find command","messageBody":"","fileTypesAndContributionMap":{"txt":{"insertions":10,"deletions":6},"java":{"insertions":55,"deletions":2}}},{"hash":"1796c35edc370e5786c540f0d1cee046820954f8","messageTitle":"Add future Todos","messageBody":"","fileTypesAndContributionMap":{"java":{"insertions":5,"deletions":0}}}]}]},"authorFileTypeContributionMap":{"junghon3709":{"java":2391,"md":2,"fxml":0,"sh":3,"bat":2,"gradle":0,"txt":40}},"authorContributionVariance":{"junghon3709":314221.34},"authorDisplayNameMap":{"junghon3709":"YIP .. HON"}}
