{"authorDailyContributionsMap":{"CommanderW324":[{"date":"2021-08-19","commitResults":[{"hash":"25f964f5c5ad1a86df72ddec5c5f9a9a0d34bfaa","messageTitle":"Level- 1","messageBody":"","fileTypesAndContributionMap":{"java":{"insertions":16,"deletions":0}}},{"hash":"faa3f07a361c745e1698deeda19c96616837a438","messageTitle":"Fixed Level-1","messageBody":"","tags":["Level-1"],"fileTypesAndContributionMap":{"java":{"insertions":9,"deletions":5}}},{"hash":"e1417d50126c87dab3ddfccef4e2aad2c6e4307c","messageTitle":"Level-2","messageBody":"","tags":["Level-2"],"fileTypesAndContributionMap":{"java":{"insertions":11,"deletions":1}}},{"hash":"aa9d7af3fe6bcb5b9f1afc8b8010b75a5c24b72d","messageTitle":"Level-3","messageBody":"","tags":["Level-3"],"fileTypesAndContributionMap":{"java":{"insertions":30,"deletions":2}}},{"hash":"4885ee2e656af3a5a6ac4d8e33bc72fdfcbb3719","messageTitle":"Level-4","messageBody":"","fileTypesAndContributionMap":{"java":{"insertions":4,"deletions":0}}},{"hash":"ecb4febe47e05dc4863f79614245d698771a931b","messageTitle":"Level-4 Completed","messageBody":"","tags":["Level-4"],"fileTypesAndContributionMap":{"java":{"insertions":55,"deletions":4}}},{"hash":"bcd25cf8222ad856d099a5039154163823ba47a1","messageTitle":"Text-UI Testing","messageBody":"","tags":["A-TextUiTesting"],"fileTypesAndContributionMap":{"txt":{"insertions":10,"deletions":0},"java":{"insertions":2,"deletions":2}}},{"hash":"1c6f68cda0b17acb7a2c6f0e533829b5854ccd42","messageTitle":"Level-5","messageBody":"","tags":["Level-5"],"fileTypesAndContributionMap":{"txt":{"insertions":4,"deletions":0},"java":{"insertions":43,"deletions":9}}},{"hash":"d0a48aa2fbd833a1550a8681b17e40d40c3cd9c1","messageTitle":"Level-6 AND error Handling added","messageBody":"","tags":["Level-6"],"fileTypesAndContributionMap":{"txt":{"insertions":4,"deletions":0},"java":{"insertions":24,"deletions":5}}}]}]},"authorFileTypeContributionMap":{"CommanderW324":{"java":166,"md":0,"fxml":0,"sh":0,"bat":0,"gradle":0,"txt":18}},"authorContributionVariance":{"CommanderW324":4760.331},"authorDisplayNameMap":{"CommanderW324":"CS2103T-T10-3 WINS..AHYA"}}
