{"authorDailyContributionsMap":{"Preshita01":[{"date":"2021-08-18","commitResults":[{"hash":"062f1bb78011a09f747f1d931e0954e5d796442c","messageTitle":"Add greet, echo and exit","messageBody":"","tags":["Level-1"],"fileTypesAndContributionMap":{"java":{"insertions":22,"deletions":0}}},{"hash":"a8ef9eb590c3179dbebca9139b8e4ae10883efc1","messageTitle":"Add ability to store input by users and display them back when required","messageBody":"","tags":["Level-2"],"fileTypesAndContributionMap":{"java":{"insertions":17,"deletions":1}}},{"hash":"2463ac901892249a64f94411d1052aaefee9e63e","messageTitle":"Add Task.java","messageBody":"","fileTypesAndContributionMap":{"java":{"insertions":38,"deletions":0}}},{"hash":"f2a4d12e9f0fc0943c6c2d5d3323b97b9f2e5653","messageTitle":"Add mark as done","messageBody":"","tags":["Level-3"],"fileTypesAndContributionMap":{"java":{"insertions":15,"deletions":13}}},{"hash":"6d7d25a767534b50081226fa9287a90c26fb8877","messageTitle":"Add Todo.java","messageBody":"","fileTypesAndContributionMap":{"java":{"insertions":10,"deletions":0}}},{"hash":"d25aa6480b7b438d8ec425b6b0913550c61011e7","messageTitle":"Add Deadline.java","messageBody":"","fileTypesAndContributionMap":{"java":{"insertions":13,"deletions":0}}},{"hash":"bb971f0818238741d103c177848b3ffece956e82","messageTitle":"Add Event.java","messageBody":"","fileTypesAndContributionMap":{"java":{"insertions":13,"deletions":0}}},{"hash":"eebcd2ca6c5a68ce20d8940c583ef8bc0ce7c8c5","messageTitle":"Add ToDos, Events and Deadlines","messageBody":"","tags":["Level-4"],"fileTypesAndContributionMap":{"java":{"insertions":44,"deletions":7}}},{"hash":"1563a4f9ac24367d4901459019999937b89317d9","messageTitle":"Add indents","messageBody":"","fileTypesAndContributionMap":{"java":{"insertions":67,"deletions":65}}},{"hash":"35c291b8c50f5a7d2a8d5859d92998ccd93aea4b","messageTitle":"Add test cases","messageBody":"","tags":["A-TextUiTesting"],"fileTypesAndContributionMap":{"txt":{"insertions":15,"deletions":0}}},{"hash":"ee8faf7650776cda0c5b5a05d02ee8585f11c6b1","messageTitle":"Add DukeException.java","messageBody":"","fileTypesAndContributionMap":{"java":{"insertions":14,"deletions":0}}},{"hash":"5e885fa3a14dbf63d3232b7dec6eb3370a562dd9","messageTitle":"Add invalid and incomplete instructions exceptions","messageBody":"","tags":["Level-5"],"fileTypesAndContributionMap":{"java":{"insertions":114,"deletions":78}}}]},{"date":"2021-08-19","commitResults":[{"hash":"7f87fff551e07ea230b1e19f1c8e7489ef106df7","messageTitle":"Replace Task array with ArrayList\u003cTask\u003e","messageBody":"","fileTypesAndContributionMap":{"java":{"insertions":10,"deletions":3}}},{"hash":"1da561c59018d3c90621436650cb6c3c4a00e366","messageTitle":"Add delete","messageBody":"","tags":["Level-6"],"fileTypesAndContributionMap":{"java":{"insertions":16,"deletions":3}}},{"hash":"a53c66b74738571481789cf6e26157fb23f16f92","messageTitle":"Remove unwanted space in return statement for toString","messageBody":"","fileTypesAndContributionMap":{"java":{"insertions":1,"deletions":1}}},{"hash":"995f9c69c418b63b85c8f9934efd3367ab1540d1","messageTitle":"Change chatbot name to Jarvis","messageBody":"","fileTypesAndContributionMap":{"java":{"insertions":11,"deletions":8}}},{"hash":"bbdb993299b5a5e4de3209ec81f184a7c8f5da4d","messageTitle":"Add delete test case","messageBody":"","tags":["Level-6.1"],"fileTypesAndContributionMap":{"txt":{"insertions":3,"deletions":0}}},{"hash":"b2f54f6d76b8c8a564f587faa28a0f9ecf45ca84","messageTitle":"Rename to Jarvis.java","messageBody":"","fileTypesAndContributionMap":{"java":{"insertions":11,"deletions":11}}},{"hash":"96d17bee12ede49a8b72bc0ef8d8da0826b1d66e","messageTitle":"Rename to JarvisException.java","messageBody":"","fileTypesAndContributionMap":{"java":{"insertions":2,"deletions":2}}},{"hash":"4ed11e2da43adb59750afd0cd9f12dd1261e4fa8","messageTitle":"Rename file back to DukeException","messageBody":"","fileTypesAndContributionMap":{"java":{"insertions":2,"deletions":2}}},{"hash":"7328cec7f9e403ed39b887442088dc358fe1e9b7","messageTitle":"Rename file back to Duke.java and edit some print statements","messageBody":"","fileTypesAndContributionMap":{"java":{"insertions":135,"deletions":140}}}]}]},"authorFileTypeContributionMap":{"Preshita01":{"java":227,"md":0,"fxml":0,"sh":0,"bat":0,"gradle":0,"txt":18}},"authorContributionVariance":{"Preshita01":32150.068},"authorDisplayNameMap":{"Preshita01":"PAND..HITA"}}
