{"authorDailyContributionsMap":{"HalphasX":[{"date":"2021-08-18","commitResults":[{"hash":"3b42e53fd2741f9a6724a1a2caca2681c233052d","messageTitle":"Level-1 Task","messageBody":"","tags":["Level-1"],"fileTypesAndContributionMap":{"java":{"insertions":22,"deletions":1}}},{"hash":"d1e9ba103f90f5da9dbe0903783f38f09e67b7a5","messageTitle":"Level-2 Task","messageBody":"","tags":["Level-2"],"fileTypesAndContributionMap":{"java":{"insertions":44,"deletions":15}}}]},{"date":"2021-08-19","commitResults":[{"hash":"c5baeef27978fdc49de0b44deac2e60c7f842a7c","messageTitle":"Level-3 Task","messageBody":"","tags":["Level-3"],"fileTypesAndContributionMap":{"java":{"insertions":65,"deletions":9}}},{"hash":"8095cef49bff6630d16e36e7d863e9e7b620cbfe","messageTitle":"Level-4 Task","messageBody":"","tags":["Level-4"],"fileTypesAndContributionMap":{"java":{"insertions":105,"deletions":11}}},{"hash":"1310e40bece39c320ec4ec46b68b3eac1f615de2","messageTitle":"Level-5 Task","messageBody":"","tags":["Level-5"],"fileTypesAndContributionMap":{"java":{"insertions":88,"deletions":42}}},{"hash":"c07d0ec97f5058bed7eff9df6db14faa8ff3e925","messageTitle":"Level-6 Task","messageBody":"","tags":["Level-6"],"fileTypesAndContributionMap":{"txt":{"insertions":12,"deletions":0},"java":{"insertions":60,"deletions":60}}},{"hash":"164e7c74091ecc31c3a6ca8259585245abb6990e","messageTitle":"A-TextUiTesting","messageBody":"","tags":["A-TextUiTesting"],"fileTypesAndContributionMap":{"java":{"insertions":7,"deletions":7}}},{"hash":"b2a36471abd187e6b91abe87b5ab5a0f2739899f","messageTitle":"readme updated","messageBody":"","tags":["readmeUpdate"],"fileTypesAndContributionMap":{"md":{"insertions":206,"deletions":12}}}]},{"date":"2021-08-23","commitResults":[{"hash":"939a088fe9811ba58c2c2df13d8d78e3fed35af4","messageTitle":"Exception-fix","messageBody":"","fileTypesAndContributionMap":{"java":{"insertions":2,"deletions":0}}},{"hash":"e2679cd7779c45686840920b903812a1e6b95a6e","messageTitle":"Exception_fix","messageBody":"","tags":["Exception-fix"],"fileTypesAndContributionMap":{"txt":{"insertions":2,"deletions":1},"java":{"insertions":38,"deletions":39}}}]}]},"authorFileTypeContributionMap":{"HalphasX":{"java":248,"md":200,"fxml":0,"sh":0,"bat":0,"gradle":0,"txt":13}},"authorContributionVariance":{"HalphasX":28890.918},"authorDisplayNameMap":{"HalphasX":"CS2103T-W08-1 JONA..KWOK"}}
