{"authorDailyContributionsMap":{"NayLin-H99":[{"date":"2021-08-16","commitResults":[{"hash":"1a4c26228b0f276d006b9b4a70b4034287959af6","messageTitle":"Added Greeting, echoes user input, and exits on \u0027bye\u0027 user input.","messageBody":"","fileTypesAndContributionMap":{"java":{"insertions":15,"deletions":0}}},{"hash":"988e7d04ab698510428443ff2c4ff685bd2ae4c8","messageTitle":"Abstracted out String formatting, implemented user input storage and listing when requested","messageBody":"","fileTypesAndContributionMap":{"java":{"insertions":57,"deletions":11}}},{"hash":"c06a208e61ac1c70e31a1c9b8a3f131068121655","messageTitle":"Bug-fixed for Level-2","messageBody":"","tags":["Level-2"],"fileTypesAndContributionMap":{"java":{"insertions":1,"deletions":1}}},{"hash":"3b04e1d38080f0697cc0c524acc70681619649ec","messageTitle":"Added Task and TaskStorage to manage tasks, added ability to mark tasks as done.","messageBody":"","tags":["Level-3"],"fileTypesAndContributionMap":{"java":{"insertions":123,"deletions":7}}},{"hash":"456ba5b9736137a65ca61a739af528809c53048e","messageTitle":"Added support for more types of Tasks (ToDo, Event, Deadline)","messageBody":"","fileTypesAndContributionMap":{"java":{"insertions":125,"deletions":27}}},{"hash":"0f9f4c8d84f44b97afff64f72abe9c254b4d9613","messageTitle":"Bug-fixed and adjusted some String formatting for Level-4","messageBody":"","tags":["Level-4"],"fileTypesAndContributionMap":{"java":{"insertions":21,"deletions":32}}},{"hash":"93e5908f262a3f45ca069fe74e794c52387708b5","messageTitle":"Text UI Testing for Level 1 to 4","messageBody":"","fileTypesAndContributionMap":{"txt":{"insertions":16,"deletions":0}}},{"hash":"713c0ddb23322e1186bdaef6e9edc2f495c4f4d7","messageTitle":"Added DukeException, and error handling for invalid input/parameters from the user. Also removed ability to create generic Tasks, and turned Task abstract.","messageBody":"","fileTypesAndContributionMap":{"txt":{"insertions":9,"deletions":1},"java":{"insertions":52,"deletions":43}}},{"hash":"06889e16402f507d9c36eaab10e89766a9fe5dcd","messageTitle":"Added error checking for no input for \"done\". Test cases updated.","messageBody":"","tags":["Level-5"],"fileTypesAndContributionMap":{"txt":{"insertions":1,"deletions":0},"java":{"insertions":3,"deletions":0}}}]},{"date":"2021-08-17","commitResults":[{"hash":"fe6a8c0d45066f0a8114873cbd02f034dd3e9122","messageTitle":"String formatting updated to use tab instead of whitespace.","messageBody":"","fileTypesAndContributionMap":{"java":{"insertions":5,"deletions":6}}},{"hash":"7c3e2815f7a63508ef7208b0ec7f4691e5e1a1e6","messageTitle":"Updated to support delete. Storage updated to use ArrayList. Minor adjustments to string outputs and errors.","messageBody":"","fileTypesAndContributionMap":{"txt":{"insertions":12,"deletions":2},"java":{"insertions":41,"deletions":25}}},{"hash":"c9165c3f85bc27cbe4ada66b5db35d6d8c32bd69","messageTitle":"Minor adjustments.","messageBody":"","fileTypesAndContributionMap":{"java":{"insertions":3,"deletions":3}}},{"hash":"449d874aeea10c6d7b59a25f6f0afdf5b5cfbe4b","messageTitle":"Minor adjustment","messageBody":"","fileTypesAndContributionMap":{"java":{"insertions":1,"deletions":1}}},{"hash":"654438d9314f2796a1a87d85bf1c61d6dee1c374","messageTitle":"Adding error checking for list (for empty list)","messageBody":"","fileTypesAndContributionMap":{"java":{"insertions":3,"deletions":0}}},{"hash":"a02bc30361f15fed36e0b5f151954296028ad357","messageTitle":"Revert \"Adding error checking for list (for empty list)\"","messageBody":"This reverts commit 654438d9314f2796a1a87d85bf1c61d6dee1c374.\n","fileTypesAndContributionMap":{"java":{"insertions":0,"deletions":3}}},{"hash":"a8e303f272c4394e14e7d4eb95d4280104af9879","messageTitle":"Revert \"Minor adjustment\"","messageBody":"This reverts commit 449d874aeea10c6d7b59a25f6f0afdf5b5cfbe4b.\n","fileTypesAndContributionMap":{"java":{"insertions":1,"deletions":1}}},{"hash":"1b59efca51854629632e59f069d0747431358d83","messageTitle":"Revert \"Minor adjustments.\"","messageBody":"This reverts commit c9165c3f85bc27cbe4ada66b5db35d6d8c32bd69.\n","fileTypesAndContributionMap":{"java":{"insertions":3,"deletions":3}}},{"hash":"42cc1c103302a572ccc8947186220a599188a95e","messageTitle":"Tidied up code and implemented stricter command restrictions. Added a few minor bugfixes and String output adjustments.","messageBody":"","fileTypesAndContributionMap":{"java":{"insertions":64,"deletions":37}}},{"hash":"c425709fe03cace5c681dbb307ea4fc80eef5f1f","messageTitle":"Added more tests to test for stricter command filters.","messageBody":"","tags":["Level-6"],"fileTypesAndContributionMap":{"txt":{"insertions":6,"deletions":0}}}]},{"date":"2021-08-18","commitResults":[{"hash":"d01f439f8d59a9612c4b040988466623c6b57cce","messageTitle":"Adjusted strings from TaskStorage error checking for clarity.","messageBody":"","fileTypesAndContributionMap":{"java":{"insertions":3,"deletions":3}}},{"hash":"1d205a17dd63fa5b28a059367c93c8c3d854fe92","messageTitle":"Abstracted majority of the workflow from Duke to DukeInputProcessor and DukeOperator, with enum Operation. Used regex to clean up code and reduce throwing of exceptions.","messageBody":"","fileTypesAndContributionMap":{"java":{"insertions":182,"deletions":121}}},{"hash":"292f1c17eb1783fbadeb3d4d7b59afe7009692c8","messageTitle":"Updated test files to the latest version of Duke","messageBody":"","tags":["A-Enums"],"fileTypesAndContributionMap":{"txt":{"insertions":3,"deletions":3}}}]}]},"authorFileTypeContributionMap":{"NayLin-H99":{"java":385,"md":0,"fxml":0,"sh":0,"bat":0,"gradle":0,"txt":41}},"authorContributionVariance":{"NayLin-H99":32801.0},"authorDisplayNameMap":{"NayLin-H99":"CS2103T-W11-1 NAY .. HAN"}}
