[{"path":"src/main/java/Duke.java","fileType":"java","lines":[{"lineNumber":1,"author":{"gitId":"weiquu"},"content":"import java.util.Scanner;","lastModifiedDate":"2021-08-18"},{"lineNumber":2,"author":{"gitId":"weiquu"},"content":"import java.util.ArrayList;","lastModifiedDate":"2021-08-18"},{"lineNumber":3,"author":{"gitId":"weiquu"},"content":"import java.util.regex.Pattern;","lastModifiedDate":"2021-08-18"},{"lineNumber":4,"author":{"gitId":"weiquu"},"content":"","lastModifiedDate":"2021-08-18"},{"lineNumber":5,"author":{"gitId":"-"},"content":"public class Duke {","lastModifiedDate":"2019-07-29"},{"lineNumber":6,"author":{"gitId":"-"},"content":"  public static void main(String[] args) {","lastModifiedDate":"2019-07-29"},{"lineNumber":7,"author":{"gitId":"weiquu"},"content":"    /*","lastModifiedDate":"2021-08-18"},{"lineNumber":8,"author":{"gitId":"-"},"content":"       String logo \u003d \" ____        _        \\n\"","lastModifiedDate":"2019-07-29"},{"lineNumber":9,"author":{"gitId":"-"},"content":"       + \"|  _ \\\\ _   _| | _____ \\n\"","lastModifiedDate":"2019-07-29"},{"lineNumber":10,"author":{"gitId":"-"},"content":"       + \"| | | | | | | |/ / _ \\\\\\n\"","lastModifiedDate":"2019-07-29"},{"lineNumber":11,"author":{"gitId":"-"},"content":"       + \"| |_| | |_| |   \u003c  __/\\n\"","lastModifiedDate":"2019-07-29"},{"lineNumber":12,"author":{"gitId":"-"},"content":"       + \"|____/ \\\\__,_|_|\\\\_\\\\___|\\n\";","lastModifiedDate":"2019-07-29"},{"lineNumber":13,"author":{"gitId":"-"},"content":"       System.out.println(\"Hello from\\n\" + logo);","lastModifiedDate":"2019-07-29"},{"lineNumber":14,"author":{"gitId":"weiquu"},"content":"    */","lastModifiedDate":"2021-08-18"},{"lineNumber":15,"author":{"gitId":"weiquu"},"content":"    ArrayList\u003cTask\u003e userText \u003d new ArrayList\u003c\u003e();","lastModifiedDate":"2021-08-18"},{"lineNumber":16,"author":{"gitId":"weiquu"},"content":"    String DONE_REGEX \u003d \"done [0-9]+\";","lastModifiedDate":"2021-08-18"},{"lineNumber":17,"author":{"gitId":"weiquu"},"content":"    String LINE \u003d \"    --------------------------------------------------\";","lastModifiedDate":"2021-08-18"},{"lineNumber":18,"author":{"gitId":"weiquu"},"content":"    String INDENTATION \u003d \"      \";","lastModifiedDate":"2021-08-18"},{"lineNumber":19,"author":{"gitId":"weiquu"},"content":"    Scanner scan \u003d new Scanner(System.in);","lastModifiedDate":"2021-08-18"},{"lineNumber":20,"author":{"gitId":"weiquu"},"content":"    // abstract out printing of response","lastModifiedDate":"2021-08-18"},{"lineNumber":21,"author":{"gitId":"weiquu"},"content":"    System.out.println(LINE + \"\\n\" + INDENTATION + \"Hello! I\u0027m Duke\\n\" + INDENTATION + \"What can I do for you?\\n\" + LINE);","lastModifiedDate":"2021-08-18"},{"lineNumber":22,"author":{"gitId":"weiquu"},"content":"    ","lastModifiedDate":"2021-08-18"},{"lineNumber":23,"author":{"gitId":"weiquu"},"content":"    while (true) {","lastModifiedDate":"2021-08-18"},{"lineNumber":24,"author":{"gitId":"weiquu"},"content":"      String command \u003d scan.nextLine();","lastModifiedDate":"2021-08-18"},{"lineNumber":25,"author":{"gitId":"weiquu"},"content":"      if (command.equals(\"list\")) {","lastModifiedDate":"2021-08-18"},{"lineNumber":26,"author":{"gitId":"weiquu"},"content":"        System.out.println(LINE);","lastModifiedDate":"2021-08-18"},{"lineNumber":27,"author":{"gitId":"weiquu"},"content":"        for (int i \u003d 0; i \u003c userText.size(); i++) {","lastModifiedDate":"2021-08-18"},{"lineNumber":28,"author":{"gitId":"weiquu"},"content":"          int tempNum \u003d i + 1;","lastModifiedDate":"2021-08-18"},{"lineNumber":29,"author":{"gitId":"weiquu"},"content":"          System.out.println(INDENTATION + tempNum  + \". \" + userText.get(i));","lastModifiedDate":"2021-08-18"},{"lineNumber":30,"author":{"gitId":"weiquu"},"content":"        }","lastModifiedDate":"2021-08-18"},{"lineNumber":31,"author":{"gitId":"weiquu"},"content":"        System.out.println(LINE);","lastModifiedDate":"2021-08-18"},{"lineNumber":32,"author":{"gitId":"weiquu"},"content":"      } else if (command.equals(\"bye\")) {","lastModifiedDate":"2021-08-18"},{"lineNumber":33,"author":{"gitId":"weiquu"},"content":"        System.out.println(LINE + \"\\n\" + INDENTATION + \"Bye. Hope to see you again soon!\\n\" + LINE);","lastModifiedDate":"2021-08-18"},{"lineNumber":34,"author":{"gitId":"weiquu"},"content":"        break;","lastModifiedDate":"2021-08-18"},{"lineNumber":35,"author":{"gitId":"weiquu"},"content":"      } else if (Pattern.matches(DONE_REGEX, command)) {","lastModifiedDate":"2021-08-18"},{"lineNumber":36,"author":{"gitId":"weiquu"},"content":"        String indexStr \u003d command.substring(5);","lastModifiedDate":"2021-08-18"},{"lineNumber":37,"author":{"gitId":"weiquu"},"content":"        int index \u003d Integer.parseInt(indexStr) - 1;","lastModifiedDate":"2021-08-18"},{"lineNumber":38,"author":{"gitId":"weiquu"},"content":"        userText.get(index).markAsDone();","lastModifiedDate":"2021-08-18"},{"lineNumber":39,"author":{"gitId":"weiquu"},"content":"        System.out.println(LINE + \"\\n\" + INDENTATION + \"Nice! I\u0027ve marked this task as done:\\n\" + INDENTATION + \"  \" + userText.get(index) + \"\\n\"  + LINE);","lastModifiedDate":"2021-08-18"},{"lineNumber":40,"author":{"gitId":"weiquu"},"content":"      } else {","lastModifiedDate":"2021-08-18"},{"lineNumber":41,"author":{"gitId":"weiquu"},"content":"        userText.add(new Task(command));","lastModifiedDate":"2021-08-18"},{"lineNumber":42,"author":{"gitId":"weiquu"},"content":"        System.out.println(LINE + \"\\n\" + INDENTATION + \"added: \" + command + \"\\n\" + LINE);","lastModifiedDate":"2021-08-18"},{"lineNumber":43,"author":{"gitId":"weiquu"},"content":"      }","lastModifiedDate":"2021-08-18"},{"lineNumber":44,"author":{"gitId":"-"},"content":"    }","lastModifiedDate":"2021-08-18"},{"lineNumber":45,"author":{"gitId":"-"},"content":"  }","lastModifiedDate":"2019-07-29"},{"lineNumber":46,"author":{"gitId":"-"},"content":"}","lastModifiedDate":"2019-07-29"}],"authorContributionMap":{"weiquu":35,"-":11}},{"path":"src/main/java/Task.java","fileType":"java","lines":[{"lineNumber":1,"author":{"gitId":"weiquu"},"content":"public class Task {","lastModifiedDate":"2021-08-18"},{"lineNumber":2,"author":{"gitId":"weiquu"},"content":"  private String name;","lastModifiedDate":"2021-08-18"},{"lineNumber":3,"author":{"gitId":"weiquu"},"content":"  private boolean completed;","lastModifiedDate":"2021-08-18"},{"lineNumber":4,"author":{"gitId":"weiquu"},"content":"","lastModifiedDate":"2021-08-18"},{"lineNumber":5,"author":{"gitId":"weiquu"},"content":"  public Task(String name) {","lastModifiedDate":"2021-08-18"},{"lineNumber":6,"author":{"gitId":"weiquu"},"content":"    this.name \u003d name;","lastModifiedDate":"2021-08-18"},{"lineNumber":7,"author":{"gitId":"weiquu"},"content":"    this.completed \u003d false;","lastModifiedDate":"2021-08-18"},{"lineNumber":8,"author":{"gitId":"weiquu"},"content":"  }","lastModifiedDate":"2021-08-18"},{"lineNumber":9,"author":{"gitId":"weiquu"},"content":"","lastModifiedDate":"2021-08-18"},{"lineNumber":10,"author":{"gitId":"weiquu"},"content":"  public void markAsDone() {","lastModifiedDate":"2021-08-18"},{"lineNumber":11,"author":{"gitId":"weiquu"},"content":"    this.completed \u003d true;","lastModifiedDate":"2021-08-18"},{"lineNumber":12,"author":{"gitId":"weiquu"},"content":"  }","lastModifiedDate":"2021-08-18"},{"lineNumber":13,"author":{"gitId":"weiquu"},"content":"","lastModifiedDate":"2021-08-18"},{"lineNumber":14,"author":{"gitId":"weiquu"},"content":"  @Override","lastModifiedDate":"2021-08-18"},{"lineNumber":15,"author":{"gitId":"weiquu"},"content":"  public String toString() {","lastModifiedDate":"2021-08-18"},{"lineNumber":16,"author":{"gitId":"weiquu"},"content":"    String symbol \u003d completed ? \"X\" : \" \";","lastModifiedDate":"2021-08-18"},{"lineNumber":17,"author":{"gitId":"weiquu"},"content":"    return \"[\" + symbol + \"] \" + name;","lastModifiedDate":"2021-08-18"},{"lineNumber":18,"author":{"gitId":"weiquu"},"content":"  }","lastModifiedDate":"2021-08-18"},{"lineNumber":19,"author":{"gitId":"weiquu"},"content":"}","lastModifiedDate":"2021-08-18"}],"authorContributionMap":{"weiquu":19}}]
