{"authorDailyContributionsMap":{"weiquu":[{"date":"2021-08-18","commitResults":[{"hash":"0caf6b571da0fd7378957fffeb6cca6172fea7ff","messageTitle":"Completed Level-1: Greet, Echo, Exit","messageBody":"","tags":["Level-1"],"fileTypesAndContributionMap":{"java":{"insertions":26,"deletions":7}}},{"hash":"c6c1ff5f89513d2ac33cbb456bc0190a61775a99","messageTitle":"Completed Level-2: Add, List","messageBody":"","tags":["Level-2"],"fileTypesAndContributionMap":{"java":{"insertions":14,"deletions":4}}},{"hash":"88a363280b4d06e1d0eaefefee88b3f28d53c480","messageTitle":"Completed Level-3: Mark as Done","messageBody":"","tags":["Level-3"],"fileTypesAndContributionMap":{"java":{"insertions":28,"deletions":2}}}]},{"date":"2021-08-19","commitResults":[{"hash":"fa3515c6efc12b311b16923070ecd4c2891ed230","messageTitle":"Completed Level-4: ToDos, Events, Deadlines","messageBody":"","tags":["Level-4"],"fileTypesAndContributionMap":{"java":{"insertions":59,"deletions":2}}},{"hash":"f4132055ca5b7359347795aab8926f1b2c1404ef","messageTitle":"Completed A-TextUiTesting: Automated Text UI Testing","messageBody":"","tags":["A-TextUiTesting"],"fileTypesAndContributionMap":{"txt":{"insertions":10,"deletions":0}}},{"hash":"801be49f3535f635fb3a0733557e415f46526ba2","messageTitle":"Completed Level-5: Handle Errors","messageBody":"","tags":["Level-5"],"fileTypesAndContributionMap":{"java":{"insertions":48,"deletions":37}}},{"hash":"967ba061f61e92bdea2d7f75c154d207d0d1a771","messageTitle":"Completed Level-6: Delete","messageBody":"","tags":["Level-6"],"fileTypesAndContributionMap":{"java":{"insertions":10,"deletions":3}}}]},{"date":"2021-08-20","commitResults":[{"hash":"e2efa59bbbe18324a3f0857318e66078f87a211b","messageTitle":"A-Enums","messageBody":"","tags":["A-Enums"],"fileTypesAndContributionMap":{"java":{"insertions":0,"deletions":8}}}]},{"date":"2021-08-25","commitResults":[{"hash":"5cb34798a112a22dc2d0c770f3b2009ff9d998b7","messageTitle":"Refactoring","messageBody":"","fileTypesAndContributionMap":{"java":{"insertions":117,"deletions":104}}}]}]},"authorFileTypeContributionMap":{"weiquu":{"java":141,"md":0,"fxml":0,"sh":0,"bat":0,"gradle":0,"txt":10}},"authorContributionVariance":{"weiquu":4148.8516},"authorDisplayNameMap":{"weiquu":"NEO ..QING"}}
