[{"path":"src/main/java/Deadline.java","fileType":"java","lines":[{"lineNumber":1,"author":{"gitId":"Zenlzb"},"content":"public class Deadline extends Task{","lastModifiedDate":"2021-08-18"},{"lineNumber":2,"author":{"gitId":"Zenlzb"},"content":"    private String deadlineDate;","lastModifiedDate":"2021-08-18"},{"lineNumber":3,"author":{"gitId":"Zenlzb"},"content":"","lastModifiedDate":"2021-08-18"},{"lineNumber":4,"author":{"gitId":"Zenlzb"},"content":"    public Deadline(String description, String deadlineDate) {","lastModifiedDate":"2021-08-18"},{"lineNumber":5,"author":{"gitId":"Zenlzb"},"content":"        super(description);","lastModifiedDate":"2021-08-18"},{"lineNumber":6,"author":{"gitId":"Zenlzb"},"content":"        this.deadlineDate \u003d deadlineDate;","lastModifiedDate":"2021-08-18"},{"lineNumber":7,"author":{"gitId":"Zenlzb"},"content":"    }","lastModifiedDate":"2021-08-18"},{"lineNumber":8,"author":{"gitId":"Zenlzb"},"content":"","lastModifiedDate":"2021-08-18"},{"lineNumber":9,"author":{"gitId":"Zenlzb"},"content":"    @Override","lastModifiedDate":"2021-08-18"},{"lineNumber":10,"author":{"gitId":"Zenlzb"},"content":"    public String typeIcon() {","lastModifiedDate":"2021-08-18"},{"lineNumber":11,"author":{"gitId":"Zenlzb"},"content":"        return \"[D]\";","lastModifiedDate":"2021-08-18"},{"lineNumber":12,"author":{"gitId":"Zenlzb"},"content":"    }","lastModifiedDate":"2021-08-18"},{"lineNumber":13,"author":{"gitId":"Zenlzb"},"content":"","lastModifiedDate":"2021-08-18"},{"lineNumber":14,"author":{"gitId":"Zenlzb"},"content":"    @Override","lastModifiedDate":"2021-08-18"},{"lineNumber":15,"author":{"gitId":"Zenlzb"},"content":"    public String toString() {","lastModifiedDate":"2021-08-18"},{"lineNumber":16,"author":{"gitId":"Zenlzb"},"content":"        return super.toString() + \" (by: \" + deadlineDate + \")\";","lastModifiedDate":"2021-08-18"},{"lineNumber":17,"author":{"gitId":"Zenlzb"},"content":"    }","lastModifiedDate":"2021-08-18"},{"lineNumber":18,"author":{"gitId":"Zenlzb"},"content":"}","lastModifiedDate":"2021-08-18"}],"authorContributionMap":{"Zenlzb":18}},{"path":"src/main/java/Duke.java","fileType":"java","lines":[{"lineNumber":1,"author":{"gitId":"Zenlzb"},"content":"import java.util.ArrayList;","lastModifiedDate":"2021-08-17"},{"lineNumber":2,"author":{"gitId":"Zenlzb"},"content":"import java.util.Arrays;","lastModifiedDate":"2021-08-18"},{"lineNumber":3,"author":{"gitId":"Zenlzb"},"content":"import java.util.List;","lastModifiedDate":"2021-08-17"},{"lineNumber":4,"author":{"gitId":"Zenlzb"},"content":"import java.util.Scanner;","lastModifiedDate":"2021-08-17"},{"lineNumber":5,"author":{"gitId":"-"},"content":"public class Duke {","lastModifiedDate":"2019-07-29"},{"lineNumber":6,"author":{"gitId":"Zenlzb"},"content":"    public static List\u003cTask\u003e list \u003d new ArrayList\u003c\u003e();","lastModifiedDate":"2021-08-18"},{"lineNumber":7,"author":{"gitId":"Zenlzb"},"content":"    public static String formatMessage(String s) {","lastModifiedDate":"2021-08-17"},{"lineNumber":8,"author":{"gitId":"Zenlzb"},"content":"        return \"    ____________________________________________________________\\n     \" +","lastModifiedDate":"2021-08-17"},{"lineNumber":9,"author":{"gitId":"Zenlzb"},"content":"                s + \"\\n\" +","lastModifiedDate":"2021-08-17"},{"lineNumber":10,"author":{"gitId":"Zenlzb"},"content":"                \"    ____________________________________________________________\";","lastModifiedDate":"2021-08-17"},{"lineNumber":11,"author":{"gitId":"Zenlzb"},"content":"    }","lastModifiedDate":"2021-08-17"},{"lineNumber":12,"author":{"gitId":"Zenlzb"},"content":"    public static void addToList(Task t) {","lastModifiedDate":"2021-08-18"},{"lineNumber":13,"author":{"gitId":"Zenlzb"},"content":"        list.add(t);","lastModifiedDate":"2021-08-18"},{"lineNumber":14,"author":{"gitId":"Zenlzb"},"content":"    }","lastModifiedDate":"2021-08-17"},{"lineNumber":15,"author":{"gitId":"Zenlzb"},"content":"    public static String taskAddedMessage(Task t) {","lastModifiedDate":"2021-08-18"},{"lineNumber":16,"author":{"gitId":"Zenlzb"},"content":"        return formatMessage(","lastModifiedDate":"2021-08-18"},{"lineNumber":17,"author":{"gitId":"Zenlzb"},"content":"                \"Got it, I\u0027ve added this task:\\n        \" + t +","lastModifiedDate":"2021-08-18"},{"lineNumber":18,"author":{"gitId":"Zenlzb"},"content":"                \"\\n     Now you have \" + list.size() + \" task\" + (list.size() !\u003d 1 ? \"s\" : \"\") +","lastModifiedDate":"2021-08-18"},{"lineNumber":19,"author":{"gitId":"Zenlzb"},"content":"                \" in the list\");","lastModifiedDate":"2021-08-18"},{"lineNumber":20,"author":{"gitId":"Zenlzb"},"content":"    }","lastModifiedDate":"2021-08-18"},{"lineNumber":21,"author":{"gitId":"Zenlzb"},"content":"    public static String printList() {","lastModifiedDate":"2021-08-17"},{"lineNumber":22,"author":{"gitId":"Zenlzb"},"content":"        String res \u003d \"\";","lastModifiedDate":"2021-08-17"},{"lineNumber":23,"author":{"gitId":"Zenlzb"},"content":"        for (int counter \u003d 1; counter\u003c\u003dlist.size(); counter++) {","lastModifiedDate":"2021-08-17"},{"lineNumber":24,"author":{"gitId":"Zenlzb"},"content":"            res \u003d res + counter + \". \" + list.get(counter-1);","lastModifiedDate":"2021-08-17"},{"lineNumber":25,"author":{"gitId":"Zenlzb"},"content":"            if (counter !\u003d list.size()) {","lastModifiedDate":"2021-08-17"},{"lineNumber":26,"author":{"gitId":"Zenlzb"},"content":"                res \u003d res + \"\\n     \";","lastModifiedDate":"2021-08-17"},{"lineNumber":27,"author":{"gitId":"Zenlzb"},"content":"            }","lastModifiedDate":"2021-08-17"},{"lineNumber":28,"author":{"gitId":"Zenlzb"},"content":"        }","lastModifiedDate":"2021-08-17"},{"lineNumber":29,"author":{"gitId":"Zenlzb"},"content":"        return res;","lastModifiedDate":"2021-08-17"},{"lineNumber":30,"author":{"gitId":"Zenlzb"},"content":"    }","lastModifiedDate":"2021-08-17"},{"lineNumber":31,"author":{"gitId":"Zenlzb"},"content":"","lastModifiedDate":"2021-08-17"},{"lineNumber":32,"author":{"gitId":"-"},"content":"    public static void main(String[] args) {","lastModifiedDate":"2019-07-29"},{"lineNumber":33,"author":{"gitId":"Zenlzb"},"content":"        Scanner scanner \u003d new Scanner(System.in);","lastModifiedDate":"2021-08-17"},{"lineNumber":34,"author":{"gitId":"Zenlzb"},"content":"        System.out.println(formatMessage(\"Hello! I\u0027m Duke\\n\" + \"     What can I do for you?\"));","lastModifiedDate":"2021-08-17"},{"lineNumber":35,"author":{"gitId":"Zenlzb"},"content":"        while (true) {","lastModifiedDate":"2021-08-17"},{"lineNumber":36,"author":{"gitId":"Zenlzb"},"content":"            String input \u003d scanner.nextLine();","lastModifiedDate":"2021-08-17"},{"lineNumber":37,"author":{"gitId":"Zenlzb"},"content":"            if (input.equals(\"bye\")) {","lastModifiedDate":"2021-08-17"},{"lineNumber":38,"author":{"gitId":"Zenlzb"},"content":"                break;","lastModifiedDate":"2021-08-17"},{"lineNumber":39,"author":{"gitId":"Zenlzb"},"content":"            } else if (input.equals(\"list\")) {","lastModifiedDate":"2021-08-18"},{"lineNumber":40,"author":{"gitId":"Zenlzb"},"content":"                System.out.println(formatMessage(printList()));","lastModifiedDate":"2021-08-17"},{"lineNumber":41,"author":{"gitId":"Zenlzb"},"content":"            } else if (input.startsWith(\"done\")) {","lastModifiedDate":"2021-08-18"},{"lineNumber":42,"author":{"gitId":"Zenlzb"},"content":"                String arg \u003d input.substring(5);","lastModifiedDate":"2021-08-18"},{"lineNumber":43,"author":{"gitId":"Zenlzb"},"content":"                try {","lastModifiedDate":"2021-08-18"},{"lineNumber":44,"author":{"gitId":"Zenlzb"},"content":"                    int index \u003d Integer.parseInt(arg);","lastModifiedDate":"2021-08-18"},{"lineNumber":45,"author":{"gitId":"Zenlzb"},"content":"                    if (index \u003e list.size()) {","lastModifiedDate":"2021-08-18"},{"lineNumber":46,"author":{"gitId":"Zenlzb"},"content":"                        System.out.println(formatMessage(\"There are only \" + list.size() + \" tasks\"));","lastModifiedDate":"2021-08-18"},{"lineNumber":47,"author":{"gitId":"Zenlzb"},"content":"                        continue;","lastModifiedDate":"2021-08-18"},{"lineNumber":48,"author":{"gitId":"Zenlzb"},"content":"                    } else if (index \u003d\u003d 0) {","lastModifiedDate":"2021-08-18"},{"lineNumber":49,"author":{"gitId":"Zenlzb"},"content":"                        System.out.println(formatMessage(\"There is no task 0\"));","lastModifiedDate":"2021-08-18"},{"lineNumber":50,"author":{"gitId":"Zenlzb"},"content":"                        continue;","lastModifiedDate":"2021-08-18"},{"lineNumber":51,"author":{"gitId":"Zenlzb"},"content":"                    }","lastModifiedDate":"2021-08-17"},{"lineNumber":52,"author":{"gitId":"Zenlzb"},"content":"                    Task t \u003d list.get(index-1);","lastModifiedDate":"2021-08-18"},{"lineNumber":53,"author":{"gitId":"Zenlzb"},"content":"                    t.completeTask();","lastModifiedDate":"2021-08-18"},{"lineNumber":54,"author":{"gitId":"Zenlzb"},"content":"                    System.out.println(formatMessage(\"Nice! I\u0027ve marked this task as done\\n       \" + t));","lastModifiedDate":"2021-08-18"},{"lineNumber":55,"author":{"gitId":"Zenlzb"},"content":"","lastModifiedDate":"2021-08-18"},{"lineNumber":56,"author":{"gitId":"Zenlzb"},"content":"                } catch (NumberFormatException e) {","lastModifiedDate":"2021-08-18"},{"lineNumber":57,"author":{"gitId":"Zenlzb"},"content":"                    System.out.println(formatMessage(\"Please enter a number after done\"));","lastModifiedDate":"2021-08-18"},{"lineNumber":58,"author":{"gitId":"Zenlzb"},"content":"                }","lastModifiedDate":"2021-08-18"},{"lineNumber":59,"author":{"gitId":"Zenlzb"},"content":"            } else if (input.startsWith(\"todo\")) {","lastModifiedDate":"2021-08-18"},{"lineNumber":60,"author":{"gitId":"Zenlzb"},"content":"                Todo t \u003d new Todo(input.substring(5));","lastModifiedDate":"2021-08-18"},{"lineNumber":61,"author":{"gitId":"Zenlzb"},"content":"                addToList(t);","lastModifiedDate":"2021-08-18"},{"lineNumber":62,"author":{"gitId":"Zenlzb"},"content":"                System.out.println(taskAddedMessage(t));","lastModifiedDate":"2021-08-18"},{"lineNumber":63,"author":{"gitId":"Zenlzb"},"content":"            } else if (input.startsWith(\"deadline\")) {","lastModifiedDate":"2021-08-18"},{"lineNumber":64,"author":{"gitId":"Zenlzb"},"content":"                if (!input.contains(\"/by\")) {","lastModifiedDate":"2021-08-18"},{"lineNumber":65,"author":{"gitId":"Zenlzb"},"content":"                    System.out.println(formatMessage(\"Please enter the deadline of the task after /by\"));","lastModifiedDate":"2021-08-18"},{"lineNumber":66,"author":{"gitId":"Zenlzb"},"content":"                    continue;","lastModifiedDate":"2021-08-18"},{"lineNumber":67,"author":{"gitId":"Zenlzb"},"content":"                }","lastModifiedDate":"2021-08-18"},{"lineNumber":68,"author":{"gitId":"Zenlzb"},"content":"                String[] parts \u003d input.split(\" /by \");","lastModifiedDate":"2021-08-18"},{"lineNumber":69,"author":{"gitId":"Zenlzb"},"content":"                Deadline d \u003d new Deadline(parts[0].substring(9), parts[1]);","lastModifiedDate":"2021-08-18"},{"lineNumber":70,"author":{"gitId":"Zenlzb"},"content":"                addToList(d);","lastModifiedDate":"2021-08-18"},{"lineNumber":71,"author":{"gitId":"Zenlzb"},"content":"                System.out.println(taskAddedMessage(d));","lastModifiedDate":"2021-08-18"},{"lineNumber":72,"author":{"gitId":"Zenlzb"},"content":"            } else if (input.startsWith(\"event\")) {","lastModifiedDate":"2021-08-18"},{"lineNumber":73,"author":{"gitId":"Zenlzb"},"content":"                if (!input.contains(\"/at\")) {","lastModifiedDate":"2021-08-18"},{"lineNumber":74,"author":{"gitId":"Zenlzb"},"content":"                    System.out.println(formatMessage(\"Please enter the start date of the task after /at\"));","lastModifiedDate":"2021-08-18"},{"lineNumber":75,"author":{"gitId":"Zenlzb"},"content":"                    continue;","lastModifiedDate":"2021-08-18"},{"lineNumber":76,"author":{"gitId":"Zenlzb"},"content":"                }","lastModifiedDate":"2021-08-18"},{"lineNumber":77,"author":{"gitId":"Zenlzb"},"content":"                String[] parts \u003d input.split(\" /at \");","lastModifiedDate":"2021-08-18"},{"lineNumber":78,"author":{"gitId":"Zenlzb"},"content":"                Event e \u003d new Event(parts[0].substring(6), parts[1]);","lastModifiedDate":"2021-08-18"},{"lineNumber":79,"author":{"gitId":"Zenlzb"},"content":"                addToList(e);","lastModifiedDate":"2021-08-18"},{"lineNumber":80,"author":{"gitId":"Zenlzb"},"content":"                System.out.println(taskAddedMessage(e));","lastModifiedDate":"2021-08-18"},{"lineNumber":81,"author":{"gitId":"Zenlzb"},"content":"            } else {","lastModifiedDate":"2021-08-18"},{"lineNumber":82,"author":{"gitId":"Zenlzb"},"content":"                System.out.println(formatMessage(\"That is not a recognised command\"));","lastModifiedDate":"2021-08-18"},{"lineNumber":83,"author":{"gitId":"Zenlzb"},"content":"            }","lastModifiedDate":"2021-08-18"},{"lineNumber":84,"author":{"gitId":"Zenlzb"},"content":"        }","lastModifiedDate":"2021-08-17"},{"lineNumber":85,"author":{"gitId":"Zenlzb"},"content":"        System.out.println(formatMessage(\"Bye. Hope to see you again soon!\"));","lastModifiedDate":"2021-08-17"},{"lineNumber":86,"author":{"gitId":"-"},"content":"    }","lastModifiedDate":"2019-07-29"},{"lineNumber":87,"author":{"gitId":"-"},"content":"}","lastModifiedDate":"2019-07-29"}],"authorContributionMap":{"Zenlzb":83,"-":4}},{"path":"src/main/java/Event.java","fileType":"java","lines":[{"lineNumber":1,"author":{"gitId":"Zenlzb"},"content":"public class Event extends Task{","lastModifiedDate":"2021-08-18"},{"lineNumber":2,"author":{"gitId":"Zenlzb"},"content":"    private String startDate;","lastModifiedDate":"2021-08-18"},{"lineNumber":3,"author":{"gitId":"Zenlzb"},"content":"","lastModifiedDate":"2021-08-18"},{"lineNumber":4,"author":{"gitId":"Zenlzb"},"content":"    public Event(String description, String startDate) {","lastModifiedDate":"2021-08-18"},{"lineNumber":5,"author":{"gitId":"Zenlzb"},"content":"        super(description);","lastModifiedDate":"2021-08-18"},{"lineNumber":6,"author":{"gitId":"Zenlzb"},"content":"        this.startDate \u003d startDate;","lastModifiedDate":"2021-08-18"},{"lineNumber":7,"author":{"gitId":"Zenlzb"},"content":"    }","lastModifiedDate":"2021-08-18"},{"lineNumber":8,"author":{"gitId":"Zenlzb"},"content":"","lastModifiedDate":"2021-08-18"},{"lineNumber":9,"author":{"gitId":"Zenlzb"},"content":"    @Override","lastModifiedDate":"2021-08-18"},{"lineNumber":10,"author":{"gitId":"Zenlzb"},"content":"    public String typeIcon() {","lastModifiedDate":"2021-08-18"},{"lineNumber":11,"author":{"gitId":"Zenlzb"},"content":"        return \"[E]\";","lastModifiedDate":"2021-08-18"},{"lineNumber":12,"author":{"gitId":"Zenlzb"},"content":"    }","lastModifiedDate":"2021-08-18"},{"lineNumber":13,"author":{"gitId":"Zenlzb"},"content":"","lastModifiedDate":"2021-08-18"},{"lineNumber":14,"author":{"gitId":"Zenlzb"},"content":"    @Override","lastModifiedDate":"2021-08-18"},{"lineNumber":15,"author":{"gitId":"Zenlzb"},"content":"    public String toString() {","lastModifiedDate":"2021-08-18"},{"lineNumber":16,"author":{"gitId":"Zenlzb"},"content":"        return super.toString() + \" (at: \" + startDate + \")\";","lastModifiedDate":"2021-08-18"},{"lineNumber":17,"author":{"gitId":"Zenlzb"},"content":"    }","lastModifiedDate":"2021-08-18"},{"lineNumber":18,"author":{"gitId":"Zenlzb"},"content":"}","lastModifiedDate":"2021-08-18"}],"authorContributionMap":{"Zenlzb":18}},{"path":"src/main/java/Task.java","fileType":"java","lines":[{"lineNumber":1,"author":{"gitId":"Zenlzb"},"content":"public abstract class Task {","lastModifiedDate":"2021-08-18"},{"lineNumber":2,"author":{"gitId":"Zenlzb"},"content":"    private final String description;","lastModifiedDate":"2021-08-18"},{"lineNumber":3,"author":{"gitId":"Zenlzb"},"content":"    private Boolean completionStatus;","lastModifiedDate":"2021-08-18"},{"lineNumber":4,"author":{"gitId":"Zenlzb"},"content":"","lastModifiedDate":"2021-08-18"},{"lineNumber":5,"author":{"gitId":"Zenlzb"},"content":"    public Task(String description) {","lastModifiedDate":"2021-08-18"},{"lineNumber":6,"author":{"gitId":"Zenlzb"},"content":"        this.description \u003d description;","lastModifiedDate":"2021-08-18"},{"lineNumber":7,"author":{"gitId":"Zenlzb"},"content":"        this.completionStatus \u003d false;","lastModifiedDate":"2021-08-18"},{"lineNumber":8,"author":{"gitId":"Zenlzb"},"content":"    }","lastModifiedDate":"2021-08-18"},{"lineNumber":9,"author":{"gitId":"Zenlzb"},"content":"","lastModifiedDate":"2021-08-18"},{"lineNumber":10,"author":{"gitId":"Zenlzb"},"content":"    public void completeTask() {","lastModifiedDate":"2021-08-18"},{"lineNumber":11,"author":{"gitId":"Zenlzb"},"content":"        completionStatus \u003d true;","lastModifiedDate":"2021-08-18"},{"lineNumber":12,"author":{"gitId":"Zenlzb"},"content":"    }","lastModifiedDate":"2021-08-18"},{"lineNumber":13,"author":{"gitId":"Zenlzb"},"content":"","lastModifiedDate":"2021-08-18"},{"lineNumber":14,"author":{"gitId":"Zenlzb"},"content":"    public String completionIcon() {","lastModifiedDate":"2021-08-18"},{"lineNumber":15,"author":{"gitId":"Zenlzb"},"content":"        return completionStatus ? \"[X]\" : \"[ ]\";","lastModifiedDate":"2021-08-18"},{"lineNumber":16,"author":{"gitId":"Zenlzb"},"content":"    }","lastModifiedDate":"2021-08-18"},{"lineNumber":17,"author":{"gitId":"Zenlzb"},"content":"","lastModifiedDate":"2021-08-18"},{"lineNumber":18,"author":{"gitId":"Zenlzb"},"content":"    public abstract String typeIcon();","lastModifiedDate":"2021-08-18"},{"lineNumber":19,"author":{"gitId":"Zenlzb"},"content":"","lastModifiedDate":"2021-08-18"},{"lineNumber":20,"author":{"gitId":"Zenlzb"},"content":"    @Override","lastModifiedDate":"2021-08-18"},{"lineNumber":21,"author":{"gitId":"Zenlzb"},"content":"    public String toString() {","lastModifiedDate":"2021-08-18"},{"lineNumber":22,"author":{"gitId":"Zenlzb"},"content":"        return typeIcon() + \" \" + completionIcon() + \" \" + description;","lastModifiedDate":"2021-08-18"},{"lineNumber":23,"author":{"gitId":"Zenlzb"},"content":"    }","lastModifiedDate":"2021-08-18"},{"lineNumber":24,"author":{"gitId":"Zenlzb"},"content":"}","lastModifiedDate":"2021-08-18"}],"authorContributionMap":{"Zenlzb":24}},{"path":"src/main/java/Todo.java","fileType":"java","lines":[{"lineNumber":1,"author":{"gitId":"Zenlzb"},"content":"public class Todo extends Task{","lastModifiedDate":"2021-08-18"},{"lineNumber":2,"author":{"gitId":"Zenlzb"},"content":"","lastModifiedDate":"2021-08-18"},{"lineNumber":3,"author":{"gitId":"Zenlzb"},"content":"    public Todo(String description) {","lastModifiedDate":"2021-08-18"},{"lineNumber":4,"author":{"gitId":"Zenlzb"},"content":"        super(description);","lastModifiedDate":"2021-08-18"},{"lineNumber":5,"author":{"gitId":"Zenlzb"},"content":"    }","lastModifiedDate":"2021-08-18"},{"lineNumber":6,"author":{"gitId":"Zenlzb"},"content":"","lastModifiedDate":"2021-08-18"},{"lineNumber":7,"author":{"gitId":"Zenlzb"},"content":"    @Override","lastModifiedDate":"2021-08-18"},{"lineNumber":8,"author":{"gitId":"Zenlzb"},"content":"    public String typeIcon() {","lastModifiedDate":"2021-08-18"},{"lineNumber":9,"author":{"gitId":"Zenlzb"},"content":"        return \"[T]\";","lastModifiedDate":"2021-08-18"},{"lineNumber":10,"author":{"gitId":"Zenlzb"},"content":"    }","lastModifiedDate":"2021-08-18"},{"lineNumber":11,"author":{"gitId":"Zenlzb"},"content":"}","lastModifiedDate":"2021-08-18"}],"authorContributionMap":{"Zenlzb":11}}]
