[{"path":"src/main/data/tasks.txt","fileType":"txt","lines":[{"lineNumber":1,"author":{"gitId":"eltonyeh"},"content":"T | 1 | read book","lastModifiedDate":"2021-08-24"},{"lineNumber":2,"author":{"gitId":"eltonyeh"},"content":"D | 1 | return book | 2020-06-12","lastModifiedDate":"2021-08-25"},{"lineNumber":3,"author":{"gitId":"eltonyeh"},"content":"D | 1 | project meeting | 2020-06-12","lastModifiedDate":"2021-08-25"},{"lineNumber":4,"author":{"gitId":"eltonyeh"},"content":"D | 1 | presentation | 2021-12-12","lastModifiedDate":"2021-08-25"},{"lineNumber":5,"author":{"gitId":"eltonyeh"},"content":"T | 1 | join sports club","lastModifiedDate":"2021-08-24"}],"authorContributionMap":{"eltonyeh":5}},{"path":"src/main/java/CommandNotUsedException.java","fileType":"java","lines":[{"lineNumber":1,"author":{"gitId":"eltonyeh"},"content":"public class CommandNotUsedException extends DukeException {","lastModifiedDate":"2021-08-19"},{"lineNumber":2,"author":{"gitId":"eltonyeh"},"content":"    private String command;","lastModifiedDate":"2021-08-19"},{"lineNumber":3,"author":{"gitId":"eltonyeh"},"content":"","lastModifiedDate":"2021-08-19"},{"lineNumber":4,"author":{"gitId":"eltonyeh"},"content":"    public CommandNotUsedException(String command) {","lastModifiedDate":"2021-08-19"},{"lineNumber":5,"author":{"gitId":"eltonyeh"},"content":"        super(\"☹ OOPS!!! You did not provide the time.\" +","lastModifiedDate":"2021-08-19"},{"lineNumber":6,"author":{"gitId":"eltonyeh"},"content":"                \"\\n\\t Please use the command \" + command);","lastModifiedDate":"2021-08-19"},{"lineNumber":7,"author":{"gitId":"eltonyeh"},"content":"    }","lastModifiedDate":"2021-08-19"},{"lineNumber":8,"author":{"gitId":"eltonyeh"},"content":"}","lastModifiedDate":"2021-08-19"}],"authorContributionMap":{"eltonyeh":8}},{"path":"src/main/java/Deadline.java","fileType":"java","lines":[{"lineNumber":1,"author":{"gitId":"eltonyeh"},"content":"import java.time.LocalDate;","lastModifiedDate":"2021-08-25"},{"lineNumber":2,"author":{"gitId":"eltonyeh"},"content":"import java.time.format.DateTimeFormatter;","lastModifiedDate":"2021-08-25"},{"lineNumber":3,"author":{"gitId":"eltonyeh"},"content":"","lastModifiedDate":"2021-08-25"},{"lineNumber":4,"author":{"gitId":"eltonyeh"},"content":"public class Deadline extends Task {","lastModifiedDate":"2021-08-19"},{"lineNumber":5,"author":{"gitId":"eltonyeh"},"content":"    protected LocalDate timeDue;","lastModifiedDate":"2021-08-25"},{"lineNumber":6,"author":{"gitId":"eltonyeh"},"content":"","lastModifiedDate":"2021-08-19"},{"lineNumber":7,"author":{"gitId":"eltonyeh"},"content":"    public Deadline(String description, LocalDate timeDue) {","lastModifiedDate":"2021-08-25"},{"lineNumber":8,"author":{"gitId":"eltonyeh"},"content":"        super(description);","lastModifiedDate":"2021-08-19"},{"lineNumber":9,"author":{"gitId":"eltonyeh"},"content":"        this.timeDue \u003d timeDue;","lastModifiedDate":"2021-08-19"},{"lineNumber":10,"author":{"gitId":"eltonyeh"},"content":"    }","lastModifiedDate":"2021-08-19"},{"lineNumber":11,"author":{"gitId":"eltonyeh"},"content":"","lastModifiedDate":"2021-08-19"},{"lineNumber":12,"author":{"gitId":"eltonyeh"},"content":"    public Deadline(String description, boolean isDone, LocalDate timeDue) {","lastModifiedDate":"2021-08-25"},{"lineNumber":13,"author":{"gitId":"eltonyeh"},"content":"        super(description, isDone);","lastModifiedDate":"2021-08-24"},{"lineNumber":14,"author":{"gitId":"eltonyeh"},"content":"        this.timeDue \u003d timeDue;","lastModifiedDate":"2021-08-24"},{"lineNumber":15,"author":{"gitId":"eltonyeh"},"content":"    }","lastModifiedDate":"2021-08-24"},{"lineNumber":16,"author":{"gitId":"eltonyeh"},"content":"","lastModifiedDate":"2021-08-24"},{"lineNumber":17,"author":{"gitId":"eltonyeh"},"content":"    @Override","lastModifiedDate":"2021-08-24"},{"lineNumber":18,"author":{"gitId":"eltonyeh"},"content":"    public String taskToLine() {","lastModifiedDate":"2021-08-24"},{"lineNumber":19,"author":{"gitId":"eltonyeh"},"content":"        return \"D\" + super.taskToLine() + \" | \" + this.timeDue;","lastModifiedDate":"2021-08-24"},{"lineNumber":20,"author":{"gitId":"eltonyeh"},"content":"    }","lastModifiedDate":"2021-08-24"},{"lineNumber":21,"author":{"gitId":"eltonyeh"},"content":"","lastModifiedDate":"2021-08-24"},{"lineNumber":22,"author":{"gitId":"eltonyeh"},"content":"    @Override","lastModifiedDate":"2021-08-19"},{"lineNumber":23,"author":{"gitId":"eltonyeh"},"content":"    public String toString() {","lastModifiedDate":"2021-08-19"},{"lineNumber":24,"author":{"gitId":"eltonyeh"},"content":"        String description \u003d super.toString();","lastModifiedDate":"2021-08-19"},{"lineNumber":25,"author":{"gitId":"eltonyeh"},"content":"        return \"[D]\" + description + \" (by: \"","lastModifiedDate":"2021-08-25"},{"lineNumber":26,"author":{"gitId":"eltonyeh"},"content":"                + this.timeDue.format(DateTimeFormatter.ofPattern(\"MMM d yyyy\")) + \")\";","lastModifiedDate":"2021-08-25"},{"lineNumber":27,"author":{"gitId":"eltonyeh"},"content":"    }","lastModifiedDate":"2021-08-19"},{"lineNumber":28,"author":{"gitId":"eltonyeh"},"content":"}","lastModifiedDate":"2021-08-19"}],"authorContributionMap":{"eltonyeh":28}},{"path":"src/main/java/Duke.java","fileType":"java","lines":[{"lineNumber":1,"author":{"gitId":"eltonyeh"},"content":"import java.time.LocalDate;","lastModifiedDate":"2021-08-25"},{"lineNumber":2,"author":{"gitId":"eltonyeh"},"content":"import java.time.format.DateTimeParseException;","lastModifiedDate":"2021-08-25"},{"lineNumber":3,"author":{"gitId":"eltonyeh"},"content":"import java.util.ArrayList;","lastModifiedDate":"2021-08-19"},{"lineNumber":4,"author":{"gitId":"eltonyeh"},"content":"import java.util.Scanner;","lastModifiedDate":"2021-08-19"},{"lineNumber":5,"author":{"gitId":"eltonyeh"},"content":"","lastModifiedDate":"2021-08-19"},{"lineNumber":6,"author":{"gitId":"-"},"content":"public class Duke {","lastModifiedDate":"2019-07-29"},{"lineNumber":7,"author":{"gitId":"eltonyeh"},"content":"    enum TaskType {","lastModifiedDate":"2021-08-19"},{"lineNumber":8,"author":{"gitId":"eltonyeh"},"content":"        TODO, DEADLINE, EVENT","lastModifiedDate":"2021-08-19"},{"lineNumber":9,"author":{"gitId":"eltonyeh"},"content":"    }","lastModifiedDate":"2021-08-19"},{"lineNumber":10,"author":{"gitId":"eltonyeh"},"content":"","lastModifiedDate":"2021-08-19"},{"lineNumber":11,"author":{"gitId":"eltonyeh"},"content":"    private static final TaskFile taskFile \u003d new TaskFile(\"tasks.txt\");","lastModifiedDate":"2021-08-24"},{"lineNumber":12,"author":{"gitId":"eltonyeh"},"content":"","lastModifiedDate":"2021-08-24"},{"lineNumber":13,"author":{"gitId":"eltonyeh"},"content":"    private static final ArrayList\u003cTask\u003e tasks \u003d taskFile.parseToTasks();","lastModifiedDate":"2021-08-24"},{"lineNumber":14,"author":{"gitId":"eltonyeh"},"content":"","lastModifiedDate":"2021-08-19"},{"lineNumber":15,"author":{"gitId":"eltonyeh"},"content":"    public static void addTask(Task task) {","lastModifiedDate":"2021-08-19"},{"lineNumber":16,"author":{"gitId":"eltonyeh"},"content":"        taskFile.appendToFile(task.taskToLine());","lastModifiedDate":"2021-08-24"},{"lineNumber":17,"author":{"gitId":"eltonyeh"},"content":"        tasks.add(task);","lastModifiedDate":"2021-08-19"},{"lineNumber":18,"author":{"gitId":"eltonyeh"},"content":"    }","lastModifiedDate":"2021-08-19"},{"lineNumber":19,"author":{"gitId":"eltonyeh"},"content":"","lastModifiedDate":"2021-08-19"},{"lineNumber":20,"author":{"gitId":"eltonyeh"},"content":"    private static void printAddedTask(Task task) {","lastModifiedDate":"2021-08-19"},{"lineNumber":21,"author":{"gitId":"eltonyeh"},"content":"        Message addMessage \u003d new Message(\"\\tGot it. I\u0027ve added this task:\\n\\t\\t\"","lastModifiedDate":"2021-08-19"},{"lineNumber":22,"author":{"gitId":"eltonyeh"},"content":"                + task","lastModifiedDate":"2021-08-19"},{"lineNumber":23,"author":{"gitId":"eltonyeh"},"content":"                + \"\\n\\tTask(s) remaining in the list: \"","lastModifiedDate":"2021-08-19"},{"lineNumber":24,"author":{"gitId":"eltonyeh"},"content":"                + tasks.size()","lastModifiedDate":"2021-08-19"},{"lineNumber":25,"author":{"gitId":"eltonyeh"},"content":"        );","lastModifiedDate":"2021-08-19"},{"lineNumber":26,"author":{"gitId":"eltonyeh"},"content":"        addMessage.printMessage();","lastModifiedDate":"2021-08-19"},{"lineNumber":27,"author":{"gitId":"eltonyeh"},"content":"    }","lastModifiedDate":"2021-08-19"},{"lineNumber":28,"author":{"gitId":"eltonyeh"},"content":"","lastModifiedDate":"2021-08-19"},{"lineNumber":29,"author":{"gitId":"eltonyeh"},"content":"    public static void addTaskByDescription(TaskType type, String description) throws DukeException {","lastModifiedDate":"2021-08-19"},{"lineNumber":30,"author":{"gitId":"eltonyeh"},"content":"        switch (type) {","lastModifiedDate":"2021-08-19"},{"lineNumber":31,"author":{"gitId":"eltonyeh"},"content":"            case TODO: {","lastModifiedDate":"2021-08-19"},{"lineNumber":32,"author":{"gitId":"eltonyeh"},"content":"                if (description.trim().isEmpty()) {","lastModifiedDate":"2021-08-19"},{"lineNumber":33,"author":{"gitId":"eltonyeh"},"content":"                    throw new InvalidCommandException();","lastModifiedDate":"2021-08-19"},{"lineNumber":34,"author":{"gitId":"eltonyeh"},"content":"                } else {","lastModifiedDate":"2021-08-19"},{"lineNumber":35,"author":{"gitId":"eltonyeh"},"content":"                    Task task \u003d new ToDo(description);","lastModifiedDate":"2021-08-19"},{"lineNumber":36,"author":{"gitId":"eltonyeh"},"content":"                    Duke.addTask(task);","lastModifiedDate":"2021-08-19"},{"lineNumber":37,"author":{"gitId":"eltonyeh"},"content":"                    printAddedTask(task);","lastModifiedDate":"2021-08-19"},{"lineNumber":38,"author":{"gitId":"eltonyeh"},"content":"                }","lastModifiedDate":"2021-08-19"},{"lineNumber":39,"author":{"gitId":"eltonyeh"},"content":"                break;","lastModifiedDate":"2021-08-19"},{"lineNumber":40,"author":{"gitId":"eltonyeh"},"content":"            }","lastModifiedDate":"2021-08-19"},{"lineNumber":41,"author":{"gitId":"eltonyeh"},"content":"            case DEADLINE: {","lastModifiedDate":"2021-08-19"},{"lineNumber":42,"author":{"gitId":"eltonyeh"},"content":"                if (description.contains(\"/by\")) {","lastModifiedDate":"2021-08-19"},{"lineNumber":43,"author":{"gitId":"eltonyeh"},"content":"                    String[] information \u003d description.split(\"/by \");","lastModifiedDate":"2021-08-19"},{"lineNumber":44,"author":{"gitId":"eltonyeh"},"content":"                    try {","lastModifiedDate":"2021-08-25"},{"lineNumber":45,"author":{"gitId":"eltonyeh"},"content":"                        Task task \u003d new Deadline(information[0], LocalDate.parse(information[1]));","lastModifiedDate":"2021-08-25"},{"lineNumber":46,"author":{"gitId":"eltonyeh"},"content":"                        Duke.addTask(task);","lastModifiedDate":"2021-08-19"},{"lineNumber":47,"author":{"gitId":"eltonyeh"},"content":"                        printAddedTask(task);","lastModifiedDate":"2021-08-19"},{"lineNumber":48,"author":{"gitId":"eltonyeh"},"content":"                    } catch (DateTimeParseException e) {","lastModifiedDate":"2021-08-25"},{"lineNumber":49,"author":{"gitId":"eltonyeh"},"content":"                        Message errorMessage \u003d new Message(\"\\tPlease use the YYYY-MM-DD format for the time!\");","lastModifiedDate":"2021-08-25"},{"lineNumber":50,"author":{"gitId":"eltonyeh"},"content":"                        errorMessage.printMessage();","lastModifiedDate":"2021-08-25"},{"lineNumber":51,"author":{"gitId":"eltonyeh"},"content":"                    }","lastModifiedDate":"2021-08-25"},{"lineNumber":52,"author":{"gitId":"eltonyeh"},"content":"                } else {","lastModifiedDate":"2021-08-19"},{"lineNumber":53,"author":{"gitId":"eltonyeh"},"content":"                    throw new CommandNotUsedException(\"/by\");","lastModifiedDate":"2021-08-19"},{"lineNumber":54,"author":{"gitId":"eltonyeh"},"content":"                }","lastModifiedDate":"2021-08-19"},{"lineNumber":55,"author":{"gitId":"eltonyeh"},"content":"                break;","lastModifiedDate":"2021-08-19"},{"lineNumber":56,"author":{"gitId":"eltonyeh"},"content":"            }","lastModifiedDate":"2021-08-19"},{"lineNumber":57,"author":{"gitId":"eltonyeh"},"content":"            case EVENT: {","lastModifiedDate":"2021-08-19"},{"lineNumber":58,"author":{"gitId":"eltonyeh"},"content":"                if (description.contains(\"/at\")) {","lastModifiedDate":"2021-08-19"},{"lineNumber":59,"author":{"gitId":"eltonyeh"},"content":"                    String[] information \u003d description.split(\"/at \");","lastModifiedDate":"2021-08-19"},{"lineNumber":60,"author":{"gitId":"eltonyeh"},"content":"                    try {","lastModifiedDate":"2021-08-25"},{"lineNumber":61,"author":{"gitId":"eltonyeh"},"content":"                        Task task \u003d new Event(information[0], LocalDate.parse(information[1]));","lastModifiedDate":"2021-08-25"},{"lineNumber":62,"author":{"gitId":"eltonyeh"},"content":"                        Duke.addTask(task);","lastModifiedDate":"2021-08-19"},{"lineNumber":63,"author":{"gitId":"eltonyeh"},"content":"                        printAddedTask(task);","lastModifiedDate":"2021-08-19"},{"lineNumber":64,"author":{"gitId":"eltonyeh"},"content":"                    } catch (DateTimeParseException e) {","lastModifiedDate":"2021-08-25"},{"lineNumber":65,"author":{"gitId":"eltonyeh"},"content":"                        Message errorMessage \u003d new Message(\"\\tPlease use the YYYY-MM-DD format for the time!\");","lastModifiedDate":"2021-08-25"},{"lineNumber":66,"author":{"gitId":"eltonyeh"},"content":"                        errorMessage.printMessage();","lastModifiedDate":"2021-08-25"},{"lineNumber":67,"author":{"gitId":"eltonyeh"},"content":"                    }","lastModifiedDate":"2021-08-25"},{"lineNumber":68,"author":{"gitId":"eltonyeh"},"content":"                } else {","lastModifiedDate":"2021-08-19"},{"lineNumber":69,"author":{"gitId":"eltonyeh"},"content":"                    throw new CommandNotUsedException(\"/at\");","lastModifiedDate":"2021-08-19"},{"lineNumber":70,"author":{"gitId":"eltonyeh"},"content":"                }","lastModifiedDate":"2021-08-19"},{"lineNumber":71,"author":{"gitId":"eltonyeh"},"content":"                break;","lastModifiedDate":"2021-08-19"},{"lineNumber":72,"author":{"gitId":"eltonyeh"},"content":"            }","lastModifiedDate":"2021-08-19"},{"lineNumber":73,"author":{"gitId":"eltonyeh"},"content":"        }","lastModifiedDate":"2021-08-19"},{"lineNumber":74,"author":{"gitId":"eltonyeh"},"content":"    }","lastModifiedDate":"2021-08-19"},{"lineNumber":75,"author":{"gitId":"eltonyeh"},"content":"","lastModifiedDate":"2021-08-19"},{"lineNumber":76,"author":{"gitId":"eltonyeh"},"content":"    public static void completeTask(int item) throws DukeException {","lastModifiedDate":"2021-08-24"},{"lineNumber":77,"author":{"gitId":"eltonyeh"},"content":"        if (item \u003d\u003d 0) {","lastModifiedDate":"2021-08-24"},{"lineNumber":78,"author":{"gitId":"eltonyeh"},"content":"            throw new IndexMismatchException();","lastModifiedDate":"2021-08-24"},{"lineNumber":79,"author":{"gitId":"eltonyeh"},"content":"        }","lastModifiedDate":"2021-08-24"},{"lineNumber":80,"author":{"gitId":"eltonyeh"},"content":"        if (item \u003e tasks.size()) {","lastModifiedDate":"2021-08-24"},{"lineNumber":81,"author":{"gitId":"eltonyeh"},"content":"            throw new IndexOutOfBoundException();","lastModifiedDate":"2021-08-24"},{"lineNumber":82,"author":{"gitId":"eltonyeh"},"content":"        }","lastModifiedDate":"2021-08-24"},{"lineNumber":83,"author":{"gitId":"eltonyeh"},"content":"        if (Duke.tasks.get(item - 1).isDone) {","lastModifiedDate":"2021-08-24"},{"lineNumber":84,"author":{"gitId":"eltonyeh"},"content":"            throw new DukeException(\"☹ OOPS!!! The task is already done!\");","lastModifiedDate":"2021-08-24"},{"lineNumber":85,"author":{"gitId":"eltonyeh"},"content":"        }","lastModifiedDate":"2021-08-24"},{"lineNumber":86,"author":{"gitId":"eltonyeh"},"content":"        Duke.tasks.get(item - 1).setDone(true);","lastModifiedDate":"2021-08-24"},{"lineNumber":87,"author":{"gitId":"eltonyeh"},"content":"        taskFile.rewriteFile(tasks);","lastModifiedDate":"2021-08-24"},{"lineNumber":88,"author":{"gitId":"eltonyeh"},"content":"        Message doneMessage \u003d new Message(\"\\tNice! I\u0027ve marked this task as done:\\n\\t\\t\"","lastModifiedDate":"2021-08-24"},{"lineNumber":89,"author":{"gitId":"eltonyeh"},"content":"                + tasks.get(item - 1)","lastModifiedDate":"2021-08-24"},{"lineNumber":90,"author":{"gitId":"eltonyeh"},"content":"        );","lastModifiedDate":"2021-08-24"},{"lineNumber":91,"author":{"gitId":"eltonyeh"},"content":"        doneMessage.printMessage();","lastModifiedDate":"2021-08-24"},{"lineNumber":92,"author":{"gitId":"eltonyeh"},"content":"    }","lastModifiedDate":"2021-08-24"},{"lineNumber":93,"author":{"gitId":"eltonyeh"},"content":"","lastModifiedDate":"2021-08-24"},{"lineNumber":94,"author":{"gitId":"eltonyeh"},"content":"    public static void removeTask(int index) {","lastModifiedDate":"2021-08-19"},{"lineNumber":95,"author":{"gitId":"eltonyeh"},"content":"        tasks.remove(index);","lastModifiedDate":"2021-08-19"},{"lineNumber":96,"author":{"gitId":"eltonyeh"},"content":"        taskFile.rewriteFile(tasks);","lastModifiedDate":"2021-08-24"},{"lineNumber":97,"author":{"gitId":"eltonyeh"},"content":"    }","lastModifiedDate":"2021-08-19"},{"lineNumber":98,"author":{"gitId":"eltonyeh"},"content":"","lastModifiedDate":"2021-08-19"},{"lineNumber":99,"author":{"gitId":"eltonyeh"},"content":"    public static Message printList() {","lastModifiedDate":"2021-08-19"},{"lineNumber":100,"author":{"gitId":"eltonyeh"},"content":"        StringBuilder itemList \u003d new StringBuilder(\"\\tHere are the tasks in your list:\\n\");","lastModifiedDate":"2021-08-19"},{"lineNumber":101,"author":{"gitId":"eltonyeh"},"content":"","lastModifiedDate":"2021-08-19"},{"lineNumber":102,"author":{"gitId":"eltonyeh"},"content":"        if (tasks.size() \u003d\u003d 0) {","lastModifiedDate":"2021-08-19"},{"lineNumber":103,"author":{"gitId":"eltonyeh"},"content":"            itemList.append(\"\\tNothing here yet...\");","lastModifiedDate":"2021-08-19"},{"lineNumber":104,"author":{"gitId":"eltonyeh"},"content":"        } else {","lastModifiedDate":"2021-08-19"},{"lineNumber":105,"author":{"gitId":"eltonyeh"},"content":"            for (int i \u003d 0; i \u003c tasks.size(); i++) {","lastModifiedDate":"2021-08-19"},{"lineNumber":106,"author":{"gitId":"eltonyeh"},"content":"                itemList.append(\"\\t\\t\").append(i + 1).append(\". \").append(tasks.get(i));","lastModifiedDate":"2021-08-19"},{"lineNumber":107,"author":{"gitId":"eltonyeh"},"content":"                if (i \u003c tasks.size() - 1) {","lastModifiedDate":"2021-08-19"},{"lineNumber":108,"author":{"gitId":"eltonyeh"},"content":"                    itemList.append(\"\\n\");","lastModifiedDate":"2021-08-19"},{"lineNumber":109,"author":{"gitId":"eltonyeh"},"content":"                }","lastModifiedDate":"2021-08-19"},{"lineNumber":110,"author":{"gitId":"eltonyeh"},"content":"            }","lastModifiedDate":"2021-08-19"},{"lineNumber":111,"author":{"gitId":"eltonyeh"},"content":"        }","lastModifiedDate":"2021-08-19"},{"lineNumber":112,"author":{"gitId":"eltonyeh"},"content":"","lastModifiedDate":"2021-08-19"},{"lineNumber":113,"author":{"gitId":"eltonyeh"},"content":"        return new Message(itemList.toString());","lastModifiedDate":"2021-08-19"},{"lineNumber":114,"author":{"gitId":"eltonyeh"},"content":"    }","lastModifiedDate":"2021-08-19"},{"lineNumber":115,"author":{"gitId":"eltonyeh"},"content":"","lastModifiedDate":"2021-08-19"},{"lineNumber":116,"author":{"gitId":"eltonyeh"},"content":"    public static Message printList(LocalDate date) {","lastModifiedDate":"2021-08-25"},{"lineNumber":117,"author":{"gitId":"eltonyeh"},"content":"        ArrayList\u003cTask\u003e targetTasks \u003d new ArrayList\u003c\u003e();","lastModifiedDate":"2021-08-25"},{"lineNumber":118,"author":{"gitId":"eltonyeh"},"content":"","lastModifiedDate":"2021-08-25"},{"lineNumber":119,"author":{"gitId":"eltonyeh"},"content":"        for (Task task : tasks) {","lastModifiedDate":"2021-08-25"},{"lineNumber":120,"author":{"gitId":"eltonyeh"},"content":"            if (task instanceof Deadline) {","lastModifiedDate":"2021-08-25"},{"lineNumber":121,"author":{"gitId":"eltonyeh"},"content":"                Deadline deadline \u003d (Deadline) task;","lastModifiedDate":"2021-08-25"},{"lineNumber":122,"author":{"gitId":"eltonyeh"},"content":"                if (deadline.timeDue.equals(date)) {","lastModifiedDate":"2021-08-25"},{"lineNumber":123,"author":{"gitId":"eltonyeh"},"content":"                    targetTasks.add(task);","lastModifiedDate":"2021-08-25"},{"lineNumber":124,"author":{"gitId":"eltonyeh"},"content":"                }","lastModifiedDate":"2021-08-25"},{"lineNumber":125,"author":{"gitId":"eltonyeh"},"content":"            }","lastModifiedDate":"2021-08-25"},{"lineNumber":126,"author":{"gitId":"eltonyeh"},"content":"            if (task instanceof Event) {","lastModifiedDate":"2021-08-25"},{"lineNumber":127,"author":{"gitId":"eltonyeh"},"content":"                Event deadline \u003d (Event) task;","lastModifiedDate":"2021-08-25"},{"lineNumber":128,"author":{"gitId":"eltonyeh"},"content":"                if (deadline.timeStart.equals(date)) {","lastModifiedDate":"2021-08-25"},{"lineNumber":129,"author":{"gitId":"eltonyeh"},"content":"                    targetTasks.add(task);","lastModifiedDate":"2021-08-25"},{"lineNumber":130,"author":{"gitId":"eltonyeh"},"content":"                }","lastModifiedDate":"2021-08-25"},{"lineNumber":131,"author":{"gitId":"eltonyeh"},"content":"            }","lastModifiedDate":"2021-08-25"},{"lineNumber":132,"author":{"gitId":"eltonyeh"},"content":"        }","lastModifiedDate":"2021-08-25"},{"lineNumber":133,"author":{"gitId":"eltonyeh"},"content":"","lastModifiedDate":"2021-08-25"},{"lineNumber":134,"author":{"gitId":"eltonyeh"},"content":"        StringBuilder itemList \u003d new StringBuilder(\"\\tHere is the result:\\n\");","lastModifiedDate":"2021-08-25"},{"lineNumber":135,"author":{"gitId":"eltonyeh"},"content":"","lastModifiedDate":"2021-08-25"},{"lineNumber":136,"author":{"gitId":"eltonyeh"},"content":"        if (targetTasks.size() \u003d\u003d 0) {","lastModifiedDate":"2021-08-25"},{"lineNumber":137,"author":{"gitId":"eltonyeh"},"content":"            itemList.append(\"\\tNothing special will happen on this day\");","lastModifiedDate":"2021-08-25"},{"lineNumber":138,"author":{"gitId":"eltonyeh"},"content":"        } else {","lastModifiedDate":"2021-08-25"},{"lineNumber":139,"author":{"gitId":"eltonyeh"},"content":"            for (int i \u003d 0; i \u003c targetTasks.size(); i++) {","lastModifiedDate":"2021-08-25"},{"lineNumber":140,"author":{"gitId":"eltonyeh"},"content":"                itemList.append(\"\\t\\t\").append(i + 1).append(\". \").append(targetTasks.get(i));","lastModifiedDate":"2021-08-25"},{"lineNumber":141,"author":{"gitId":"eltonyeh"},"content":"                if (i \u003c targetTasks.size() - 1) {","lastModifiedDate":"2021-08-25"},{"lineNumber":142,"author":{"gitId":"eltonyeh"},"content":"                    itemList.append(\"\\n\");","lastModifiedDate":"2021-08-25"},{"lineNumber":143,"author":{"gitId":"eltonyeh"},"content":"                }","lastModifiedDate":"2021-08-25"},{"lineNumber":144,"author":{"gitId":"eltonyeh"},"content":"            }","lastModifiedDate":"2021-08-25"},{"lineNumber":145,"author":{"gitId":"eltonyeh"},"content":"        }","lastModifiedDate":"2021-08-25"},{"lineNumber":146,"author":{"gitId":"eltonyeh"},"content":"","lastModifiedDate":"2021-08-25"},{"lineNumber":147,"author":{"gitId":"eltonyeh"},"content":"        return new Message(itemList.toString());","lastModifiedDate":"2021-08-25"},{"lineNumber":148,"author":{"gitId":"eltonyeh"},"content":"    }","lastModifiedDate":"2021-08-25"},{"lineNumber":149,"author":{"gitId":"eltonyeh"},"content":"","lastModifiedDate":"2021-08-25"},{"lineNumber":150,"author":{"gitId":"eltonyeh"},"content":"    public static void applyCommand(String command) throws DukeException {","lastModifiedDate":"2021-08-19"},{"lineNumber":151,"author":{"gitId":"eltonyeh"},"content":"        if (command.contains(\" \")) {","lastModifiedDate":"2021-08-19"},{"lineNumber":152,"author":{"gitId":"eltonyeh"},"content":"            String commandType \u003d command.split(\" \", 2)[0];","lastModifiedDate":"2021-08-19"},{"lineNumber":153,"author":{"gitId":"eltonyeh"},"content":"            String description \u003d command.split(\" \", 2)[1].trim();","lastModifiedDate":"2021-08-19"},{"lineNumber":154,"author":{"gitId":"eltonyeh"},"content":"","lastModifiedDate":"2021-08-19"},{"lineNumber":155,"author":{"gitId":"eltonyeh"},"content":"            switch (commandType) {","lastModifiedDate":"2021-08-19"},{"lineNumber":156,"author":{"gitId":"eltonyeh"},"content":"                case \"todo\": {","lastModifiedDate":"2021-08-19"},{"lineNumber":157,"author":{"gitId":"eltonyeh"},"content":"                    Duke.addTaskByDescription(TaskType.TODO, description);","lastModifiedDate":"2021-08-19"},{"lineNumber":158,"author":{"gitId":"eltonyeh"},"content":"                    return;","lastModifiedDate":"2021-08-19"},{"lineNumber":159,"author":{"gitId":"eltonyeh"},"content":"                }","lastModifiedDate":"2021-08-19"},{"lineNumber":160,"author":{"gitId":"eltonyeh"},"content":"                case \"deadline\": {","lastModifiedDate":"2021-08-19"},{"lineNumber":161,"author":{"gitId":"eltonyeh"},"content":"                    Duke.addTaskByDescription(TaskType.DEADLINE, description);","lastModifiedDate":"2021-08-19"},{"lineNumber":162,"author":{"gitId":"eltonyeh"},"content":"                    return;","lastModifiedDate":"2021-08-19"},{"lineNumber":163,"author":{"gitId":"eltonyeh"},"content":"                }","lastModifiedDate":"2021-08-19"},{"lineNumber":164,"author":{"gitId":"eltonyeh"},"content":"                case \"event\": {","lastModifiedDate":"2021-08-19"},{"lineNumber":165,"author":{"gitId":"eltonyeh"},"content":"                    Duke.addTaskByDescription(TaskType.EVENT, description);","lastModifiedDate":"2021-08-19"},{"lineNumber":166,"author":{"gitId":"eltonyeh"},"content":"                    return;","lastModifiedDate":"2021-08-19"},{"lineNumber":167,"author":{"gitId":"eltonyeh"},"content":"                }","lastModifiedDate":"2021-08-19"},{"lineNumber":168,"author":{"gitId":"eltonyeh"},"content":"                case \"done\": {","lastModifiedDate":"2021-08-19"},{"lineNumber":169,"author":{"gitId":"eltonyeh"},"content":"                    if (description.matches(\"\\\\d+\")) {","lastModifiedDate":"2021-08-19"},{"lineNumber":170,"author":{"gitId":"eltonyeh"},"content":"                        int item \u003d Integer.parseInt(description);","lastModifiedDate":"2021-08-19"},{"lineNumber":171,"author":{"gitId":"eltonyeh"},"content":"                        completeTask(item);","lastModifiedDate":"2021-08-24"},{"lineNumber":172,"author":{"gitId":"eltonyeh"},"content":"                    } else {","lastModifiedDate":"2021-08-19"},{"lineNumber":173,"author":{"gitId":"eltonyeh"},"content":"                        throw new IndexMismatchException();","lastModifiedDate":"2021-08-19"},{"lineNumber":174,"author":{"gitId":"eltonyeh"},"content":"                    }","lastModifiedDate":"2021-08-19"},{"lineNumber":175,"author":{"gitId":"eltonyeh"},"content":"                    return;","lastModifiedDate":"2021-08-19"},{"lineNumber":176,"author":{"gitId":"eltonyeh"},"content":"                }","lastModifiedDate":"2021-08-19"},{"lineNumber":177,"author":{"gitId":"eltonyeh"},"content":"                case \"delete\": {","lastModifiedDate":"2021-08-19"},{"lineNumber":178,"author":{"gitId":"eltonyeh"},"content":"                    if (description.matches(\"\\\\d+\")) {","lastModifiedDate":"2021-08-19"},{"lineNumber":179,"author":{"gitId":"eltonyeh"},"content":"                        int item \u003d Integer.parseInt(description);","lastModifiedDate":"2021-08-19"},{"lineNumber":180,"author":{"gitId":"eltonyeh"},"content":"                        if (item \u003d\u003d 0) {","lastModifiedDate":"2021-08-19"},{"lineNumber":181,"author":{"gitId":"eltonyeh"},"content":"                            throw new IndexMismatchException();","lastModifiedDate":"2021-08-19"},{"lineNumber":182,"author":{"gitId":"eltonyeh"},"content":"                        }","lastModifiedDate":"2021-08-19"},{"lineNumber":183,"author":{"gitId":"eltonyeh"},"content":"                        if (item \u003e tasks.size()) {","lastModifiedDate":"2021-08-19"},{"lineNumber":184,"author":{"gitId":"eltonyeh"},"content":"                            throw new IndexOutOfBoundException();","lastModifiedDate":"2021-08-19"},{"lineNumber":185,"author":{"gitId":"eltonyeh"},"content":"                        }","lastModifiedDate":"2021-08-19"},{"lineNumber":186,"author":{"gitId":"eltonyeh"},"content":"                        int numOfTasks \u003d tasks.size() - 1;","lastModifiedDate":"2021-08-19"},{"lineNumber":187,"author":{"gitId":"eltonyeh"},"content":"                        Message doneMessage \u003d new Message(\"\\tNoted. I\u0027ve removed this task:\\n\\t\\t\"","lastModifiedDate":"2021-08-19"},{"lineNumber":188,"author":{"gitId":"eltonyeh"},"content":"                                + tasks.get(item - 1)","lastModifiedDate":"2021-08-19"},{"lineNumber":189,"author":{"gitId":"eltonyeh"},"content":"                                + \"\\n\\tTask(s) remaining in the list: \"","lastModifiedDate":"2021-08-19"},{"lineNumber":190,"author":{"gitId":"eltonyeh"},"content":"                                + numOfTasks","lastModifiedDate":"2021-08-19"},{"lineNumber":191,"author":{"gitId":"eltonyeh"},"content":"                        );","lastModifiedDate":"2021-08-19"},{"lineNumber":192,"author":{"gitId":"eltonyeh"},"content":"                        Duke.removeTask(item - 1);","lastModifiedDate":"2021-08-19"},{"lineNumber":193,"author":{"gitId":"eltonyeh"},"content":"                        doneMessage.printMessage();","lastModifiedDate":"2021-08-19"},{"lineNumber":194,"author":{"gitId":"eltonyeh"},"content":"                    } else {","lastModifiedDate":"2021-08-19"},{"lineNumber":195,"author":{"gitId":"eltonyeh"},"content":"                        throw new IndexMismatchException();","lastModifiedDate":"2021-08-19"},{"lineNumber":196,"author":{"gitId":"eltonyeh"},"content":"                    }","lastModifiedDate":"2021-08-19"},{"lineNumber":197,"author":{"gitId":"eltonyeh"},"content":"                    return;","lastModifiedDate":"2021-08-19"},{"lineNumber":198,"author":{"gitId":"eltonyeh"},"content":"                }","lastModifiedDate":"2021-08-25"},{"lineNumber":199,"author":{"gitId":"eltonyeh"},"content":"                case \"query\": {","lastModifiedDate":"2021-08-25"},{"lineNumber":200,"author":{"gitId":"eltonyeh"},"content":"                    try {","lastModifiedDate":"2021-08-25"},{"lineNumber":201,"author":{"gitId":"eltonyeh"},"content":"                        Duke.printList(LocalDate.parse(description)).printMessage();","lastModifiedDate":"2021-08-25"},{"lineNumber":202,"author":{"gitId":"eltonyeh"},"content":"                    } catch (DateTimeParseException e) {","lastModifiedDate":"2021-08-25"},{"lineNumber":203,"author":{"gitId":"eltonyeh"},"content":"                        throw new InvalidCommandException();","lastModifiedDate":"2021-08-25"},{"lineNumber":204,"author":{"gitId":"eltonyeh"},"content":"                    }","lastModifiedDate":"2021-08-25"},{"lineNumber":205,"author":{"gitId":"eltonyeh"},"content":"                    return;","lastModifiedDate":"2021-08-25"},{"lineNumber":206,"author":{"gitId":"eltonyeh"},"content":"                }","lastModifiedDate":"2021-08-19"},{"lineNumber":207,"author":{"gitId":"eltonyeh"},"content":"                default: {","lastModifiedDate":"2021-08-19"},{"lineNumber":208,"author":{"gitId":"eltonyeh"},"content":"                    throw new InvalidCommandException();","lastModifiedDate":"2021-08-19"},{"lineNumber":209,"author":{"gitId":"eltonyeh"},"content":"                }","lastModifiedDate":"2021-08-19"},{"lineNumber":210,"author":{"gitId":"eltonyeh"},"content":"            }","lastModifiedDate":"2021-08-19"},{"lineNumber":211,"author":{"gitId":"eltonyeh"},"content":"        }","lastModifiedDate":"2021-08-19"},{"lineNumber":212,"author":{"gitId":"eltonyeh"},"content":"","lastModifiedDate":"2021-08-19"},{"lineNumber":213,"author":{"gitId":"eltonyeh"},"content":"        switch (command) {","lastModifiedDate":"2021-08-19"},{"lineNumber":214,"author":{"gitId":"eltonyeh"},"content":"            case \"list\":","lastModifiedDate":"2021-08-19"},{"lineNumber":215,"author":{"gitId":"eltonyeh"},"content":"                Duke.printList().printMessage();","lastModifiedDate":"2021-08-19"},{"lineNumber":216,"author":{"gitId":"eltonyeh"},"content":"                break;","lastModifiedDate":"2021-08-19"},{"lineNumber":217,"author":{"gitId":"eltonyeh"},"content":"            case \"bye\":","lastModifiedDate":"2021-08-19"},{"lineNumber":218,"author":{"gitId":"eltonyeh"},"content":"                break;","lastModifiedDate":"2021-08-19"},{"lineNumber":219,"author":{"gitId":"eltonyeh"},"content":"            default:","lastModifiedDate":"2021-08-19"},{"lineNumber":220,"author":{"gitId":"eltonyeh"},"content":"                throw new InvalidCommandException();","lastModifiedDate":"2021-08-19"},{"lineNumber":221,"author":{"gitId":"eltonyeh"},"content":"        }","lastModifiedDate":"2021-08-19"},{"lineNumber":222,"author":{"gitId":"eltonyeh"},"content":"    }","lastModifiedDate":"2021-08-19"},{"lineNumber":223,"author":{"gitId":"eltonyeh"},"content":"","lastModifiedDate":"2021-08-19"},{"lineNumber":224,"author":{"gitId":"-"},"content":"    public static void main(String[] args) {","lastModifiedDate":"2021-08-19"},{"lineNumber":225,"author":{"gitId":"eltonyeh"},"content":"        Scanner scanner \u003d new Scanner(System.in).useDelimiter(\"\\n\");","lastModifiedDate":"2021-08-19"},{"lineNumber":226,"author":{"gitId":"eltonyeh"},"content":"","lastModifiedDate":"2021-08-19"},{"lineNumber":227,"author":{"gitId":"eltonyeh"},"content":"        System.out.println(Message.greet());","lastModifiedDate":"2021-08-19"},{"lineNumber":228,"author":{"gitId":"eltonyeh"},"content":"","lastModifiedDate":"2021-08-19"},{"lineNumber":229,"author":{"gitId":"eltonyeh"},"content":"        String input \u003d scanner.next();","lastModifiedDate":"2021-08-19"},{"lineNumber":230,"author":{"gitId":"eltonyeh"},"content":"","lastModifiedDate":"2021-08-19"},{"lineNumber":231,"author":{"gitId":"eltonyeh"},"content":"        while (!input.equals(\"bye\")) {","lastModifiedDate":"2021-08-19"},{"lineNumber":232,"author":{"gitId":"eltonyeh"},"content":"            try {","lastModifiedDate":"2021-08-19"},{"lineNumber":233,"author":{"gitId":"eltonyeh"},"content":"                Duke.applyCommand(input);","lastModifiedDate":"2021-08-19"},{"lineNumber":234,"author":{"gitId":"eltonyeh"},"content":"            } catch (DukeException e) {","lastModifiedDate":"2021-08-19"},{"lineNumber":235,"author":{"gitId":"eltonyeh"},"content":"                Message errorMessage \u003d new Message(\"\\t\" + e.getMessage());","lastModifiedDate":"2021-08-19"},{"lineNumber":236,"author":{"gitId":"eltonyeh"},"content":"                errorMessage.printMessage();","lastModifiedDate":"2021-08-19"},{"lineNumber":237,"author":{"gitId":"eltonyeh"},"content":"            } finally {","lastModifiedDate":"2021-08-19"},{"lineNumber":238,"author":{"gitId":"eltonyeh"},"content":"                input \u003d scanner.next();","lastModifiedDate":"2021-08-19"},{"lineNumber":239,"author":{"gitId":"eltonyeh"},"content":"            }","lastModifiedDate":"2021-08-19"},{"lineNumber":240,"author":{"gitId":"eltonyeh"},"content":"        }","lastModifiedDate":"2021-08-19"},{"lineNumber":241,"author":{"gitId":"eltonyeh"},"content":"","lastModifiedDate":"2021-08-19"},{"lineNumber":242,"author":{"gitId":"eltonyeh"},"content":"        System.out.println(Message.farewell());","lastModifiedDate":"2021-08-19"},{"lineNumber":243,"author":{"gitId":"-"},"content":"    }","lastModifiedDate":"2019-07-29"},{"lineNumber":244,"author":{"gitId":"-"},"content":"}","lastModifiedDate":"2019-07-29"}],"authorContributionMap":{"eltonyeh":240,"-":4}},{"path":"src/main/java/DukeException.java","fileType":"java","lines":[{"lineNumber":1,"author":{"gitId":"eltonyeh"},"content":"public class DukeException extends RuntimeException {","lastModifiedDate":"2021-08-19"},{"lineNumber":2,"author":{"gitId":"eltonyeh"},"content":"    public DukeException(String message) {","lastModifiedDate":"2021-08-19"},{"lineNumber":3,"author":{"gitId":"eltonyeh"},"content":"        super(message);","lastModifiedDate":"2021-08-19"},{"lineNumber":4,"author":{"gitId":"eltonyeh"},"content":"    }","lastModifiedDate":"2021-08-19"},{"lineNumber":5,"author":{"gitId":"eltonyeh"},"content":"}","lastModifiedDate":"2021-08-19"}],"authorContributionMap":{"eltonyeh":5}},{"path":"src/main/java/Event.java","fileType":"java","lines":[{"lineNumber":1,"author":{"gitId":"eltonyeh"},"content":"import java.time.LocalDate;","lastModifiedDate":"2021-08-25"},{"lineNumber":2,"author":{"gitId":"eltonyeh"},"content":"import java.time.format.DateTimeFormatter;","lastModifiedDate":"2021-08-25"},{"lineNumber":3,"author":{"gitId":"eltonyeh"},"content":"","lastModifiedDate":"2021-08-25"},{"lineNumber":4,"author":{"gitId":"eltonyeh"},"content":"public class Event extends Task {","lastModifiedDate":"2021-08-19"},{"lineNumber":5,"author":{"gitId":"eltonyeh"},"content":"    protected LocalDate timeStart;","lastModifiedDate":"2021-08-25"},{"lineNumber":6,"author":{"gitId":"eltonyeh"},"content":"","lastModifiedDate":"2021-08-19"},{"lineNumber":7,"author":{"gitId":"eltonyeh"},"content":"    public Event(String description, LocalDate timeStart) {","lastModifiedDate":"2021-08-25"},{"lineNumber":8,"author":{"gitId":"eltonyeh"},"content":"        super(description);","lastModifiedDate":"2021-08-19"},{"lineNumber":9,"author":{"gitId":"eltonyeh"},"content":"        this.timeStart \u003d timeStart;","lastModifiedDate":"2021-08-19"},{"lineNumber":10,"author":{"gitId":"eltonyeh"},"content":"    }","lastModifiedDate":"2021-08-19"},{"lineNumber":11,"author":{"gitId":"eltonyeh"},"content":"","lastModifiedDate":"2021-08-19"},{"lineNumber":12,"author":{"gitId":"eltonyeh"},"content":"    public Event(String description, boolean isDone, LocalDate timeStart) {","lastModifiedDate":"2021-08-25"},{"lineNumber":13,"author":{"gitId":"eltonyeh"},"content":"        super(description, isDone);","lastModifiedDate":"2021-08-24"},{"lineNumber":14,"author":{"gitId":"eltonyeh"},"content":"        this.timeStart \u003d timeStart;","lastModifiedDate":"2021-08-24"},{"lineNumber":15,"author":{"gitId":"eltonyeh"},"content":"    }","lastModifiedDate":"2021-08-24"},{"lineNumber":16,"author":{"gitId":"eltonyeh"},"content":"","lastModifiedDate":"2021-08-24"},{"lineNumber":17,"author":{"gitId":"eltonyeh"},"content":"    @Override","lastModifiedDate":"2021-08-24"},{"lineNumber":18,"author":{"gitId":"eltonyeh"},"content":"    public String taskToLine() {","lastModifiedDate":"2021-08-24"},{"lineNumber":19,"author":{"gitId":"eltonyeh"},"content":"        return \"D\" + super.taskToLine() + \" | \" + this.timeStart;","lastModifiedDate":"2021-08-24"},{"lineNumber":20,"author":{"gitId":"eltonyeh"},"content":"    }","lastModifiedDate":"2021-08-24"},{"lineNumber":21,"author":{"gitId":"eltonyeh"},"content":"","lastModifiedDate":"2021-08-24"},{"lineNumber":22,"author":{"gitId":"eltonyeh"},"content":"    @Override","lastModifiedDate":"2021-08-19"},{"lineNumber":23,"author":{"gitId":"eltonyeh"},"content":"    public String toString() {","lastModifiedDate":"2021-08-19"},{"lineNumber":24,"author":{"gitId":"eltonyeh"},"content":"        String description \u003d super.toString();","lastModifiedDate":"2021-08-19"},{"lineNumber":25,"author":{"gitId":"eltonyeh"},"content":"        return \"[E]\" + description + \" (at: \"","lastModifiedDate":"2021-08-25"},{"lineNumber":26,"author":{"gitId":"eltonyeh"},"content":"                + this.timeStart.format(DateTimeFormatter.ofPattern(\"MMM d yyyy\")) + \")\";","lastModifiedDate":"2021-08-25"},{"lineNumber":27,"author":{"gitId":"eltonyeh"},"content":"    }","lastModifiedDate":"2021-08-19"},{"lineNumber":28,"author":{"gitId":"eltonyeh"},"content":"}","lastModifiedDate":"2021-08-19"}],"authorContributionMap":{"eltonyeh":28}},{"path":"src/main/java/IndexMismatchException.java","fileType":"java","lines":[{"lineNumber":1,"author":{"gitId":"eltonyeh"},"content":"public class IndexMismatchException extends DukeException{","lastModifiedDate":"2021-08-19"},{"lineNumber":2,"author":{"gitId":"eltonyeh"},"content":"","lastModifiedDate":"2021-08-19"},{"lineNumber":3,"author":{"gitId":"eltonyeh"},"content":"    public IndexMismatchException() {","lastModifiedDate":"2021-08-19"},{"lineNumber":4,"author":{"gitId":"eltonyeh"},"content":"        super(\"☹ OOPS!!! The item should be an positive integer.\");","lastModifiedDate":"2021-08-19"},{"lineNumber":5,"author":{"gitId":"eltonyeh"},"content":"    }","lastModifiedDate":"2021-08-19"},{"lineNumber":6,"author":{"gitId":"eltonyeh"},"content":"}","lastModifiedDate":"2021-08-19"}],"authorContributionMap":{"eltonyeh":6}},{"path":"src/main/java/IndexOutOfBoundException.java","fileType":"java","lines":[{"lineNumber":1,"author":{"gitId":"eltonyeh"},"content":"public class IndexOutOfBoundException extends DukeException {","lastModifiedDate":"2021-08-19"},{"lineNumber":2,"author":{"gitId":"eltonyeh"},"content":"    public IndexOutOfBoundException() {","lastModifiedDate":"2021-08-19"},{"lineNumber":3,"author":{"gitId":"eltonyeh"},"content":"        super(\"☹ OOPS!!! The item index you filled in is out of bound!\");","lastModifiedDate":"2021-08-19"},{"lineNumber":4,"author":{"gitId":"eltonyeh"},"content":"    }","lastModifiedDate":"2021-08-19"},{"lineNumber":5,"author":{"gitId":"eltonyeh"},"content":"}","lastModifiedDate":"2021-08-19"}],"authorContributionMap":{"eltonyeh":5}},{"path":"src/main/java/InvalidCommandException.java","fileType":"java","lines":[{"lineNumber":1,"author":{"gitId":"eltonyeh"},"content":"public class InvalidCommandException extends DukeException {","lastModifiedDate":"2021-08-19"},{"lineNumber":2,"author":{"gitId":"eltonyeh"},"content":"","lastModifiedDate":"2021-08-19"},{"lineNumber":3,"author":{"gitId":"eltonyeh"},"content":"    public InvalidCommandException() {","lastModifiedDate":"2021-08-19"},{"lineNumber":4,"author":{"gitId":"eltonyeh"},"content":"        super(\"☹ OOPS!!! I don\u0027t understand that!\");","lastModifiedDate":"2021-08-19"},{"lineNumber":5,"author":{"gitId":"eltonyeh"},"content":"    }","lastModifiedDate":"2021-08-19"},{"lineNumber":6,"author":{"gitId":"eltonyeh"},"content":"}","lastModifiedDate":"2021-08-19"}],"authorContributionMap":{"eltonyeh":6}},{"path":"src/main/java/Message.java","fileType":"java","lines":[{"lineNumber":1,"author":{"gitId":"eltonyeh"},"content":"public class Message {","lastModifiedDate":"2021-08-19"},{"lineNumber":2,"author":{"gitId":"eltonyeh"},"content":"    private static final String HORIZONTAL_LINE \u003d \"____________________________________________________________\";","lastModifiedDate":"2021-08-19"},{"lineNumber":3,"author":{"gitId":"eltonyeh"},"content":"","lastModifiedDate":"2021-08-19"},{"lineNumber":4,"author":{"gitId":"eltonyeh"},"content":"    private static final String LOGO \u003d \"\\t____        _        \\n\"","lastModifiedDate":"2021-08-19"},{"lineNumber":5,"author":{"gitId":"eltonyeh"},"content":"            + \"\\t|  _ \\\\ _   _| | _____ \\n\"","lastModifiedDate":"2021-08-19"},{"lineNumber":6,"author":{"gitId":"eltonyeh"},"content":"            + \"\\t| | | | | | | |/ / _ \\\\\\n\"","lastModifiedDate":"2021-08-19"},{"lineNumber":7,"author":{"gitId":"eltonyeh"},"content":"            + \"\\t| |_| | |_| |   \u003c  __/\\n\"","lastModifiedDate":"2021-08-19"},{"lineNumber":8,"author":{"gitId":"eltonyeh"},"content":"            + \"\\t|____/ \\\\__,_|_|\\\\_\\\\___|\\n\";","lastModifiedDate":"2021-08-19"},{"lineNumber":9,"author":{"gitId":"eltonyeh"},"content":"","lastModifiedDate":"2021-08-19"},{"lineNumber":10,"author":{"gitId":"eltonyeh"},"content":"    private static final Message GREETING_TEXT \u003d new Message(","lastModifiedDate":"2021-08-19"},{"lineNumber":11,"author":{"gitId":"eltonyeh"},"content":"            \"\\tHello from \\n\"","lastModifiedDate":"2021-08-19"},{"lineNumber":12,"author":{"gitId":"eltonyeh"},"content":"            + LOGO","lastModifiedDate":"2021-08-19"},{"lineNumber":13,"author":{"gitId":"eltonyeh"},"content":"            + \"\\tHow can I help you?\"","lastModifiedDate":"2021-08-19"},{"lineNumber":14,"author":{"gitId":"eltonyeh"},"content":"    );","lastModifiedDate":"2021-08-19"},{"lineNumber":15,"author":{"gitId":"eltonyeh"},"content":"","lastModifiedDate":"2021-08-19"},{"lineNumber":16,"author":{"gitId":"eltonyeh"},"content":"    private static final Message FAREWELL_TEXT \u003d new Message(","lastModifiedDate":"2021-08-19"},{"lineNumber":17,"author":{"gitId":"eltonyeh"},"content":"            \"\\t☹☹☹ Why do you choose to leave me!\"","lastModifiedDate":"2021-08-19"},{"lineNumber":18,"author":{"gitId":"eltonyeh"},"content":"    );","lastModifiedDate":"2021-08-19"},{"lineNumber":19,"author":{"gitId":"eltonyeh"},"content":"","lastModifiedDate":"2021-08-19"},{"lineNumber":20,"author":{"gitId":"eltonyeh"},"content":"    private final String message;","lastModifiedDate":"2021-08-19"},{"lineNumber":21,"author":{"gitId":"eltonyeh"},"content":"","lastModifiedDate":"2021-08-19"},{"lineNumber":22,"author":{"gitId":"eltonyeh"},"content":"    public Message(String message) {","lastModifiedDate":"2021-08-19"},{"lineNumber":23,"author":{"gitId":"eltonyeh"},"content":"        this.message \u003d message;","lastModifiedDate":"2021-08-19"},{"lineNumber":24,"author":{"gitId":"eltonyeh"},"content":"    }","lastModifiedDate":"2021-08-19"},{"lineNumber":25,"author":{"gitId":"eltonyeh"},"content":"","lastModifiedDate":"2021-08-19"},{"lineNumber":26,"author":{"gitId":"eltonyeh"},"content":"    @Override","lastModifiedDate":"2021-08-19"},{"lineNumber":27,"author":{"gitId":"eltonyeh"},"content":"    public String toString() {","lastModifiedDate":"2021-08-19"},{"lineNumber":28,"author":{"gitId":"eltonyeh"},"content":"        return \"\\t\" + HORIZONTAL_LINE + \"\\n\" + this.message + \"\\n\\t\" + HORIZONTAL_LINE;","lastModifiedDate":"2021-08-19"},{"lineNumber":29,"author":{"gitId":"eltonyeh"},"content":"    }","lastModifiedDate":"2021-08-19"},{"lineNumber":30,"author":{"gitId":"eltonyeh"},"content":"","lastModifiedDate":"2021-08-19"},{"lineNumber":31,"author":{"gitId":"eltonyeh"},"content":"    public void printMessage() {","lastModifiedDate":"2021-08-19"},{"lineNumber":32,"author":{"gitId":"eltonyeh"},"content":"        System.out.println(this);","lastModifiedDate":"2021-08-19"},{"lineNumber":33,"author":{"gitId":"eltonyeh"},"content":"    }","lastModifiedDate":"2021-08-19"},{"lineNumber":34,"author":{"gitId":"eltonyeh"},"content":"","lastModifiedDate":"2021-08-19"},{"lineNumber":35,"author":{"gitId":"eltonyeh"},"content":"    public static String greet() {","lastModifiedDate":"2021-08-19"},{"lineNumber":36,"author":{"gitId":"eltonyeh"},"content":"        return GREETING_TEXT.toString();","lastModifiedDate":"2021-08-19"},{"lineNumber":37,"author":{"gitId":"eltonyeh"},"content":"    }","lastModifiedDate":"2021-08-19"},{"lineNumber":38,"author":{"gitId":"eltonyeh"},"content":"","lastModifiedDate":"2021-08-19"},{"lineNumber":39,"author":{"gitId":"eltonyeh"},"content":"    public static String farewell() {","lastModifiedDate":"2021-08-19"},{"lineNumber":40,"author":{"gitId":"eltonyeh"},"content":"        return FAREWELL_TEXT.toString();","lastModifiedDate":"2021-08-19"},{"lineNumber":41,"author":{"gitId":"eltonyeh"},"content":"    }","lastModifiedDate":"2021-08-19"},{"lineNumber":42,"author":{"gitId":"eltonyeh"},"content":"}","lastModifiedDate":"2021-08-19"}],"authorContributionMap":{"eltonyeh":42}},{"path":"src/main/java/Task.java","fileType":"java","lines":[{"lineNumber":1,"author":{"gitId":"eltonyeh"},"content":"import java.time.LocalDate;","lastModifiedDate":"2021-08-25"},{"lineNumber":2,"author":{"gitId":"eltonyeh"},"content":"import java.time.format.DateTimeParseException;","lastModifiedDate":"2021-08-25"},{"lineNumber":3,"author":{"gitId":"eltonyeh"},"content":"","lastModifiedDate":"2021-08-25"},{"lineNumber":4,"author":{"gitId":"eltonyeh"},"content":"public class Task {","lastModifiedDate":"2021-08-19"},{"lineNumber":5,"author":{"gitId":"eltonyeh"},"content":"    protected String description;","lastModifiedDate":"2021-08-19"},{"lineNumber":6,"author":{"gitId":"eltonyeh"},"content":"    protected boolean isDone \u003d false;","lastModifiedDate":"2021-08-19"},{"lineNumber":7,"author":{"gitId":"eltonyeh"},"content":"","lastModifiedDate":"2021-08-19"},{"lineNumber":8,"author":{"gitId":"eltonyeh"},"content":"    public Task(String description) {","lastModifiedDate":"2021-08-19"},{"lineNumber":9,"author":{"gitId":"eltonyeh"},"content":"        this.description \u003d description;","lastModifiedDate":"2021-08-19"},{"lineNumber":10,"author":{"gitId":"eltonyeh"},"content":"    }","lastModifiedDate":"2021-08-19"},{"lineNumber":11,"author":{"gitId":"eltonyeh"},"content":"","lastModifiedDate":"2021-08-19"},{"lineNumber":12,"author":{"gitId":"eltonyeh"},"content":"    public Task(String description, boolean isDone) {","lastModifiedDate":"2021-08-24"},{"lineNumber":13,"author":{"gitId":"eltonyeh"},"content":"        this.description \u003d description;","lastModifiedDate":"2021-08-24"},{"lineNumber":14,"author":{"gitId":"eltonyeh"},"content":"        this.isDone \u003d isDone;","lastModifiedDate":"2021-08-19"},{"lineNumber":15,"author":{"gitId":"eltonyeh"},"content":"    }","lastModifiedDate":"2021-08-19"},{"lineNumber":16,"author":{"gitId":"eltonyeh"},"content":"","lastModifiedDate":"2021-08-19"},{"lineNumber":17,"author":{"gitId":"eltonyeh"},"content":"    public static Duke.TaskType inputTaskType(String[] data) throws InvalidCommandException {","lastModifiedDate":"2021-08-24"},{"lineNumber":18,"author":{"gitId":"eltonyeh"},"content":"        Duke.TaskType type \u003d null;","lastModifiedDate":"2021-08-24"},{"lineNumber":19,"author":{"gitId":"eltonyeh"},"content":"        if (data.length \u003c 3","lastModifiedDate":"2021-08-24"},{"lineNumber":20,"author":{"gitId":"eltonyeh"},"content":"                || !(data[1].equals(\"0\") || data[1].equals(\"1\"))","lastModifiedDate":"2021-08-24"},{"lineNumber":21,"author":{"gitId":"eltonyeh"},"content":"                || data[2].trim().isEmpty()) {","lastModifiedDate":"2021-08-24"},{"lineNumber":22,"author":{"gitId":"eltonyeh"},"content":"            throw new InvalidCommandException();","lastModifiedDate":"2021-08-24"},{"lineNumber":23,"author":{"gitId":"eltonyeh"},"content":"        }","lastModifiedDate":"2021-08-24"},{"lineNumber":24,"author":{"gitId":"eltonyeh"},"content":"        switch (data[0]) {","lastModifiedDate":"2021-08-24"},{"lineNumber":25,"author":{"gitId":"eltonyeh"},"content":"            case \"T\":","lastModifiedDate":"2021-08-24"},{"lineNumber":26,"author":{"gitId":"eltonyeh"},"content":"                if (data.length !\u003d 3) {","lastModifiedDate":"2021-08-24"},{"lineNumber":27,"author":{"gitId":"eltonyeh"},"content":"                    throw new InvalidCommandException();","lastModifiedDate":"2021-08-24"},{"lineNumber":28,"author":{"gitId":"eltonyeh"},"content":"                }","lastModifiedDate":"2021-08-24"},{"lineNumber":29,"author":{"gitId":"eltonyeh"},"content":"                type \u003d Duke.TaskType.TODO;","lastModifiedDate":"2021-08-24"},{"lineNumber":30,"author":{"gitId":"eltonyeh"},"content":"                break;","lastModifiedDate":"2021-08-24"},{"lineNumber":31,"author":{"gitId":"eltonyeh"},"content":"            case \"D\":","lastModifiedDate":"2021-08-24"},{"lineNumber":32,"author":{"gitId":"eltonyeh"},"content":"                if (data.length !\u003d 4 || data[3].trim().isEmpty()) {","lastModifiedDate":"2021-08-24"},{"lineNumber":33,"author":{"gitId":"eltonyeh"},"content":"                    throw new InvalidCommandException();","lastModifiedDate":"2021-08-24"},{"lineNumber":34,"author":{"gitId":"eltonyeh"},"content":"                }","lastModifiedDate":"2021-08-24"},{"lineNumber":35,"author":{"gitId":"eltonyeh"},"content":"                try {","lastModifiedDate":"2021-08-25"},{"lineNumber":36,"author":{"gitId":"eltonyeh"},"content":"                    LocalDate.parse(data[3]);","lastModifiedDate":"2021-08-25"},{"lineNumber":37,"author":{"gitId":"eltonyeh"},"content":"                } catch (DateTimeParseException e) {","lastModifiedDate":"2021-08-25"},{"lineNumber":38,"author":{"gitId":"eltonyeh"},"content":"                    throw new InvalidCommandException();","lastModifiedDate":"2021-08-25"},{"lineNumber":39,"author":{"gitId":"eltonyeh"},"content":"                }","lastModifiedDate":"2021-08-25"},{"lineNumber":40,"author":{"gitId":"eltonyeh"},"content":"                type \u003d Duke.TaskType.DEADLINE;","lastModifiedDate":"2021-08-24"},{"lineNumber":41,"author":{"gitId":"eltonyeh"},"content":"                break;","lastModifiedDate":"2021-08-24"},{"lineNumber":42,"author":{"gitId":"eltonyeh"},"content":"            case \"E\":","lastModifiedDate":"2021-08-24"},{"lineNumber":43,"author":{"gitId":"eltonyeh"},"content":"                if (data.length !\u003d 4 || data[3].trim().isEmpty()) {","lastModifiedDate":"2021-08-24"},{"lineNumber":44,"author":{"gitId":"eltonyeh"},"content":"                    throw new InvalidCommandException();","lastModifiedDate":"2021-08-24"},{"lineNumber":45,"author":{"gitId":"eltonyeh"},"content":"                }","lastModifiedDate":"2021-08-24"},{"lineNumber":46,"author":{"gitId":"eltonyeh"},"content":"                try {","lastModifiedDate":"2021-08-25"},{"lineNumber":47,"author":{"gitId":"eltonyeh"},"content":"                    LocalDate.parse(data[3]);","lastModifiedDate":"2021-08-25"},{"lineNumber":48,"author":{"gitId":"eltonyeh"},"content":"                } catch (DateTimeParseException e) {","lastModifiedDate":"2021-08-25"},{"lineNumber":49,"author":{"gitId":"eltonyeh"},"content":"                    throw new InvalidCommandException();","lastModifiedDate":"2021-08-25"},{"lineNumber":50,"author":{"gitId":"eltonyeh"},"content":"                }","lastModifiedDate":"2021-08-25"},{"lineNumber":51,"author":{"gitId":"eltonyeh"},"content":"                type \u003d Duke.TaskType.EVENT;","lastModifiedDate":"2021-08-24"},{"lineNumber":52,"author":{"gitId":"eltonyeh"},"content":"                break;","lastModifiedDate":"2021-08-24"},{"lineNumber":53,"author":{"gitId":"eltonyeh"},"content":"            default:","lastModifiedDate":"2021-08-24"},{"lineNumber":54,"author":{"gitId":"eltonyeh"},"content":"                throw new InvalidCommandException();","lastModifiedDate":"2021-08-24"},{"lineNumber":55,"author":{"gitId":"eltonyeh"},"content":"        }","lastModifiedDate":"2021-08-24"},{"lineNumber":56,"author":{"gitId":"eltonyeh"},"content":"        return type;","lastModifiedDate":"2021-08-24"},{"lineNumber":57,"author":{"gitId":"eltonyeh"},"content":"    }","lastModifiedDate":"2021-08-24"},{"lineNumber":58,"author":{"gitId":"eltonyeh"},"content":"","lastModifiedDate":"2021-08-24"},{"lineNumber":59,"author":{"gitId":"eltonyeh"},"content":"    public String taskToLine() {","lastModifiedDate":"2021-08-24"},{"lineNumber":60,"author":{"gitId":"eltonyeh"},"content":"        String isDone \u003d this.isDone ? \"1\" : \"0\";","lastModifiedDate":"2021-08-24"},{"lineNumber":61,"author":{"gitId":"eltonyeh"},"content":"        return String.format(\" | %s | %s\", isDone, this.description);","lastModifiedDate":"2021-08-24"},{"lineNumber":62,"author":{"gitId":"eltonyeh"},"content":"    }","lastModifiedDate":"2021-08-24"},{"lineNumber":63,"author":{"gitId":"eltonyeh"},"content":"","lastModifiedDate":"2021-08-24"},{"lineNumber":64,"author":{"gitId":"eltonyeh"},"content":"    public static Task of(String[] data){","lastModifiedDate":"2021-08-24"},{"lineNumber":65,"author":{"gitId":"eltonyeh"},"content":"        Task result \u003d null;","lastModifiedDate":"2021-08-24"},{"lineNumber":66,"author":{"gitId":"eltonyeh"},"content":"        Duke.TaskType taskType \u003d inputTaskType(data);","lastModifiedDate":"2021-08-24"},{"lineNumber":67,"author":{"gitId":"eltonyeh"},"content":"","lastModifiedDate":"2021-08-24"},{"lineNumber":68,"author":{"gitId":"eltonyeh"},"content":"        boolean isDone \u003d data[1].equals(\"1\");","lastModifiedDate":"2021-08-24"},{"lineNumber":69,"author":{"gitId":"eltonyeh"},"content":"        String description \u003d data[2];","lastModifiedDate":"2021-08-24"},{"lineNumber":70,"author":{"gitId":"eltonyeh"},"content":"","lastModifiedDate":"2021-08-24"},{"lineNumber":71,"author":{"gitId":"eltonyeh"},"content":"        switch (taskType) {","lastModifiedDate":"2021-08-24"},{"lineNumber":72,"author":{"gitId":"eltonyeh"},"content":"            case TODO:","lastModifiedDate":"2021-08-24"},{"lineNumber":73,"author":{"gitId":"eltonyeh"},"content":"                result \u003d new ToDo(description, isDone);","lastModifiedDate":"2021-08-24"},{"lineNumber":74,"author":{"gitId":"eltonyeh"},"content":"                break;","lastModifiedDate":"2021-08-24"},{"lineNumber":75,"author":{"gitId":"eltonyeh"},"content":"            case DEADLINE:","lastModifiedDate":"2021-08-24"},{"lineNumber":76,"author":{"gitId":"eltonyeh"},"content":"                result \u003d new Deadline(description, isDone, LocalDate.parse(data[3]));","lastModifiedDate":"2021-08-25"},{"lineNumber":77,"author":{"gitId":"eltonyeh"},"content":"                break;","lastModifiedDate":"2021-08-24"},{"lineNumber":78,"author":{"gitId":"eltonyeh"},"content":"            case EVENT:","lastModifiedDate":"2021-08-24"},{"lineNumber":79,"author":{"gitId":"eltonyeh"},"content":"                result \u003d new Event(description, isDone, LocalDate.parse(data[3]));","lastModifiedDate":"2021-08-25"},{"lineNumber":80,"author":{"gitId":"eltonyeh"},"content":"                break;","lastModifiedDate":"2021-08-24"},{"lineNumber":81,"author":{"gitId":"eltonyeh"},"content":"        }","lastModifiedDate":"2021-08-24"},{"lineNumber":82,"author":{"gitId":"eltonyeh"},"content":"        return result;","lastModifiedDate":"2021-08-24"},{"lineNumber":83,"author":{"gitId":"eltonyeh"},"content":"    }","lastModifiedDate":"2021-08-24"},{"lineNumber":84,"author":{"gitId":"eltonyeh"},"content":"","lastModifiedDate":"2021-08-24"},{"lineNumber":85,"author":{"gitId":"eltonyeh"},"content":"    public void setDone(boolean isDone) {","lastModifiedDate":"2021-08-24"},{"lineNumber":86,"author":{"gitId":"eltonyeh"},"content":"        this.isDone \u003d isDone;","lastModifiedDate":"2021-08-24"},{"lineNumber":87,"author":{"gitId":"eltonyeh"},"content":"    }","lastModifiedDate":"2021-08-19"},{"lineNumber":88,"author":{"gitId":"eltonyeh"},"content":"","lastModifiedDate":"2021-08-19"},{"lineNumber":89,"author":{"gitId":"eltonyeh"},"content":"    public String markDoneIcon() {","lastModifiedDate":"2021-08-19"},{"lineNumber":90,"author":{"gitId":"eltonyeh"},"content":"        return this.isDone ? \"[X]\" : \"[ ]\";","lastModifiedDate":"2021-08-19"},{"lineNumber":91,"author":{"gitId":"eltonyeh"},"content":"    }","lastModifiedDate":"2021-08-19"},{"lineNumber":92,"author":{"gitId":"eltonyeh"},"content":"","lastModifiedDate":"2021-08-19"},{"lineNumber":93,"author":{"gitId":"eltonyeh"},"content":"    @Override","lastModifiedDate":"2021-08-19"},{"lineNumber":94,"author":{"gitId":"eltonyeh"},"content":"    public String toString() {","lastModifiedDate":"2021-08-19"},{"lineNumber":95,"author":{"gitId":"eltonyeh"},"content":"        return this.markDoneIcon() + \" \" + this.description;","lastModifiedDate":"2021-08-19"},{"lineNumber":96,"author":{"gitId":"eltonyeh"},"content":"    }","lastModifiedDate":"2021-08-19"},{"lineNumber":97,"author":{"gitId":"eltonyeh"},"content":"}","lastModifiedDate":"2021-08-19"}],"authorContributionMap":{"eltonyeh":97}},{"path":"src/main/java/TaskFile.java","fileType":"java","lines":[{"lineNumber":1,"author":{"gitId":"eltonyeh"},"content":"import java.io.File;","lastModifiedDate":"2021-08-24"},{"lineNumber":2,"author":{"gitId":"eltonyeh"},"content":"import java.io.FileWriter;","lastModifiedDate":"2021-08-24"},{"lineNumber":3,"author":{"gitId":"eltonyeh"},"content":"import java.io.IOException;","lastModifiedDate":"2021-08-24"},{"lineNumber":4,"author":{"gitId":"eltonyeh"},"content":"import java.nio.file.Files;","lastModifiedDate":"2021-08-24"},{"lineNumber":5,"author":{"gitId":"eltonyeh"},"content":"import java.nio.file.Path;","lastModifiedDate":"2021-08-24"},{"lineNumber":6,"author":{"gitId":"eltonyeh"},"content":"import java.nio.file.Paths;","lastModifiedDate":"2021-08-24"},{"lineNumber":7,"author":{"gitId":"eltonyeh"},"content":"import java.util.ArrayList;","lastModifiedDate":"2021-08-24"},{"lineNumber":8,"author":{"gitId":"eltonyeh"},"content":"import java.util.List;","lastModifiedDate":"2021-08-24"},{"lineNumber":9,"author":{"gitId":"eltonyeh"},"content":"","lastModifiedDate":"2021-08-24"},{"lineNumber":10,"author":{"gitId":"eltonyeh"},"content":"public class TaskFile {","lastModifiedDate":"2021-08-24"},{"lineNumber":11,"author":{"gitId":"eltonyeh"},"content":"    private static final Path DEFAULT_DIR \u003d Paths.get(\"src\", \"main\", \"data\");","lastModifiedDate":"2021-08-24"},{"lineNumber":12,"author":{"gitId":"eltonyeh"},"content":"","lastModifiedDate":"2021-08-24"},{"lineNumber":13,"author":{"gitId":"eltonyeh"},"content":"    private File tasks;","lastModifiedDate":"2021-08-24"},{"lineNumber":14,"author":{"gitId":"eltonyeh"},"content":"","lastModifiedDate":"2021-08-24"},{"lineNumber":15,"author":{"gitId":"eltonyeh"},"content":"    public TaskFile(String fileName) {","lastModifiedDate":"2021-08-24"},{"lineNumber":16,"author":{"gitId":"eltonyeh"},"content":"        try {","lastModifiedDate":"2021-08-24"},{"lineNumber":17,"author":{"gitId":"eltonyeh"},"content":"            if (!Files.exists(DEFAULT_DIR)) {","lastModifiedDate":"2021-08-24"},{"lineNumber":18,"author":{"gitId":"eltonyeh"},"content":"                Files.createDirectories(DEFAULT_DIR);","lastModifiedDate":"2021-08-24"},{"lineNumber":19,"author":{"gitId":"eltonyeh"},"content":"            }","lastModifiedDate":"2021-08-24"},{"lineNumber":20,"author":{"gitId":"eltonyeh"},"content":"            Path taskPath \u003d Paths.get(DEFAULT_DIR.toString(), fileName);","lastModifiedDate":"2021-08-24"},{"lineNumber":21,"author":{"gitId":"eltonyeh"},"content":"            if (Files.notExists(taskPath)) {","lastModifiedDate":"2021-08-24"},{"lineNumber":22,"author":{"gitId":"eltonyeh"},"content":"                this.tasks \u003d Files.createFile(taskPath).toFile();","lastModifiedDate":"2021-08-24"},{"lineNumber":23,"author":{"gitId":"eltonyeh"},"content":"            } else {","lastModifiedDate":"2021-08-24"},{"lineNumber":24,"author":{"gitId":"eltonyeh"},"content":"                this.tasks \u003d taskPath.toFile();","lastModifiedDate":"2021-08-24"},{"lineNumber":25,"author":{"gitId":"eltonyeh"},"content":"            }","lastModifiedDate":"2021-08-24"},{"lineNumber":26,"author":{"gitId":"eltonyeh"},"content":"        } catch (IOException e) {","lastModifiedDate":"2021-08-24"},{"lineNumber":27,"author":{"gitId":"eltonyeh"},"content":"            Message errorMessage \u003d new Message(\"☹ OOPS!!! Unable to find or create a file!\");","lastModifiedDate":"2021-08-24"},{"lineNumber":28,"author":{"gitId":"eltonyeh"},"content":"            errorMessage.printMessage();","lastModifiedDate":"2021-08-24"},{"lineNumber":29,"author":{"gitId":"eltonyeh"},"content":"        }","lastModifiedDate":"2021-08-24"},{"lineNumber":30,"author":{"gitId":"eltonyeh"},"content":"    }","lastModifiedDate":"2021-08-24"},{"lineNumber":31,"author":{"gitId":"eltonyeh"},"content":"","lastModifiedDate":"2021-08-24"},{"lineNumber":32,"author":{"gitId":"eltonyeh"},"content":"    public static Task lineToTask(String line) {","lastModifiedDate":"2021-08-24"},{"lineNumber":33,"author":{"gitId":"eltonyeh"},"content":"        String[] data \u003d line.split(\" \\\\| \");","lastModifiedDate":"2021-08-24"},{"lineNumber":34,"author":{"gitId":"eltonyeh"},"content":"        return Task.of(data);","lastModifiedDate":"2021-08-24"},{"lineNumber":35,"author":{"gitId":"eltonyeh"},"content":"    }","lastModifiedDate":"2021-08-24"},{"lineNumber":36,"author":{"gitId":"eltonyeh"},"content":"","lastModifiedDate":"2021-08-24"},{"lineNumber":37,"author":{"gitId":"eltonyeh"},"content":"    public ArrayList\u003cTask\u003e parseToTasks() throws DukeException {","lastModifiedDate":"2021-08-24"},{"lineNumber":38,"author":{"gitId":"eltonyeh"},"content":"        ArrayList\u003cTask\u003e result \u003d new ArrayList\u003c\u003e();","lastModifiedDate":"2021-08-24"},{"lineNumber":39,"author":{"gitId":"eltonyeh"},"content":"        try {","lastModifiedDate":"2021-08-24"},{"lineNumber":40,"author":{"gitId":"eltonyeh"},"content":"            List\u003cString\u003e data \u003d Files.readAllLines(tasks.toPath());","lastModifiedDate":"2021-08-24"},{"lineNumber":41,"author":{"gitId":"eltonyeh"},"content":"            data.forEach(x -\u003e result.add(lineToTask(x)));","lastModifiedDate":"2021-08-24"},{"lineNumber":42,"author":{"gitId":"eltonyeh"},"content":"        } catch (IOException e) {","lastModifiedDate":"2021-08-24"},{"lineNumber":43,"author":{"gitId":"eltonyeh"},"content":"            Message errorMessage \u003d new Message(\"☹ OOPS!!! Something wrong happened when reading the file.\");","lastModifiedDate":"2021-08-24"},{"lineNumber":44,"author":{"gitId":"eltonyeh"},"content":"            errorMessage.printMessage();","lastModifiedDate":"2021-08-24"},{"lineNumber":45,"author":{"gitId":"eltonyeh"},"content":"        } catch (DukeException e) {","lastModifiedDate":"2021-08-24"},{"lineNumber":46,"author":{"gitId":"eltonyeh"},"content":"            Message errorMessage \u003d new Message(e.getMessage());","lastModifiedDate":"2021-08-24"},{"lineNumber":47,"author":{"gitId":"eltonyeh"},"content":"            errorMessage.printMessage();","lastModifiedDate":"2021-08-24"},{"lineNumber":48,"author":{"gitId":"eltonyeh"},"content":"        }","lastModifiedDate":"2021-08-24"},{"lineNumber":49,"author":{"gitId":"eltonyeh"},"content":"        return result;","lastModifiedDate":"2021-08-24"},{"lineNumber":50,"author":{"gitId":"eltonyeh"},"content":"    }","lastModifiedDate":"2021-08-24"},{"lineNumber":51,"author":{"gitId":"eltonyeh"},"content":"","lastModifiedDate":"2021-08-24"},{"lineNumber":52,"author":{"gitId":"eltonyeh"},"content":"    public void appendToFile(String line) {","lastModifiedDate":"2021-08-24"},{"lineNumber":53,"author":{"gitId":"eltonyeh"},"content":"        try {","lastModifiedDate":"2021-08-24"},{"lineNumber":54,"author":{"gitId":"eltonyeh"},"content":"            FileWriter fileWriter \u003d new FileWriter(this.tasks, true);","lastModifiedDate":"2021-08-24"},{"lineNumber":55,"author":{"gitId":"eltonyeh"},"content":"            if (this.tasks.length() \u003d\u003d 0) {","lastModifiedDate":"2021-08-24"},{"lineNumber":56,"author":{"gitId":"eltonyeh"},"content":"                fileWriter.write(line);","lastModifiedDate":"2021-08-24"},{"lineNumber":57,"author":{"gitId":"eltonyeh"},"content":"            } else {","lastModifiedDate":"2021-08-24"},{"lineNumber":58,"author":{"gitId":"eltonyeh"},"content":"                fileWriter.write(\"\\n\" + line);","lastModifiedDate":"2021-08-24"},{"lineNumber":59,"author":{"gitId":"eltonyeh"},"content":"            }","lastModifiedDate":"2021-08-24"},{"lineNumber":60,"author":{"gitId":"eltonyeh"},"content":"            fileWriter.close();","lastModifiedDate":"2021-08-24"},{"lineNumber":61,"author":{"gitId":"eltonyeh"},"content":"        } catch (IOException e) {","lastModifiedDate":"2021-08-24"},{"lineNumber":62,"author":{"gitId":"eltonyeh"},"content":"            Message errorMessage \u003d new Message(\"☹ OOPS!!! Something wrong happened when modifying the file.\");","lastModifiedDate":"2021-08-24"},{"lineNumber":63,"author":{"gitId":"eltonyeh"},"content":"            errorMessage.printMessage();","lastModifiedDate":"2021-08-24"},{"lineNumber":64,"author":{"gitId":"eltonyeh"},"content":"        }","lastModifiedDate":"2021-08-24"},{"lineNumber":65,"author":{"gitId":"eltonyeh"},"content":"    }","lastModifiedDate":"2021-08-24"},{"lineNumber":66,"author":{"gitId":"eltonyeh"},"content":"","lastModifiedDate":"2021-08-24"},{"lineNumber":67,"author":{"gitId":"eltonyeh"},"content":"    public void rewriteFile(List\u003cTask\u003e tasksList) {","lastModifiedDate":"2021-08-24"},{"lineNumber":68,"author":{"gitId":"eltonyeh"},"content":"        try {","lastModifiedDate":"2021-08-24"},{"lineNumber":69,"author":{"gitId":"eltonyeh"},"content":"            int numOfTask \u003d tasksList.size();","lastModifiedDate":"2021-08-24"},{"lineNumber":70,"author":{"gitId":"eltonyeh"},"content":"            if (numOfTask \u003d\u003d 0) {","lastModifiedDate":"2021-08-24"},{"lineNumber":71,"author":{"gitId":"eltonyeh"},"content":"                return;","lastModifiedDate":"2021-08-24"},{"lineNumber":72,"author":{"gitId":"eltonyeh"},"content":"            }","lastModifiedDate":"2021-08-24"},{"lineNumber":73,"author":{"gitId":"eltonyeh"},"content":"            FileWriter fileWriter \u003d new FileWriter(this.tasks);","lastModifiedDate":"2021-08-24"},{"lineNumber":74,"author":{"gitId":"eltonyeh"},"content":"            for (int i \u003d 0; i \u003c numOfTask - 1; i++) {","lastModifiedDate":"2021-08-24"},{"lineNumber":75,"author":{"gitId":"eltonyeh"},"content":"                fileWriter.write(tasksList.get(i).taskToLine() + \"\\n\");","lastModifiedDate":"2021-08-24"},{"lineNumber":76,"author":{"gitId":"eltonyeh"},"content":"            }","lastModifiedDate":"2021-08-24"},{"lineNumber":77,"author":{"gitId":"eltonyeh"},"content":"            fileWriter.write(tasksList.get(numOfTask - 1).taskToLine());","lastModifiedDate":"2021-08-24"},{"lineNumber":78,"author":{"gitId":"eltonyeh"},"content":"            fileWriter.close();","lastModifiedDate":"2021-08-24"},{"lineNumber":79,"author":{"gitId":"eltonyeh"},"content":"        } catch (IOException e) {","lastModifiedDate":"2021-08-24"},{"lineNumber":80,"author":{"gitId":"eltonyeh"},"content":"            Message errorMessage \u003d new Message(\"☹ OOPS!!! Something wrong happened when modifying the file.\");","lastModifiedDate":"2021-08-24"},{"lineNumber":81,"author":{"gitId":"eltonyeh"},"content":"            errorMessage.printMessage();","lastModifiedDate":"2021-08-24"},{"lineNumber":82,"author":{"gitId":"eltonyeh"},"content":"        }","lastModifiedDate":"2021-08-24"},{"lineNumber":83,"author":{"gitId":"eltonyeh"},"content":"    }","lastModifiedDate":"2021-08-24"},{"lineNumber":84,"author":{"gitId":"eltonyeh"},"content":"}","lastModifiedDate":"2021-08-24"}],"authorContributionMap":{"eltonyeh":84}},{"path":"src/main/java/ToDo.java","fileType":"java","lines":[{"lineNumber":1,"author":{"gitId":"eltonyeh"},"content":"public class ToDo extends Task {","lastModifiedDate":"2021-08-19"},{"lineNumber":2,"author":{"gitId":"eltonyeh"},"content":"    public ToDo(String description) {","lastModifiedDate":"2021-08-19"},{"lineNumber":3,"author":{"gitId":"eltonyeh"},"content":"        super(description);","lastModifiedDate":"2021-08-19"},{"lineNumber":4,"author":{"gitId":"eltonyeh"},"content":"    }","lastModifiedDate":"2021-08-19"},{"lineNumber":5,"author":{"gitId":"eltonyeh"},"content":"","lastModifiedDate":"2021-08-19"},{"lineNumber":6,"author":{"gitId":"eltonyeh"},"content":"    public ToDo(String description, boolean isDone) {","lastModifiedDate":"2021-08-24"},{"lineNumber":7,"author":{"gitId":"eltonyeh"},"content":"        super(description, isDone);","lastModifiedDate":"2021-08-24"},{"lineNumber":8,"author":{"gitId":"eltonyeh"},"content":"    }","lastModifiedDate":"2021-08-24"},{"lineNumber":9,"author":{"gitId":"eltonyeh"},"content":"","lastModifiedDate":"2021-08-24"},{"lineNumber":10,"author":{"gitId":"eltonyeh"},"content":"    @Override","lastModifiedDate":"2021-08-24"},{"lineNumber":11,"author":{"gitId":"eltonyeh"},"content":"    public String taskToLine() {","lastModifiedDate":"2021-08-24"},{"lineNumber":12,"author":{"gitId":"eltonyeh"},"content":"        return \"T\" + super.taskToLine();","lastModifiedDate":"2021-08-24"},{"lineNumber":13,"author":{"gitId":"eltonyeh"},"content":"    }","lastModifiedDate":"2021-08-24"},{"lineNumber":14,"author":{"gitId":"eltonyeh"},"content":"","lastModifiedDate":"2021-08-24"},{"lineNumber":15,"author":{"gitId":"eltonyeh"},"content":"    @Override","lastModifiedDate":"2021-08-19"},{"lineNumber":16,"author":{"gitId":"eltonyeh"},"content":"    public String toString() {","lastModifiedDate":"2021-08-19"},{"lineNumber":17,"author":{"gitId":"eltonyeh"},"content":"        String description \u003d super.toString();","lastModifiedDate":"2021-08-19"},{"lineNumber":18,"author":{"gitId":"eltonyeh"},"content":"        return \"[T]\" + description;","lastModifiedDate":"2021-08-19"},{"lineNumber":19,"author":{"gitId":"eltonyeh"},"content":"    }","lastModifiedDate":"2021-08-19"},{"lineNumber":20,"author":{"gitId":"eltonyeh"},"content":"}","lastModifiedDate":"2021-08-19"}],"authorContributionMap":{"eltonyeh":20}},{"path":"text-ui-test/input.txt","fileType":"txt","lines":[{"lineNumber":1,"author":{"gitId":"eltonyeh"},"content":"list","lastModifiedDate":"2021-08-19"},{"lineNumber":2,"author":{"gitId":"eltonyeh"},"content":"done 1","lastModifiedDate":"2021-08-19"},{"lineNumber":3,"author":{"gitId":"eltonyeh"},"content":"todo write code","lastModifiedDate":"2021-08-19"},{"lineNumber":4,"author":{"gitId":"eltonyeh"},"content":"deadline have lunch","lastModifiedDate":"2021-08-19"},{"lineNumber":5,"author":{"gitId":"eltonyeh"},"content":"deadline have dinner /by 7pm","lastModifiedDate":"2021-08-19"},{"lineNumber":6,"author":{"gitId":"eltonyeh"},"content":"event presentation /at 2-4am","lastModifiedDate":"2021-08-19"},{"lineNumber":7,"author":{"gitId":"eltonyeh"},"content":"list","lastModifiedDate":"2021-08-19"},{"lineNumber":8,"author":{"gitId":"eltonyeh"},"content":"done 2","lastModifiedDate":"2021-08-19"},{"lineNumber":9,"author":{"gitId":"eltonyeh"},"content":"delete 3","lastModifiedDate":"2021-08-19"},{"lineNumber":10,"author":{"gitId":"eltonyeh"},"content":"list","lastModifiedDate":"2021-08-19"},{"lineNumber":11,"author":{"gitId":"eltonyeh"},"content":"bye","lastModifiedDate":"2021-08-19"}],"authorContributionMap":{"eltonyeh":11}}]
