{"authorDailyContributionsMap":{"jackgugz":[{"date":"2021-08-14","commitResults":[{"hash":"36e37ccf3dc6be9f14477452f59b73a56f9eef1b","messageTitle":"echo added","messageBody":"","tags":["Level-1"],"fileTypesAndContributionMap":{"java":{"insertions":26,"deletions":6}}},{"hash":"6c1d6ef0ab7439ae2334da6f29188eabac46c4b2","messageTitle":"add ability to store the input and display when requested","messageBody":"","tags":["Level-2"],"fileTypesAndContributionMap":{"java":{"insertions":12,"deletions":2}}},{"hash":"13cf79ecfb08d049967e628180405eb84eda3de9","messageTitle":"add ability to mark tasks as done","messageBody":"","tags":["Level-3"],"fileTypesAndContributionMap":{"java":{"insertions":59,"deletions":5}}}]},{"date":"2021-08-15","commitResults":[{"hash":"7ec27b0010ec4c58cdbce0e8c5c163f8e0ccd3fd","messageTitle":"add support for tracking todos, deadlines and events","messageBody":"","tags":["Level-4"],"fileTypesAndContributionMap":{"java":{"insertions":79,"deletions":4}}},{"hash":"f9195a8c5fa4e5b5ef76c0e676cceaee2ac53272","messageTitle":"automated text UI testing","messageBody":"","tags":["A-TextUiTesting"],"fileTypesAndContributionMap":{"txt":{"insertions":7,"deletions":0}}},{"hash":"47e2c40d7a762fe27d3cec4a0540019694dc98f9","messageTitle":"teach duke to deal with errors","messageBody":"","tags":["Level-5"],"fileTypesAndContributionMap":{"java":{"insertions":74,"deletions":48}}},{"hash":"bb34845de12907e43d1dde260ca8508f8478e02e","messageTitle":"Add support for deleting tasks from the list.","messageBody":"","tags":["Level-6"],"fileTypesAndContributionMap":{"java":{"insertions":49,"deletions":9}}},{"hash":"0b4d65ca70369aefe65f7f908ca4eae18b7edd79","messageTitle":"used enums and updated the testing cases","messageBody":"","tags":["A-Enums"],"fileTypesAndContributionMap":{"txt":{"insertions":12,"deletions":0},"java":{"insertions":122,"deletions":86}}}]},{"date":"2021-08-19","commitResults":[{"hash":"5547f2ed9de11d4bb7b462b3d71ab7fdaf4a313d","messageTitle":"formatting cleaned up","messageBody":"","fileTypesAndContributionMap":{"java":{"insertions":41,"deletions":3}}}]},{"date":"2021-08-22","commitResults":[{"hash":"f5b9ebb84127bed1036806dcb45378338b3e743c","messageTitle":"Add save function to Duke","messageBody":"","fileTypesAndContributionMap":{"java":{"insertions":271,"deletions":109}}},{"hash":"78d23515611dcaa3556cb1411f228a3150a0c05d","messageTitle":"Add date recognition and date filter function","messageBody":"","fileTypesAndContributionMap":{"java":{"insertions":180,"deletions":99}}},{"hash":"e38ffce2abef4817051ee2d116e08fe6b289e93b","messageTitle":"Refactor the code to extract out closely related code as classes.","messageBody":"","tags":["A-MoreOOP"],"fileTypesAndContributionMap":{"java":{"insertions":467,"deletions":335}}},{"hash":"217adb5e68556c5314a70aa56db98df449b5dfed","messageTitle":"Divide classes into packages","messageBody":"","tags":["A-Packages"],"fileTypesAndContributionMap":{"txt":{"insertions":1,"deletions":1},"java":{"insertions":93,"deletions":45}}},{"hash":"8dc531b1a81ad9ae8f18304625d5f7daa3a15e17","messageTitle":"Add Junit tests Classes with Junit test: duke.Duke duke.task.Deadline duke.command.AddCommand","messageBody":"","tags":["A-JUnit"],"fileTypesAndContributionMap":{"java":{"insertions":118,"deletions":8}}}]},{"date":"2021-08-23","commitResults":[{"hash":"ea9b8f25ba4e900768d27288c947c6f507e9182f","messageTitle":"Add JavaDoc comments","messageBody":"","fileTypesAndContributionMap":{"java":{"insertions":502,"deletions":79}}},{"hash":"98db3886c1c1940fa0bfb7855e950945bd4ea39b","messageTitle":"Tweak the code to comply with a coding standard","messageBody":"","fileTypesAndContributionMap":{"java":{"insertions":42,"deletions":42}}},{"hash":"9abfbe177f5b93edd5067ed4e84f9aef39d6b9d2","messageTitle":"Give users a way to find a task by searching for a keywor","messageBody":"","fileTypesAndContributionMap":{"java":{"insertions":59,"deletions":8}}},{"hash":"6b99f29ac0fb78023fbc5fb11785f6572ce30a38","messageTitle":"Adjust JavaDoc and Coding Standard for newly added methods/class duke.command.FindCommand duke.Ui::showFindList duke.TaskList::listFind","messageBody":"","fileTypesAndContributionMap":{"java":{"insertions":50,"deletions":12}}},{"hash":"21ba88a8b8b0e9c4d01474b117c420f53d103933","messageTitle":"Fix bug of rendering all tasks with time without proper filtering","messageBody":"","fileTypesAndContributionMap":{"java":{"insertions":28,"deletions":5}}}]},{"date":"2021-08-28","commitResults":[{"hash":"9ed238ddefa9b22e8345a80d62af2237529ad76b","messageTitle":"Automate project builds using Gradle","messageBody":"","fileTypesAndContributionMap":{"gradle":{"insertions":1,"deletions":1},"java":{"insertions":8,"deletions":9}}},{"hash":"4456a10b7bd2e9b5c9e84a4198833df4e989fe3f","messageTitle":"Use checkStyle to detect coding style violations","messageBody":"","fileTypesAndContributionMap":{"java":{"insertions":210,"deletions":207}}},{"hash":"d303f7bee34861df851acf0b3ef54ce00c8c4685","messageTitle":"Earn JavaFX basics","messageBody":"","fileTypesAndContributionMap":{"gradle":{"insertions":14,"deletions":0},"fxml":{"insertions":35,"deletions":0},"java":{"insertions":327,"deletions":0}}}]},{"date":"2021-08-29","commitResults":[{"hash":"7a49f2577eb8a4b9925476ee63415cd2317c1dff","messageTitle":"Create a GUi for Duke","messageBody":"","fileTypesAndContributionMap":{"fxml":{"insertions":4,"deletions":4},"java":{"insertions":113,"deletions":258}}},{"hash":"b409e80588d84907c30ae27e7bcca5ea65c1437b","messageTitle":"Use Java varargs feature","messageBody":"","fileTypesAndContributionMap":{"java":{"insertions":56,"deletions":50}}}]},{"date":"2021-08-30","commitResults":[{"hash":"62da4f878138ed3070e7b2d0d3b5c8cbfa615578","messageTitle":"Update test classes due to changes to the Task classes","messageBody":"","fileTypesAndContributionMap":{"java":{"insertions":4,"deletions":4}}}]},{"date":"2021-09-01","commitResults":[{"hash":"931ec05d1916419b42e1596d2c8458db5f9e2d0b","messageTitle":"Update changes according to commment by Jerome","messageBody":"","fileTypesAndContributionMap":{"java":{"insertions":11,"deletions":16}}},{"hash":"250b7cc709a8361d84c1690afbe0443f339c574f","messageTitle":"Fix bug for multiple-word task content The bug was caused by the introduction of varags and thus the method signature and structures.","messageBody":"","fileTypesAndContributionMap":{"txt":{"insertions":0,"deletions":0},"java":{"insertions":37,"deletions":9}}}]},{"date":"2021-09-03","commitResults":[{"hash":"3851262e4594483419cbb3fb8287ada7c8f92cdc","messageTitle":"Fix bug for JavaFX","messageBody":"Parse method misses parameter and causes the program to fail.\n","fileTypesAndContributionMap":{"gradle":{"insertions":1,"deletions":0},"java":{"insertions":1,"deletions":1}}}]}]},"authorFileTypeContributionMap":{"jackgugz":{"java":1592,"md":0,"fxml":35,"sh":0,"bat":0,"gradle":16,"txt":19}},"authorContributionVariance":{"jackgugz":154389.75},"authorDisplayNameMap":{"jackgugz":"CS2103T-F12-2 GU G..GENG"}}
