[{"path":"src/main/java/Deadline.java","fileType":"java","lines":[{"lineNumber":1,"author":{"gitId":"janjanchen"},"content":"public class Deadline extends Task {","lastModifiedDate":"2021-08-18"},{"lineNumber":2,"author":{"gitId":"janjanchen"},"content":"","lastModifiedDate":"2021-08-18"},{"lineNumber":3,"author":{"gitId":"janjanchen"},"content":"    protected String by;","lastModifiedDate":"2021-08-18"},{"lineNumber":4,"author":{"gitId":"janjanchen"},"content":"","lastModifiedDate":"2021-08-18"},{"lineNumber":5,"author":{"gitId":"janjanchen"},"content":"    public Deadline(String description, String by) {","lastModifiedDate":"2021-08-18"},{"lineNumber":6,"author":{"gitId":"janjanchen"},"content":"        super(description);","lastModifiedDate":"2021-08-18"},{"lineNumber":7,"author":{"gitId":"janjanchen"},"content":"        this.by \u003d by;","lastModifiedDate":"2021-08-18"},{"lineNumber":8,"author":{"gitId":"janjanchen"},"content":"    }","lastModifiedDate":"2021-08-18"},{"lineNumber":9,"author":{"gitId":"janjanchen"},"content":"","lastModifiedDate":"2021-08-18"},{"lineNumber":10,"author":{"gitId":"janjanchen"},"content":"    @Override","lastModifiedDate":"2021-08-18"},{"lineNumber":11,"author":{"gitId":"janjanchen"},"content":"    public String toString() {","lastModifiedDate":"2021-08-18"},{"lineNumber":12,"author":{"gitId":"janjanchen"},"content":"        return \"[D]\" + super.toString() + \" (by: \" + by + \")\";","lastModifiedDate":"2021-08-18"},{"lineNumber":13,"author":{"gitId":"janjanchen"},"content":"    }","lastModifiedDate":"2021-08-18"},{"lineNumber":14,"author":{"gitId":"janjanchen"},"content":"}","lastModifiedDate":"2021-08-18"}],"authorContributionMap":{"janjanchen":14}},{"path":"src/main/java/Duke.java","fileType":"java","lines":[{"lineNumber":1,"author":{"gitId":"janjanchen"},"content":"","lastModifiedDate":"2021-08-18"},{"lineNumber":2,"author":{"gitId":"-"},"content":"public class Duke {","lastModifiedDate":"2019-07-29"},{"lineNumber":3,"author":{"gitId":"-"},"content":"    public static void main(String[] args) {","lastModifiedDate":"2019-07-29"},{"lineNumber":4,"author":{"gitId":"janjanchen"},"content":"        System.out.println(\"Hello! I\u0027m Duke\\n\" +","lastModifiedDate":"2021-08-18"},{"lineNumber":5,"author":{"gitId":"janjanchen"},"content":"                \"To add a Todo, type -\u003e todo \u003cDescription\u003e \\n\" +","lastModifiedDate":"2021-08-19"},{"lineNumber":6,"author":{"gitId":"janjanchen"},"content":"                \"To add a Deadline, type -\u003e deadline \u003cDescription\u003e /by \u003cdeadline\u003e\\n\" +","lastModifiedDate":"2021-08-19"},{"lineNumber":7,"author":{"gitId":"janjanchen"},"content":"                \"To add an Event, type -\u003e event \u003cDescription\u003e /at \u003cdetails\u003e\\n\" +","lastModifiedDate":"2021-08-19"},{"lineNumber":8,"author":{"gitId":"janjanchen"},"content":"                \"To mark as done, type -\u003e done \u003ctask list index\u003e\\n\" +","lastModifiedDate":"2021-08-19"},{"lineNumber":9,"author":{"gitId":"janjanchen"},"content":"                \"To see all of your tasks, type -\u003e list\\n\" +","lastModifiedDate":"2021-08-19"},{"lineNumber":10,"author":{"gitId":"janjanchen"},"content":"                \"To end session, type -\u003e bye\\n\" +","lastModifiedDate":"2021-08-19"},{"lineNumber":11,"author":{"gitId":"janjanchen"},"content":"                \"What can I do for you today?\");","lastModifiedDate":"2021-08-19"},{"lineNumber":12,"author":{"gitId":"janjanchen"},"content":"","lastModifiedDate":"2021-08-18"},{"lineNumber":13,"author":{"gitId":"janjanchen"},"content":"","lastModifiedDate":"2021-08-18"},{"lineNumber":14,"author":{"gitId":"janjanchen"},"content":"        Recieve recieve \u003d new Recieve();","lastModifiedDate":"2021-08-18"},{"lineNumber":15,"author":{"gitId":"janjanchen"},"content":"        recieve.run();","lastModifiedDate":"2021-08-18"},{"lineNumber":16,"author":{"gitId":"janjanchen"},"content":"","lastModifiedDate":"2021-08-18"},{"lineNumber":17,"author":{"gitId":"janjanchen"},"content":"","lastModifiedDate":"2021-08-18"},{"lineNumber":18,"author":{"gitId":"-"},"content":"    }","lastModifiedDate":"2019-07-29"},{"lineNumber":19,"author":{"gitId":"-"},"content":"}","lastModifiedDate":"2019-07-29"}],"authorContributionMap":{"janjanchen":15,"-":4}},{"path":"src/main/java/DukeException.java","fileType":"java","lines":[{"lineNumber":1,"author":{"gitId":"janjanchen"},"content":"public class DukeException extends Exception {","lastModifiedDate":"2021-08-19"},{"lineNumber":2,"author":{"gitId":"janjanchen"},"content":"","lastModifiedDate":"2021-08-19"},{"lineNumber":3,"author":{"gitId":"janjanchen"},"content":"    public DukeException(String str) {","lastModifiedDate":"2021-08-19"},{"lineNumber":4,"author":{"gitId":"janjanchen"},"content":"        // calling the constructor of parent Exception","lastModifiedDate":"2021-08-19"},{"lineNumber":5,"author":{"gitId":"janjanchen"},"content":"        super(str);","lastModifiedDate":"2021-08-19"},{"lineNumber":6,"author":{"gitId":"janjanchen"},"content":"    }","lastModifiedDate":"2021-08-19"},{"lineNumber":7,"author":{"gitId":"janjanchen"},"content":"","lastModifiedDate":"2021-08-19"},{"lineNumber":8,"author":{"gitId":"janjanchen"},"content":"","lastModifiedDate":"2021-08-19"},{"lineNumber":9,"author":{"gitId":"janjanchen"},"content":"    @Override","lastModifiedDate":"2021-08-19"},{"lineNumber":10,"author":{"gitId":"janjanchen"},"content":"    public String toString() {","lastModifiedDate":"2021-08-19"},{"lineNumber":11,"author":{"gitId":"janjanchen"},"content":"        return getMessage();","lastModifiedDate":"2021-08-19"},{"lineNumber":12,"author":{"gitId":"janjanchen"},"content":"    }","lastModifiedDate":"2021-08-19"},{"lineNumber":13,"author":{"gitId":"janjanchen"},"content":"}","lastModifiedDate":"2021-08-19"}],"authorContributionMap":{"janjanchen":13}},{"path":"src/main/java/Event.java","fileType":"java","lines":[{"lineNumber":1,"author":{"gitId":"janjanchen"},"content":"public class Event extends Task {","lastModifiedDate":"2021-08-18"},{"lineNumber":2,"author":{"gitId":"janjanchen"},"content":"","lastModifiedDate":"2021-08-18"},{"lineNumber":3,"author":{"gitId":"janjanchen"},"content":"    protected String at;","lastModifiedDate":"2021-08-18"},{"lineNumber":4,"author":{"gitId":"janjanchen"},"content":"","lastModifiedDate":"2021-08-18"},{"lineNumber":5,"author":{"gitId":"janjanchen"},"content":"    public Event(String description, String at) {","lastModifiedDate":"2021-08-18"},{"lineNumber":6,"author":{"gitId":"janjanchen"},"content":"        super(description);","lastModifiedDate":"2021-08-18"},{"lineNumber":7,"author":{"gitId":"janjanchen"},"content":"        this.at \u003d at;","lastModifiedDate":"2021-08-18"},{"lineNumber":8,"author":{"gitId":"janjanchen"},"content":"    }","lastModifiedDate":"2021-08-18"},{"lineNumber":9,"author":{"gitId":"janjanchen"},"content":"","lastModifiedDate":"2021-08-18"},{"lineNumber":10,"author":{"gitId":"janjanchen"},"content":"    @Override","lastModifiedDate":"2021-08-18"},{"lineNumber":11,"author":{"gitId":"janjanchen"},"content":"    public String toString() {","lastModifiedDate":"2021-08-18"},{"lineNumber":12,"author":{"gitId":"janjanchen"},"content":"        return \"[E]\" + super.toString() + \" (at: \" + at + \")\";","lastModifiedDate":"2021-08-18"},{"lineNumber":13,"author":{"gitId":"janjanchen"},"content":"    }","lastModifiedDate":"2021-08-18"},{"lineNumber":14,"author":{"gitId":"janjanchen"},"content":"}","lastModifiedDate":"2021-08-18"}],"authorContributionMap":{"janjanchen":14}},{"path":"src/main/java/InvalidFormatException.java","fileType":"java","lines":[{"lineNumber":1,"author":{"gitId":"janjanchen"},"content":"public class InvalidFormatException extends Exception{","lastModifiedDate":"2021-08-19"},{"lineNumber":2,"author":{"gitId":"janjanchen"},"content":"","lastModifiedDate":"2021-08-19"},{"lineNumber":3,"author":{"gitId":"janjanchen"},"content":"    public InvalidFormatException(String str) {","lastModifiedDate":"2021-08-19"},{"lineNumber":4,"author":{"gitId":"janjanchen"},"content":"        // calling the constructor of parent Exception","lastModifiedDate":"2021-08-19"},{"lineNumber":5,"author":{"gitId":"janjanchen"},"content":"        super(str);","lastModifiedDate":"2021-08-19"},{"lineNumber":6,"author":{"gitId":"janjanchen"},"content":"    }","lastModifiedDate":"2021-08-19"},{"lineNumber":7,"author":{"gitId":"janjanchen"},"content":"","lastModifiedDate":"2021-08-19"},{"lineNumber":8,"author":{"gitId":"janjanchen"},"content":"","lastModifiedDate":"2021-08-19"},{"lineNumber":9,"author":{"gitId":"janjanchen"},"content":"    @Override","lastModifiedDate":"2021-08-19"},{"lineNumber":10,"author":{"gitId":"janjanchen"},"content":"    public String toString() {","lastModifiedDate":"2021-08-19"},{"lineNumber":11,"author":{"gitId":"janjanchen"},"content":"        return getMessage() ;","lastModifiedDate":"2021-08-19"},{"lineNumber":12,"author":{"gitId":"janjanchen"},"content":"    }","lastModifiedDate":"2021-08-19"},{"lineNumber":13,"author":{"gitId":"janjanchen"},"content":"}","lastModifiedDate":"2021-08-19"}],"authorContributionMap":{"janjanchen":13}},{"path":"src/main/java/InvalidTaskIndexException.java","fileType":"java","lines":[{"lineNumber":1,"author":{"gitId":"janjanchen"},"content":"public class InvalidTaskIndexException extends Exception {","lastModifiedDate":"2021-08-19"},{"lineNumber":2,"author":{"gitId":"janjanchen"},"content":"","lastModifiedDate":"2021-08-19"},{"lineNumber":3,"author":{"gitId":"janjanchen"},"content":"    public InvalidTaskIndexException(String str) {","lastModifiedDate":"2021-08-19"},{"lineNumber":4,"author":{"gitId":"janjanchen"},"content":"        // calling the constructor of parent Exception","lastModifiedDate":"2021-08-19"},{"lineNumber":5,"author":{"gitId":"janjanchen"},"content":"        super(str);","lastModifiedDate":"2021-08-19"},{"lineNumber":6,"author":{"gitId":"janjanchen"},"content":"    }","lastModifiedDate":"2021-08-19"},{"lineNumber":7,"author":{"gitId":"janjanchen"},"content":"","lastModifiedDate":"2021-08-19"},{"lineNumber":8,"author":{"gitId":"janjanchen"},"content":"","lastModifiedDate":"2021-08-19"},{"lineNumber":9,"author":{"gitId":"janjanchen"},"content":"    @Override","lastModifiedDate":"2021-08-19"},{"lineNumber":10,"author":{"gitId":"janjanchen"},"content":"    public String toString() {","lastModifiedDate":"2021-08-19"},{"lineNumber":11,"author":{"gitId":"janjanchen"},"content":"        return getMessage() ;","lastModifiedDate":"2021-08-19"},{"lineNumber":12,"author":{"gitId":"janjanchen"},"content":"    }","lastModifiedDate":"2021-08-19"},{"lineNumber":13,"author":{"gitId":"janjanchen"},"content":"}","lastModifiedDate":"2021-08-19"}],"authorContributionMap":{"janjanchen":13}},{"path":"src/main/java/Recieve.java","fileType":"java","lines":[{"lineNumber":1,"author":{"gitId":"janjanchen"},"content":"import java.util.ArrayList;","lastModifiedDate":"2021-08-19"},{"lineNumber":2,"author":{"gitId":"janjanchen"},"content":"import java.util.Scanner;","lastModifiedDate":"2021-08-18"},{"lineNumber":3,"author":{"gitId":"janjanchen"},"content":"","lastModifiedDate":"2021-08-18"},{"lineNumber":4,"author":{"gitId":"janjanchen"},"content":"public class Recieve {","lastModifiedDate":"2021-08-18"},{"lineNumber":5,"author":{"gitId":"janjanchen"},"content":"    private String input;","lastModifiedDate":"2021-08-18"},{"lineNumber":6,"author":{"gitId":"janjanchen"},"content":"    private static ArrayList\u003cTask\u003e inputs \u003d new ArrayList\u003c\u003e();","lastModifiedDate":"2021-08-19"},{"lineNumber":7,"author":{"gitId":"janjanchen"},"content":"","lastModifiedDate":"2021-08-18"},{"lineNumber":8,"author":{"gitId":"janjanchen"},"content":"","lastModifiedDate":"2021-08-18"},{"lineNumber":9,"author":{"gitId":"janjanchen"},"content":"    public Recieve() {","lastModifiedDate":"2021-08-18"},{"lineNumber":10,"author":{"gitId":"janjanchen"},"content":"    }","lastModifiedDate":"2021-08-18"},{"lineNumber":11,"author":{"gitId":"janjanchen"},"content":"","lastModifiedDate":"2021-08-18"},{"lineNumber":12,"author":{"gitId":"janjanchen"},"content":"    public void run() {","lastModifiedDate":"2021-08-18"},{"lineNumber":13,"author":{"gitId":"janjanchen"},"content":"        Scanner sc \u003d new Scanner(System.in);","lastModifiedDate":"2021-08-18"},{"lineNumber":14,"author":{"gitId":"janjanchen"},"content":"","lastModifiedDate":"2021-08-18"},{"lineNumber":15,"author":{"gitId":"janjanchen"},"content":"        while (true) {","lastModifiedDate":"2021-08-18"},{"lineNumber":16,"author":{"gitId":"janjanchen"},"content":"            try {","lastModifiedDate":"2021-08-19"},{"lineNumber":17,"author":{"gitId":"janjanchen"},"content":"                input \u003d sc.nextLine();","lastModifiedDate":"2021-08-18"},{"lineNumber":18,"author":{"gitId":"janjanchen"},"content":"","lastModifiedDate":"2021-08-18"},{"lineNumber":19,"author":{"gitId":"janjanchen"},"content":"                if (input.equals(\"bye\")) {","lastModifiedDate":"2021-08-18"},{"lineNumber":20,"author":{"gitId":"janjanchen"},"content":"                    System.out.println(\"Bye. Hope to see you again soon!\");","lastModifiedDate":"2021-08-18"},{"lineNumber":21,"author":{"gitId":"janjanchen"},"content":"                    break;","lastModifiedDate":"2021-08-18"},{"lineNumber":22,"author":{"gitId":"janjanchen"},"content":"                }","lastModifiedDate":"2021-08-18"},{"lineNumber":23,"author":{"gitId":"janjanchen"},"content":"                else if (input.startsWith(\"done \") || input.startsWith(\"done\")) {","lastModifiedDate":"2021-08-19"},{"lineNumber":24,"author":{"gitId":"janjanchen"},"content":"                    if (input.length() \u003e 5 \u0026\u0026 Character.isDigit(input.charAt(5))) {","lastModifiedDate":"2021-08-19"},{"lineNumber":25,"author":{"gitId":"janjanchen"},"content":"                        try {","lastModifiedDate":"2021-08-19"},{"lineNumber":26,"author":{"gitId":"janjanchen"},"content":"                            int pos \u003d Integer.parseInt(input.substring(5)) - 1;","lastModifiedDate":"2021-08-18"},{"lineNumber":27,"author":{"gitId":"janjanchen"},"content":"                            if (pos \u003c 0) {","lastModifiedDate":"2021-08-19"},{"lineNumber":28,"author":{"gitId":"janjanchen"},"content":"                                throw new InvalidTaskIndexException(\"Task list index starts from 1!\");","lastModifiedDate":"2021-08-19"},{"lineNumber":29,"author":{"gitId":"janjanchen"},"content":"                            }","lastModifiedDate":"2021-08-19"},{"lineNumber":30,"author":{"gitId":"janjanchen"},"content":"","lastModifiedDate":"2021-08-18"},{"lineNumber":31,"author":{"gitId":"janjanchen"},"content":"                            else if (pos \u003c inputs.size()) {","lastModifiedDate":"2021-08-19"},{"lineNumber":32,"author":{"gitId":"janjanchen"},"content":"                                inputs.get(pos).markAsDone();","lastModifiedDate":"2021-08-19"},{"lineNumber":33,"author":{"gitId":"janjanchen"},"content":"                                System.out.println(\"Nice! I\u0027ve marked this task as done: \");","lastModifiedDate":"2021-08-18"},{"lineNumber":34,"author":{"gitId":"janjanchen"},"content":"                                System.out.println(inputs.get(pos).toString());","lastModifiedDate":"2021-08-19"},{"lineNumber":35,"author":{"gitId":"janjanchen"},"content":"                            }","lastModifiedDate":"2021-08-18"},{"lineNumber":36,"author":{"gitId":"janjanchen"},"content":"                            else {","lastModifiedDate":"2021-08-18"},{"lineNumber":37,"author":{"gitId":"janjanchen"},"content":"                                throw new InvalidTaskIndexException(\"There are only \" + pos + \" tasks!\");","lastModifiedDate":"2021-08-19"},{"lineNumber":38,"author":{"gitId":"janjanchen"},"content":"                            }","lastModifiedDate":"2021-08-19"},{"lineNumber":39,"author":{"gitId":"janjanchen"},"content":"                        } catch (NumberFormatException nfe) {","lastModifiedDate":"2021-08-19"},{"lineNumber":40,"author":{"gitId":"janjanchen"},"content":"                            throw new InvalidTaskIndexException(\"A task index should only contain numbers!\");","lastModifiedDate":"2021-08-19"},{"lineNumber":41,"author":{"gitId":"janjanchen"},"content":"                        }","lastModifiedDate":"2021-08-19"},{"lineNumber":42,"author":{"gitId":"janjanchen"},"content":"","lastModifiedDate":"2021-08-19"},{"lineNumber":43,"author":{"gitId":"janjanchen"},"content":"                    } else {","lastModifiedDate":"2021-08-19"},{"lineNumber":44,"author":{"gitId":"janjanchen"},"content":"                        throw new InvalidTaskIndexException(\"Please specify the task index to be marked as done!\");","lastModifiedDate":"2021-08-19"},{"lineNumber":45,"author":{"gitId":"janjanchen"},"content":"                    }","lastModifiedDate":"2021-08-18"},{"lineNumber":46,"author":{"gitId":"janjanchen"},"content":"","lastModifiedDate":"2021-08-19"},{"lineNumber":47,"author":{"gitId":"janjanchen"},"content":"","lastModifiedDate":"2021-08-19"},{"lineNumber":48,"author":{"gitId":"janjanchen"},"content":"                }","lastModifiedDate":"2021-08-18"},{"lineNumber":49,"author":{"gitId":"janjanchen"},"content":"                else if (input.equals(\"list\")) {","lastModifiedDate":"2021-08-18"},{"lineNumber":50,"author":{"gitId":"janjanchen"},"content":"                    if (inputs.size() \u003d\u003d 0) {","lastModifiedDate":"2021-08-19"},{"lineNumber":51,"author":{"gitId":"janjanchen"},"content":"                        System.out.println(\"There is no task for now :)\");","lastModifiedDate":"2021-08-19"},{"lineNumber":52,"author":{"gitId":"janjanchen"},"content":"                    }","lastModifiedDate":"2021-08-19"},{"lineNumber":53,"author":{"gitId":"janjanchen"},"content":"                    else {","lastModifiedDate":"2021-08-19"},{"lineNumber":54,"author":{"gitId":"janjanchen"},"content":"                        System.out.println(\"Here are the tasks in your list:\");","lastModifiedDate":"2021-08-18"},{"lineNumber":55,"author":{"gitId":"janjanchen"},"content":"                        for(int i \u003d 1; i \u003c inputs.size() + 1; i++) {","lastModifiedDate":"2021-08-19"},{"lineNumber":56,"author":{"gitId":"janjanchen"},"content":"                            System.out.println(i + \".\" + inputs.get(i - 1).toString());","lastModifiedDate":"2021-08-19"},{"lineNumber":57,"author":{"gitId":"janjanchen"},"content":"                        }","lastModifiedDate":"2021-08-18"},{"lineNumber":58,"author":{"gitId":"janjanchen"},"content":"","lastModifiedDate":"2021-08-19"},{"lineNumber":59,"author":{"gitId":"janjanchen"},"content":"                    }","lastModifiedDate":"2021-08-19"},{"lineNumber":60,"author":{"gitId":"janjanchen"},"content":"                }","lastModifiedDate":"2021-08-18"},{"lineNumber":61,"author":{"gitId":"janjanchen"},"content":"                else if (input.startsWith(\"delete \") || input.startsWith(\"delete\")) {","lastModifiedDate":"2021-08-19"},{"lineNumber":62,"author":{"gitId":"janjanchen"},"content":"                    if (input.length() \u003e 7 \u0026\u0026 Character.isDigit(input.charAt(7))) {","lastModifiedDate":"2021-08-19"},{"lineNumber":63,"author":{"gitId":"janjanchen"},"content":"                        try {","lastModifiedDate":"2021-08-19"},{"lineNumber":64,"author":{"gitId":"janjanchen"},"content":"                            int pos \u003d Integer.parseInt(input.substring(7)) - 1;","lastModifiedDate":"2021-08-19"},{"lineNumber":65,"author":{"gitId":"janjanchen"},"content":"","lastModifiedDate":"2021-08-19"},{"lineNumber":66,"author":{"gitId":"janjanchen"},"content":"                            if (pos \u003c 0) {","lastModifiedDate":"2021-08-19"},{"lineNumber":67,"author":{"gitId":"janjanchen"},"content":"                                throw new InvalidTaskIndexException(\"Task list index starts from 1!\");","lastModifiedDate":"2021-08-19"},{"lineNumber":68,"author":{"gitId":"janjanchen"},"content":"                            }","lastModifiedDate":"2021-08-19"},{"lineNumber":69,"author":{"gitId":"janjanchen"},"content":"","lastModifiedDate":"2021-08-19"},{"lineNumber":70,"author":{"gitId":"janjanchen"},"content":"                            else if (pos \u003c inputs.size()) {","lastModifiedDate":"2021-08-19"},{"lineNumber":71,"author":{"gitId":"janjanchen"},"content":"                                System.out.println(\"Noted. I\u0027ve removed this task: \");","lastModifiedDate":"2021-08-19"},{"lineNumber":72,"author":{"gitId":"janjanchen"},"content":"                                System.out.println(inputs.get(pos).toString());","lastModifiedDate":"2021-08-19"},{"lineNumber":73,"author":{"gitId":"janjanchen"},"content":"                                inputs.remove(pos);","lastModifiedDate":"2021-08-19"},{"lineNumber":74,"author":{"gitId":"janjanchen"},"content":"                                System.out.println(\"Now you have \" + inputs.size() + \" task(s) in the list.\");","lastModifiedDate":"2021-08-19"},{"lineNumber":75,"author":{"gitId":"janjanchen"},"content":"                            }","lastModifiedDate":"2021-08-19"},{"lineNumber":76,"author":{"gitId":"janjanchen"},"content":"                            else {","lastModifiedDate":"2021-08-19"},{"lineNumber":77,"author":{"gitId":"janjanchen"},"content":"                                throw new InvalidTaskIndexException(\"There are only \" + pos + \" tasks!\");","lastModifiedDate":"2021-08-19"},{"lineNumber":78,"author":{"gitId":"janjanchen"},"content":"                            }","lastModifiedDate":"2021-08-19"},{"lineNumber":79,"author":{"gitId":"janjanchen"},"content":"                        } catch (NumberFormatException nfe) {","lastModifiedDate":"2021-08-19"},{"lineNumber":80,"author":{"gitId":"janjanchen"},"content":"                            throw new InvalidTaskIndexException(\"A task index should only contain numbers!\");","lastModifiedDate":"2021-08-19"},{"lineNumber":81,"author":{"gitId":"janjanchen"},"content":"                        }","lastModifiedDate":"2021-08-19"},{"lineNumber":82,"author":{"gitId":"janjanchen"},"content":"","lastModifiedDate":"2021-08-19"},{"lineNumber":83,"author":{"gitId":"janjanchen"},"content":"                    }","lastModifiedDate":"2021-08-19"},{"lineNumber":84,"author":{"gitId":"janjanchen"},"content":"                    else {","lastModifiedDate":"2021-08-19"},{"lineNumber":85,"author":{"gitId":"janjanchen"},"content":"                        throw new InvalidTaskIndexException(\"Please specify the task index to be deleted!\");","lastModifiedDate":"2021-08-19"},{"lineNumber":86,"author":{"gitId":"janjanchen"},"content":"                    }","lastModifiedDate":"2021-08-19"},{"lineNumber":87,"author":{"gitId":"janjanchen"},"content":"","lastModifiedDate":"2021-08-19"},{"lineNumber":88,"author":{"gitId":"janjanchen"},"content":"                }","lastModifiedDate":"2021-08-19"},{"lineNumber":89,"author":{"gitId":"janjanchen"},"content":"                else {","lastModifiedDate":"2021-08-18"},{"lineNumber":90,"author":{"gitId":"janjanchen"},"content":"                    if (input.startsWith(\"todo \") || input.equals(\"todo\")) {","lastModifiedDate":"2021-08-19"},{"lineNumber":91,"author":{"gitId":"janjanchen"},"content":"                        if (input.length() \u003e 5 ) {","lastModifiedDate":"2021-08-19"},{"lineNumber":92,"author":{"gitId":"janjanchen"},"content":"                            Todo task \u003d new Todo(input.substring(5));","lastModifiedDate":"2021-08-18"},{"lineNumber":93,"author":{"gitId":"janjanchen"},"content":"                            inputs.add(task);","lastModifiedDate":"2021-08-19"},{"lineNumber":94,"author":{"gitId":"janjanchen"},"content":"","lastModifiedDate":"2021-08-18"},{"lineNumber":95,"author":{"gitId":"janjanchen"},"content":"                            System.out.println(\"Got it. I\u0027ve added this task:\");","lastModifiedDate":"2021-08-18"},{"lineNumber":96,"author":{"gitId":"janjanchen"},"content":"                            System.out.println(task.toString());","lastModifiedDate":"2021-08-18"},{"lineNumber":97,"author":{"gitId":"janjanchen"},"content":"                            System.out.println(\"Now you have \" + inputs.size() + \" task(s) in the list.\");","lastModifiedDate":"2021-08-19"},{"lineNumber":98,"author":{"gitId":"janjanchen"},"content":"                        }","lastModifiedDate":"2021-08-19"},{"lineNumber":99,"author":{"gitId":"janjanchen"},"content":"                        else {","lastModifiedDate":"2021-08-19"},{"lineNumber":100,"author":{"gitId":"janjanchen"},"content":"                            throw new InvalidFormatException(\"☹ OOPS!!! The description of a todo cannot be empty.\");","lastModifiedDate":"2021-08-19"},{"lineNumber":101,"author":{"gitId":"janjanchen"},"content":"                        }","lastModifiedDate":"2021-08-19"},{"lineNumber":102,"author":{"gitId":"janjanchen"},"content":"","lastModifiedDate":"2021-08-18"},{"lineNumber":103,"author":{"gitId":"janjanchen"},"content":"                    }","lastModifiedDate":"2021-08-18"},{"lineNumber":104,"author":{"gitId":"janjanchen"},"content":"                    else if (input.startsWith(\"deadline \") || input.equals(\"deadline\")) {","lastModifiedDate":"2021-08-19"},{"lineNumber":105,"author":{"gitId":"janjanchen"},"content":"                        if (!input.contains(\" /by \")) {","lastModifiedDate":"2021-08-19"},{"lineNumber":106,"author":{"gitId":"janjanchen"},"content":"                            throw new InvalidFormatException(\"OOPS!! To add a Deadline, type -\u003e deadline \u003cDescription\u003e /by \u003cdeadline\u003e!\");","lastModifiedDate":"2021-08-19"},{"lineNumber":107,"author":{"gitId":"janjanchen"},"content":"                        }","lastModifiedDate":"2021-08-19"},{"lineNumber":108,"author":{"gitId":"janjanchen"},"content":"                        if (input.length() \u003e 12 \u0026\u0026 input.contains(\"/by\")) {","lastModifiedDate":"2021-08-19"},{"lineNumber":109,"author":{"gitId":"janjanchen"},"content":"                            String[] spl \u003d input.substring(9).split(\"/\");","lastModifiedDate":"2021-08-18"},{"lineNumber":110,"author":{"gitId":"janjanchen"},"content":"                            if (spl[0].length() \u003c 2 || spl[1].length() \u003c 4) {","lastModifiedDate":"2021-08-19"},{"lineNumber":111,"author":{"gitId":"janjanchen"},"content":"                                System.out.println(spl[0].length());","lastModifiedDate":"2021-08-19"},{"lineNumber":112,"author":{"gitId":"janjanchen"},"content":"                                System.out.println(spl[1].length());","lastModifiedDate":"2021-08-19"},{"lineNumber":113,"author":{"gitId":"janjanchen"},"content":"                                throw new InvalidFormatException(\"☹ OOPS!!! The descriptions of a deadline cannot be empty.\");","lastModifiedDate":"2021-08-19"},{"lineNumber":114,"author":{"gitId":"janjanchen"},"content":"                            }","lastModifiedDate":"2021-08-19"},{"lineNumber":115,"author":{"gitId":"janjanchen"},"content":"                            else {","lastModifiedDate":"2021-08-19"},{"lineNumber":116,"author":{"gitId":"janjanchen"},"content":"                                Deadline task \u003d new Deadline(spl[0], spl[1].substring(3));","lastModifiedDate":"2021-08-18"},{"lineNumber":117,"author":{"gitId":"janjanchen"},"content":"                                inputs.add(task);","lastModifiedDate":"2021-08-19"},{"lineNumber":118,"author":{"gitId":"janjanchen"},"content":"","lastModifiedDate":"2021-08-18"},{"lineNumber":119,"author":{"gitId":"janjanchen"},"content":"                                System.out.println(\"Got it. I\u0027ve added this task:\");","lastModifiedDate":"2021-08-18"},{"lineNumber":120,"author":{"gitId":"janjanchen"},"content":"                                System.out.println(task.toString());","lastModifiedDate":"2021-08-18"},{"lineNumber":121,"author":{"gitId":"janjanchen"},"content":"                                System.out.println(\"Now you have \" + inputs.size() + \" task(s) in the list.\");","lastModifiedDate":"2021-08-19"},{"lineNumber":122,"author":{"gitId":"janjanchen"},"content":"                            }","lastModifiedDate":"2021-08-19"},{"lineNumber":123,"author":{"gitId":"janjanchen"},"content":"                        }","lastModifiedDate":"2021-08-19"},{"lineNumber":124,"author":{"gitId":"janjanchen"},"content":"                        else {","lastModifiedDate":"2021-08-19"},{"lineNumber":125,"author":{"gitId":"janjanchen"},"content":"                            throw new InvalidFormatException(\"☹ OOPS!!! The descriptions of a deadline cannot be empty.\");","lastModifiedDate":"2021-08-19"},{"lineNumber":126,"author":{"gitId":"janjanchen"},"content":"                        }","lastModifiedDate":"2021-08-19"},{"lineNumber":127,"author":{"gitId":"janjanchen"},"content":"","lastModifiedDate":"2021-08-18"},{"lineNumber":128,"author":{"gitId":"janjanchen"},"content":"                    }","lastModifiedDate":"2021-08-18"},{"lineNumber":129,"author":{"gitId":"janjanchen"},"content":"                    else if (input.startsWith(\"event \") || input.equals(\"event\") ) {","lastModifiedDate":"2021-08-19"},{"lineNumber":130,"author":{"gitId":"janjanchen"},"content":"                        if (!input.contains(\" /at \")) {","lastModifiedDate":"2021-08-19"},{"lineNumber":131,"author":{"gitId":"janjanchen"},"content":"                            throw new InvalidTaskIndexException(\"OOPS!! To add an Event, type -\u003e event \u003cDescription\u003e /at \u003cdetails\u003e!\");","lastModifiedDate":"2021-08-19"},{"lineNumber":132,"author":{"gitId":"janjanchen"},"content":"                        }","lastModifiedDate":"2021-08-19"},{"lineNumber":133,"author":{"gitId":"janjanchen"},"content":"                        if (input.length() \u003e 9 \u0026\u0026 input.contains(\"/at\")) {","lastModifiedDate":"2021-08-19"},{"lineNumber":134,"author":{"gitId":"janjanchen"},"content":"                            String[] spl \u003d input.substring(6).split(\"/\");","lastModifiedDate":"2021-08-18"},{"lineNumber":135,"author":{"gitId":"janjanchen"},"content":"                            if (spl[0].length() \u003c 2 || spl[1].length() \u003c 4) {","lastModifiedDate":"2021-08-19"},{"lineNumber":136,"author":{"gitId":"janjanchen"},"content":"                                throw new InvalidFormatException(\"☹ OOPS!!! The descriptions of an event cannot be empty.\");","lastModifiedDate":"2021-08-19"},{"lineNumber":137,"author":{"gitId":"janjanchen"},"content":"                            }","lastModifiedDate":"2021-08-19"},{"lineNumber":138,"author":{"gitId":"janjanchen"},"content":"                            else {","lastModifiedDate":"2021-08-19"},{"lineNumber":139,"author":{"gitId":"janjanchen"},"content":"                                Event task \u003d new Event(spl[0], spl[1].substring(3));","lastModifiedDate":"2021-08-18"},{"lineNumber":140,"author":{"gitId":"janjanchen"},"content":"                                inputs.add(task);","lastModifiedDate":"2021-08-19"},{"lineNumber":141,"author":{"gitId":"janjanchen"},"content":"","lastModifiedDate":"2021-08-18"},{"lineNumber":142,"author":{"gitId":"janjanchen"},"content":"                                System.out.println(\"Got it. I\u0027ve added this task:\");","lastModifiedDate":"2021-08-18"},{"lineNumber":143,"author":{"gitId":"janjanchen"},"content":"                                System.out.println(task.toString());","lastModifiedDate":"2021-08-18"},{"lineNumber":144,"author":{"gitId":"janjanchen"},"content":"                                System.out.println(\"Now you have \" + inputs.size() + \" task(s) in the list.\");","lastModifiedDate":"2021-08-19"},{"lineNumber":145,"author":{"gitId":"janjanchen"},"content":"                            }","lastModifiedDate":"2021-08-19"},{"lineNumber":146,"author":{"gitId":"janjanchen"},"content":"                        }","lastModifiedDate":"2021-08-19"},{"lineNumber":147,"author":{"gitId":"janjanchen"},"content":"                        else {","lastModifiedDate":"2021-08-19"},{"lineNumber":148,"author":{"gitId":"janjanchen"},"content":"                            throw new InvalidFormatException(\"☹ OOPS!!! The descriptions of an event cannot be empty.\");","lastModifiedDate":"2021-08-19"},{"lineNumber":149,"author":{"gitId":"janjanchen"},"content":"                        }","lastModifiedDate":"2021-08-19"},{"lineNumber":150,"author":{"gitId":"janjanchen"},"content":"","lastModifiedDate":"2021-08-18"},{"lineNumber":151,"author":{"gitId":"janjanchen"},"content":"                    }","lastModifiedDate":"2021-08-18"},{"lineNumber":152,"author":{"gitId":"janjanchen"},"content":"                    else {","lastModifiedDate":"2021-08-18"},{"lineNumber":153,"author":{"gitId":"janjanchen"},"content":"                        throw new DukeException(\"☹ OOPS!!! I\u0027m sorry, but I don\u0027t know what that means :-(\");","lastModifiedDate":"2021-08-19"},{"lineNumber":154,"author":{"gitId":"janjanchen"},"content":"                    }","lastModifiedDate":"2021-08-19"},{"lineNumber":155,"author":{"gitId":"janjanchen"},"content":"                }","lastModifiedDate":"2021-08-18"},{"lineNumber":156,"author":{"gitId":"janjanchen"},"content":"            } catch (InvalidTaskIndexException | InvalidFormatException | DukeException ex) {","lastModifiedDate":"2021-08-19"},{"lineNumber":157,"author":{"gitId":"janjanchen"},"content":"                System.out.println(ex.toString());","lastModifiedDate":"2021-08-19"},{"lineNumber":158,"author":{"gitId":"janjanchen"},"content":"            }","lastModifiedDate":"2021-08-18"},{"lineNumber":159,"author":{"gitId":"janjanchen"},"content":"","lastModifiedDate":"2021-08-19"},{"lineNumber":160,"author":{"gitId":"janjanchen"},"content":"        }","lastModifiedDate":"2021-08-18"},{"lineNumber":161,"author":{"gitId":"janjanchen"},"content":"        sc.close();","lastModifiedDate":"2021-08-18"},{"lineNumber":162,"author":{"gitId":"janjanchen"},"content":"    }","lastModifiedDate":"2021-08-18"},{"lineNumber":163,"author":{"gitId":"janjanchen"},"content":"","lastModifiedDate":"2021-08-18"},{"lineNumber":164,"author":{"gitId":"janjanchen"},"content":"","lastModifiedDate":"2021-08-18"},{"lineNumber":165,"author":{"gitId":"janjanchen"},"content":"","lastModifiedDate":"2021-08-18"},{"lineNumber":166,"author":{"gitId":"janjanchen"},"content":"}","lastModifiedDate":"2021-08-18"}],"authorContributionMap":{"janjanchen":166}},{"path":"src/main/java/Task.java","fileType":"java","lines":[{"lineNumber":1,"author":{"gitId":"janjanchen"},"content":"public class Task {","lastModifiedDate":"2021-08-18"},{"lineNumber":2,"author":{"gitId":"janjanchen"},"content":"    protected String description;","lastModifiedDate":"2021-08-18"},{"lineNumber":3,"author":{"gitId":"janjanchen"},"content":"    protected boolean isDone;","lastModifiedDate":"2021-08-18"},{"lineNumber":4,"author":{"gitId":"janjanchen"},"content":"","lastModifiedDate":"2021-08-18"},{"lineNumber":5,"author":{"gitId":"janjanchen"},"content":"    public Task(String description) {","lastModifiedDate":"2021-08-18"},{"lineNumber":6,"author":{"gitId":"janjanchen"},"content":"        this.description \u003d description;","lastModifiedDate":"2021-08-18"},{"lineNumber":7,"author":{"gitId":"janjanchen"},"content":"        this.isDone \u003d false;","lastModifiedDate":"2021-08-18"},{"lineNumber":8,"author":{"gitId":"janjanchen"},"content":"    }","lastModifiedDate":"2021-08-18"},{"lineNumber":9,"author":{"gitId":"janjanchen"},"content":"","lastModifiedDate":"2021-08-18"},{"lineNumber":10,"author":{"gitId":"janjanchen"},"content":"    public String getStatusIcon() {","lastModifiedDate":"2021-08-18"},{"lineNumber":11,"author":{"gitId":"janjanchen"},"content":"        return (isDone ? \"[X] \" : \"[ ] \"); // mark done task with X","lastModifiedDate":"2021-08-18"},{"lineNumber":12,"author":{"gitId":"janjanchen"},"content":"    }","lastModifiedDate":"2021-08-18"},{"lineNumber":13,"author":{"gitId":"janjanchen"},"content":"","lastModifiedDate":"2021-08-18"},{"lineNumber":14,"author":{"gitId":"janjanchen"},"content":"    public void markAsDone() {","lastModifiedDate":"2021-08-18"},{"lineNumber":15,"author":{"gitId":"janjanchen"},"content":"        this.isDone \u003d true;","lastModifiedDate":"2021-08-18"},{"lineNumber":16,"author":{"gitId":"janjanchen"},"content":"    }","lastModifiedDate":"2021-08-18"},{"lineNumber":17,"author":{"gitId":"janjanchen"},"content":"","lastModifiedDate":"2021-08-18"},{"lineNumber":18,"author":{"gitId":"janjanchen"},"content":"    @Override","lastModifiedDate":"2021-08-18"},{"lineNumber":19,"author":{"gitId":"janjanchen"},"content":"    public String toString() {","lastModifiedDate":"2021-08-18"},{"lineNumber":20,"author":{"gitId":"janjanchen"},"content":"        return this.getStatusIcon() + this.description;","lastModifiedDate":"2021-08-18"},{"lineNumber":21,"author":{"gitId":"janjanchen"},"content":"    }","lastModifiedDate":"2021-08-18"},{"lineNumber":22,"author":{"gitId":"janjanchen"},"content":"}","lastModifiedDate":"2021-08-18"}],"authorContributionMap":{"janjanchen":22}},{"path":"src/main/java/Todo.java","fileType":"java","lines":[{"lineNumber":1,"author":{"gitId":"janjanchen"},"content":"public class Todo extends Task {","lastModifiedDate":"2021-08-18"},{"lineNumber":2,"author":{"gitId":"janjanchen"},"content":"","lastModifiedDate":"2021-08-18"},{"lineNumber":3,"author":{"gitId":"janjanchen"},"content":"","lastModifiedDate":"2021-08-18"},{"lineNumber":4,"author":{"gitId":"janjanchen"},"content":"    public Todo(String description) {","lastModifiedDate":"2021-08-18"},{"lineNumber":5,"author":{"gitId":"janjanchen"},"content":"        super(description);","lastModifiedDate":"2021-08-18"},{"lineNumber":6,"author":{"gitId":"janjanchen"},"content":"    }","lastModifiedDate":"2021-08-18"},{"lineNumber":7,"author":{"gitId":"janjanchen"},"content":"","lastModifiedDate":"2021-08-18"},{"lineNumber":8,"author":{"gitId":"janjanchen"},"content":"    @Override","lastModifiedDate":"2021-08-18"},{"lineNumber":9,"author":{"gitId":"janjanchen"},"content":"    public String toString() {","lastModifiedDate":"2021-08-18"},{"lineNumber":10,"author":{"gitId":"janjanchen"},"content":"        return \"[T]\" + super.toString();","lastModifiedDate":"2021-08-18"},{"lineNumber":11,"author":{"gitId":"janjanchen"},"content":"    }","lastModifiedDate":"2021-08-18"},{"lineNumber":12,"author":{"gitId":"janjanchen"},"content":"}","lastModifiedDate":"2021-08-18"}],"authorContributionMap":{"janjanchen":12}},{"path":"text-ui-test/input.txt","fileType":"txt","lines":[{"lineNumber":1,"author":{"gitId":"janjanchen"},"content":"deadline do homework /by no idea :-p","lastModifiedDate":"2021-08-19"},{"lineNumber":2,"author":{"gitId":"janjanchen"},"content":"todo borrow book","lastModifiedDate":"2021-08-19"},{"lineNumber":3,"author":{"gitId":"janjanchen"},"content":"event project meeting /at Mon 2-4pm","lastModifiedDate":"2021-08-19"},{"lineNumber":4,"author":{"gitId":"janjanchen"},"content":"deadline return book /by Sunday","lastModifiedDate":"2021-08-19"},{"lineNumber":5,"author":{"gitId":"janjanchen"},"content":"list","lastModifiedDate":"2021-08-19"},{"lineNumber":6,"author":{"gitId":"janjanchen"},"content":"done 2","lastModifiedDate":"2021-08-19"},{"lineNumber":7,"author":{"gitId":"janjanchen"},"content":"list","lastModifiedDate":"2021-08-19"},{"lineNumber":8,"author":{"gitId":"janjanchen"},"content":"delete 1","lastModifiedDate":"2021-08-19"},{"lineNumber":9,"author":{"gitId":"janjanchen"},"content":"list","lastModifiedDate":"2021-08-19"},{"lineNumber":10,"author":{"gitId":"janjanchen"},"content":"deadline buy books","lastModifiedDate":"2021-08-19"},{"lineNumber":11,"author":{"gitId":"janjanchen"},"content":"done","lastModifiedDate":"2021-08-19"},{"lineNumber":12,"author":{"gitId":"janjanchen"},"content":"delete 0","lastModifiedDate":"2021-08-19"},{"lineNumber":13,"author":{"gitId":"janjanchen"},"content":"event yoga /at","lastModifiedDate":"2021-08-19"},{"lineNumber":14,"author":{"gitId":"janjanchen"},"content":"event yoga /at Home","lastModifiedDate":"2021-08-19"},{"lineNumber":15,"author":{"gitId":"janjanchen"},"content":"bye","lastModifiedDate":"2021-08-19"}],"authorContributionMap":{"janjanchen":15}}]
