{"authorDailyContributionsMap":{"janjanchen":[{"date":"2021-08-18","commitResults":[{"hash":"084a25493d5f0c366d81bd4adf5c54353766af68","messageTitle":"Level-1","messageBody":"","tags":["Level-2"],"fileTypesAndContributionMap":{"java":{"insertions":16,"deletions":6}}},{"hash":"e47def6331c2bef91e3c4d6142c5724e11d09f86","messageTitle":"Level-2","messageBody":"","tags":["Level-3"],"fileTypesAndContributionMap":{"java":{"insertions":52,"deletions":12}}},{"hash":"9d8a6ca050a7c4d741703f3aacbe8af050986323","messageTitle":"Level-3","messageBody":"","tags":["Level-4"],"fileTypesAndContributionMap":{"java":{"insertions":39,"deletions":6}}},{"hash":"94d7ee3ae912bb4fba6b4b5e9c6e949a358925a7","messageTitle":"Level-4","messageBody":"","fileTypesAndContributionMap":{"java":{"insertions":82,"deletions":7}}},{"hash":"eba84de3bb56844737c90aee301892a78369aa69","messageTitle":"Level-4","messageBody":"","tags":["Level-4.0"],"fileTypesAndContributionMap":{"java":{"insertions":3,"deletions":1}}}]},{"date":"2021-08-19","commitResults":[{"hash":"12d10560c65eadaa5d8527c93a6f82c390cacc33","messageTitle":"Level-5","messageBody":"","tags":["Level-5"],"fileTypesAndContributionMap":{"java":{"insertions":83,"deletions":35}}},{"hash":"0ec5792617f807a7632816b7a2e8676fff53ef18","messageTitle":"Level-6","messageBody":"","tags":["Level-6"],"fileTypesAndContributionMap":{"java":{"insertions":15,"deletions":1}}},{"hash":"c102da936d8909973c0d76284f71f2095f0c71f0","messageTitle":"Level-6.0 Added more exception handlings","messageBody":"","tags":["Level-6.0"],"fileTypesAndContributionMap":{"txt":{"insertions":1,"deletions":0},"java":{"insertions":128,"deletions":100}}},{"hash":"8c4f2987cd7da2783a0f0a91821b90be57edfa74","messageTitle":"A-TextUiTesting","messageBody":"","tags":["A-TextUiTesting"],"fileTypesAndContributionMap":{"txt":{"insertions":15,"deletions":1},"java":{"insertions":2,"deletions":2}}},{"hash":"9591c28a69cdd2a1511091a2cb3a5a4ff075ca62","messageTitle":"Exception Handlers","messageBody":"","tags":["Level-6.1"],"fileTypesAndContributionMap":{"java":{"insertions":42,"deletions":16}}}]},{"date":"2021-08-24","commitResults":[{"hash":"e9b78f2d9d392c7c65c39247c6be96937b7b4155","messageTitle":"Level-7","messageBody":"","fileTypesAndContributionMap":{"txt":{"insertions":6,"deletions":0},"java":{"insertions":134,"deletions":28}}},{"hash":"b1c607c2d96430507c6a8024f92e9e41df1876f6","messageTitle":"Level-8","messageBody":"","fileTypesAndContributionMap":{"java":{"insertions":25,"deletions":11}}},{"hash":"a1bbcc405e18957f258e30bf143928b902fafcf8","messageTitle":"Intermediate","messageBody":"","fileTypesAndContributionMap":{"java":{"insertions":33,"deletions":3}}},{"hash":"655231480523a846493d478a1c30f57877ac9d7e","messageTitle":"A-MoreOOP","messageBody":"","tags":["Level-7-8-MoreOOP"],"fileTypesAndContributionMap":{"txt":{"insertions":3,"deletions":6},"java":{"insertions":388,"deletions":256}}},{"hash":"89b5eb57b964509222523d321dd92a1f8b927f07","messageTitle":"A-Packages","messageBody":"","tags":["A-Packages"],"fileTypesAndContributionMap":{"java":{"insertions":30,"deletions":9}}},{"hash":"d25d44526c49f0f6297121367e22d64ebfff216a","messageTitle":"A-Junit","messageBody":"","tags":["A-Junit","A-Jar"],"fileTypesAndContributionMap":{"txt":{"insertions":2,"deletions":1},"java":{"insertions":133,"deletions":8}}},{"hash":"0535d80c0fe3ba3d5b5048d414eaebc5e86eb543","messageTitle":"A-Jar","messageBody":"","fileTypesAndContributionMap":{"txt":{"insertions":2,"deletions":4},"java":{"insertions":7,"deletions":2}}},{"hash":"66eeb5c76cda7930bd9f2f3ce6f53ff769743ed5","messageTitle":"A-JavaDoc","messageBody":"","fileTypesAndContributionMap":{"java":{"insertions":267,"deletions":5}}},{"hash":"15faf62ded17abf2d2d78a6aec721a76aff49509","messageTitle":"A-CodingStandard","messageBody":"","fileTypesAndContributionMap":{"java":{"insertions":8,"deletions":9}}},{"hash":"d042bee81bd061bbe33fb9a7645767cd4a62def0","messageTitle":"Level-9","messageBody":"","fileTypesAndContributionMap":{"java":{"insertions":29,"deletions":0}}},{"hash":"ddf5979a382d371b5a2fa0db1a9f8291d8cf3c97","messageTitle":"Level-9.1","messageBody":"","tags":["Level-9.1"],"fileTypesAndContributionMap":{"java":{"insertions":27,"deletions":0}}},{"hash":"5313652808f5ed1be489e12b7d29e35119a9b37e","messageTitle":"Level-9.2","messageBody":"","tags":["Level-9.2"],"fileTypesAndContributionMap":{"java":{"insertions":5,"deletions":0}}}]},{"date":"2021-08-30","commitResults":[{"hash":"ed544684e5708976233e8d62e85761534b18cabe","messageTitle":"Update GFMD","messageBody":"","fileTypesAndContributionMap":{"md":{"insertions":78,"deletions":24}}},{"hash":"dc0101da03c086c5113c6374980c842e9d72fb13","messageTitle":"Update GFMD v1.1","messageBody":"","fileTypesAndContributionMap":{"md":{"insertions":3,"deletions":0}}},{"hash":"ebae04664cbdda610eca26a68febf293d0516e4a","messageTitle":"Update GFMD v1.2","messageBody":"","fileTypesAndContributionMap":{"md":{"insertions":2,"deletions":1}}},{"hash":"007f50fbd924c8718877863c4c511aca831da3d0","messageTitle":"Add Gradle","messageBody":"","fileTypesAndContributionMap":{"gradle":{"insertions":60,"deletions":0},"bat":{"insertions":89,"deletions":0}}}]}]},"authorFileTypeContributionMap":{"janjanchen":{"java":987,"md":77,"fxml":0,"sh":0,"bat":89,"gradle":60,"txt":17}},"authorContributionVariance":{"janjanchen":96971.8},"authorDisplayNameMap":{"janjanchen":"CS2103T-W15-3 JANI..CHEN"}}
