[{"path":"src/main/java/Deadline.java","fileType":"java","lines":[{"lineNumber":1,"author":{"gitId":"charliemoweng"},"content":"import java.time.LocalDate;","lastModifiedDate":"2021-08-26"},{"lineNumber":2,"author":{"gitId":"charliemoweng"},"content":"import java.time.LocalDateTime;","lastModifiedDate":"2021-08-26"},{"lineNumber":3,"author":{"gitId":"charliemoweng"},"content":"import java.time.format.DateTimeFormatter;","lastModifiedDate":"2021-08-26"},{"lineNumber":4,"author":{"gitId":"charliemoweng"},"content":"import java.time.temporal.ChronoUnit;","lastModifiedDate":"2021-08-26"},{"lineNumber":5,"author":{"gitId":"charliemoweng"},"content":"","lastModifiedDate":"2021-08-26"},{"lineNumber":6,"author":{"gitId":"charliemoweng"},"content":"public class Deadline extends Task {","lastModifiedDate":"2021-08-19"},{"lineNumber":7,"author":{"gitId":"charliemoweng"},"content":"    // protected String ddlByTime;","lastModifiedDate":"2021-08-26"},{"lineNumber":8,"author":{"gitId":"charliemoweng"},"content":"    protected LocalDateTime ddlDateTime;","lastModifiedDate":"2021-08-26"},{"lineNumber":9,"author":{"gitId":"charliemoweng"},"content":"    private DateTimeFormatter formatter \u003d DateTimeFormatter.ofPattern(\"EEE, dd/MMM/yyyy hh:mm a\");","lastModifiedDate":"2021-08-26"},{"lineNumber":10,"author":{"gitId":"charliemoweng"},"content":"","lastModifiedDate":"2021-08-19"},{"lineNumber":11,"author":{"gitId":"charliemoweng"},"content":"    public Deadline(String deadlineName, LocalDateTime byTime) {","lastModifiedDate":"2021-08-26"},{"lineNumber":12,"author":{"gitId":"charliemoweng"},"content":"        super(deadlineName);","lastModifiedDate":"2021-08-19"},{"lineNumber":13,"author":{"gitId":"charliemoweng"},"content":"        this.ddlDateTime \u003d byTime;","lastModifiedDate":"2021-08-26"},{"lineNumber":14,"author":{"gitId":"charliemoweng"},"content":"    }","lastModifiedDate":"2021-08-19"},{"lineNumber":15,"author":{"gitId":"charliemoweng"},"content":"","lastModifiedDate":"2021-08-19"},{"lineNumber":16,"author":{"gitId":"charliemoweng"},"content":"    @Override","lastModifiedDate":"2021-08-19"},{"lineNumber":17,"author":{"gitId":"charliemoweng"},"content":"    public String toString() {","lastModifiedDate":"2021-08-19"},{"lineNumber":18,"author":{"gitId":"charliemoweng"},"content":"        return \"[D]\" + super.toString() + \" (by: \" + formatter.format(ddlDateTime) + \")\";","lastModifiedDate":"2021-08-26"},{"lineNumber":19,"author":{"gitId":"charliemoweng"},"content":"    }","lastModifiedDate":"2021-08-19"},{"lineNumber":20,"author":{"gitId":"charliemoweng"},"content":"}","lastModifiedDate":"2021-08-19"}],"authorContributionMap":{"charliemoweng":20}},{"path":"src/main/java/Duke.java","fileType":"java","lines":[{"lineNumber":1,"author":{"gitId":"charliemoweng"},"content":"import java.util.Locale;","lastModifiedDate":"2021-08-26"},{"lineNumber":2,"author":{"gitId":"charliemoweng"},"content":"import java.util.Scanner;","lastModifiedDate":"2021-08-19"},{"lineNumber":3,"author":{"gitId":"charliemoweng"},"content":"import java.util.ArrayList;","lastModifiedDate":"2021-08-19"},{"lineNumber":4,"author":{"gitId":"charliemoweng"},"content":"import java.util.regex.Matcher;","lastModifiedDate":"2021-08-19"},{"lineNumber":5,"author":{"gitId":"charliemoweng"},"content":"import java.util.regex.Pattern;","lastModifiedDate":"2021-08-19"},{"lineNumber":6,"author":{"gitId":"charliemoweng"},"content":"import java.io.File;","lastModifiedDate":"2021-08-26"},{"lineNumber":7,"author":{"gitId":"charliemoweng"},"content":"import java.io.FileWriter;","lastModifiedDate":"2021-08-26"},{"lineNumber":8,"author":{"gitId":"charliemoweng"},"content":"import java.io.IOException;","lastModifiedDate":"2021-08-26"},{"lineNumber":9,"author":{"gitId":"charliemoweng"},"content":"import java.time.LocalDateTime;","lastModifiedDate":"2021-08-26"},{"lineNumber":10,"author":{"gitId":"charliemoweng"},"content":"import java.time.format.DateTimeFormatter;","lastModifiedDate":"2021-08-26"},{"lineNumber":11,"author":{"gitId":"charliemoweng"},"content":"","lastModifiedDate":"2021-08-19"},{"lineNumber":12,"author":{"gitId":"-"},"content":"public class Duke {","lastModifiedDate":"2019-07-29"},{"lineNumber":13,"author":{"gitId":"charliemoweng"},"content":"","lastModifiedDate":"2021-08-26"},{"lineNumber":14,"author":{"gitId":"charliemoweng"},"content":"    private static void appendToFile(String filePath, String textToAppend) throws IOException {","lastModifiedDate":"2021-08-26"},{"lineNumber":15,"author":{"gitId":"charliemoweng"},"content":"        FileWriter fw \u003d new FileWriter(filePath, true); // create a FileWriter in append mode","lastModifiedDate":"2021-08-26"},{"lineNumber":16,"author":{"gitId":"charliemoweng"},"content":"        fw.write(textToAppend);","lastModifiedDate":"2021-08-26"},{"lineNumber":17,"author":{"gitId":"charliemoweng"},"content":"        fw.close();","lastModifiedDate":"2021-08-26"},{"lineNumber":18,"author":{"gitId":"charliemoweng"},"content":"    }","lastModifiedDate":"2021-08-26"},{"lineNumber":19,"author":{"gitId":"charliemoweng"},"content":"","lastModifiedDate":"2021-08-26"},{"lineNumber":20,"author":{"gitId":"charliemoweng"},"content":"    private static void writeToFile(String filePath, String textToAdd) throws IOException {","lastModifiedDate":"2021-08-26"},{"lineNumber":21,"author":{"gitId":"charliemoweng"},"content":"        FileWriter fw \u003d new FileWriter(filePath);","lastModifiedDate":"2021-08-26"},{"lineNumber":22,"author":{"gitId":"charliemoweng"},"content":"        fw.write(textToAdd);","lastModifiedDate":"2021-08-26"},{"lineNumber":23,"author":{"gitId":"charliemoweng"},"content":"        fw.close();","lastModifiedDate":"2021-08-26"},{"lineNumber":24,"author":{"gitId":"charliemoweng"},"content":"    }","lastModifiedDate":"2021-08-26"},{"lineNumber":25,"author":{"gitId":"charliemoweng"},"content":"","lastModifiedDate":"2021-08-26"},{"lineNumber":26,"author":{"gitId":"-"},"content":"    public static void main(String[] args) {","lastModifiedDate":"2019-07-29"},{"lineNumber":27,"author":{"gitId":"charliemoweng"},"content":"        String end \u003d \"bye\";","lastModifiedDate":"2021-08-19"},{"lineNumber":28,"author":{"gitId":"charliemoweng"},"content":"        String display \u003d \"list\";","lastModifiedDate":"2021-08-19"},{"lineNumber":29,"author":{"gitId":"charliemoweng"},"content":"        String lineBreak \u003d \"------------------------------\";","lastModifiedDate":"2021-08-19"},{"lineNumber":30,"author":{"gitId":"charliemoweng"},"content":"        String markDone \u003d \"done\";","lastModifiedDate":"2021-08-19"},{"lineNumber":31,"author":{"gitId":"charliemoweng"},"content":"        String deleteTask \u003d \"delete\";","lastModifiedDate":"2021-08-19"},{"lineNumber":32,"author":{"gitId":"charliemoweng"},"content":"        String taskTodo \u003d \"todo\";","lastModifiedDate":"2021-08-19"},{"lineNumber":33,"author":{"gitId":"charliemoweng"},"content":"        String taskDdl \u003d \"deadline\";","lastModifiedDate":"2021-08-19"},{"lineNumber":34,"author":{"gitId":"charliemoweng"},"content":"        String taskEve \u003d \"event\";","lastModifiedDate":"2021-08-19"},{"lineNumber":35,"author":{"gitId":"charliemoweng"},"content":"        ArrayList\u003cTask\u003e inputs \u003d new ArrayList\u003c\u003e();","lastModifiedDate":"2021-08-19"},{"lineNumber":36,"author":{"gitId":"charliemoweng"},"content":"        DateTimeFormatter formatter \u003d DateTimeFormatter.ofPattern(\"dd/MM/yyyy kk:mm\", Locale.ENGLISH);","lastModifiedDate":"2021-08-26"},{"lineNumber":37,"author":{"gitId":"charliemoweng"},"content":"","lastModifiedDate":"2021-08-26"},{"lineNumber":38,"author":{"gitId":"charliemoweng"},"content":"//        String dtString \u003d \"26/08/2021 20:00\";","lastModifiedDate":"2021-08-26"},{"lineNumber":39,"author":{"gitId":"charliemoweng"},"content":"//        LocalDateTime datetime \u003d LocalDateTime.parse(dtString, formatter);","lastModifiedDate":"2021-08-26"},{"lineNumber":40,"author":{"gitId":"charliemoweng"},"content":"//        System.out.println(datetime.toString());","lastModifiedDate":"2021-08-26"},{"lineNumber":41,"author":{"gitId":"charliemoweng"},"content":"","lastModifiedDate":"2021-08-19"},{"lineNumber":42,"author":{"gitId":"charliemoweng"},"content":"        // check and create folder and file to save data","lastModifiedDate":"2021-08-26"},{"lineNumber":43,"author":{"gitId":"charliemoweng"},"content":"        File data \u003d new File(\"./data\");","lastModifiedDate":"2021-08-26"},{"lineNumber":44,"author":{"gitId":"charliemoweng"},"content":"        if (!data.exists()) {","lastModifiedDate":"2021-08-26"},{"lineNumber":45,"author":{"gitId":"charliemoweng"},"content":"            data.mkdir();","lastModifiedDate":"2021-08-26"},{"lineNumber":46,"author":{"gitId":"charliemoweng"},"content":"            try {","lastModifiedDate":"2021-08-26"},{"lineNumber":47,"author":{"gitId":"charliemoweng"},"content":"                File dataDirectory \u003d new File(\"./data/data.txt\");","lastModifiedDate":"2021-08-26"},{"lineNumber":48,"author":{"gitId":"charliemoweng"},"content":"                if (dataDirectory.createNewFile()) {","lastModifiedDate":"2021-08-26"},{"lineNumber":49,"author":{"gitId":"charliemoweng"},"content":"                    System.out.println(\"Data file has been created.\");","lastModifiedDate":"2021-08-26"},{"lineNumber":50,"author":{"gitId":"charliemoweng"},"content":"                } else {","lastModifiedDate":"2021-08-26"},{"lineNumber":51,"author":{"gitId":"charliemoweng"},"content":"                    // System.out.println(\"Data folder is already present.\");","lastModifiedDate":"2021-08-26"},{"lineNumber":52,"author":{"gitId":"charliemoweng"},"content":"                }","lastModifiedDate":"2021-08-26"},{"lineNumber":53,"author":{"gitId":"charliemoweng"},"content":"            } catch (IOException e) {","lastModifiedDate":"2021-08-26"},{"lineNumber":54,"author":{"gitId":"charliemoweng"},"content":"                System.out.println(\"An error occurred.\");","lastModifiedDate":"2021-08-26"},{"lineNumber":55,"author":{"gitId":"charliemoweng"},"content":"                e.printStackTrace();","lastModifiedDate":"2021-08-26"},{"lineNumber":56,"author":{"gitId":"charliemoweng"},"content":"            }","lastModifiedDate":"2021-08-26"},{"lineNumber":57,"author":{"gitId":"charliemoweng"},"content":"        }","lastModifiedDate":"2021-08-26"},{"lineNumber":58,"author":{"gitId":"charliemoweng"},"content":"        try {","lastModifiedDate":"2021-08-26"},{"lineNumber":59,"author":{"gitId":"charliemoweng"},"content":"            File dataDirectory \u003d new File(\"./data/data.txt\");","lastModifiedDate":"2021-08-26"},{"lineNumber":60,"author":{"gitId":"charliemoweng"},"content":"            if (dataDirectory.createNewFile()) {","lastModifiedDate":"2021-08-26"},{"lineNumber":61,"author":{"gitId":"charliemoweng"},"content":"                System.out.println(\"Data file has been created.\");","lastModifiedDate":"2021-08-26"},{"lineNumber":62,"author":{"gitId":"charliemoweng"},"content":"            } else {","lastModifiedDate":"2021-08-26"},{"lineNumber":63,"author":{"gitId":"charliemoweng"},"content":"                // System.out.println(\"Data folder is already present.\");","lastModifiedDate":"2021-08-26"},{"lineNumber":64,"author":{"gitId":"charliemoweng"},"content":"            }","lastModifiedDate":"2021-08-26"},{"lineNumber":65,"author":{"gitId":"charliemoweng"},"content":"        } catch (IOException e) {","lastModifiedDate":"2021-08-26"},{"lineNumber":66,"author":{"gitId":"charliemoweng"},"content":"            System.out.println(\"An error occurred.\");","lastModifiedDate":"2021-08-26"},{"lineNumber":67,"author":{"gitId":"charliemoweng"},"content":"            e.printStackTrace();","lastModifiedDate":"2021-08-26"},{"lineNumber":68,"author":{"gitId":"charliemoweng"},"content":"        }","lastModifiedDate":"2021-08-26"},{"lineNumber":69,"author":{"gitId":"charliemoweng"},"content":"","lastModifiedDate":"2021-08-26"},{"lineNumber":70,"author":{"gitId":"charliemoweng"},"content":"        String dataFile \u003d \"./data/data.txt\";","lastModifiedDate":"2021-08-26"},{"lineNumber":71,"author":{"gitId":"charliemoweng"},"content":"","lastModifiedDate":"2021-08-26"},{"lineNumber":72,"author":{"gitId":"charliemoweng"},"content":"        // Welcome message","lastModifiedDate":"2021-08-19"},{"lineNumber":73,"author":{"gitId":"charliemoweng"},"content":"        System.out.println(lineBreak","lastModifiedDate":"2021-08-19"},{"lineNumber":74,"author":{"gitId":"charliemoweng"},"content":"                + \"\\n\"","lastModifiedDate":"2021-08-19"},{"lineNumber":75,"author":{"gitId":"charliemoweng"},"content":"                + \"Hello! I\u0027m Azure.\\n\"","lastModifiedDate":"2021-08-19"},{"lineNumber":76,"author":{"gitId":"charliemoweng"},"content":"                + \"You can create Tasks here.\\n\"","lastModifiedDate":"2021-08-26"},{"lineNumber":77,"author":{"gitId":"charliemoweng"},"content":"                + \"To add a Todo, simply key in `todo` followed by the name;\\n\"","lastModifiedDate":"2021-08-26"},{"lineNumber":78,"author":{"gitId":"charliemoweng"},"content":"                + \"To add a Deadline, simply key in `deadline` followed by its name, `/by` and the deadline;\\n\"","lastModifiedDate":"2021-08-26"},{"lineNumber":79,"author":{"gitId":"charliemoweng"},"content":"                + \"To add an Event, simply key in `event` followed by its name, `/at` and its time.\\n\"","lastModifiedDate":"2021-08-26"},{"lineNumber":80,"author":{"gitId":"charliemoweng"},"content":"                + \"Please key in the date and time in the format of `26/08/2021 20:20`.\\n\"","lastModifiedDate":"2021-08-26"},{"lineNumber":81,"author":{"gitId":"charliemoweng"},"content":"                + \"How can I help you today?\\n\"","lastModifiedDate":"2021-08-19"},{"lineNumber":82,"author":{"gitId":"charliemoweng"},"content":"                + lineBreak + \"\\n\");","lastModifiedDate":"2021-08-19"},{"lineNumber":83,"author":{"gitId":"charliemoweng"},"content":"","lastModifiedDate":"2021-08-19"},{"lineNumber":84,"author":{"gitId":"charliemoweng"},"content":"        Scanner myObj \u003d new Scanner(System.in);","lastModifiedDate":"2021-08-19"},{"lineNumber":85,"author":{"gitId":"charliemoweng"},"content":"","lastModifiedDate":"2021-08-19"},{"lineNumber":86,"author":{"gitId":"charliemoweng"},"content":"        // String input","lastModifiedDate":"2021-08-19"},{"lineNumber":87,"author":{"gitId":"charliemoweng"},"content":"        while(true) {","lastModifiedDate":"2021-08-19"},{"lineNumber":88,"author":{"gitId":"charliemoweng"},"content":"            String input \u003d myObj.nextLine();","lastModifiedDate":"2021-08-19"},{"lineNumber":89,"author":{"gitId":"charliemoweng"},"content":"            Task newTask \u003d new Task(input);","lastModifiedDate":"2021-08-19"},{"lineNumber":90,"author":{"gitId":"charliemoweng"},"content":"","lastModifiedDate":"2021-08-19"},{"lineNumber":91,"author":{"gitId":"charliemoweng"},"content":"            // mark a task as Done","lastModifiedDate":"2021-08-19"},{"lineNumber":92,"author":{"gitId":"charliemoweng"},"content":"            Pattern pattern \u003d Pattern.compile(\"done\\\\s\\\\d+\");","lastModifiedDate":"2021-08-19"},{"lineNumber":93,"author":{"gitId":"charliemoweng"},"content":"            Matcher matcher \u003d pattern.matcher(input);","lastModifiedDate":"2021-08-19"},{"lineNumber":94,"author":{"gitId":"charliemoweng"},"content":"            boolean matchFound \u003d matcher.find();","lastModifiedDate":"2021-08-19"},{"lineNumber":95,"author":{"gitId":"charliemoweng"},"content":"            if (matchFound) {","lastModifiedDate":"2021-08-19"},{"lineNumber":96,"author":{"gitId":"charliemoweng"},"content":"                String[] parts \u003d input.split(\" \");","lastModifiedDate":"2021-08-19"},{"lineNumber":97,"author":{"gitId":"charliemoweng"},"content":"                int index \u003d Integer.parseInt(parts[1]) - 1;","lastModifiedDate":"2021-08-19"},{"lineNumber":98,"author":{"gitId":"charliemoweng"},"content":"                if (parts[0].equals(markDone) \u0026\u0026 index \u003c inputs.size()) {","lastModifiedDate":"2021-08-19"},{"lineNumber":99,"author":{"gitId":"charliemoweng"},"content":"                    inputs.get(index).setDone();","lastModifiedDate":"2021-08-19"},{"lineNumber":100,"author":{"gitId":"charliemoweng"},"content":"","lastModifiedDate":"2021-08-26"},{"lineNumber":101,"author":{"gitId":"charliemoweng"},"content":"                    try {","lastModifiedDate":"2021-08-26"},{"lineNumber":102,"author":{"gitId":"charliemoweng"},"content":"                        writeToFile(dataFile, inputs.get(0).toString() + System.lineSeparator());","lastModifiedDate":"2021-08-26"},{"lineNumber":103,"author":{"gitId":"charliemoweng"},"content":"                    } catch (IOException e) {","lastModifiedDate":"2021-08-26"},{"lineNumber":104,"author":{"gitId":"charliemoweng"},"content":"                        System.out.println(\"Something is wrong... \" + e.getMessage());","lastModifiedDate":"2021-08-26"},{"lineNumber":105,"author":{"gitId":"charliemoweng"},"content":"                    }","lastModifiedDate":"2021-08-26"},{"lineNumber":106,"author":{"gitId":"charliemoweng"},"content":"","lastModifiedDate":"2021-08-26"},{"lineNumber":107,"author":{"gitId":"charliemoweng"},"content":"                    for (int i \u003d 1; i \u003c inputs.size(); i++) {","lastModifiedDate":"2021-08-26"},{"lineNumber":108,"author":{"gitId":"charliemoweng"},"content":"                        try {","lastModifiedDate":"2021-08-26"},{"lineNumber":109,"author":{"gitId":"charliemoweng"},"content":"                            appendToFile(dataFile, inputs.get(i).toString() + System.lineSeparator());","lastModifiedDate":"2021-08-26"},{"lineNumber":110,"author":{"gitId":"charliemoweng"},"content":"                        } catch (IOException e) {","lastModifiedDate":"2021-08-26"},{"lineNumber":111,"author":{"gitId":"charliemoweng"},"content":"                            System.out.println(\"Something is wrong... \" + e.getMessage());","lastModifiedDate":"2021-08-26"},{"lineNumber":112,"author":{"gitId":"charliemoweng"},"content":"                        }","lastModifiedDate":"2021-08-26"},{"lineNumber":113,"author":{"gitId":"charliemoweng"},"content":"                    }","lastModifiedDate":"2021-08-26"},{"lineNumber":114,"author":{"gitId":"charliemoweng"},"content":"","lastModifiedDate":"2021-08-26"},{"lineNumber":115,"author":{"gitId":"charliemoweng"},"content":"                    System.out.println(\"Nice! I\u0027ve marked this task as done: \");","lastModifiedDate":"2021-08-19"},{"lineNumber":116,"author":{"gitId":"charliemoweng"},"content":"                    System.out.println(inputs.get(index).toString());","lastModifiedDate":"2021-08-19"},{"lineNumber":117,"author":{"gitId":"charliemoweng"},"content":"                    System.out.println(lineBreak + \"\\n\");","lastModifiedDate":"2021-08-19"},{"lineNumber":118,"author":{"gitId":"charliemoweng"},"content":"                }","lastModifiedDate":"2021-08-19"},{"lineNumber":119,"author":{"gitId":"charliemoweng"},"content":"                continue;","lastModifiedDate":"2021-08-19"},{"lineNumber":120,"author":{"gitId":"charliemoweng"},"content":"            }","lastModifiedDate":"2021-08-19"},{"lineNumber":121,"author":{"gitId":"charliemoweng"},"content":"","lastModifiedDate":"2021-08-19"},{"lineNumber":122,"author":{"gitId":"charliemoweng"},"content":"            // delete a task","lastModifiedDate":"2021-08-19"},{"lineNumber":123,"author":{"gitId":"charliemoweng"},"content":"            Pattern patternDelete \u003d Pattern.compile(\"delete\\\\s\\\\d+\");","lastModifiedDate":"2021-08-19"},{"lineNumber":124,"author":{"gitId":"charliemoweng"},"content":"            Matcher matcherDelete \u003d patternDelete.matcher(input);","lastModifiedDate":"2021-08-19"},{"lineNumber":125,"author":{"gitId":"charliemoweng"},"content":"            boolean matchFoundDelete \u003d matcherDelete.find();","lastModifiedDate":"2021-08-19"},{"lineNumber":126,"author":{"gitId":"charliemoweng"},"content":"            if (matchFoundDelete) {","lastModifiedDate":"2021-08-19"},{"lineNumber":127,"author":{"gitId":"charliemoweng"},"content":"                String[] parts \u003d input.split(\" \");","lastModifiedDate":"2021-08-19"},{"lineNumber":128,"author":{"gitId":"charliemoweng"},"content":"                int index \u003d Integer.parseInt(parts[1]) - 1;","lastModifiedDate":"2021-08-19"},{"lineNumber":129,"author":{"gitId":"charliemoweng"},"content":"                if (parts[0].equals(deleteTask) \u0026\u0026 index \u003c inputs.size()) {","lastModifiedDate":"2021-08-19"},{"lineNumber":130,"author":{"gitId":"charliemoweng"},"content":"                    System.out.println(\"Noted. I\u0027ve removed this task: \");","lastModifiedDate":"2021-08-19"},{"lineNumber":131,"author":{"gitId":"charliemoweng"},"content":"                    System.out.println(inputs.get(index).toString());","lastModifiedDate":"2021-08-19"},{"lineNumber":132,"author":{"gitId":"charliemoweng"},"content":"                    inputs.remove(index);","lastModifiedDate":"2021-08-19"},{"lineNumber":133,"author":{"gitId":"charliemoweng"},"content":"","lastModifiedDate":"2021-08-26"},{"lineNumber":134,"author":{"gitId":"charliemoweng"},"content":"                    try {","lastModifiedDate":"2021-08-26"},{"lineNumber":135,"author":{"gitId":"charliemoweng"},"content":"                        writeToFile(dataFile, inputs.get(0).toString() + System.lineSeparator());","lastModifiedDate":"2021-08-26"},{"lineNumber":136,"author":{"gitId":"charliemoweng"},"content":"                    } catch (IOException e) {","lastModifiedDate":"2021-08-26"},{"lineNumber":137,"author":{"gitId":"charliemoweng"},"content":"                        System.out.println(\"Something is wrong... \" + e.getMessage());","lastModifiedDate":"2021-08-26"},{"lineNumber":138,"author":{"gitId":"charliemoweng"},"content":"                    }","lastModifiedDate":"2021-08-26"},{"lineNumber":139,"author":{"gitId":"charliemoweng"},"content":"","lastModifiedDate":"2021-08-26"},{"lineNumber":140,"author":{"gitId":"charliemoweng"},"content":"                    for (int i \u003d 1; i \u003c inputs.size(); i++) {","lastModifiedDate":"2021-08-26"},{"lineNumber":141,"author":{"gitId":"charliemoweng"},"content":"                        try {","lastModifiedDate":"2021-08-26"},{"lineNumber":142,"author":{"gitId":"charliemoweng"},"content":"                            appendToFile(dataFile, inputs.get(i).toString() + System.lineSeparator());","lastModifiedDate":"2021-08-26"},{"lineNumber":143,"author":{"gitId":"charliemoweng"},"content":"                        } catch (IOException e) {","lastModifiedDate":"2021-08-26"},{"lineNumber":144,"author":{"gitId":"charliemoweng"},"content":"                            System.out.println(\"Something is wrong... \" + e.getMessage());","lastModifiedDate":"2021-08-26"},{"lineNumber":145,"author":{"gitId":"charliemoweng"},"content":"                        }","lastModifiedDate":"2021-08-26"},{"lineNumber":146,"author":{"gitId":"charliemoweng"},"content":"                    }","lastModifiedDate":"2021-08-26"},{"lineNumber":147,"author":{"gitId":"charliemoweng"},"content":"","lastModifiedDate":"2021-08-26"},{"lineNumber":148,"author":{"gitId":"charliemoweng"},"content":"                    System.out.println(lineBreak + \"\\n\");","lastModifiedDate":"2021-08-19"},{"lineNumber":149,"author":{"gitId":"charliemoweng"},"content":"                }","lastModifiedDate":"2021-08-19"},{"lineNumber":150,"author":{"gitId":"charliemoweng"},"content":"                continue;","lastModifiedDate":"2021-08-19"},{"lineNumber":151,"author":{"gitId":"charliemoweng"},"content":"            }","lastModifiedDate":"2021-08-19"},{"lineNumber":152,"author":{"gitId":"charliemoweng"},"content":"","lastModifiedDate":"2021-08-19"},{"lineNumber":153,"author":{"gitId":"charliemoweng"},"content":"            // normal input","lastModifiedDate":"2021-08-19"},{"lineNumber":154,"author":{"gitId":"charliemoweng"},"content":"            if (!input.equals(end) \u0026\u0026 !input.equals(display)) {","lastModifiedDate":"2021-08-19"},{"lineNumber":155,"author":{"gitId":"charliemoweng"},"content":"                String[] group \u003d input.split(\" \");","lastModifiedDate":"2021-08-19"},{"lineNumber":156,"author":{"gitId":"charliemoweng"},"content":"","lastModifiedDate":"2021-08-19"},{"lineNumber":157,"author":{"gitId":"charliemoweng"},"content":"                // Case Todo","lastModifiedDate":"2021-08-19"},{"lineNumber":158,"author":{"gitId":"charliemoweng"},"content":"                if (group[0].equals(taskTodo) \u0026\u0026 group.length \u003e 1) {","lastModifiedDate":"2021-08-19"},{"lineNumber":159,"author":{"gitId":"charliemoweng"},"content":"                    String todoToAdd \u003d input.substring(5); // name of the task is after \"todo\" and space","lastModifiedDate":"2021-08-19"},{"lineNumber":160,"author":{"gitId":"charliemoweng"},"content":"                    Task newTodo \u003d new Todo(todoToAdd);","lastModifiedDate":"2021-08-19"},{"lineNumber":161,"author":{"gitId":"charliemoweng"},"content":"                    inputs.add(newTodo);","lastModifiedDate":"2021-08-19"},{"lineNumber":162,"author":{"gitId":"charliemoweng"},"content":"","lastModifiedDate":"2021-08-26"},{"lineNumber":163,"author":{"gitId":"charliemoweng"},"content":"                    try {","lastModifiedDate":"2021-08-26"},{"lineNumber":164,"author":{"gitId":"charliemoweng"},"content":"                        writeToFile(dataFile, inputs.get(0).toString() + System.lineSeparator());","lastModifiedDate":"2021-08-26"},{"lineNumber":165,"author":{"gitId":"charliemoweng"},"content":"                    } catch (IOException e) {","lastModifiedDate":"2021-08-26"},{"lineNumber":166,"author":{"gitId":"charliemoweng"},"content":"                        System.out.println(\"Something is wrong... \" + e.getMessage());","lastModifiedDate":"2021-08-26"},{"lineNumber":167,"author":{"gitId":"charliemoweng"},"content":"                    }","lastModifiedDate":"2021-08-26"},{"lineNumber":168,"author":{"gitId":"charliemoweng"},"content":"","lastModifiedDate":"2021-08-26"},{"lineNumber":169,"author":{"gitId":"charliemoweng"},"content":"                    for (int i \u003d 1; i \u003c inputs.size(); i++) {","lastModifiedDate":"2021-08-26"},{"lineNumber":170,"author":{"gitId":"charliemoweng"},"content":"                        try {","lastModifiedDate":"2021-08-26"},{"lineNumber":171,"author":{"gitId":"charliemoweng"},"content":"                            appendToFile(dataFile, inputs.get(i).toString() + System.lineSeparator());","lastModifiedDate":"2021-08-26"},{"lineNumber":172,"author":{"gitId":"charliemoweng"},"content":"                        } catch (IOException e) {","lastModifiedDate":"2021-08-26"},{"lineNumber":173,"author":{"gitId":"charliemoweng"},"content":"                            System.out.println(\"Something is wrong... \" + e.getMessage());","lastModifiedDate":"2021-08-26"},{"lineNumber":174,"author":{"gitId":"charliemoweng"},"content":"                        }","lastModifiedDate":"2021-08-26"},{"lineNumber":175,"author":{"gitId":"charliemoweng"},"content":"                    }","lastModifiedDate":"2021-08-26"},{"lineNumber":176,"author":{"gitId":"charliemoweng"},"content":"","lastModifiedDate":"2021-08-26"},{"lineNumber":177,"author":{"gitId":"charliemoweng"},"content":"                    System.out.println(\"Roger! Added the task: \");","lastModifiedDate":"2021-08-19"},{"lineNumber":178,"author":{"gitId":"charliemoweng"},"content":"                    System.out.println(\"    \" + newTodo.toString());","lastModifiedDate":"2021-08-19"},{"lineNumber":179,"author":{"gitId":"charliemoweng"},"content":"                    System.out.println(\"Now you have \" + inputs.size() + \" tasks in your list.\");","lastModifiedDate":"2021-08-19"},{"lineNumber":180,"author":{"gitId":"charliemoweng"},"content":"                    System.out.println(lineBreak + \"\\n\");","lastModifiedDate":"2021-08-19"},{"lineNumber":181,"author":{"gitId":"charliemoweng"},"content":"                    continue;","lastModifiedDate":"2021-08-19"},{"lineNumber":182,"author":{"gitId":"charliemoweng"},"content":"                }","lastModifiedDate":"2021-08-19"},{"lineNumber":183,"author":{"gitId":"charliemoweng"},"content":"                if (group[0].equals(taskTodo) \u0026\u0026 group.length \u003d\u003d 1) {","lastModifiedDate":"2021-08-19"},{"lineNumber":184,"author":{"gitId":"charliemoweng"},"content":"                    System.out.println(\" OOPS!!! The description of a todo cannot be empty.\");","lastModifiedDate":"2021-08-19"},{"lineNumber":185,"author":{"gitId":"charliemoweng"},"content":"                    System.out.println(lineBreak + \"\\n\");","lastModifiedDate":"2021-08-19"},{"lineNumber":186,"author":{"gitId":"charliemoweng"},"content":"                    continue;","lastModifiedDate":"2021-08-19"},{"lineNumber":187,"author":{"gitId":"charliemoweng"},"content":"                }","lastModifiedDate":"2021-08-19"},{"lineNumber":188,"author":{"gitId":"charliemoweng"},"content":"","lastModifiedDate":"2021-08-19"},{"lineNumber":189,"author":{"gitId":"charliemoweng"},"content":"                // Case Deadline","lastModifiedDate":"2021-08-19"},{"lineNumber":190,"author":{"gitId":"charliemoweng"},"content":"                if (group[0].equals(taskDdl) \u0026\u0026 input.contains(\" /by \")) {","lastModifiedDate":"2021-08-19"},{"lineNumber":191,"author":{"gitId":"charliemoweng"},"content":"                    String[] ddlGroup \u003d input.split(\" /by \");","lastModifiedDate":"2021-08-19"},{"lineNumber":192,"author":{"gitId":"charliemoweng"},"content":"                    String ddlToAdd \u003d ddlGroup[0].substring(9); // name of the task is after \"deadline\" and space","lastModifiedDate":"2021-08-19"},{"lineNumber":193,"author":{"gitId":"charliemoweng"},"content":"                    String ddlByTime \u003d ddlGroup[1];","lastModifiedDate":"2021-08-19"},{"lineNumber":194,"author":{"gitId":"charliemoweng"},"content":"                    LocalDateTime dateTime \u003d LocalDateTime.parse(ddlByTime, formatter);","lastModifiedDate":"2021-08-26"},{"lineNumber":195,"author":{"gitId":"charliemoweng"},"content":"                    Task newDeadline \u003d new Deadline(ddlToAdd, dateTime);","lastModifiedDate":"2021-08-26"},{"lineNumber":196,"author":{"gitId":"charliemoweng"},"content":"                    inputs.add(newDeadline);","lastModifiedDate":"2021-08-19"},{"lineNumber":197,"author":{"gitId":"charliemoweng"},"content":"","lastModifiedDate":"2021-08-26"},{"lineNumber":198,"author":{"gitId":"charliemoweng"},"content":"                    try {","lastModifiedDate":"2021-08-26"},{"lineNumber":199,"author":{"gitId":"charliemoweng"},"content":"                        writeToFile(dataFile, inputs.get(0).toString() + System.lineSeparator());","lastModifiedDate":"2021-08-26"},{"lineNumber":200,"author":{"gitId":"charliemoweng"},"content":"                    } catch (IOException e) {","lastModifiedDate":"2021-08-26"},{"lineNumber":201,"author":{"gitId":"charliemoweng"},"content":"                        System.out.println(\"Something is wrong... \" + e.getMessage());","lastModifiedDate":"2021-08-26"},{"lineNumber":202,"author":{"gitId":"charliemoweng"},"content":"                    }","lastModifiedDate":"2021-08-26"},{"lineNumber":203,"author":{"gitId":"charliemoweng"},"content":"","lastModifiedDate":"2021-08-26"},{"lineNumber":204,"author":{"gitId":"charliemoweng"},"content":"                    for (int i \u003d 1; i \u003c inputs.size(); i++) {","lastModifiedDate":"2021-08-26"},{"lineNumber":205,"author":{"gitId":"charliemoweng"},"content":"                        try {","lastModifiedDate":"2021-08-26"},{"lineNumber":206,"author":{"gitId":"charliemoweng"},"content":"                            appendToFile(dataFile, inputs.get(i).toString() + System.lineSeparator());","lastModifiedDate":"2021-08-26"},{"lineNumber":207,"author":{"gitId":"charliemoweng"},"content":"                        } catch (IOException e) {","lastModifiedDate":"2021-08-26"},{"lineNumber":208,"author":{"gitId":"charliemoweng"},"content":"                            System.out.println(\"Something is wrong... \" + e.getMessage());","lastModifiedDate":"2021-08-26"},{"lineNumber":209,"author":{"gitId":"charliemoweng"},"content":"                        }","lastModifiedDate":"2021-08-26"},{"lineNumber":210,"author":{"gitId":"charliemoweng"},"content":"                    }","lastModifiedDate":"2021-08-26"},{"lineNumber":211,"author":{"gitId":"charliemoweng"},"content":"","lastModifiedDate":"2021-08-26"},{"lineNumber":212,"author":{"gitId":"charliemoweng"},"content":"                    System.out.println(\"Roger! Added the task: \");","lastModifiedDate":"2021-08-19"},{"lineNumber":213,"author":{"gitId":"charliemoweng"},"content":"                    System.out.println(\"    \" + newDeadline.toString());","lastModifiedDate":"2021-08-19"},{"lineNumber":214,"author":{"gitId":"charliemoweng"},"content":"                    System.out.println(\"Now you have \" + inputs.size() + \" tasks in your list.\");","lastModifiedDate":"2021-08-19"},{"lineNumber":215,"author":{"gitId":"charliemoweng"},"content":"                    System.out.println(lineBreak + \"\\n\");","lastModifiedDate":"2021-08-19"},{"lineNumber":216,"author":{"gitId":"charliemoweng"},"content":"                    continue;","lastModifiedDate":"2021-08-19"},{"lineNumber":217,"author":{"gitId":"charliemoweng"},"content":"                }","lastModifiedDate":"2021-08-19"},{"lineNumber":218,"author":{"gitId":"charliemoweng"},"content":"","lastModifiedDate":"2021-08-19"},{"lineNumber":219,"author":{"gitId":"charliemoweng"},"content":"                // Case Event","lastModifiedDate":"2021-08-19"},{"lineNumber":220,"author":{"gitId":"charliemoweng"},"content":"                if (group[0].equals(taskEve) \u0026\u0026 input.contains(\" /at \")) {","lastModifiedDate":"2021-08-19"},{"lineNumber":221,"author":{"gitId":"charliemoweng"},"content":"                    String[] eveGroup \u003d input.split(\" /at \");","lastModifiedDate":"2021-08-19"},{"lineNumber":222,"author":{"gitId":"charliemoweng"},"content":"                    String eveToAdd \u003d eveGroup[0].substring(6); // name of the task is after \"event\" and space","lastModifiedDate":"2021-08-19"},{"lineNumber":223,"author":{"gitId":"charliemoweng"},"content":"                    String eveAtTime \u003d eveGroup[1];","lastModifiedDate":"2021-08-19"},{"lineNumber":224,"author":{"gitId":"charliemoweng"},"content":"                    LocalDateTime dateTime \u003d LocalDateTime.parse(eveAtTime, formatter);","lastModifiedDate":"2021-08-26"},{"lineNumber":225,"author":{"gitId":"charliemoweng"},"content":"                    Task newEvent \u003d new Event(eveToAdd, dateTime);","lastModifiedDate":"2021-08-26"},{"lineNumber":226,"author":{"gitId":"charliemoweng"},"content":"                    inputs.add(newEvent);","lastModifiedDate":"2021-08-19"},{"lineNumber":227,"author":{"gitId":"charliemoweng"},"content":"","lastModifiedDate":"2021-08-26"},{"lineNumber":228,"author":{"gitId":"charliemoweng"},"content":"                    try {","lastModifiedDate":"2021-08-26"},{"lineNumber":229,"author":{"gitId":"charliemoweng"},"content":"                        writeToFile(dataFile, inputs.get(0).toString() + System.lineSeparator());","lastModifiedDate":"2021-08-26"},{"lineNumber":230,"author":{"gitId":"charliemoweng"},"content":"                    } catch (IOException e) {","lastModifiedDate":"2021-08-26"},{"lineNumber":231,"author":{"gitId":"charliemoweng"},"content":"                        System.out.println(\"Something is wrong... \" + e.getMessage());","lastModifiedDate":"2021-08-26"},{"lineNumber":232,"author":{"gitId":"charliemoweng"},"content":"                    }","lastModifiedDate":"2021-08-26"},{"lineNumber":233,"author":{"gitId":"charliemoweng"},"content":"","lastModifiedDate":"2021-08-26"},{"lineNumber":234,"author":{"gitId":"charliemoweng"},"content":"                    for (int i \u003d 1; i \u003c inputs.size(); i++) {","lastModifiedDate":"2021-08-26"},{"lineNumber":235,"author":{"gitId":"charliemoweng"},"content":"                        try {","lastModifiedDate":"2021-08-26"},{"lineNumber":236,"author":{"gitId":"charliemoweng"},"content":"                            appendToFile(dataFile, inputs.get(i).toString() + System.lineSeparator());","lastModifiedDate":"2021-08-26"},{"lineNumber":237,"author":{"gitId":"charliemoweng"},"content":"                        } catch (IOException e) {","lastModifiedDate":"2021-08-26"},{"lineNumber":238,"author":{"gitId":"charliemoweng"},"content":"                            System.out.println(\"Something is wrong... \" + e.getMessage());","lastModifiedDate":"2021-08-26"},{"lineNumber":239,"author":{"gitId":"charliemoweng"},"content":"                        }","lastModifiedDate":"2021-08-26"},{"lineNumber":240,"author":{"gitId":"charliemoweng"},"content":"                    }","lastModifiedDate":"2021-08-26"},{"lineNumber":241,"author":{"gitId":"charliemoweng"},"content":"","lastModifiedDate":"2021-08-26"},{"lineNumber":242,"author":{"gitId":"charliemoweng"},"content":"                    System.out.println(\"Roger! Added the task: \");","lastModifiedDate":"2021-08-19"},{"lineNumber":243,"author":{"gitId":"charliemoweng"},"content":"                    System.out.println(\"    \" + newEvent.toString());","lastModifiedDate":"2021-08-19"},{"lineNumber":244,"author":{"gitId":"charliemoweng"},"content":"                    System.out.println(\"Now you have \" + inputs.size() + \" tasks in your list.\");","lastModifiedDate":"2021-08-19"},{"lineNumber":245,"author":{"gitId":"charliemoweng"},"content":"                    System.out.println(lineBreak + \"\\n\");","lastModifiedDate":"2021-08-19"},{"lineNumber":246,"author":{"gitId":"charliemoweng"},"content":"                    continue;","lastModifiedDate":"2021-08-19"},{"lineNumber":247,"author":{"gitId":"charliemoweng"},"content":"                }","lastModifiedDate":"2021-08-19"},{"lineNumber":248,"author":{"gitId":"charliemoweng"},"content":"","lastModifiedDate":"2021-08-19"},{"lineNumber":249,"author":{"gitId":"charliemoweng"},"content":"            }","lastModifiedDate":"2021-08-19"},{"lineNumber":250,"author":{"gitId":"charliemoweng"},"content":"","lastModifiedDate":"2021-08-19"},{"lineNumber":251,"author":{"gitId":"charliemoweng"},"content":"            // display saved inputs","lastModifiedDate":"2021-08-19"},{"lineNumber":252,"author":{"gitId":"charliemoweng"},"content":"            if (input.equals(display)) {","lastModifiedDate":"2021-08-19"},{"lineNumber":253,"author":{"gitId":"charliemoweng"},"content":"                System.out.println(\"Here are the tasks in your list: \");","lastModifiedDate":"2021-08-19"},{"lineNumber":254,"author":{"gitId":"charliemoweng"},"content":"                for (int i \u003d 0; i \u003c inputs.size(); i++) {","lastModifiedDate":"2021-08-19"},{"lineNumber":255,"author":{"gitId":"charliemoweng"},"content":"                    int index \u003d i + 1;","lastModifiedDate":"2021-08-19"},{"lineNumber":256,"author":{"gitId":"charliemoweng"},"content":"                    System.out.println(index + \". \" + inputs.get(i).toString());","lastModifiedDate":"2021-08-19"},{"lineNumber":257,"author":{"gitId":"charliemoweng"},"content":"                }","lastModifiedDate":"2021-08-19"},{"lineNumber":258,"author":{"gitId":"charliemoweng"},"content":"                System.out.println(lineBreak + \"\\n\");","lastModifiedDate":"2021-08-19"},{"lineNumber":259,"author":{"gitId":"charliemoweng"},"content":"                continue;","lastModifiedDate":"2021-08-19"},{"lineNumber":260,"author":{"gitId":"charliemoweng"},"content":"            }","lastModifiedDate":"2021-08-19"},{"lineNumber":261,"author":{"gitId":"charliemoweng"},"content":"","lastModifiedDate":"2021-08-19"},{"lineNumber":262,"author":{"gitId":"charliemoweng"},"content":"            // exit","lastModifiedDate":"2021-08-19"},{"lineNumber":263,"author":{"gitId":"charliemoweng"},"content":"            if (input.equals(end)) {","lastModifiedDate":"2021-08-19"},{"lineNumber":264,"author":{"gitId":"charliemoweng"},"content":"                System.out.println(\"     Bye! See you next time! :)\" + \"\\n\" + lineBreak + \"\\n\");","lastModifiedDate":"2021-08-19"},{"lineNumber":265,"author":{"gitId":"charliemoweng"},"content":"                break;","lastModifiedDate":"2021-08-19"},{"lineNumber":266,"author":{"gitId":"charliemoweng"},"content":"            }","lastModifiedDate":"2021-08-19"},{"lineNumber":267,"author":{"gitId":"charliemoweng"},"content":"","lastModifiedDate":"2021-08-19"},{"lineNumber":268,"author":{"gitId":"charliemoweng"},"content":"            // other inputs","lastModifiedDate":"2021-08-19"},{"lineNumber":269,"author":{"gitId":"charliemoweng"},"content":"            System.out.println(\" OOPS!!! I\u0027m sorry, but I don\u0027t know what that means :-(\");","lastModifiedDate":"2021-08-19"},{"lineNumber":270,"author":{"gitId":"charliemoweng"},"content":"            System.out.println(lineBreak + \"\\n\");","lastModifiedDate":"2021-08-19"},{"lineNumber":271,"author":{"gitId":"charliemoweng"},"content":"            continue;","lastModifiedDate":"2021-08-19"},{"lineNumber":272,"author":{"gitId":"charliemoweng"},"content":"        }","lastModifiedDate":"2021-08-19"},{"lineNumber":273,"author":{"gitId":"-"},"content":"    }","lastModifiedDate":"2019-07-29"},{"lineNumber":274,"author":{"gitId":"-"},"content":"}","lastModifiedDate":"2019-07-29"}],"authorContributionMap":{"charliemoweng":270,"-":4}},{"path":"src/main/java/Event.java","fileType":"java","lines":[{"lineNumber":1,"author":{"gitId":"charliemoweng"},"content":"import java.time.LocalDate;","lastModifiedDate":"2021-08-26"},{"lineNumber":2,"author":{"gitId":"charliemoweng"},"content":"import java.time.LocalDateTime;","lastModifiedDate":"2021-08-26"},{"lineNumber":3,"author":{"gitId":"charliemoweng"},"content":"import java.time.format.DateTimeFormatter;","lastModifiedDate":"2021-08-26"},{"lineNumber":4,"author":{"gitId":"charliemoweng"},"content":"import java.time.temporal.ChronoUnit;","lastModifiedDate":"2021-08-26"},{"lineNumber":5,"author":{"gitId":"charliemoweng"},"content":"","lastModifiedDate":"2021-08-26"},{"lineNumber":6,"author":{"gitId":"charliemoweng"},"content":"public class Event extends Task {","lastModifiedDate":"2021-08-19"},{"lineNumber":7,"author":{"gitId":"charliemoweng"},"content":"    protected LocalDateTime eveDateTime;","lastModifiedDate":"2021-08-26"},{"lineNumber":8,"author":{"gitId":"charliemoweng"},"content":"    private DateTimeFormatter formatter \u003d DateTimeFormatter.ofPattern(\"EEE, dd/MMM/yyyy hh:mm a\");","lastModifiedDate":"2021-08-26"},{"lineNumber":9,"author":{"gitId":"charliemoweng"},"content":"","lastModifiedDate":"2021-08-19"},{"lineNumber":10,"author":{"gitId":"charliemoweng"},"content":"    public Event(String eventName, LocalDateTime atTime) {","lastModifiedDate":"2021-08-26"},{"lineNumber":11,"author":{"gitId":"charliemoweng"},"content":"        super(eventName);","lastModifiedDate":"2021-08-19"},{"lineNumber":12,"author":{"gitId":"charliemoweng"},"content":"        this.eveDateTime \u003d atTime;","lastModifiedDate":"2021-08-26"},{"lineNumber":13,"author":{"gitId":"charliemoweng"},"content":"    }","lastModifiedDate":"2021-08-19"},{"lineNumber":14,"author":{"gitId":"charliemoweng"},"content":"","lastModifiedDate":"2021-08-19"},{"lineNumber":15,"author":{"gitId":"charliemoweng"},"content":"    @Override","lastModifiedDate":"2021-08-19"},{"lineNumber":16,"author":{"gitId":"charliemoweng"},"content":"    public String toString() {","lastModifiedDate":"2021-08-19"},{"lineNumber":17,"author":{"gitId":"charliemoweng"},"content":"        return \"[E]\" + super.toString() + \" (at: \" + formatter.format(eveDateTime) + \")\";","lastModifiedDate":"2021-08-26"},{"lineNumber":18,"author":{"gitId":"charliemoweng"},"content":"    }","lastModifiedDate":"2021-08-19"},{"lineNumber":19,"author":{"gitId":"charliemoweng"},"content":"}","lastModifiedDate":"2021-08-19"}],"authorContributionMap":{"charliemoweng":19}},{"path":"src/main/java/Task.java","fileType":"java","lines":[{"lineNumber":1,"author":{"gitId":"charliemoweng"},"content":"public class Task {","lastModifiedDate":"2021-08-19"},{"lineNumber":2,"author":{"gitId":"charliemoweng"},"content":"     protected String taskName;","lastModifiedDate":"2021-08-19"},{"lineNumber":3,"author":{"gitId":"charliemoweng"},"content":"     protected boolean isDone;","lastModifiedDate":"2021-08-19"},{"lineNumber":4,"author":{"gitId":"charliemoweng"},"content":"","lastModifiedDate":"2021-08-19"},{"lineNumber":5,"author":{"gitId":"charliemoweng"},"content":"     public Task(String taskName) {","lastModifiedDate":"2021-08-19"},{"lineNumber":6,"author":{"gitId":"charliemoweng"},"content":"         this.taskName \u003d taskName;","lastModifiedDate":"2021-08-19"},{"lineNumber":7,"author":{"gitId":"charliemoweng"},"content":"         this.isDone \u003d false;","lastModifiedDate":"2021-08-19"},{"lineNumber":8,"author":{"gitId":"charliemoweng"},"content":"     }","lastModifiedDate":"2021-08-19"},{"lineNumber":9,"author":{"gitId":"charliemoweng"},"content":"","lastModifiedDate":"2021-08-19"},{"lineNumber":10,"author":{"gitId":"charliemoweng"},"content":"     public void setDone() {","lastModifiedDate":"2021-08-19"},{"lineNumber":11,"author":{"gitId":"charliemoweng"},"content":"         isDone \u003d true;","lastModifiedDate":"2021-08-19"},{"lineNumber":12,"author":{"gitId":"charliemoweng"},"content":"     }","lastModifiedDate":"2021-08-19"},{"lineNumber":13,"author":{"gitId":"charliemoweng"},"content":"","lastModifiedDate":"2021-08-19"},{"lineNumber":14,"author":{"gitId":"charliemoweng"},"content":"    public String getStatusIcon() {","lastModifiedDate":"2021-08-19"},{"lineNumber":15,"author":{"gitId":"charliemoweng"},"content":"        return (isDone ? \"X\" : \" \"); // mark done task with X","lastModifiedDate":"2021-08-19"},{"lineNumber":16,"author":{"gitId":"charliemoweng"},"content":"    }","lastModifiedDate":"2021-08-19"},{"lineNumber":17,"author":{"gitId":"charliemoweng"},"content":"","lastModifiedDate":"2021-08-19"},{"lineNumber":18,"author":{"gitId":"charliemoweng"},"content":"    @Override","lastModifiedDate":"2021-08-19"},{"lineNumber":19,"author":{"gitId":"charliemoweng"},"content":"    public String toString() {","lastModifiedDate":"2021-08-19"},{"lineNumber":20,"author":{"gitId":"charliemoweng"},"content":"         return \"[\" + this.getStatusIcon() + \"] \" + this.taskName;","lastModifiedDate":"2021-08-19"},{"lineNumber":21,"author":{"gitId":"charliemoweng"},"content":"    }","lastModifiedDate":"2021-08-19"},{"lineNumber":22,"author":{"gitId":"charliemoweng"},"content":"","lastModifiedDate":"2021-08-19"},{"lineNumber":23,"author":{"gitId":"charliemoweng"},"content":"}","lastModifiedDate":"2021-08-19"}],"authorContributionMap":{"charliemoweng":23}},{"path":"src/main/java/Todo.java","fileType":"java","lines":[{"lineNumber":1,"author":{"gitId":"charliemoweng"},"content":"public class Todo extends Task{","lastModifiedDate":"2021-08-19"},{"lineNumber":2,"author":{"gitId":"charliemoweng"},"content":"    public Todo(String todoName) {","lastModifiedDate":"2021-08-19"},{"lineNumber":3,"author":{"gitId":"charliemoweng"},"content":"        super(todoName);","lastModifiedDate":"2021-08-19"},{"lineNumber":4,"author":{"gitId":"charliemoweng"},"content":"    }","lastModifiedDate":"2021-08-19"},{"lineNumber":5,"author":{"gitId":"charliemoweng"},"content":"","lastModifiedDate":"2021-08-19"},{"lineNumber":6,"author":{"gitId":"charliemoweng"},"content":"    @Override","lastModifiedDate":"2021-08-19"},{"lineNumber":7,"author":{"gitId":"charliemoweng"},"content":"    public String toString() {","lastModifiedDate":"2021-08-19"},{"lineNumber":8,"author":{"gitId":"charliemoweng"},"content":"        return \"[T]\" + super.toString();","lastModifiedDate":"2021-08-19"},{"lineNumber":9,"author":{"gitId":"charliemoweng"},"content":"    }","lastModifiedDate":"2021-08-19"},{"lineNumber":10,"author":{"gitId":"charliemoweng"},"content":"}","lastModifiedDate":"2021-08-19"}],"authorContributionMap":{"charliemoweng":10}},{"path":"src/main/java/data/data.txt","fileType":"txt","lines":[{"lineNumber":1,"author":{"gitId":"charliemoweng"},"content":"[T][ ] print stuff","lastModifiedDate":"2021-08-26"},{"lineNumber":2,"author":{"gitId":"charliemoweng"},"content":"[D][X] homework (by: Sun)","lastModifiedDate":"2021-08-26"},{"lineNumber":3,"author":{"gitId":"charliemoweng"},"content":"[E][ ] dinner (at: Later)","lastModifiedDate":"2021-08-26"}],"authorContributionMap":{"charliemoweng":3}},{"path":"text-ui-test/input.txt","fileType":"txt","lines":[{"lineNumber":1,"author":{"gitId":"charliemoweng"},"content":"todo clean table","lastModifiedDate":"2021-08-19"}],"authorContributionMap":{"charliemoweng":1}}]
