{"authorDailyContributionsMap":{"charliemoweng":[{"date":"2021-08-19","commitResults":[{"hash":"c4c29ba19591da6ad57983644a5dce40b76608a9","messageTitle":"test hi","messageBody":"","fileTypesAndContributionMap":{"java":{"insertions":1,"deletions":0}}},{"hash":"50c6115f01855a11ac09b0de10c1b00e844fad1f","messageTitle":"Level-1","messageBody":"","tags":["Level-1"],"fileTypesAndContributionMap":{"java":{"insertions":20,"deletions":7}}},{"hash":"d83fc7a72fc891504c0b30532783108eb91ad597","messageTitle":"Level-2: Add, List","messageBody":"","tags":["Level-2"],"fileTypesAndContributionMap":{"java":{"insertions":28,"deletions":6}}},{"hash":"29333d4526acaf57d26eb78df428a8f2dd824ab0","messageTitle":"Level 3: mark as done. Added in Task class.","messageBody":"","tags":["Level-3"],"fileTypesAndContributionMap":{"java":{"insertions":46,"deletions":3}}},{"hash":"772dfc7b132c2a5e43ca0770352b1418ba3f1e77","messageTitle":"Duke: updated method used in \u0027set task as Done\u0027 to using regex. Task: added toString() method. Added Todo, Deadline and Event classes.","messageBody":"","fileTypesAndContributionMap":{"java":{"insertions":59,"deletions":8}}},{"hash":"bc755677e9856fab77a4e2bb7e8bcf49427246ae","messageTitle":"Level 4. ToDos, Events, Deadlines","messageBody":"","tags":["Level-4"],"fileTypesAndContributionMap":{"java":{"insertions":47,"deletions":19}}},{"hash":"d5cfbf928207b5ef80c550f4fc77f0453271937b","messageTitle":"testing","messageBody":"","tags":["A-TextUiTesting"],"fileTypesAndContributionMap":{"txt":{"insertions":1,"deletions":0}}},{"hash":"2aec474c1df76b8a493e15c14ffee840483c5ecb","messageTitle":"Level 5: minimal, yet to implement custom Exception class","messageBody":"","tags":["Level-5"],"fileTypesAndContributionMap":{"java":{"insertions":14,"deletions":2}}},{"hash":"f4478cba52a4edc2b19cc4b090bbebcec1df5096","messageTitle":"Level 6: added the function to delete a task","messageBody":"","tags":["Level-6"],"fileTypesAndContributionMap":{"java":{"insertions":17,"deletions":0}}}]},{"date":"2021-08-26","commitResults":[{"hash":"dadb4509089f1d02f197c0400350da848237f617","messageTitle":"test push","messageBody":"","fileTypesAndContributionMap":{"java":{"insertions":1,"deletions":0}}},{"hash":"33a8fe0f91a45403cdd0f044cc54a98c3883a02e","messageTitle":"test push done","messageBody":"","fileTypesAndContributionMap":{"java":{"insertions":0,"deletions":1}}},{"hash":"3166c5716b2a8f31be0a37eac26a3f3e66eb2657","messageTitle":"Add the function to save data to local","messageBody":"","tags":["Level-7"],"fileTypesAndContributionMap":{"txt":{"insertions":3,"deletions":0},"java":{"insertions":124,"deletions":0}}},{"hash":"640878d89786182ae88209507bcc660991efc1b2","messageTitle":"Change the date time of Deadline and Event from string to LocalDateTime","messageBody":"","tags":["Level-8"],"fileTypesAndContributionMap":{"java":{"insertions":40,"deletions":10}}},{"hash":"df6ee599ec9dbeaaac3b0e09717abe91e747abf5","messageTitle":"Add in the function to read from data.txt","messageBody":"","fileTypesAndContributionMap":{"txt":{"insertions":3,"deletions":3},"java":{"insertions":99,"deletions":23}}},{"hash":"3f8e12a74305bc855ac1daa166ff37d5c5bed653","messageTitle":"Remove commented out helper function (no longer used)","messageBody":"","fileTypesAndContributionMap":{"java":{"insertions":0,"deletions":8}}}]},{"date":"2021-09-04","commitResults":[{"hash":"6fc6c75715cc3e35c034fd008d9e07a20bc1f12b","messageTitle":"Implement more OOP: create classes Ui, Storage, Parser and TaskList.","messageBody":"","tags":["A-MoreOOP"],"fileTypesAndContributionMap":{"txt":{"insertions":0,"deletions":3},"java":{"insertions":802,"deletions":320}}},{"hash":"d01204b9aa123d7085135a5be33f3f1199c3e828","messageTitle":"Organise classes into packages","messageBody":"","tags":["A-Packages"],"fileTypesAndContributionMap":{"txt":{"insertions":0,"deletions":0},"java":{"insertions":17,"deletions":8}}},{"hash":"7c66cc317683706f4cf20a63e640afb47606693a","messageTitle":"Change file path of data.txt","messageBody":"","fileTypesAndContributionMap":{"java":{"insertions":3,"deletions":359}}}]},{"date":"2021-09-05","commitResults":[{"hash":"c98087e64d00dc2c8ebda45bc20d0a013a9bbab7","messageTitle":"Add JUnit tests for Parser.java, Task.java and Todo.java","messageBody":"","tags":["A-JUnit"],"fileTypesAndContributionMap":{"java":{"insertions":43,"deletions":7}}},{"hash":"d7ac7d68818671bee9722e4322f7ab8219f63a83","messageTitle":"Move Duke.java out of duke package, change import statement from wildcard to specific, create JAR file","messageBody":"","tags":["v0.1","A-Jar"],"fileTypesAndContributionMap":{"java":{"insertions":83,"deletions":31}}}]},{"date":"2021-09-17","commitResults":[{"hash":"cba867745ea7196e00d0151a339ffece1576340c","messageTitle":"put Duke.java into package Duke, change path of data.txt","messageBody":"","tags":["v0.1.1"],"fileTypesAndContributionMap":{"txt":{"insertions":0,"deletions":0},"java":{"insertions":13,"deletions":9}}},{"hash":"dd6943d4ed4dbb6a5a714d8f73ed06755df0a07b","messageTitle":"write javadoc for all classes","messageBody":"","tags":["A-JavaDoc"],"fileTypesAndContributionMap":{"java":{"insertions":163,"deletions":65}}},{"hash":"5c376763ea5225fce63c3ea4f86571e00686ce98","messageTitle":"check code style","messageBody":"","tags":["A-CodingStandard"],"fileTypesAndContributionMap":{"java":{"insertions":75,"deletions":24}}},{"hash":"61467d9bad76e4f9be6cdac3c9c169107c410003","messageTitle":"add find method","messageBody":"","fileTypesAndContributionMap":{"java":{"insertions":67,"deletions":26}}},{"hash":"17958d8d53ab65120c7ae793736dfc32ca53abb3","messageTitle":"add find method and others","messageBody":"","tags":["Level-9"],"fileTypesAndContributionMap":{"java":{"insertions":1,"deletions":0}}},{"hash":"94a04e52ececd9b55908050e5317faca1390a489","messageTitle":"add in checkstyle rules and check style","messageBody":"","tags":["A-CheckStyle"],"fileTypesAndContributionMap":{"java":{"insertions":64,"deletions":30}}}]},{"date":"2021-09-18","commitResults":[{"hash":"c07757f1856a7b08fb65b22adc4daa949574a976","messageTitle":"change from CLI to GUI","messageBody":"","tags":["Level-10"],"fileTypesAndContributionMap":{"gradle":{"insertions":15,"deletions":0},"fxml":{"insertions":41,"deletions":0},"java":{"insertions":238,"deletions":50}}},{"hash":"508d9f994747039a867ff8c5a3aed7f74ccbf5c2","messageTitle":"use Gradle to run the application","messageBody":"","tags":["v0.1.2"],"fileTypesAndContributionMap":{"gradle":{"insertions":1,"deletions":1}}},{"hash":"d59f2cdc7bf7ab60dcca3f772ef386cae68c56e7","messageTitle":"Add assert feature","messageBody":"Assertions are a crucial part of Java error handling since.\nIt helps detects errors at runtime and terminates the application.\n\nAssertions are missing in this project.\n\nAdd assert features in TaskList.java because it has many if blocks\nthat are suitable for using assert.\n","tags":["A-FullCommitMessage","A-Assertions"],"fileTypesAndContributionMap":{"gradle":{"insertions":1,"deletions":0},"java":{"insertions":7,"deletions":3}}}]},{"date":"2021-09-19","commitResults":[{"hash":"b5616c2c126323441d8c00df6cd40242f8045ab0","messageTitle":"Improve code quality","messageBody":"Good code quality denotes that methods are not too long, not beyond\none screen.\n\nSome methods in Storage.java and TaskList.java are too long.\n\nIt is hard to read and locate specific functionalities.\n\nExtract the logic and create helper methods within its class.\n","tags":["A-CodeQuality"],"fileTypesAndContributionMap":{"java":{"insertions":164,"deletions":93}}},{"hash":"c68dd57744530db5d2651dd4cfa4cca527c774df","messageTitle":"Add the functionality to check for duplicate tasks","messageBody":"We assume that users would not want to input the same task twice.\nThis prevents possible confusion.\n\nTaskList allows the creation of duplicates.\n\nAdd in methods to check for duplicating Todo, Deadline, and Event.\nOnly add one if it is not a duplicate.\n\nThis enhances user experience.\n","tags":["BCD-Extension"],"fileTypesAndContributionMap":{"java":{"insertions":115,"deletions":1}}},{"hash":"15f310f128f842e64a5b48dd7b207576594bf701","messageTitle":"Adjust GUI features","messageBody":"","fileTypesAndContributionMap":{"fxml":{"insertions":14,"deletions":4}}},{"hash":"bb4327c8857f68ca26cda913be3d512d26e1e48e","messageTitle":"Add acknowledgement for code reused","messageBody":"Find code to make Label of DialogBox have infinite height to\naccommodate longer responses on GitHub and CS2103 Forum.\n\nAcknowledge it.\n","fileTypesAndContributionMap":{"fxml":{"insertions":3,"deletions":0}}},{"hash":"ae2490f64f1cd9ca92cfb1010b2666217e9593d1","messageTitle":"Change comment to correct format","messageBody":"","fileTypesAndContributionMap":{"fxml":{"insertions":3,"deletions":3}}},{"hash":"bea22207bfa280761e8a8fd8557adf4d98019d32","messageTitle":"Modify switch statement to comply with style","messageBody":"","fileTypesAndContributionMap":{"java":{"insertions":11,"deletions":9}}},{"hash":"27ad461a161b60f28b6d13fead783ed5315a2c70","messageTitle":"Remove JavaFX FXML API version number","messageBody":"It shows warning of incompatible version numbers when the application\nis executed.\n\nRemove the version number from fxml files.\n","fileTypesAndContributionMap":{"fxml":{"insertions":2,"deletions":2}}},{"hash":"24f0f8c8c908cdc2f85588e46c3ad7f26f88a049","messageTitle":"Add in a check for data file","messageBody":"Data file under the default path of ./data/data.txt\nmay or may not exist.\nThere is no need to create it if it already exists.\n\nThe Storage class always creates the data file.\nIf the file already exists, it will enter the catch block and\nprint out error message when there is no error at all.\n\nAdd in a check before creating the file. Only create it when\nit is not yet existent.\n","fileTypesAndContributionMap":{"java":{"insertions":4,"deletions":3}}},{"hash":"7840d5fe5808ae38c1efd1ce64ac59b2fabd537f","messageTitle":"Update README.md","messageBody":"","fileTypesAndContributionMap":{"md":{"insertions":12,"deletions":2}}}]},{"date":"2021-09-20","commitResults":[{"hash":"7dfb2af6ae349217ad5abad06d0b500cead7caf5","messageTitle":"Update README.md","messageBody":"Should be the finalised version of README","tags":["A-UserGuide"],"fileTypesAndContributionMap":{"md":{"insertions":178,"deletions":18}}},{"hash":"4ae5d63000baea8cb2594e388f246b4ea25a835e","messageTitle":"Add in welcome message on start up","messageBody":"","fileTypesAndContributionMap":{"java":{"insertions":26,"deletions":0}}},{"hash":"6ae5b396bcd173d205b0b80ae5f88e99dde68126","messageTitle":"Format a few responses to change to a new line","messageBody":"","fileTypesAndContributionMap":{"java":{"insertions":3,"deletions":3}}},{"hash":"d139aa5c82c396abcfa9e7fbd93c9ac026f1d5e3","messageTitle":"Remove javafx version number","messageBody":"","fileTypesAndContributionMap":{"fxml":{"insertions":5,"deletions":7}}},{"hash":"260f09b51d592458dddfc4c36d693399f1683eb1","messageTitle":"Declare constant Strings and switch order to pass style check","messageBody":"","tags":["v0.2","A-Release"],"fileTypesAndContributionMap":{"java":{"insertions":21,"deletions":17}}},{"hash":"2dff7a9617fbd7535427d2c3514b74fd262d0295","messageTitle":"Update README.md","messageBody":"","fileTypesAndContributionMap":{"md":{"insertions":3,"deletions":2}}},{"hash":"c3d55f90bf26ebf661996a1d78fff69f3694b5ff","messageTitle":"Update README.md","messageBody":"","fileTypesAndContributionMap":{"md":{"insertions":179,"deletions":13}}}]}]},"authorFileTypeContributionMap":{"charliemoweng":{"java":1273,"md":355,"fxml":30,"sh":0,"bat":0,"gradle":17,"txt":1}},"authorContributionVariance":{"charliemoweng":68402.85},"authorDisplayNameMap":{"charliemoweng":"CS2103-F09-1 WANG..GZHE"}}
