{"authorDailyContributionsMap":{"frederickpek":[{"date":"2021-08-16","commitResults":[{"hash":"dd7609f9384046308e1320a2aa0201da67124e94","messageTitle":"Implement Level-1","messageBody":"","tags":["Level-1"],"fileTypesAndContributionMap":{"java":{"insertions":44,"deletions":8}}},{"hash":"80425a1466b4129145fefeea37785da0cecc441c","messageTitle":"Implement Level-2","messageBody":"","tags":["Level-2"],"fileTypesAndContributionMap":{"java":{"insertions":35,"deletions":6}}},{"hash":"2a0f3ff5e0e6333cf4f66ed7e5eddff42d007aa8","messageTitle":"Implement Level-3","messageBody":"","tags":["Level-3"],"fileTypesAndContributionMap":{"java":{"insertions":43,"deletions":5}}},{"hash":"beba3166edfbf118aa5083a2942cf4f80f2c32ce","messageTitle":"Implement Level-4","messageBody":"","tags":["Level-4"],"fileTypesAndContributionMap":{"java":{"insertions":65,"deletions":8}}},{"hash":"b89cc922ff6b8dfb9f00a932e404873dab9befd1","messageTitle":"Auto Text UI Testing: add simple i/o test","messageBody":"","tags":["A-TextUiTesting"],"fileTypesAndContributionMap":{"txt":{"insertions":10,"deletions":0},"bat":{"insertions":2,"deletions":2}}},{"hash":"18fdc1617f0f9f36064ae89b8b004c7b7c052387","messageTitle":"Implement Level-5","messageBody":"","tags":["Level-5"],"fileTypesAndContributionMap":{"java":{"insertions":136,"deletions":39}}},{"hash":"cb0457c96d0543dcf644dd0d97d0cada2a819fbb","messageTitle":"Implement Level-6","messageBody":"","tags":["Level-6"],"fileTypesAndContributionMap":{"java":{"insertions":12,"deletions":0}}}]}]},"authorFileTypeContributionMap":{"frederickpek":{"java":276,"md":0,"fxml":0,"sh":0,"bat":1,"gradle":0,"txt":10}},"authorContributionVariance":{"frederickpek":18837.11},"authorDisplayNameMap":{"frederickpek":"FRED.. PEK"}}
