{"authorDailyContributionsMap":{"kanjitp":[{"date":"2021-08-19","commitResults":[{"hash":"06e12890b1ba32f713269e0a811ae74938c6b51c","messageTitle":"Level-1","messageBody":"","tags":["Level-1"],"fileTypesAndContributionMap":{"java":{"insertions":70,"deletions":6}}},{"hash":"71cf96045dde5376402b3af0036975b8f4267771","messageTitle":"Level-2: allow more methods in Dialog.java and change Duke.java to match level 2 requirement","messageBody":"","tags":["Level-2"],"fileTypesAndContributionMap":{"java":{"insertions":25,"deletions":3}}},{"hash":"542b00d59ae2479392a62532b094d774b5d99896","messageTitle":"Level-3: add Task.java, TaskDialog.java (extends Dialog.java), and change Duke.java (commands dialog), Dialog.java (protected sentences, archive)","messageBody":"","tags":["Level-3"],"fileTypesAndContributionMap":{"java":{"insertions":122,"deletions":17}}},{"hash":"375bbc779bf268df8f23a0d64c8de40ba3c54c4f","messageTitle":"Level-4: add Todo.java, Event.java, Deadline.java, minor typo correction in command window","messageBody":"","tags":["Level-4"],"fileTypesAndContributionMap":{"java":{"insertions":55,"deletions":7}}},{"hash":"0b7fe39dff1b6b4f91ffff8e453721b43856bb25","messageTitle":"A-TextUiTesting: Adjust Dialog.java, Duke.java, TaskDialog.java  (no extra space to avoid bugs)","messageBody":"","tags":["A-TextUiTesting"],"fileTypesAndContributionMap":{"txt":{"insertions":7,"deletions":0},"java":{"insertions":6,"deletions":6}}},{"hash":"f84116e9a5d6f23825b16ab072bf3a63c75c222a","messageTitle":"Level-5: add Exception handling - add DialogException.java, DukeException.java, EmptyDescriptionException.java, EmptyIndexException.java, EmptyTaggerException.java, InvalidArgumentException.java, InvalidIndexException.java, InvalidIndexException.java","messageBody":"","fileTypesAndContributionMap":{"java":{"insertions":115,"deletions":22}}},{"hash":"141274393488468daf02b67a24f574d58658a4ae","messageTitle":"Level-5: add testing","messageBody":"","tags":["Level-5"],"fileTypesAndContributionMap":{"txt":{"insertions":10,"deletions":5}}},{"hash":"e541f82a7e415f4d7e49d4890f290cefc5854a41","messageTitle":"Level-6: add method deleteTaskByIndex(int index) to TaskDialog, adjust Duke.java, add testing","messageBody":"","tags":["Level-6"],"fileTypesAndContributionMap":{"txt":{"insertions":11,"deletions":7},"java":{"insertions":45,"deletions":11}}},{"hash":"f74250429c01b6b4772c51b36d88d220117d0bc7","messageTitle":"A-Enums: add enum Command, and update Duke.java","messageBody":"","tags":["A-Enums"],"fileTypesAndContributionMap":{"java":{"insertions":61,"deletions":14}}}]},{"date":"2021-08-27","commitResults":[{"hash":"d4af1efd0818fd2d97062c672a43aa33b8132941","messageTitle":"Add save functionality, and new test and files: input2.txt, EXPECTED2.TXT","messageBody":"","tags":["Level-7"],"fileTypesAndContributionMap":{"txt":{"insertions":4,"deletions":0},"java":{"insertions":195,"deletions":11},"sh":{"insertions":30,"deletions":2}}},{"hash":"25607cec76322e6623d8a76028637edcf2780b87","messageTitle":"Add TimeTask.java TimeFormatException.java, Refactor Deadline.java Event.java Duke.java","messageBody":"","fileTypesAndContributionMap":{"java":{"insertions":105,"deletions":13}}},{"hash":"7d09ec1aa74ef3f24b6b447a0aa9c579e0dd94f3","messageTitle":"Add date filter functionality - update Duke.java, add method by(String deadlineString) to TaskDialog.java","messageBody":"","tags":["Level-8"],"fileTypesAndContributionMap":{"java":{"insertions":51,"deletions":19}}},{"hash":"b9ec55fc4ac65aaf6f6a3dbb4bf9ca5434d1f09d","messageTitle":"Add description to Duke.java","messageBody":"This commit is just a dummy mainly for testing out to see the shape of git tree for educational purpose\n","fileTypesAndContributionMap":{"java":{"insertions":3,"deletions":2}}}]},{"date":"2021-08-28","commitResults":[{"hash":"67fe9ae0a604327956a3c55d6a4d213839aff0fd","messageTitle":"Refactor Duke into different classes: Ui.java, Storage.java, Parser.java, TaskList.java, Command.java - Duke.java is now Alice.java","messageBody":"","tags":["A-MoreOOP"],"fileTypesAndContributionMap":{"txt":{"insertions":3,"deletions":0},"java":{"insertions":598,"deletions":400},"sh":{"insertions":2,"deletions":2}}}]}]},"authorFileTypeContributionMap":{"kanjitp":{"java":905,"md":0,"fxml":0,"sh":31,"bat":0,"gradle":0,"txt":26}},"authorContributionVariance":{"kanjitp":68833.19},"authorDisplayNameMap":{"kanjitp":"CS2103T-T10-2 KAN ..AKDI"}}
