{"authorDailyContributionsMap":{"kanjitp":[{"date":"2021-08-19","commitResults":[{"hash":"06e12890b1ba32f713269e0a811ae74938c6b51c","messageTitle":"Level-1","messageBody":"","tags":["Level-1"],"fileTypesAndContributionMap":{"java":{"insertions":70,"deletions":6}}},{"hash":"71cf96045dde5376402b3af0036975b8f4267771","messageTitle":"Level-2: allow more methods in Dialog.java and change Duke.java to match level 2 requirement","messageBody":"","tags":["Level-2"],"fileTypesAndContributionMap":{"java":{"insertions":25,"deletions":3}}},{"hash":"542b00d59ae2479392a62532b094d774b5d99896","messageTitle":"Level-3: add Task.java, TaskDialog.java (extends Dialog.java), and change Duke.java (commands dialog), Dialog.java (protected sentences, archive)","messageBody":"","tags":["Level-3"],"fileTypesAndContributionMap":{"java":{"insertions":122,"deletions":17}}},{"hash":"375bbc779bf268df8f23a0d64c8de40ba3c54c4f","messageTitle":"Level-4: add Todo.java, Event.java, Deadline.java, minor typo correction in command window","messageBody":"","tags":["Level-4"],"fileTypesAndContributionMap":{"java":{"insertions":55,"deletions":7}}},{"hash":"0b7fe39dff1b6b4f91ffff8e453721b43856bb25","messageTitle":"A-TextUiTesting: Adjust Dialog.java, Duke.java, TaskDialog.java  (no extra space to avoid bugs)","messageBody":"","tags":["A-TextUiTesting"],"fileTypesAndContributionMap":{"txt":{"insertions":7,"deletions":0},"java":{"insertions":6,"deletions":6}}},{"hash":"f84116e9a5d6f23825b16ab072bf3a63c75c222a","messageTitle":"Level-5: add Exception handling - add DialogException.java, DukeException.java, EmptyDescriptionException.java, EmptyIndexException.java, EmptyTaggerException.java, InvalidArgumentException.java, InvalidIndexException.java, InvalidIndexException.java","messageBody":"","fileTypesAndContributionMap":{"java":{"insertions":115,"deletions":22}}},{"hash":"141274393488468daf02b67a24f574d58658a4ae","messageTitle":"Level-5: add testing","messageBody":"","tags":["Level-5"],"fileTypesAndContributionMap":{"txt":{"insertions":10,"deletions":5}}},{"hash":"e541f82a7e415f4d7e49d4890f290cefc5854a41","messageTitle":"Level-6: add method deleteTaskByIndex(int index) to TaskDialog, adjust Duke.java, add testing","messageBody":"","tags":["Level-6"],"fileTypesAndContributionMap":{"txt":{"insertions":11,"deletions":7},"java":{"insertions":45,"deletions":11}}},{"hash":"f74250429c01b6b4772c51b36d88d220117d0bc7","messageTitle":"A-Enums: add enum Command, and update Duke.java","messageBody":"","tags":["A-Enums"],"fileTypesAndContributionMap":{"java":{"insertions":61,"deletions":14}}}]},{"date":"2021-08-27","commitResults":[{"hash":"d4af1efd0818fd2d97062c672a43aa33b8132941","messageTitle":"Add save functionality, and new test and files: input2.txt, EXPECTED2.TXT","messageBody":"","tags":["Level-7"],"fileTypesAndContributionMap":{"txt":{"insertions":4,"deletions":0},"java":{"insertions":195,"deletions":11},"sh":{"insertions":30,"deletions":2}}},{"hash":"25607cec76322e6623d8a76028637edcf2780b87","messageTitle":"Add TimeTask.java TimeFormatException.java, Refactor Deadline.java Event.java Duke.java","messageBody":"","fileTypesAndContributionMap":{"java":{"insertions":105,"deletions":13}}},{"hash":"7d09ec1aa74ef3f24b6b447a0aa9c579e0dd94f3","messageTitle":"Add date filter functionality - update Duke.java, add method by(String deadlineString) to TaskDialog.java","messageBody":"","tags":["Level-8"],"fileTypesAndContributionMap":{"java":{"insertions":51,"deletions":19}}},{"hash":"b9ec55fc4ac65aaf6f6a3dbb4bf9ca5434d1f09d","messageTitle":"Add description to Duke.java","messageBody":"This commit is just a dummy mainly for testing out to see the shape of git tree for educational purpose\n","fileTypesAndContributionMap":{"java":{"insertions":3,"deletions":2}}}]},{"date":"2021-08-28","commitResults":[{"hash":"67fe9ae0a604327956a3c55d6a4d213839aff0fd","messageTitle":"Refactor Duke into different classes: Ui.java, Storage.java, Parser.java, TaskList.java, Command.java - Duke.java is now Alice.java","messageBody":"","tags":["A-MoreOOP"],"fileTypesAndContributionMap":{"txt":{"insertions":3,"deletions":0},"java":{"insertions":598,"deletions":400},"sh":{"insertions":2,"deletions":2}}}]},{"date":"2021-08-29","commitResults":[{"hash":"fc030d3689e54cc1857cdc81a96a0c3b58527c4d","messageTitle":"Divide classes into packages","messageBody":"","tags":["A-Packages"],"fileTypesAndContributionMap":{"java":{"insertions":158,"deletions":33}}},{"hash":"ad4fcf17d4034d6cc9fc952ad79ecf9c79d4df5f","messageTitle":"Add test for Dialog.java, remove replicated method","messageBody":"#Replicated methods\nhave(String id) and containsId(String id) - keep containsId(String id)\ngetDialog(String id) and get(String key) - rename and keep get(String id)\n","tags":["A-JUnit"],"fileTypesAndContributionMap":{"java":{"insertions":63,"deletions":13}}},{"hash":"c75bc870c25eb7cf19015eb899b5deaf36a015af","messageTitle":"Add jar build modification","messageBody":"#update\nStorage can now build the save location under ./alice/data/\nUi refactored to use Storage methods when initially asking the user to choose save file\n","tags":["A-Jar"],"fileTypesAndContributionMap":{"java":{"insertions":29,"deletions":12}}},{"hash":"087a9f4554198f331f67c98f752340a671cfb871","messageTitle":"Add JavaDoc documentation to every classes from branching point","messageBody":"","tags":["A-JavaDoc"],"fileTypesAndContributionMap":{"java":{"insertions":791,"deletions":39}}},{"hash":"14028cdc8d4001a5c3ebffae0a7de6bdeff8c545","messageTitle":"Add find functionality to Alice","messageBody":"","tags":["Level-9"],"fileTypesAndContributionMap":{"java":{"insertions":26,"deletions":5}}},{"hash":"ecbbd733d57455c78a684dfafbaa80bdf979a350","messageTitle":"Tweak the code to comply with CS2103T coding standard","messageBody":"","tags":["A-CodingStandard"],"fileTypesAndContributionMap":{"java":{"insertions":276,"deletions":286}}}]},{"date":"2021-09-02","commitResults":[{"hash":"74051702035871e6680e191b96f885608bcff833","messageTitle":"Update project README.md","messageBody":"","fileTypesAndContributionMap":{"md":{"insertions":25,"deletions":20}}}]},{"date":"2021-09-03","commitResults":[{"hash":"8c368684c72855e57b6cbfe9d8d5300b81066a1a","messageTitle":"Add GUI using JavaFx","messageBody":"- migrate Alice to alice folder\n- Alice now doesn\u0027t have a main class but extends Application from JavaFX\n","tags":["Level-10"],"fileTypesAndContributionMap":{"gradle":{"insertions":19,"deletions":2},"java":{"insertions":505,"deletions":125},"md":{"insertions":5,"deletions":5}}},{"hash":"87c1ad1257c65ecc69ac664596bc08c86623827d","messageTitle":"Add JavaFx Gradle Support","messageBody":"","tags":["A-Gradle"],"fileTypesAndContributionMap":{"gradle":{"insertions":20,"deletions":2}}}]},{"date":"2021-09-04","commitResults":[{"hash":"ad2daad2b2330c3cb198bc197bcb9d57dd9147b3","messageTitle":"Add Java Doc for current build and short demo in main/resources","messageBody":"","fileTypesAndContributionMap":{"java":{"insertions":138,"deletions":29}}}]},{"date":"2021-09-10","commitResults":[{"hash":"2ccab8180359fbf64f3c811eea4f850d2a6e8c63","messageTitle":"Fix Alice to use fxml","messageBody":"","fileTypesAndContributionMap":{"fxml":{"insertions":83,"deletions":0},"java":{"insertions":302,"deletions":246}}},{"hash":"1157fb5e6e084db8724a889f8fef60ca78873a35","messageTitle":"Adjust config to allow build by shadowJar","messageBody":"","tags":["A-Jar2"],"fileTypesAndContributionMap":{"gradle":{"insertions":7,"deletions":2},"java":{"insertions":1,"deletions":2}}}]},{"date":"2021-09-11","commitResults":[{"hash":"f5bc8d257b33358aa231f75243ce5790b9fb4c8f","messageTitle":"Add delete functionality to Alice","messageBody":"User could not delete their save files before so now they would be able to interact with their data with more functionality\n\nChange button view to list view instead to integrate with delete functionality\n\nDelete will remove the file name from the list view but the file won\u0027t actually be deleted till the user move to new page.\nTherefore, the method for handling deletion of file needs to check the file names from the list view not the files in the\ndirectory\n\nOther things done in this commit:\n* Add JavaDoc to new methods\n* Add JavaDoc to new Class AlertBox\n* Add video demo of the current build\n","tags":["A-FullCommitMessage"],"fileTypesAndContributionMap":{"fxml":{"insertions":13,"deletions":9},"java":{"insertions":108,"deletions":28}}},{"hash":"1204d8eac3109fe59ca006ec26bcc2ce26c792ca","messageTitle":"Update README","messageBody":"Previous README does not reflect the current build of the chatbot\n\nAdd what more features done and video demo\n\nThe video demo should give the repo a better impression to visitors\n","fileTypesAndContributionMap":{"md":{"insertions":5,"deletions":3}}}]},{"date":"2021-09-12","commitResults":[{"hash":"ecb18822386c96ab7f5b07fc46801ff2bac2791e","messageTitle":"Use assert in non-custom exceptions","messageBody":"some exceptions can be easier deal with AssertionException\n\n### Other changes things included\n- [x] separate exceptions into sub-folder exceptions inside each folder\n- [x] fix bug where the same task is added but Alice doesn\u0027t print error to the screen\n","tags":["A-Assertions"],"fileTypesAndContributionMap":{"java":{"insertions":68,"deletions":58}}},{"hash":"571af450c466f747c9e480b118356d152ee5484b","messageTitle":"Improve code quality and refactor to improve readability and abstraction.","messageBody":"Long methods are now divided into smaller methods with better abstraction.\n\n### Highlight\n- Improve logic flow of AlertBox\n- Separate different commands into multiple private methods to make handling more logical and easier to navigate to different parts\n","tags":["A-CodeQuality"],"fileTypesAndContributionMap":{"java":{"insertions":246,"deletions":175}}},{"hash":"9b2a903ef23c586c75e425f38e2fcc302b29f0f8","messageTitle":"Fix javaDoc and indentations.","messageBody":"For better file formatting.\n","fileTypesAndContributionMap":{"java":{"insertions":12,"deletions":8}}},{"hash":"78068f1f29451e5b5886ccbd3be64a6ac6b296a1","messageTitle":"Refactor the main logic of the app.","messageBody":"The previous versions contain many too convoluted flow of the program which highly decrease the efficiency of the program\n","fileTypesAndContributionMap":{"java":{"insertions":120,"deletions":404}}},{"hash":"4324acdd4b20c74a57d631d24b005b6fb5a49af5","messageTitle":"Repackage task to be inside of model and add Vocab classes","messageBody":"task package originally exist on the same level as other package, now it is inside model package for better orgnaization\n","fileTypesAndContributionMap":{"java":{"insertions":268,"deletions":86},"sh":{"insertions":1,"deletions":1},"md":{"insertions":1,"deletions":1}}},{"hash":"38c93449595bf6c6782ee2c9846d5338ab534732","messageTitle":"Add learn and unlearn commands for the user to teach Alice or make Alice forget about certain custom commands.","messageBody":"Alice would now be able to respond to user with specific phrase once the user have taught Alice what to respond.\nThis could prove to be useful for user to teach Alice a specific phrase and to respond accordingly.\n\nThe update also comes with unlearn functionality to make Alice more intuitively usable.\n\nNote:\n- User cannot teach Alice the command that Alice already know as Alice will respond back that the vocabulary user is trying to teach is untouchable\n- User cannot teach the vocabulary that Alice already knows\n- User cannot unteach/make Alice unlearn a vocabulary that she does not recognize or is a default command\n","tags":["D-Trivia"],"fileTypesAndContributionMap":{"java":{"insertions":283,"deletions":80}}}]}]},"authorFileTypeContributionMap":{"kanjitp":{"java":2677,"md":26,"fxml":87,"sh":31,"bat":0,"gradle":24,"txt":26}},"authorContributionVariance":{"kanjitp":207983.03},"authorDisplayNameMap":{"kanjitp":"CS2103T-T10-2 KAN ..AKDI"}}
