[{"path":"src/main/java/Deadline.java","fileType":"java","lines":[{"lineNumber":1,"author":{"gitId":"greyguy21"},"content":"public class Deadline extends Task{","lastModifiedDate":"2021-08-17"},{"lineNumber":2,"author":{"gitId":"greyguy21"},"content":"    String by;","lastModifiedDate":"2021-08-17"},{"lineNumber":3,"author":{"gitId":"greyguy21"},"content":"","lastModifiedDate":"2021-08-17"},{"lineNumber":4,"author":{"gitId":"greyguy21"},"content":"    public Deadline(String name, String by) {","lastModifiedDate":"2021-08-17"},{"lineNumber":5,"author":{"gitId":"greyguy21"},"content":"        super(name);","lastModifiedDate":"2021-08-17"},{"lineNumber":6,"author":{"gitId":"greyguy21"},"content":"        this.by \u003d by;","lastModifiedDate":"2021-08-17"},{"lineNumber":7,"author":{"gitId":"greyguy21"},"content":"    }","lastModifiedDate":"2021-08-17"},{"lineNumber":8,"author":{"gitId":"greyguy21"},"content":"","lastModifiedDate":"2021-08-17"},{"lineNumber":9,"author":{"gitId":"greyguy21"},"content":"    @Override","lastModifiedDate":"2021-08-17"},{"lineNumber":10,"author":{"gitId":"greyguy21"},"content":"    public String toString() {","lastModifiedDate":"2021-08-17"},{"lineNumber":11,"author":{"gitId":"greyguy21"},"content":"        return String.format(\"[D]%s(by:%s)\", super.toString(), this.by);","lastModifiedDate":"2021-08-17"},{"lineNumber":12,"author":{"gitId":"greyguy21"},"content":"    }","lastModifiedDate":"2021-08-17"},{"lineNumber":13,"author":{"gitId":"greyguy21"},"content":"","lastModifiedDate":"2021-08-17"},{"lineNumber":14,"author":{"gitId":"greyguy21"},"content":"}","lastModifiedDate":"2021-08-17"}],"authorContributionMap":{"greyguy21":14}},{"path":"src/main/java/DoneEmptyException.java","fileType":"java","lines":[{"lineNumber":1,"author":{"gitId":"greyguy21"},"content":"public class DoneEmptyException extends DukeException {","lastModifiedDate":"2021-08-18"},{"lineNumber":2,"author":{"gitId":"greyguy21"},"content":"    public DoneEmptyException(String msg) {","lastModifiedDate":"2021-08-18"},{"lineNumber":3,"author":{"gitId":"greyguy21"},"content":"        super(msg);","lastModifiedDate":"2021-08-18"},{"lineNumber":4,"author":{"gitId":"greyguy21"},"content":"    }","lastModifiedDate":"2021-08-18"},{"lineNumber":5,"author":{"gitId":"greyguy21"},"content":"","lastModifiedDate":"2021-08-18"},{"lineNumber":6,"author":{"gitId":"greyguy21"},"content":"    @Override","lastModifiedDate":"2021-08-18"},{"lineNumber":7,"author":{"gitId":"greyguy21"},"content":"    public void printError() {","lastModifiedDate":"2021-08-18"},{"lineNumber":8,"author":{"gitId":"greyguy21"},"content":"        System.out.println(\"( ⚆ _ ⚆ ) OOPS!!! Please enter a task number!\");","lastModifiedDate":"2021-08-18"},{"lineNumber":9,"author":{"gitId":"greyguy21"},"content":"    }","lastModifiedDate":"2021-08-18"},{"lineNumber":10,"author":{"gitId":"greyguy21"},"content":"}","lastModifiedDate":"2021-08-18"}],"authorContributionMap":{"greyguy21":10}},{"path":"src/main/java/Duke.java","fileType":"java","lines":[{"lineNumber":1,"author":{"gitId":"greyguy21"},"content":"import java.util.ArrayList;","lastModifiedDate":"2021-08-17"},{"lineNumber":2,"author":{"gitId":"greyguy21"},"content":"import java.util.Scanner;","lastModifiedDate":"2021-08-17"},{"lineNumber":3,"author":{"gitId":"greyguy21"},"content":"","lastModifiedDate":"2021-08-17"},{"lineNumber":4,"author":{"gitId":"-"},"content":"public class Duke {","lastModifiedDate":"2019-07-29"},{"lineNumber":5,"author":{"gitId":"-"},"content":"    public static void main(String[] args) {","lastModifiedDate":"2019-07-29"},{"lineNumber":6,"author":{"gitId":"greyguy21"},"content":"//        String logo \u003d \" ____        _        \\n\"","lastModifiedDate":"2021-08-17"},{"lineNumber":7,"author":{"gitId":"greyguy21"},"content":"//                + \"|  _ \\\\ _   _| | _____ \\n\"","lastModifiedDate":"2021-08-17"},{"lineNumber":8,"author":{"gitId":"greyguy21"},"content":"//                + \"| | | | | | | |/ / _ \\\\\\n\"","lastModifiedDate":"2021-08-17"},{"lineNumber":9,"author":{"gitId":"greyguy21"},"content":"//                + \"| |_| | |_| |   \u003c  __/\\n\"","lastModifiedDate":"2021-08-17"},{"lineNumber":10,"author":{"gitId":"greyguy21"},"content":"//                + \"|____/ \\\\__,_|_|\\\\_\\\\___|\\n\";","lastModifiedDate":"2021-08-17"},{"lineNumber":11,"author":{"gitId":"greyguy21"},"content":"//        System.out.println(\"Hello from\\n\" + logo);","lastModifiedDate":"2021-08-17"},{"lineNumber":12,"author":{"gitId":"greyguy21"},"content":"        start();","lastModifiedDate":"2021-08-17"},{"lineNumber":13,"author":{"gitId":"greyguy21"},"content":"    }","lastModifiedDate":"2021-08-17"},{"lineNumber":14,"author":{"gitId":"greyguy21"},"content":"","lastModifiedDate":"2021-08-17"},{"lineNumber":15,"author":{"gitId":"greyguy21"},"content":"    private static void start() {","lastModifiedDate":"2021-08-17"},{"lineNumber":16,"author":{"gitId":"greyguy21"},"content":"        try {","lastModifiedDate":"2021-08-18"},{"lineNumber":17,"author":{"gitId":"greyguy21"},"content":"            Scanner sc \u003d new Scanner(System.in);","lastModifiedDate":"2021-08-17"},{"lineNumber":18,"author":{"gitId":"greyguy21"},"content":"            ArrayList\u003cTask\u003e list \u003d new ArrayList\u003c\u003e();","lastModifiedDate":"2021-08-17"},{"lineNumber":19,"author":{"gitId":"greyguy21"},"content":"            System.out.println(\"Hello! I\u0027m Duke\\n\" + \"What can I do for you?\");","lastModifiedDate":"2021-08-17"},{"lineNumber":20,"author":{"gitId":"greyguy21"},"content":"            while (sc.hasNext()) {","lastModifiedDate":"2021-08-17"},{"lineNumber":21,"author":{"gitId":"greyguy21"},"content":"                String s \u003d sc.nextLine();","lastModifiedDate":"2021-08-17"},{"lineNumber":22,"author":{"gitId":"greyguy21"},"content":"                if (s.equals(\"bye\")) {","lastModifiedDate":"2021-08-17"},{"lineNumber":23,"author":{"gitId":"greyguy21"},"content":"                    exit();","lastModifiedDate":"2021-08-17"},{"lineNumber":24,"author":{"gitId":"greyguy21"},"content":"                    break;","lastModifiedDate":"2021-08-17"},{"lineNumber":25,"author":{"gitId":"greyguy21"},"content":"                } else if (s.equals(\"list\")) {","lastModifiedDate":"2021-08-18"},{"lineNumber":26,"author":{"gitId":"greyguy21"},"content":"                    list(list);","lastModifiedDate":"2021-08-17"},{"lineNumber":27,"author":{"gitId":"greyguy21"},"content":"                } else if (s.contains(\"done\")) {","lastModifiedDate":"2021-08-18"},{"lineNumber":28,"author":{"gitId":"greyguy21"},"content":"                    int num \u003d getNum(s, list.size());","lastModifiedDate":"2021-08-18"},{"lineNumber":29,"author":{"gitId":"greyguy21"},"content":"                    if (num !\u003d -1) {","lastModifiedDate":"2021-08-17"},{"lineNumber":30,"author":{"gitId":"greyguy21"},"content":"                        done(list, num);","lastModifiedDate":"2021-08-17"},{"lineNumber":31,"author":{"gitId":"greyguy21"},"content":"                    }","lastModifiedDate":"2021-08-17"},{"lineNumber":32,"author":{"gitId":"greyguy21"},"content":"                } else if (s.contains(\"todo\")) {","lastModifiedDate":"2021-08-18"},{"lineNumber":33,"author":{"gitId":"greyguy21"},"content":"                    todo(s, list);","lastModifiedDate":"2021-08-17"},{"lineNumber":34,"author":{"gitId":"greyguy21"},"content":"                } else if (s.contains(\"deadline\")) {","lastModifiedDate":"2021-08-18"},{"lineNumber":35,"author":{"gitId":"greyguy21"},"content":"                    deadline(s, list);","lastModifiedDate":"2021-08-17"},{"lineNumber":36,"author":{"gitId":"greyguy21"},"content":"                } else if (s.contains(\"event\")) {","lastModifiedDate":"2021-08-18"},{"lineNumber":37,"author":{"gitId":"greyguy21"},"content":"                    event(s, list);","lastModifiedDate":"2021-08-17"},{"lineNumber":38,"author":{"gitId":"greyguy21"},"content":"                } else if (s.contains(\"delete\")) {","lastModifiedDate":"2021-08-18"},{"lineNumber":39,"author":{"gitId":"greyguy21"},"content":"                    int num \u003d getNum(s, list.size());","lastModifiedDate":"2021-08-18"},{"lineNumber":40,"author":{"gitId":"greyguy21"},"content":"                    if (num !\u003d -1) {","lastModifiedDate":"2021-08-18"},{"lineNumber":41,"author":{"gitId":"greyguy21"},"content":"                        delete(list, num);","lastModifiedDate":"2021-08-18"},{"lineNumber":42,"author":{"gitId":"greyguy21"},"content":"                    }","lastModifiedDate":"2021-08-18"},{"lineNumber":43,"author":{"gitId":"greyguy21"},"content":"                } else {","lastModifiedDate":"2021-08-18"},{"lineNumber":44,"author":{"gitId":"greyguy21"},"content":"                    invalidEntry();","lastModifiedDate":"2021-08-18"},{"lineNumber":45,"author":{"gitId":"greyguy21"},"content":"                }","lastModifiedDate":"2021-08-17"},{"lineNumber":46,"author":{"gitId":"greyguy21"},"content":"            }","lastModifiedDate":"2021-08-17"},{"lineNumber":47,"author":{"gitId":"greyguy21"},"content":"            sc.close();","lastModifiedDate":"2021-08-17"},{"lineNumber":48,"author":{"gitId":"greyguy21"},"content":"        } catch (DukeException e) {","lastModifiedDate":"2021-08-18"},{"lineNumber":49,"author":{"gitId":"greyguy21"},"content":"            e.printError();","lastModifiedDate":"2021-08-18"},{"lineNumber":50,"author":{"gitId":"greyguy21"},"content":"        }","lastModifiedDate":"2021-08-18"},{"lineNumber":51,"author":{"gitId":"greyguy21"},"content":"    }","lastModifiedDate":"2021-08-17"},{"lineNumber":52,"author":{"gitId":"greyguy21"},"content":"","lastModifiedDate":"2021-08-17"},{"lineNumber":53,"author":{"gitId":"greyguy21"},"content":"","lastModifiedDate":"2021-08-17"},{"lineNumber":54,"author":{"gitId":"greyguy21"},"content":"//    private static void echo(String s) {","lastModifiedDate":"2021-08-17"},{"lineNumber":55,"author":{"gitId":"greyguy21"},"content":"//        System.out.println(\"added: \" + s);","lastModifiedDate":"2021-08-17"},{"lineNumber":56,"author":{"gitId":"greyguy21"},"content":"//    }","lastModifiedDate":"2021-08-17"},{"lineNumber":57,"author":{"gitId":"greyguy21"},"content":"    private static void invalidEntry() throws DukeInvalidException {","lastModifiedDate":"2021-08-18"},{"lineNumber":58,"author":{"gitId":"greyguy21"},"content":"        try {","lastModifiedDate":"2021-08-18"},{"lineNumber":59,"author":{"gitId":"greyguy21"},"content":"            throw new DukeInvalidException(\"error\");","lastModifiedDate":"2021-08-18"},{"lineNumber":60,"author":{"gitId":"greyguy21"},"content":"        } catch (DukeException e) {","lastModifiedDate":"2021-08-18"},{"lineNumber":61,"author":{"gitId":"greyguy21"},"content":"            e.printError();","lastModifiedDate":"2021-08-18"},{"lineNumber":62,"author":{"gitId":"greyguy21"},"content":"        }","lastModifiedDate":"2021-08-18"},{"lineNumber":63,"author":{"gitId":"greyguy21"},"content":"    }","lastModifiedDate":"2021-08-18"},{"lineNumber":64,"author":{"gitId":"greyguy21"},"content":"","lastModifiedDate":"2021-08-17"},{"lineNumber":65,"author":{"gitId":"greyguy21"},"content":"    private static void delete(ArrayList\u003cTask\u003e list, int num) {","lastModifiedDate":"2021-08-18"},{"lineNumber":66,"author":{"gitId":"greyguy21"},"content":"        Task task \u003d list.get(num - 1);","lastModifiedDate":"2021-08-18"},{"lineNumber":67,"author":{"gitId":"greyguy21"},"content":"        list.remove(task);","lastModifiedDate":"2021-08-18"},{"lineNumber":68,"author":{"gitId":"greyguy21"},"content":"        String t \u003d list.size() \u003d\u003d 1 ? \"task\" : \"tasks\";","lastModifiedDate":"2021-08-18"},{"lineNumber":69,"author":{"gitId":"greyguy21"},"content":"        System.out.printf(\"Noted.I\u0027ve removed this task:\\n%s\\nNow you have %d %s in the list\\n\",","lastModifiedDate":"2021-08-18"},{"lineNumber":70,"author":{"gitId":"greyguy21"},"content":"                task, list.size(), t);","lastModifiedDate":"2021-08-18"},{"lineNumber":71,"author":{"gitId":"greyguy21"},"content":"    }","lastModifiedDate":"2021-08-18"},{"lineNumber":72,"author":{"gitId":"greyguy21"},"content":"","lastModifiedDate":"2021-08-18"},{"lineNumber":73,"author":{"gitId":"greyguy21"},"content":"    private static void todo(String s, ArrayList\u003cTask\u003e list) {","lastModifiedDate":"2021-08-17"},{"lineNumber":74,"author":{"gitId":"greyguy21"},"content":"        try {","lastModifiedDate":"2021-08-18"},{"lineNumber":75,"author":{"gitId":"greyguy21"},"content":"            String name \u003d getName(s);","lastModifiedDate":"2021-08-17"},{"lineNumber":76,"author":{"gitId":"greyguy21"},"content":"            if (!name.equals(\"\")) {","lastModifiedDate":"2021-08-17"},{"lineNumber":77,"author":{"gitId":"greyguy21"},"content":"                ToDo todo \u003d new ToDo(name);","lastModifiedDate":"2021-08-17"},{"lineNumber":78,"author":{"gitId":"greyguy21"},"content":"                list.add(todo);","lastModifiedDate":"2021-08-17"},{"lineNumber":79,"author":{"gitId":"greyguy21"},"content":"                echo(todo, list.size());","lastModifiedDate":"2021-08-17"},{"lineNumber":80,"author":{"gitId":"greyguy21"},"content":"            }","lastModifiedDate":"2021-08-17"},{"lineNumber":81,"author":{"gitId":"greyguy21"},"content":"        } catch (DukeException e) {","lastModifiedDate":"2021-08-18"},{"lineNumber":82,"author":{"gitId":"greyguy21"},"content":"            e.printError();","lastModifiedDate":"2021-08-18"},{"lineNumber":83,"author":{"gitId":"greyguy21"},"content":"        }","lastModifiedDate":"2021-08-18"},{"lineNumber":84,"author":{"gitId":"greyguy21"},"content":"    }","lastModifiedDate":"2021-08-17"},{"lineNumber":85,"author":{"gitId":"greyguy21"},"content":"","lastModifiedDate":"2021-08-17"},{"lineNumber":86,"author":{"gitId":"greyguy21"},"content":"    private static void deadline(String s, ArrayList\u003cTask\u003e list) throws TaskNoDateTimeException, TaskNoNameException {","lastModifiedDate":"2021-08-18"},{"lineNumber":87,"author":{"gitId":"greyguy21"},"content":"        try {","lastModifiedDate":"2021-08-18"},{"lineNumber":88,"author":{"gitId":"greyguy21"},"content":"            String description \u003d getName(s);","lastModifiedDate":"2021-08-18"},{"lineNumber":89,"author":{"gitId":"greyguy21"},"content":"            if (!description.equals(\"\") \u0026\u0026 !description.equals(\"/by\")","lastModifiedDate":"2021-08-18"},{"lineNumber":90,"author":{"gitId":"greyguy21"},"content":"                    \u0026\u0026 !(description.startsWith(\"/by\") \u0026\u0026 description.endsWith(\" \"))","lastModifiedDate":"2021-08-18"},{"lineNumber":91,"author":{"gitId":"greyguy21"},"content":"                    \u0026\u0026 !(description.startsWith(\" \") \u0026\u0026 description.endsWith(\"/by\"))) {","lastModifiedDate":"2021-08-18"},{"lineNumber":92,"author":{"gitId":"greyguy21"},"content":"                if (description.contains(\"/by\")) {","lastModifiedDate":"2021-08-18"},{"lineNumber":93,"author":{"gitId":"greyguy21"},"content":"                    if(description.startsWith(\"/by\")) {","lastModifiedDate":"2021-08-18"},{"lineNumber":94,"author":{"gitId":"greyguy21"},"content":"                        throw new TaskNoNameException(\"error\", \"deadline\");","lastModifiedDate":"2021-08-18"},{"lineNumber":95,"author":{"gitId":"greyguy21"},"content":"                    } else if (description.endsWith(\"/by\")) {","lastModifiedDate":"2021-08-18"},{"lineNumber":96,"author":{"gitId":"greyguy21"},"content":"                        throw new TaskNoDateTimeException(\"error\", \"deadline\");","lastModifiedDate":"2021-08-18"},{"lineNumber":97,"author":{"gitId":"greyguy21"},"content":"                    } else {","lastModifiedDate":"2021-08-18"},{"lineNumber":98,"author":{"gitId":"greyguy21"},"content":"                        String[] parts \u003d description.split(\"/by\");","lastModifiedDate":"2021-08-18"},{"lineNumber":99,"author":{"gitId":"greyguy21"},"content":"                        if (parts[0].equals(\" \")) {","lastModifiedDate":"2021-08-18"},{"lineNumber":100,"author":{"gitId":"greyguy21"},"content":"                            throw new TaskNoNameException(\"error\", \"deadline\");","lastModifiedDate":"2021-08-18"},{"lineNumber":101,"author":{"gitId":"greyguy21"},"content":"                        } else if (parts[1].equals(\" \")) {","lastModifiedDate":"2021-08-18"},{"lineNumber":102,"author":{"gitId":"greyguy21"},"content":"                            throw new TaskNoDateTimeException(\"error\", \"deadline\");","lastModifiedDate":"2021-08-18"},{"lineNumber":103,"author":{"gitId":"greyguy21"},"content":"                        } else {","lastModifiedDate":"2021-08-18"},{"lineNumber":104,"author":{"gitId":"greyguy21"},"content":"                            Deadline deadline \u003d new Deadline(parts[0], parts[1]);","lastModifiedDate":"2021-08-18"},{"lineNumber":105,"author":{"gitId":"greyguy21"},"content":"                            list.add(deadline);","lastModifiedDate":"2021-08-17"},{"lineNumber":106,"author":{"gitId":"greyguy21"},"content":"                            echo(deadline, list.size());","lastModifiedDate":"2021-08-17"},{"lineNumber":107,"author":{"gitId":"greyguy21"},"content":"                        }","lastModifiedDate":"2021-08-17"},{"lineNumber":108,"author":{"gitId":"greyguy21"},"content":"                    }","lastModifiedDate":"2021-08-17"},{"lineNumber":109,"author":{"gitId":"greyguy21"},"content":"                } else {","lastModifiedDate":"2021-08-18"},{"lineNumber":110,"author":{"gitId":"greyguy21"},"content":"                    throw new TaskNoDateTimeException(\"error\", \"deadline\");","lastModifiedDate":"2021-08-18"},{"lineNumber":111,"author":{"gitId":"greyguy21"},"content":"                }","lastModifiedDate":"2021-08-18"},{"lineNumber":112,"author":{"gitId":"greyguy21"},"content":"            } else {","lastModifiedDate":"2021-08-18"},{"lineNumber":113,"author":{"gitId":"greyguy21"},"content":"                throw new DukeEmptyException(\"error\", \"deadline\");","lastModifiedDate":"2021-08-18"},{"lineNumber":114,"author":{"gitId":"greyguy21"},"content":"            }","lastModifiedDate":"2021-08-18"},{"lineNumber":115,"author":{"gitId":"greyguy21"},"content":"        } catch (DukeException e) {","lastModifiedDate":"2021-08-18"},{"lineNumber":116,"author":{"gitId":"greyguy21"},"content":"            e.printError();","lastModifiedDate":"2021-08-18"},{"lineNumber":117,"author":{"gitId":"greyguy21"},"content":"        }","lastModifiedDate":"2021-08-18"},{"lineNumber":118,"author":{"gitId":"greyguy21"},"content":"    }","lastModifiedDate":"2021-08-17"},{"lineNumber":119,"author":{"gitId":"greyguy21"},"content":"","lastModifiedDate":"2021-08-17"},{"lineNumber":120,"author":{"gitId":"greyguy21"},"content":"    private static void event(String s, ArrayList\u003cTask\u003e list) throws TaskNoNameException, TaskNoDateTimeException {","lastModifiedDate":"2021-08-18"},{"lineNumber":121,"author":{"gitId":"greyguy21"},"content":"        try {","lastModifiedDate":"2021-08-18"},{"lineNumber":122,"author":{"gitId":"greyguy21"},"content":"            String description \u003d getName(s);","lastModifiedDate":"2021-08-18"},{"lineNumber":123,"author":{"gitId":"greyguy21"},"content":"            if (!description.equals(\"\") \u0026\u0026 !description.equals(\"/at\")","lastModifiedDate":"2021-08-18"},{"lineNumber":124,"author":{"gitId":"greyguy21"},"content":"                    \u0026\u0026 !(description.startsWith(\"/at\") \u0026\u0026 description.endsWith(\" \"))","lastModifiedDate":"2021-08-18"},{"lineNumber":125,"author":{"gitId":"greyguy21"},"content":"                    \u0026\u0026 !(description.startsWith(\" \") \u0026\u0026 description.endsWith(\"/at\"))) {","lastModifiedDate":"2021-08-18"},{"lineNumber":126,"author":{"gitId":"greyguy21"},"content":"                if (description.contains(\"/at\")) {","lastModifiedDate":"2021-08-18"},{"lineNumber":127,"author":{"gitId":"greyguy21"},"content":"                    if(description.startsWith(\"/at\")) {","lastModifiedDate":"2021-08-18"},{"lineNumber":128,"author":{"gitId":"greyguy21"},"content":"                        throw new TaskNoNameException(\"error\", \"event\");","lastModifiedDate":"2021-08-18"},{"lineNumber":129,"author":{"gitId":"greyguy21"},"content":"                    } else if (description.endsWith(\"/at\")) {","lastModifiedDate":"2021-08-18"},{"lineNumber":130,"author":{"gitId":"greyguy21"},"content":"                        throw new TaskNoDateTimeException(\"error\", \"event\");","lastModifiedDate":"2021-08-18"},{"lineNumber":131,"author":{"gitId":"greyguy21"},"content":"                    } else {","lastModifiedDate":"2021-08-18"},{"lineNumber":132,"author":{"gitId":"greyguy21"},"content":"                        String[] parts \u003d description.split(\"/at\");","lastModifiedDate":"2021-08-18"},{"lineNumber":133,"author":{"gitId":"greyguy21"},"content":"                        if (parts[0].equals(\" \")) {","lastModifiedDate":"2021-08-18"},{"lineNumber":134,"author":{"gitId":"greyguy21"},"content":"                            throw new TaskNoNameException(\"error\", \"event\");","lastModifiedDate":"2021-08-18"},{"lineNumber":135,"author":{"gitId":"greyguy21"},"content":"                        } else if (parts[1].equals(\" \")) {","lastModifiedDate":"2021-08-18"},{"lineNumber":136,"author":{"gitId":"greyguy21"},"content":"                            throw new TaskNoDateTimeException(\"error\", \"event\");","lastModifiedDate":"2021-08-18"},{"lineNumber":137,"author":{"gitId":"greyguy21"},"content":"                        } else {","lastModifiedDate":"2021-08-18"},{"lineNumber":138,"author":{"gitId":"greyguy21"},"content":"                            Event event \u003d new Event(parts[0], parts[1]);","lastModifiedDate":"2021-08-18"},{"lineNumber":139,"author":{"gitId":"greyguy21"},"content":"                            list.add(event);","lastModifiedDate":"2021-08-17"},{"lineNumber":140,"author":{"gitId":"greyguy21"},"content":"                            echo(event, list.size());","lastModifiedDate":"2021-08-17"},{"lineNumber":141,"author":{"gitId":"greyguy21"},"content":"                        }","lastModifiedDate":"2021-08-17"},{"lineNumber":142,"author":{"gitId":"greyguy21"},"content":"                    }","lastModifiedDate":"2021-08-17"},{"lineNumber":143,"author":{"gitId":"greyguy21"},"content":"                } else {","lastModifiedDate":"2021-08-18"},{"lineNumber":144,"author":{"gitId":"greyguy21"},"content":"                    throw new TaskNoDateTimeException(\"error\", \"event\");","lastModifiedDate":"2021-08-18"},{"lineNumber":145,"author":{"gitId":"greyguy21"},"content":"                }","lastModifiedDate":"2021-08-18"},{"lineNumber":146,"author":{"gitId":"greyguy21"},"content":"            } else {","lastModifiedDate":"2021-08-18"},{"lineNumber":147,"author":{"gitId":"greyguy21"},"content":"                throw new DukeEmptyException(\"error\", \"event\");","lastModifiedDate":"2021-08-18"},{"lineNumber":148,"author":{"gitId":"greyguy21"},"content":"            }","lastModifiedDate":"2021-08-18"},{"lineNumber":149,"author":{"gitId":"greyguy21"},"content":"        } catch (DukeException e) {","lastModifiedDate":"2021-08-18"},{"lineNumber":150,"author":{"gitId":"greyguy21"},"content":"            e.printError();","lastModifiedDate":"2021-08-18"},{"lineNumber":151,"author":{"gitId":"greyguy21"},"content":"        }","lastModifiedDate":"2021-08-18"},{"lineNumber":152,"author":{"gitId":"greyguy21"},"content":"    }","lastModifiedDate":"2021-08-17"},{"lineNumber":153,"author":{"gitId":"greyguy21"},"content":"","lastModifiedDate":"2021-08-17"},{"lineNumber":154,"author":{"gitId":"greyguy21"},"content":"    private static void echo(Task task, int size) {","lastModifiedDate":"2021-08-17"},{"lineNumber":155,"author":{"gitId":"greyguy21"},"content":"        String t \u003d size \u003d\u003d 1 ? \"task\" : \"tasks\";","lastModifiedDate":"2021-08-17"},{"lineNumber":156,"author":{"gitId":"greyguy21"},"content":"        System.out.printf(\"Got it. I\u0027ve added this task:\\n%s\\nNow you have %d %s in the list.\\n\",","lastModifiedDate":"2021-08-17"},{"lineNumber":157,"author":{"gitId":"greyguy21"},"content":"                task.toString(), size, t);","lastModifiedDate":"2021-08-17"},{"lineNumber":158,"author":{"gitId":"greyguy21"},"content":"    }","lastModifiedDate":"2021-08-17"},{"lineNumber":159,"author":{"gitId":"greyguy21"},"content":"","lastModifiedDate":"2021-08-17"},{"lineNumber":160,"author":{"gitId":"greyguy21"},"content":"    private static void exit() {","lastModifiedDate":"2021-08-17"},{"lineNumber":161,"author":{"gitId":"greyguy21"},"content":"        System.out.println(\"Bye. Hope to see you again soon!\");","lastModifiedDate":"2021-08-17"},{"lineNumber":162,"author":{"gitId":"-"},"content":"    }","lastModifiedDate":"2019-07-29"},{"lineNumber":163,"author":{"gitId":"greyguy21"},"content":"","lastModifiedDate":"2021-08-17"},{"lineNumber":164,"author":{"gitId":"greyguy21"},"content":"    private static void list(ArrayList\u003cTask\u003e list) {","lastModifiedDate":"2021-08-17"},{"lineNumber":165,"author":{"gitId":"greyguy21"},"content":"        System.out.println(\"Here are the tasks in your list:\");","lastModifiedDate":"2021-08-17"},{"lineNumber":166,"author":{"gitId":"greyguy21"},"content":"        for (int i \u003d 0; i \u003c list.size(); i++) {","lastModifiedDate":"2021-08-17"},{"lineNumber":167,"author":{"gitId":"greyguy21"},"content":"            Task s \u003d list.get(i);","lastModifiedDate":"2021-08-17"},{"lineNumber":168,"author":{"gitId":"greyguy21"},"content":"            System.out.printf(\"%d.%s%n\", i + 1, s);","lastModifiedDate":"2021-08-17"},{"lineNumber":169,"author":{"gitId":"greyguy21"},"content":"        }","lastModifiedDate":"2021-08-17"},{"lineNumber":170,"author":{"gitId":"greyguy21"},"content":"    }","lastModifiedDate":"2021-08-17"},{"lineNumber":171,"author":{"gitId":"greyguy21"},"content":"","lastModifiedDate":"2021-08-17"},{"lineNumber":172,"author":{"gitId":"greyguy21"},"content":"    private static void done(ArrayList\u003cTask\u003e list, int num) {","lastModifiedDate":"2021-08-17"},{"lineNumber":173,"author":{"gitId":"greyguy21"},"content":"        Task task \u003d list.get(num - 1);","lastModifiedDate":"2021-08-17"},{"lineNumber":174,"author":{"gitId":"greyguy21"},"content":"        task.markAsDone();","lastModifiedDate":"2021-08-17"},{"lineNumber":175,"author":{"gitId":"greyguy21"},"content":"        System.out.println(\"Nice! I\u0027ve marked this task as done:\\n\" + task);","lastModifiedDate":"2021-08-17"},{"lineNumber":176,"author":{"gitId":"greyguy21"},"content":"    }","lastModifiedDate":"2021-08-17"},{"lineNumber":177,"author":{"gitId":"greyguy21"},"content":"","lastModifiedDate":"2021-08-17"},{"lineNumber":178,"author":{"gitId":"greyguy21"},"content":"    private static int getNum(String s, int size) throws DoneEmptyException, TaskDoesNotExistException {","lastModifiedDate":"2021-08-18"},{"lineNumber":179,"author":{"gitId":"greyguy21"},"content":"        try {","lastModifiedDate":"2021-08-18"},{"lineNumber":180,"author":{"gitId":"greyguy21"},"content":"            if ((!s.equals(\"done\") \u0026\u0026 s.contains(\" \")) || (!s.equals(\"delete\") \u0026\u0026 s.contains(\" \"))) {","lastModifiedDate":"2021-08-18"},{"lineNumber":181,"author":{"gitId":"greyguy21"},"content":"                String[] parts \u003d s.split(\" \", 2);","lastModifiedDate":"2021-08-18"},{"lineNumber":182,"author":{"gitId":"greyguy21"},"content":"                if (parts[0].equals(\"done\") || parts[0].equals(\"delete\")) {","lastModifiedDate":"2021-08-18"},{"lineNumber":183,"author":{"gitId":"greyguy21"},"content":"                    try {","lastModifiedDate":"2021-08-17"},{"lineNumber":184,"author":{"gitId":"greyguy21"},"content":"                        int num \u003d Integer.parseInt(parts[1]);","lastModifiedDate":"2021-08-17"},{"lineNumber":185,"author":{"gitId":"greyguy21"},"content":"                        if (num \u003c\u003d 0 || num \u003e size) {","lastModifiedDate":"2021-08-18"},{"lineNumber":186,"author":{"gitId":"greyguy21"},"content":"                            throw new TaskDoesNotExistException(\"error\");","lastModifiedDate":"2021-08-18"},{"lineNumber":187,"author":{"gitId":"greyguy21"},"content":"                        } else {","lastModifiedDate":"2021-08-18"},{"lineNumber":188,"author":{"gitId":"greyguy21"},"content":"                            return num;","lastModifiedDate":"2021-08-18"},{"lineNumber":189,"author":{"gitId":"greyguy21"},"content":"                        }","lastModifiedDate":"2021-08-18"},{"lineNumber":190,"author":{"gitId":"greyguy21"},"content":"                    } catch (NumberFormatException nfe) {","lastModifiedDate":"2021-08-17"},{"lineNumber":191,"author":{"gitId":"greyguy21"},"content":"                        System.out.println(\"( ⚆ _ ⚆ ) OOPS!!! Please enter a valid task number!\");","lastModifiedDate":"2021-08-18"},{"lineNumber":192,"author":{"gitId":"greyguy21"},"content":"                        return -1;","lastModifiedDate":"2021-08-18"},{"lineNumber":193,"author":{"gitId":"greyguy21"},"content":"                    }","lastModifiedDate":"2021-08-18"},{"lineNumber":194,"author":{"gitId":"greyguy21"},"content":"                }","lastModifiedDate":"2021-08-18"},{"lineNumber":195,"author":{"gitId":"greyguy21"},"content":"                return -1;","lastModifiedDate":"2021-08-17"},{"lineNumber":196,"author":{"gitId":"greyguy21"},"content":"            } else {","lastModifiedDate":"2021-08-18"},{"lineNumber":197,"author":{"gitId":"greyguy21"},"content":"                throw new DoneEmptyException(\"error\");","lastModifiedDate":"2021-08-18"},{"lineNumber":198,"author":{"gitId":"greyguy21"},"content":"            }","lastModifiedDate":"2021-08-17"},{"lineNumber":199,"author":{"gitId":"greyguy21"},"content":"        } catch (DukeException e) {","lastModifiedDate":"2021-08-18"},{"lineNumber":200,"author":{"gitId":"greyguy21"},"content":"            e.printError();","lastModifiedDate":"2021-08-18"},{"lineNumber":201,"author":{"gitId":"greyguy21"},"content":"        }","lastModifiedDate":"2021-08-17"},{"lineNumber":202,"author":{"gitId":"greyguy21"},"content":"        return -1;","lastModifiedDate":"2021-08-17"},{"lineNumber":203,"author":{"gitId":"greyguy21"},"content":"    }","lastModifiedDate":"2021-08-17"},{"lineNumber":204,"author":{"gitId":"greyguy21"},"content":"","lastModifiedDate":"2021-08-17"},{"lineNumber":205,"author":{"gitId":"greyguy21"},"content":"    private static String getName(String s) throws DukeEmptyException {","lastModifiedDate":"2021-08-18"},{"lineNumber":206,"author":{"gitId":"greyguy21"},"content":"        if (s.contains(\" \")) {","lastModifiedDate":"2021-08-18"},{"lineNumber":207,"author":{"gitId":"greyguy21"},"content":"            String[] parts \u003d s.split(\" \", 2);","lastModifiedDate":"2021-08-17"},{"lineNumber":208,"author":{"gitId":"greyguy21"},"content":"            if (parts[0].equals(\"todo\") || parts[0].equals(\"deadline\") || parts[0].equals(\"event\")) {","lastModifiedDate":"2021-08-17"},{"lineNumber":209,"author":{"gitId":"greyguy21"},"content":"                if (parts[1].equals(\"\")) {","lastModifiedDate":"2021-08-18"},{"lineNumber":210,"author":{"gitId":"greyguy21"},"content":"                    throw new DukeEmptyException(\"error\", parts[0]);","lastModifiedDate":"2021-08-18"},{"lineNumber":211,"author":{"gitId":"greyguy21"},"content":"                }","lastModifiedDate":"2021-08-18"},{"lineNumber":212,"author":{"gitId":"greyguy21"},"content":"                return parts[1];","lastModifiedDate":"2021-08-17"},{"lineNumber":213,"author":{"gitId":"greyguy21"},"content":"            }","lastModifiedDate":"2021-08-17"},{"lineNumber":214,"author":{"gitId":"greyguy21"},"content":"        } else {","lastModifiedDate":"2021-08-18"},{"lineNumber":215,"author":{"gitId":"greyguy21"},"content":"            throw new DukeEmptyException(\"error\", s);","lastModifiedDate":"2021-08-18"},{"lineNumber":216,"author":{"gitId":"greyguy21"},"content":"        }","lastModifiedDate":"2021-08-18"},{"lineNumber":217,"author":{"gitId":"greyguy21"},"content":"        return \"\";","lastModifiedDate":"2021-08-17"},{"lineNumber":218,"author":{"gitId":"-"},"content":"    }","lastModifiedDate":"2021-08-17"},{"lineNumber":219,"author":{"gitId":"-"},"content":"}","lastModifiedDate":"2019-07-29"}],"authorContributionMap":{"greyguy21":214,"-":5}},{"path":"src/main/java/DukeEmptyException.java","fileType":"java","lines":[{"lineNumber":1,"author":{"gitId":"greyguy21"},"content":"public class DukeEmptyException extends DukeException {","lastModifiedDate":"2021-08-18"},{"lineNumber":2,"author":{"gitId":"greyguy21"},"content":"    private String task;","lastModifiedDate":"2021-08-18"},{"lineNumber":3,"author":{"gitId":"greyguy21"},"content":"    public DukeEmptyException(String msg, String task) {","lastModifiedDate":"2021-08-18"},{"lineNumber":4,"author":{"gitId":"greyguy21"},"content":"        super(msg);","lastModifiedDate":"2021-08-18"},{"lineNumber":5,"author":{"gitId":"greyguy21"},"content":"        this.task \u003d task;","lastModifiedDate":"2021-08-18"},{"lineNumber":6,"author":{"gitId":"greyguy21"},"content":"    }","lastModifiedDate":"2021-08-18"},{"lineNumber":7,"author":{"gitId":"greyguy21"},"content":"","lastModifiedDate":"2021-08-18"},{"lineNumber":8,"author":{"gitId":"greyguy21"},"content":"    @Override","lastModifiedDate":"2021-08-18"},{"lineNumber":9,"author":{"gitId":"greyguy21"},"content":"    public void printError() {","lastModifiedDate":"2021-08-18"},{"lineNumber":10,"author":{"gitId":"greyguy21"},"content":"        System.out.printf(\"( ⚆ _ ⚆ ) OOPS!!! The description of a %s cannot be empty.\\n\", task);","lastModifiedDate":"2021-08-18"},{"lineNumber":11,"author":{"gitId":"greyguy21"},"content":"    }","lastModifiedDate":"2021-08-18"},{"lineNumber":12,"author":{"gitId":"greyguy21"},"content":"}","lastModifiedDate":"2021-08-18"}],"authorContributionMap":{"greyguy21":12}},{"path":"src/main/java/DukeException.java","fileType":"java","lines":[{"lineNumber":1,"author":{"gitId":"greyguy21"},"content":"public abstract class DukeException extends Exception{","lastModifiedDate":"2021-08-18"},{"lineNumber":2,"author":{"gitId":"greyguy21"},"content":"    public DukeException(String task) {","lastModifiedDate":"2021-08-18"},{"lineNumber":3,"author":{"gitId":"greyguy21"},"content":"        super(task);","lastModifiedDate":"2021-08-18"},{"lineNumber":4,"author":{"gitId":"greyguy21"},"content":"    }","lastModifiedDate":"2021-08-18"},{"lineNumber":5,"author":{"gitId":"greyguy21"},"content":"","lastModifiedDate":"2021-08-18"},{"lineNumber":6,"author":{"gitId":"greyguy21"},"content":"    public abstract void printError();","lastModifiedDate":"2021-08-18"},{"lineNumber":7,"author":{"gitId":"greyguy21"},"content":"}","lastModifiedDate":"2021-08-18"}],"authorContributionMap":{"greyguy21":7}},{"path":"src/main/java/DukeInvalidException.java","fileType":"java","lines":[{"lineNumber":1,"author":{"gitId":"greyguy21"},"content":"public class DukeInvalidException extends DukeException {","lastModifiedDate":"2021-08-18"},{"lineNumber":2,"author":{"gitId":"greyguy21"},"content":"    public DukeInvalidException(String msg) {","lastModifiedDate":"2021-08-18"},{"lineNumber":3,"author":{"gitId":"greyguy21"},"content":"        super(msg);","lastModifiedDate":"2021-08-18"},{"lineNumber":4,"author":{"gitId":"greyguy21"},"content":"    }","lastModifiedDate":"2021-08-18"},{"lineNumber":5,"author":{"gitId":"greyguy21"},"content":"","lastModifiedDate":"2021-08-18"},{"lineNumber":6,"author":{"gitId":"greyguy21"},"content":"    @Override","lastModifiedDate":"2021-08-18"},{"lineNumber":7,"author":{"gitId":"greyguy21"},"content":"    public void printError() {","lastModifiedDate":"2021-08-18"},{"lineNumber":8,"author":{"gitId":"greyguy21"},"content":"        System.out.println(\"( ⚆ _ ⚆ ) OOPS!!! I\u0027m sorry, but I don\u0027t know what that means :-(\");","lastModifiedDate":"2021-08-18"},{"lineNumber":9,"author":{"gitId":"greyguy21"},"content":"    }","lastModifiedDate":"2021-08-18"},{"lineNumber":10,"author":{"gitId":"greyguy21"},"content":"}","lastModifiedDate":"2021-08-18"}],"authorContributionMap":{"greyguy21":10}},{"path":"src/main/java/Event.java","fileType":"java","lines":[{"lineNumber":1,"author":{"gitId":"greyguy21"},"content":"public class Event extends Task {","lastModifiedDate":"2021-08-17"},{"lineNumber":2,"author":{"gitId":"greyguy21"},"content":"    String by;","lastModifiedDate":"2021-08-17"},{"lineNumber":3,"author":{"gitId":"greyguy21"},"content":"","lastModifiedDate":"2021-08-17"},{"lineNumber":4,"author":{"gitId":"greyguy21"},"content":"    public Event(String name, String by) {","lastModifiedDate":"2021-08-17"},{"lineNumber":5,"author":{"gitId":"greyguy21"},"content":"        super(name);","lastModifiedDate":"2021-08-17"},{"lineNumber":6,"author":{"gitId":"greyguy21"},"content":"        this.by \u003d by;","lastModifiedDate":"2021-08-17"},{"lineNumber":7,"author":{"gitId":"greyguy21"},"content":"    }","lastModifiedDate":"2021-08-17"},{"lineNumber":8,"author":{"gitId":"greyguy21"},"content":"","lastModifiedDate":"2021-08-17"},{"lineNumber":9,"author":{"gitId":"greyguy21"},"content":"    @Override","lastModifiedDate":"2021-08-17"},{"lineNumber":10,"author":{"gitId":"greyguy21"},"content":"    public String toString() {","lastModifiedDate":"2021-08-17"},{"lineNumber":11,"author":{"gitId":"greyguy21"},"content":"        return String.format(\"[E]%s(at:%s)\", super.toString(), this.by);","lastModifiedDate":"2021-08-17"},{"lineNumber":12,"author":{"gitId":"greyguy21"},"content":"    }","lastModifiedDate":"2021-08-17"},{"lineNumber":13,"author":{"gitId":"greyguy21"},"content":"}","lastModifiedDate":"2021-08-17"}],"authorContributionMap":{"greyguy21":13}},{"path":"src/main/java/Task.java","fileType":"java","lines":[{"lineNumber":1,"author":{"gitId":"greyguy21"},"content":"public class Task {","lastModifiedDate":"2021-08-17"},{"lineNumber":2,"author":{"gitId":"greyguy21"},"content":"    protected String name;","lastModifiedDate":"2021-08-17"},{"lineNumber":3,"author":{"gitId":"greyguy21"},"content":"    protected boolean isDone;","lastModifiedDate":"2021-08-17"},{"lineNumber":4,"author":{"gitId":"greyguy21"},"content":"","lastModifiedDate":"2021-08-17"},{"lineNumber":5,"author":{"gitId":"greyguy21"},"content":"    public Task(String name) {","lastModifiedDate":"2021-08-17"},{"lineNumber":6,"author":{"gitId":"greyguy21"},"content":"        this.name \u003d name;","lastModifiedDate":"2021-08-17"},{"lineNumber":7,"author":{"gitId":"greyguy21"},"content":"        this.isDone \u003d false;","lastModifiedDate":"2021-08-17"},{"lineNumber":8,"author":{"gitId":"greyguy21"},"content":"    }","lastModifiedDate":"2021-08-17"},{"lineNumber":9,"author":{"gitId":"greyguy21"},"content":"","lastModifiedDate":"2021-08-17"},{"lineNumber":10,"author":{"gitId":"greyguy21"},"content":"    // getter","lastModifiedDate":"2021-08-17"},{"lineNumber":11,"author":{"gitId":"greyguy21"},"content":"    public String getStatusIcon() {","lastModifiedDate":"2021-08-17"},{"lineNumber":12,"author":{"gitId":"greyguy21"},"content":"        return (isDone ? \"X\" : \" \");","lastModifiedDate":"2021-08-17"},{"lineNumber":13,"author":{"gitId":"greyguy21"},"content":"    }","lastModifiedDate":"2021-08-17"},{"lineNumber":14,"author":{"gitId":"greyguy21"},"content":"","lastModifiedDate":"2021-08-17"},{"lineNumber":15,"author":{"gitId":"greyguy21"},"content":"    // setter","lastModifiedDate":"2021-08-17"},{"lineNumber":16,"author":{"gitId":"greyguy21"},"content":"    public void markAsDone() {","lastModifiedDate":"2021-08-17"},{"lineNumber":17,"author":{"gitId":"greyguy21"},"content":"        isDone \u003d true;","lastModifiedDate":"2021-08-17"},{"lineNumber":18,"author":{"gitId":"greyguy21"},"content":"    }","lastModifiedDate":"2021-08-17"},{"lineNumber":19,"author":{"gitId":"greyguy21"},"content":"","lastModifiedDate":"2021-08-17"},{"lineNumber":20,"author":{"gitId":"greyguy21"},"content":"    @Override","lastModifiedDate":"2021-08-17"},{"lineNumber":21,"author":{"gitId":"greyguy21"},"content":"    public String toString() {","lastModifiedDate":"2021-08-17"},{"lineNumber":22,"author":{"gitId":"greyguy21"},"content":"        return String.format(\"[%s] %s\", this.getStatusIcon(), this.name);","lastModifiedDate":"2021-08-17"},{"lineNumber":23,"author":{"gitId":"greyguy21"},"content":"    }","lastModifiedDate":"2021-08-17"},{"lineNumber":24,"author":{"gitId":"greyguy21"},"content":"}","lastModifiedDate":"2021-08-17"}],"authorContributionMap":{"greyguy21":24}},{"path":"src/main/java/TaskDoesNotExistException.java","fileType":"java","lines":[{"lineNumber":1,"author":{"gitId":"greyguy21"},"content":"public class TaskDoesNotExistException extends DukeException{","lastModifiedDate":"2021-08-18"},{"lineNumber":2,"author":{"gitId":"greyguy21"},"content":"    public TaskDoesNotExistException(String msg) {","lastModifiedDate":"2021-08-18"},{"lineNumber":3,"author":{"gitId":"greyguy21"},"content":"        super(msg);","lastModifiedDate":"2021-08-18"},{"lineNumber":4,"author":{"gitId":"greyguy21"},"content":"    }","lastModifiedDate":"2021-08-18"},{"lineNumber":5,"author":{"gitId":"greyguy21"},"content":"","lastModifiedDate":"2021-08-18"},{"lineNumber":6,"author":{"gitId":"greyguy21"},"content":"    @Override","lastModifiedDate":"2021-08-18"},{"lineNumber":7,"author":{"gitId":"greyguy21"},"content":"    public void printError() {","lastModifiedDate":"2021-08-18"},{"lineNumber":8,"author":{"gitId":"greyguy21"},"content":"        System.out.println(\"( ⚆ _ ⚆ ) OOPS!!! I cannot find this task! Please select an existing task number.\");","lastModifiedDate":"2021-08-18"},{"lineNumber":9,"author":{"gitId":"greyguy21"},"content":"    }","lastModifiedDate":"2021-08-18"},{"lineNumber":10,"author":{"gitId":"greyguy21"},"content":"}","lastModifiedDate":"2021-08-18"}],"authorContributionMap":{"greyguy21":10}},{"path":"src/main/java/TaskNoDateTimeException.java","fileType":"java","lines":[{"lineNumber":1,"author":{"gitId":"greyguy21"},"content":"public class TaskNoDateTimeException extends DukeException {","lastModifiedDate":"2021-08-18"},{"lineNumber":2,"author":{"gitId":"greyguy21"},"content":"    private String task;","lastModifiedDate":"2021-08-18"},{"lineNumber":3,"author":{"gitId":"greyguy21"},"content":"    public TaskNoDateTimeException(String msg, String task) {","lastModifiedDate":"2021-08-18"},{"lineNumber":4,"author":{"gitId":"greyguy21"},"content":"        super(msg);","lastModifiedDate":"2021-08-18"},{"lineNumber":5,"author":{"gitId":"greyguy21"},"content":"        this.task \u003d task;","lastModifiedDate":"2021-08-18"},{"lineNumber":6,"author":{"gitId":"greyguy21"},"content":"    }","lastModifiedDate":"2021-08-18"},{"lineNumber":7,"author":{"gitId":"greyguy21"},"content":"","lastModifiedDate":"2021-08-18"},{"lineNumber":8,"author":{"gitId":"greyguy21"},"content":"    @Override","lastModifiedDate":"2021-08-18"},{"lineNumber":9,"author":{"gitId":"greyguy21"},"content":"    public void printError() {","lastModifiedDate":"2021-08-18"},{"lineNumber":10,"author":{"gitId":"greyguy21"},"content":"        System.out.printf(\"( ⚆ _ ⚆ ) OOPS!!! Please enter a date/time for your %s!\\n\", task);","lastModifiedDate":"2021-08-18"},{"lineNumber":11,"author":{"gitId":"greyguy21"},"content":"    }","lastModifiedDate":"2021-08-18"},{"lineNumber":12,"author":{"gitId":"greyguy21"},"content":"}","lastModifiedDate":"2021-08-18"}],"authorContributionMap":{"greyguy21":12}},{"path":"src/main/java/TaskNoNameException.java","fileType":"java","lines":[{"lineNumber":1,"author":{"gitId":"greyguy21"},"content":"public class TaskNoNameException extends DukeException {","lastModifiedDate":"2021-08-18"},{"lineNumber":2,"author":{"gitId":"greyguy21"},"content":"    private String task;","lastModifiedDate":"2021-08-18"},{"lineNumber":3,"author":{"gitId":"greyguy21"},"content":"    public TaskNoNameException(String msg, String task) {","lastModifiedDate":"2021-08-18"},{"lineNumber":4,"author":{"gitId":"greyguy21"},"content":"        super(msg);","lastModifiedDate":"2021-08-18"},{"lineNumber":5,"author":{"gitId":"greyguy21"},"content":"        this.task \u003d task;","lastModifiedDate":"2021-08-18"},{"lineNumber":6,"author":{"gitId":"greyguy21"},"content":"    }","lastModifiedDate":"2021-08-18"},{"lineNumber":7,"author":{"gitId":"greyguy21"},"content":"","lastModifiedDate":"2021-08-18"},{"lineNumber":8,"author":{"gitId":"greyguy21"},"content":"    @Override","lastModifiedDate":"2021-08-18"},{"lineNumber":9,"author":{"gitId":"greyguy21"},"content":"    public void printError() {","lastModifiedDate":"2021-08-18"},{"lineNumber":10,"author":{"gitId":"greyguy21"},"content":"        System.out.printf(\"( ⚆ _ ⚆ ) OOPS!!! Please enter a name for your %s!\\n\", task);","lastModifiedDate":"2021-08-18"},{"lineNumber":11,"author":{"gitId":"greyguy21"},"content":"    }","lastModifiedDate":"2021-08-18"},{"lineNumber":12,"author":{"gitId":"greyguy21"},"content":"}","lastModifiedDate":"2021-08-18"}],"authorContributionMap":{"greyguy21":12}},{"path":"src/main/java/ToDo.java","fileType":"java","lines":[{"lineNumber":1,"author":{"gitId":"greyguy21"},"content":"public class ToDo extends Task {","lastModifiedDate":"2021-08-17"},{"lineNumber":2,"author":{"gitId":"greyguy21"},"content":"    public ToDo(String name) {","lastModifiedDate":"2021-08-17"},{"lineNumber":3,"author":{"gitId":"greyguy21"},"content":"        super(name);","lastModifiedDate":"2021-08-17"},{"lineNumber":4,"author":{"gitId":"greyguy21"},"content":"    }","lastModifiedDate":"2021-08-17"},{"lineNumber":5,"author":{"gitId":"greyguy21"},"content":"","lastModifiedDate":"2021-08-17"},{"lineNumber":6,"author":{"gitId":"greyguy21"},"content":"    @Override","lastModifiedDate":"2021-08-17"},{"lineNumber":7,"author":{"gitId":"greyguy21"},"content":"    public String toString() {","lastModifiedDate":"2021-08-17"},{"lineNumber":8,"author":{"gitId":"greyguy21"},"content":"        return String.format(\"[T]%s\", super.toString());","lastModifiedDate":"2021-08-17"},{"lineNumber":9,"author":{"gitId":"greyguy21"},"content":"    }","lastModifiedDate":"2021-08-17"},{"lineNumber":10,"author":{"gitId":"greyguy21"},"content":"}","lastModifiedDate":"2021-08-17"}],"authorContributionMap":{"greyguy21":10}},{"path":"text-ui-test/input.txt","fileType":"txt","lines":[{"lineNumber":1,"author":{"gitId":"greyguy21"},"content":"todo read book","lastModifiedDate":"2021-08-17"},{"lineNumber":2,"author":{"gitId":"greyguy21"},"content":"deadline return book /by June 6th","lastModifiedDate":"2021-08-17"},{"lineNumber":3,"author":{"gitId":"greyguy21"},"content":"event project meeting /at Aug 6th 2-4pm","lastModifiedDate":"2021-08-17"},{"lineNumber":4,"author":{"gitId":"greyguy21"},"content":"todo join sports club","lastModifiedDate":"2021-08-17"},{"lineNumber":5,"author":{"gitId":"greyguy21"},"content":"done 1","lastModifiedDate":"2021-08-17"},{"lineNumber":6,"author":{"gitId":"greyguy21"},"content":"done 4","lastModifiedDate":"2021-08-17"},{"lineNumber":7,"author":{"gitId":"greyguy21"},"content":"todo borrow book","lastModifiedDate":"2021-08-17"},{"lineNumber":8,"author":{"gitId":"greyguy21"},"content":"list","lastModifiedDate":"2021-08-17"}],"authorContributionMap":{"greyguy21":8}}]
