{"authorDailyContributionsMap":{"greyguy21":[{"date":"2021-08-17","commitResults":[{"hash":"0652fd2ce51f177fae90ce820a2f9bbd9aa406b6","messageTitle":"Level-1","messageBody":"","tags":["Level-1"],"fileTypesAndContributionMap":{"java":{"insertions":31,"deletions":6}}},{"hash":"f03a4281f5ee35f043a514214295494d4b665b1f","messageTitle":"Level-2","messageBody":"","tags":["Level-2"],"fileTypesAndContributionMap":{"java":{"insertions":15,"deletions":1}}},{"hash":"8d2fce6cdae2bc563d433d3675deaea1b657532c","messageTitle":"Level-3","messageBody":"","tags":["Level-3"],"fileTypesAndContributionMap":{"java":{"insertions":57,"deletions":5}}},{"hash":"c2e4ce8826567a0393578d583332d699dc57552b","messageTitle":"Level-4","messageBody":"","tags":["Level-4"],"fileTypesAndContributionMap":{"java":{"insertions":108,"deletions":9}}},{"hash":"7baec8f3e98a19b0950d7b761fb52d21a84fcb44","messageTitle":"A-TextUiTesting","messageBody":"","tags":["A-TextUiTesting"],"fileTypesAndContributionMap":{"txt":{"insertions":8,"deletions":0},"java":{"insertions":2,"deletions":2}}}]},{"date":"2021-08-18","commitResults":[{"hash":"bee625139f36951db9a2a2090ecfbb668b4764a8","messageTitle":"Level-5","messageBody":"","tags":["Level-5"],"fileTypesAndContributionMap":{"java":{"insertions":208,"deletions":68}}},{"hash":"114856de83988bcc2e3477431783e7c285f5cd4e","messageTitle":"Level-6","messageBody":"","tags":["Level-6"],"fileTypesAndContributionMap":{"java":{"insertions":15,"deletions":2}}}]},{"date":"2021-08-26","commitResults":[{"hash":"3de7e1baf00ddf3645671a0d57e7efd0c1c57c78","messageTitle":"Level-7 (branch)","messageBody":"","tags":["Level-7"],"fileTypesAndContributionMap":{"java":{"insertions":126,"deletions":8}}},{"hash":"2fef8b532ade1774a34cac9f41cd3cc58b8cdf2c","messageTitle":"Level 8 (branch)","messageBody":"","fileTypesAndContributionMap":{"java":{"insertions":34,"deletions":9}}},{"hash":"f1fd26d37433e432ea91901e07b9a6b7396b1ce2","messageTitle":"Level-7","messageBody":"","fileTypesAndContributionMap":{"java":{"insertions":126,"deletions":8}}}]},{"date":"2021-08-27","commitResults":[{"hash":"23b243d9cbe6ba5abfe76c8479259dc6d988e69b","messageTitle":"A-MoreOOP","messageBody":"","tags":["A-MoreOOP"],"fileTypesAndContributionMap":{"txt":{"insertions":2,"deletions":0},"java":{"insertions":367,"deletions":310}}},{"hash":"6ca1f9b328350cd70413d24cdd7c48c82306042d","messageTitle":"A-Packages","messageBody":"","tags":["A-Packages"],"fileTypesAndContributionMap":{"txt":{"insertions":0,"deletions":2},"java":{"insertions":51,"deletions":8}}},{"hash":"b3baa720e3f81b7314401cec0c762e14a8f41e45","messageTitle":"A-JUnit","messageBody":"","tags":["A-Jar","A-JUnit"],"fileTypesAndContributionMap":{"java":{"insertions":72,"deletions":5}}}]}]},"authorFileTypeContributionMap":{"greyguy21":{"java":665,"md":0,"fxml":0,"sh":0,"bat":0,"gradle":0,"txt":8}},"authorContributionVariance":{"greyguy21":40194.13},"authorDisplayNameMap":{"greyguy21":"CS2103T-T09-3 ONG ..ERIN"}}
