{"authorDailyContributionsMap":{"lhw-1":[{"date":"2021-08-18","commitResults":[{"hash":"da2b94b5250e6537baa307ea3f302191d29de12d","messageTitle":"Level-1","messageBody":"","tags":["Level-1"],"fileTypesAndContributionMap":{"java":{"insertions":25,"deletions":6}}},{"hash":"506777d1d64db1bbb65a518e99eab07b0f1e1d82","messageTitle":"Level-2","messageBody":"","tags":["Level-2"],"fileTypesAndContributionMap":{"java":{"insertions":27,"deletions":1}}},{"hash":"8a7ff55536fd124ed44d253124c9de976d405b3e","messageTitle":"Level-3","messageBody":"","tags":["Level-3"],"fileTypesAndContributionMap":{"java":{"insertions":72,"deletions":5}}},{"hash":"401e13ab27f5ae09a4e23527f126a9cbd8c1a6fb","messageTitle":"Level-4","messageBody":"","tags":["Level-4"],"fileTypesAndContributionMap":{"java":{"insertions":215,"deletions":61}}}]},{"date":"2021-08-19","commitResults":[{"hash":"0de795cd4ad01ba940cdd91a769810d53c444c4c","messageTitle":"A-TextUiTesting","messageBody":"","tags":["A-TextUiTesting"],"fileTypesAndContributionMap":{"txt":{"insertions":17,"deletions":0},"sh":{"insertions":1,"deletions":1}}},{"hash":"d5fc3ed567939c4ba39d3e9fdff183c49e424e9c","messageTitle":"temp","messageBody":"","fileTypesAndContributionMap":{"java":{"insertions":273,"deletions":93}}}]}]},"authorFileTypeContributionMap":{"lhw-1":{"java":452,"md":0,"fxml":0,"sh":1,"bat":0,"gradle":0,"txt":17}},"authorContributionVariance":{"lhw-1":23656.613},"authorDisplayNameMap":{"lhw-1":"LEE ..WOON"}}
