{"authorDailyContributionsMap":{"lhw-1":[{"date":"2021-08-18","commitResults":[{"hash":"da2b94b5250e6537baa307ea3f302191d29de12d","messageTitle":"Level-1","messageBody":"","tags":["Level-1"],"fileTypesAndContributionMap":{"java":{"insertions":25,"deletions":6}}},{"hash":"506777d1d64db1bbb65a518e99eab07b0f1e1d82","messageTitle":"Level-2","messageBody":"","tags":["Level-2"],"fileTypesAndContributionMap":{"java":{"insertions":27,"deletions":1}}},{"hash":"8a7ff55536fd124ed44d253124c9de976d405b3e","messageTitle":"Level-3","messageBody":"","tags":["Level-3"],"fileTypesAndContributionMap":{"java":{"insertions":72,"deletions":5}}},{"hash":"401e13ab27f5ae09a4e23527f126a9cbd8c1a6fb","messageTitle":"Level-4","messageBody":"","tags":["Level-4"],"fileTypesAndContributionMap":{"java":{"insertions":215,"deletions":61}}}]},{"date":"2021-08-19","commitResults":[{"hash":"0de795cd4ad01ba940cdd91a769810d53c444c4c","messageTitle":"A-TextUiTesting","messageBody":"","tags":["A-TextUiTesting"],"fileTypesAndContributionMap":{"txt":{"insertions":17,"deletions":0},"sh":{"insertions":1,"deletions":1}}},{"hash":"d5fc3ed567939c4ba39d3e9fdff183c49e424e9c","messageTitle":"temp","messageBody":"","fileTypesAndContributionMap":{"java":{"insertions":273,"deletions":93}}},{"hash":"224c3d19ff933b8d975ccbd96bf8bbf5c8ce8a41","messageTitle":"Level-5","messageBody":"","tags":["Level-5"],"fileTypesAndContributionMap":{"java":{"insertions":185,"deletions":164}}},{"hash":"e018cda94e7125b903badac1156a1f509a398560","messageTitle":"Level-6","messageBody":"","tags":["Level-6"],"fileTypesAndContributionMap":{"java":{"insertions":74,"deletions":21}}},{"hash":"5e8814d2dc8fe3cecdf52334e8817bcc3bcbd32f","messageTitle":"A-Enums","messageBody":"","tags":["A-Enums"],"fileTypesAndContributionMap":{"txt":{"insertions":30,"deletions":7}}},{"hash":"20351073dc8f91c274378832e14f2fe678a106f6","messageTitle":"A-Enums","messageBody":"","fileTypesAndContributionMap":{"java":{"insertions":54,"deletions":26}}}]},{"date":"2021-08-27","commitResults":[{"hash":"ebd368e5efdbc559d08ac360e1276ad06ed28e1e","messageTitle":"Add Level-7 Save feature","messageBody":"","tags":["Level-7"],"fileTypesAndContributionMap":{"java":{"insertions":159,"deletions":31}}},{"hash":"cd11aad88511eeaa0fdeeeef725e0ba142bb2a36","messageTitle":"Add Level-8 Dates and Times feature","messageBody":"","tags":["Level-8"],"fileTypesAndContributionMap":{"java":{"insertions":66,"deletions":49}}}]},{"date":"2021-08-28","commitResults":[{"hash":"598fa48140a873f2ba27be73b6cc35db1b60f050","messageTitle":"Resolve merge conflicts for branch-Level-7 and branch-Level-8","messageBody":"","fileTypesAndContributionMap":{"java":{"insertions":42,"deletions":15}}}]}]},"authorFileTypeContributionMap":{"lhw-1":{"java":743,"md":0,"fxml":0,"sh":1,"bat":0,"gradle":0,"txt":40}},"authorContributionVariance":{"lhw-1":50650.7},"authorDisplayNameMap":{"lhw-1":"CS2103T-W15-4 LEE ..WOON"}}
