[{"path":"data/saved-tasks.txt","fileType":"txt","lines":[{"lineNumber":1,"author":{"gitId":"srj31"},"content":"T | 1 | read book","lastModifiedDate":"2021-08-25"},{"lineNumber":2,"author":{"gitId":"srj31"},"content":"D | 0 | return book | June 6th","lastModifiedDate":"2021-08-25"},{"lineNumber":3,"author":{"gitId":"srj31"},"content":"T | 1 | join sports club","lastModifiedDate":"2021-08-25"},{"lineNumber":4,"author":{"gitId":"srj31"},"content":"D | 0 | return book by | Oct 09 2019","lastModifiedDate":"2021-08-25"},{"lineNumber":5,"author":{"gitId":"srj31"},"content":"E | 1 | dance tonight at | Oct 10 2019","lastModifiedDate":"2021-08-25"},{"lineNumber":6,"author":{"gitId":"srj31"},"content":"T | 1 | dance tonight","lastModifiedDate":"2021-08-26"},{"lineNumber":7,"author":{"gitId":"srj31"},"content":"T | 0 | find","lastModifiedDate":"2021-08-26"}],"authorContributionMap":{"srj31":7}},{"path":"src/main/java/duke/Deadline.java","fileType":"java","lines":[{"lineNumber":1,"author":{"gitId":"srj31"},"content":"package duke;","lastModifiedDate":"2021-08-25"},{"lineNumber":2,"author":{"gitId":"srj31"},"content":"","lastModifiedDate":"2021-08-25"},{"lineNumber":3,"author":{"gitId":"srj31"},"content":"/**","lastModifiedDate":"2021-08-26"},{"lineNumber":4,"author":{"gitId":"srj31"},"content":" *","lastModifiedDate":"2021-08-26"},{"lineNumber":5,"author":{"gitId":"srj31"},"content":" */","lastModifiedDate":"2021-08-26"},{"lineNumber":6,"author":{"gitId":"srj31"},"content":"public class Deadline extends Task {","lastModifiedDate":"2021-08-19"},{"lineNumber":7,"author":{"gitId":"srj31"},"content":"","lastModifiedDate":"2021-08-19"},{"lineNumber":8,"author":{"gitId":"srj31"},"content":"    protected String time;","lastModifiedDate":"2021-08-25"},{"lineNumber":9,"author":{"gitId":"srj31"},"content":"","lastModifiedDate":"2021-08-19"},{"lineNumber":10,"author":{"gitId":"srj31"},"content":"    public Deadline(String description, String time) {","lastModifiedDate":"2021-08-19"},{"lineNumber":11,"author":{"gitId":"srj31"},"content":"        super(description);","lastModifiedDate":"2021-08-19"},{"lineNumber":12,"author":{"gitId":"srj31"},"content":"        this.time \u003d time;","lastModifiedDate":"2021-08-19"},{"lineNumber":13,"author":{"gitId":"srj31"},"content":"    }","lastModifiedDate":"2021-08-19"},{"lineNumber":14,"author":{"gitId":"srj31"},"content":"","lastModifiedDate":"2021-08-19"},{"lineNumber":15,"author":{"gitId":"srj31"},"content":"    public String getTime() {","lastModifiedDate":"2021-08-25"},{"lineNumber":16,"author":{"gitId":"srj31"},"content":"        return time;","lastModifiedDate":"2021-08-25"},{"lineNumber":17,"author":{"gitId":"srj31"},"content":"    }","lastModifiedDate":"2021-08-25"},{"lineNumber":18,"author":{"gitId":"srj31"},"content":"","lastModifiedDate":"2021-08-25"},{"lineNumber":19,"author":{"gitId":"srj31"},"content":"    @Override","lastModifiedDate":"2021-08-19"},{"lineNumber":20,"author":{"gitId":"srj31"},"content":"    public String toString() {","lastModifiedDate":"2021-08-19"},{"lineNumber":21,"author":{"gitId":"srj31"},"content":"        return String.format(\"[D] %s (by: %s)\", super.toString(), time);","lastModifiedDate":"2021-08-19"},{"lineNumber":22,"author":{"gitId":"srj31"},"content":"    }","lastModifiedDate":"2021-08-19"},{"lineNumber":23,"author":{"gitId":"srj31"},"content":"}","lastModifiedDate":"2021-08-19"}],"authorContributionMap":{"srj31":23}},{"path":"src/main/java/duke/Duke.java","fileType":"java","lines":[{"lineNumber":1,"author":{"gitId":"srj31"},"content":"package duke;","lastModifiedDate":"2021-08-25"},{"lineNumber":2,"author":{"gitId":"srj31"},"content":"","lastModifiedDate":"2021-08-25"},{"lineNumber":3,"author":{"gitId":"srj31"},"content":"import duke.exceptions.DukeException;","lastModifiedDate":"2021-08-25"},{"lineNumber":4,"author":{"gitId":"srj31"},"content":"","lastModifiedDate":"2021-08-24"},{"lineNumber":5,"author":{"gitId":"srj31"},"content":"import java.io.*;","lastModifiedDate":"2021-08-24"},{"lineNumber":6,"author":{"gitId":"srj31"},"content":"import java.util.Scanner;","lastModifiedDate":"2021-08-18"},{"lineNumber":7,"author":{"gitId":"srj31"},"content":"","lastModifiedDate":"2021-08-18"},{"lineNumber":8,"author":{"gitId":"srj31"},"content":"/**","lastModifiedDate":"2021-08-26"},{"lineNumber":9,"author":{"gitId":"srj31"},"content":" * Representing the Duke project. Used to store Tasks and can be marked complete","lastModifiedDate":"2021-08-26"},{"lineNumber":10,"author":{"gitId":"srj31"},"content":" * when done","lastModifiedDate":"2021-08-26"},{"lineNumber":11,"author":{"gitId":"srj31"},"content":" */","lastModifiedDate":"2021-08-26"},{"lineNumber":12,"author":{"gitId":"srj31"},"content":"","lastModifiedDate":"2021-08-18"},{"lineNumber":13,"author":{"gitId":"-"},"content":"public class Duke {","lastModifiedDate":"2019-07-29"},{"lineNumber":14,"author":{"gitId":"srj31"},"content":"    private Scanner sc \u003d new Scanner(System.in);","lastModifiedDate":"2021-08-18"},{"lineNumber":15,"author":{"gitId":"srj31"},"content":"    private Ui ui;","lastModifiedDate":"2021-08-25"},{"lineNumber":16,"author":{"gitId":"srj31"},"content":"    private Tasklist dukeList;","lastModifiedDate":"2021-08-25"},{"lineNumber":17,"author":{"gitId":"srj31"},"content":"    private Storage storage;","lastModifiedDate":"2021-08-25"},{"lineNumber":18,"author":{"gitId":"srj31"},"content":"","lastModifiedDate":"2021-08-25"},{"lineNumber":19,"author":{"gitId":"srj31"},"content":"    public Duke() {","lastModifiedDate":"2021-08-25"},{"lineNumber":20,"author":{"gitId":"srj31"},"content":"        ui \u003d new Ui();","lastModifiedDate":"2021-08-25"},{"lineNumber":21,"author":{"gitId":"srj31"},"content":"        dukeList\u003d new Tasklist();","lastModifiedDate":"2021-08-25"},{"lineNumber":22,"author":{"gitId":"srj31"},"content":"        storage \u003d new Storage(\"./data/saved-tasks.txt\");","lastModifiedDate":"2021-08-25"},{"lineNumber":23,"author":{"gitId":"srj31"},"content":"    }","lastModifiedDate":"2021-08-25"},{"lineNumber":24,"author":{"gitId":"srj31"},"content":"","lastModifiedDate":"2021-08-18"},{"lineNumber":25,"author":{"gitId":"srj31"},"content":"    public static void main(String[] args) throws DukeException, IOException {","lastModifiedDate":"2021-08-24"},{"lineNumber":26,"author":{"gitId":"srj31"},"content":"        Duke duke \u003d new Duke();","lastModifiedDate":"2021-08-18"},{"lineNumber":27,"author":{"gitId":"srj31"},"content":"        duke.runDuke();","lastModifiedDate":"2021-08-18"},{"lineNumber":28,"author":{"gitId":"srj31"},"content":"    }","lastModifiedDate":"2021-08-18"},{"lineNumber":29,"author":{"gitId":"srj31"},"content":"","lastModifiedDate":"2021-08-18"},{"lineNumber":30,"author":{"gitId":"srj31"},"content":"","lastModifiedDate":"2021-08-26"},{"lineNumber":31,"author":{"gitId":"srj31"},"content":"    public void runDuke() throws DukeException, IOException {","lastModifiedDate":"2021-08-24"},{"lineNumber":32,"author":{"gitId":"srj31"},"content":"        storage.fetchData();","lastModifiedDate":"2021-08-25"},{"lineNumber":33,"author":{"gitId":"srj31"},"content":"        ui.displayWelcomeMessage();","lastModifiedDate":"2021-08-25"},{"lineNumber":34,"author":{"gitId":"srj31"},"content":"        String command \u003d sc.next();","lastModifiedDate":"2021-08-19"},{"lineNumber":35,"author":{"gitId":"srj31"},"content":"        String description \u003d sc.nextLine();","lastModifiedDate":"2021-08-19"},{"lineNumber":36,"author":{"gitId":"srj31"},"content":"        while(!command.equals(\"bye\")) {","lastModifiedDate":"2021-08-18"},{"lineNumber":37,"author":{"gitId":"srj31"},"content":"            handleCommandExecution(command,description);","lastModifiedDate":"2021-08-25"},{"lineNumber":38,"author":{"gitId":"srj31"},"content":"            command \u003d sc.next();","lastModifiedDate":"2021-08-19"},{"lineNumber":39,"author":{"gitId":"srj31"},"content":"            if(!command.equals(\"bye\")) {","lastModifiedDate":"2021-08-19"},{"lineNumber":40,"author":{"gitId":"srj31"},"content":"                description \u003d sc.nextLine();","lastModifiedDate":"2021-08-19"},{"lineNumber":41,"author":{"gitId":"srj31"},"content":"            }","lastModifiedDate":"2021-08-18"},{"lineNumber":42,"author":{"gitId":"srj31"},"content":"            storage.saveData();","lastModifiedDate":"2021-08-25"},{"lineNumber":43,"author":{"gitId":"srj31"},"content":"        }","lastModifiedDate":"2021-08-19"},{"lineNumber":44,"author":{"gitId":"srj31"},"content":"        ui.displayByeMessage();","lastModifiedDate":"2021-08-25"},{"lineNumber":45,"author":{"gitId":"srj31"},"content":"    }","lastModifiedDate":"2021-08-19"},{"lineNumber":46,"author":{"gitId":"srj31"},"content":"","lastModifiedDate":"2021-08-19"},{"lineNumber":47,"author":{"gitId":"srj31"},"content":"    public void handleCommandExecution(String command, String description)throws DukeException {","lastModifiedDate":"2021-08-25"},{"lineNumber":48,"author":{"gitId":"srj31"},"content":"        ui.executeCommand(command,description);","lastModifiedDate":"2021-08-25"},{"lineNumber":49,"author":{"gitId":"srj31"},"content":"    }","lastModifiedDate":"2021-08-25"},{"lineNumber":50,"author":{"gitId":"srj31"},"content":"","lastModifiedDate":"2021-08-25"},{"lineNumber":51,"author":{"gitId":"srj31"},"content":"}","lastModifiedDate":"2021-08-19"}],"authorContributionMap":{"srj31":50,"-":1}},{"path":"src/main/java/duke/Event.java","fileType":"java","lines":[{"lineNumber":1,"author":{"gitId":"srj31"},"content":"package duke;","lastModifiedDate":"2021-08-25"},{"lineNumber":2,"author":{"gitId":"srj31"},"content":"","lastModifiedDate":"2021-08-25"},{"lineNumber":3,"author":{"gitId":"srj31"},"content":"/**","lastModifiedDate":"2021-08-26"},{"lineNumber":4,"author":{"gitId":"srj31"},"content":" * duke.Event class to create Events for the duke list","lastModifiedDate":"2021-08-26"},{"lineNumber":5,"author":{"gitId":"srj31"},"content":" */","lastModifiedDate":"2021-08-26"},{"lineNumber":6,"author":{"gitId":"srj31"},"content":"","lastModifiedDate":"2021-08-26"},{"lineNumber":7,"author":{"gitId":"srj31"},"content":"public class Event extends Task {","lastModifiedDate":"2021-08-19"},{"lineNumber":8,"author":{"gitId":"srj31"},"content":"    protected String time;","lastModifiedDate":"2021-08-25"},{"lineNumber":9,"author":{"gitId":"srj31"},"content":"","lastModifiedDate":"2021-08-19"},{"lineNumber":10,"author":{"gitId":"srj31"},"content":"    public Event(String description, String time) {","lastModifiedDate":"2021-08-19"},{"lineNumber":11,"author":{"gitId":"srj31"},"content":"        super(description);","lastModifiedDate":"2021-08-19"},{"lineNumber":12,"author":{"gitId":"srj31"},"content":"        this.time \u003d time;","lastModifiedDate":"2021-08-19"},{"lineNumber":13,"author":{"gitId":"srj31"},"content":"    }","lastModifiedDate":"2021-08-19"},{"lineNumber":14,"author":{"gitId":"srj31"},"content":"","lastModifiedDate":"2021-08-19"},{"lineNumber":15,"author":{"gitId":"srj31"},"content":"    /**","lastModifiedDate":"2021-08-26"},{"lineNumber":16,"author":{"gitId":"srj31"},"content":"     * To get the time of the event stored in the list","lastModifiedDate":"2021-08-26"},{"lineNumber":17,"author":{"gitId":"srj31"},"content":"     * @return","lastModifiedDate":"2021-08-26"},{"lineNumber":18,"author":{"gitId":"srj31"},"content":"     */","lastModifiedDate":"2021-08-26"},{"lineNumber":19,"author":{"gitId":"srj31"},"content":"    public String getTime() {","lastModifiedDate":"2021-08-25"},{"lineNumber":20,"author":{"gitId":"srj31"},"content":"        return time;","lastModifiedDate":"2021-08-25"},{"lineNumber":21,"author":{"gitId":"srj31"},"content":"    }","lastModifiedDate":"2021-08-25"},{"lineNumber":22,"author":{"gitId":"srj31"},"content":"","lastModifiedDate":"2021-08-25"},{"lineNumber":23,"author":{"gitId":"srj31"},"content":"    @Override","lastModifiedDate":"2021-08-19"},{"lineNumber":24,"author":{"gitId":"srj31"},"content":"    public String toString() {","lastModifiedDate":"2021-08-19"},{"lineNumber":25,"author":{"gitId":"srj31"},"content":"        return String.format(\"[E] %s (at: %s)\", super.toString(), time);","lastModifiedDate":"2021-08-19"},{"lineNumber":26,"author":{"gitId":"srj31"},"content":"    }","lastModifiedDate":"2021-08-19"},{"lineNumber":27,"author":{"gitId":"srj31"},"content":"}","lastModifiedDate":"2021-08-19"}],"authorContributionMap":{"srj31":27}},{"path":"src/main/java/duke/Parser.java","fileType":"java","lines":[{"lineNumber":1,"author":{"gitId":"srj31"},"content":"package duke;","lastModifiedDate":"2021-08-25"},{"lineNumber":2,"author":{"gitId":"srj31"},"content":"","lastModifiedDate":"2021-08-25"},{"lineNumber":3,"author":{"gitId":"srj31"},"content":"import java.time.LocalDate;","lastModifiedDate":"2021-08-25"},{"lineNumber":4,"author":{"gitId":"srj31"},"content":"import java.time.format.DateTimeFormatter;","lastModifiedDate":"2021-08-25"},{"lineNumber":5,"author":{"gitId":"srj31"},"content":"","lastModifiedDate":"2021-08-25"},{"lineNumber":6,"author":{"gitId":"srj31"},"content":"","lastModifiedDate":"2021-08-26"},{"lineNumber":7,"author":{"gitId":"srj31"},"content":"/**","lastModifiedDate":"2021-08-26"},{"lineNumber":8,"author":{"gitId":"srj31"},"content":" * duke.Parser class to parse the commands entered during run time","lastModifiedDate":"2021-08-26"},{"lineNumber":9,"author":{"gitId":"srj31"},"content":" */","lastModifiedDate":"2021-08-26"},{"lineNumber":10,"author":{"gitId":"srj31"},"content":"","lastModifiedDate":"2021-08-26"},{"lineNumber":11,"author":{"gitId":"srj31"},"content":"public class Parser {","lastModifiedDate":"2021-08-25"},{"lineNumber":12,"author":{"gitId":"srj31"},"content":"","lastModifiedDate":"2021-08-25"},{"lineNumber":13,"author":{"gitId":"srj31"},"content":"    /**","lastModifiedDate":"2021-08-26"},{"lineNumber":14,"author":{"gitId":"srj31"},"content":"     * Splits the input line into description and time for the deadline","lastModifiedDate":"2021-08-26"},{"lineNumber":15,"author":{"gitId":"srj31"},"content":"     * or event","lastModifiedDate":"2021-08-26"},{"lineNumber":16,"author":{"gitId":"srj31"},"content":"     * @param string    the input line","lastModifiedDate":"2021-08-26"},{"lineNumber":17,"author":{"gitId":"srj31"},"content":"     * @return          array containing the description and time info","lastModifiedDate":"2021-08-26"},{"lineNumber":18,"author":{"gitId":"srj31"},"content":"     */","lastModifiedDate":"2021-08-26"},{"lineNumber":19,"author":{"gitId":"srj31"},"content":"    public static String[] splitDescriptionAndTime(String string) {","lastModifiedDate":"2021-08-25"},{"lineNumber":20,"author":{"gitId":"srj31"},"content":"        return string.split(\"/\");","lastModifiedDate":"2021-08-25"},{"lineNumber":21,"author":{"gitId":"srj31"},"content":"    }","lastModifiedDate":"2021-08-25"},{"lineNumber":22,"author":{"gitId":"srj31"},"content":"","lastModifiedDate":"2021-08-25"},{"lineNumber":23,"author":{"gitId":"srj31"},"content":"    /**","lastModifiedDate":"2021-08-26"},{"lineNumber":24,"author":{"gitId":"srj31"},"content":"     * Extracts the description after splitting using splitDescriptionAndTime","lastModifiedDate":"2021-08-26"},{"lineNumber":25,"author":{"gitId":"srj31"},"content":"     * @param description_and_time  array after splitting the input line","lastModifiedDate":"2021-08-26"},{"lineNumber":26,"author":{"gitId":"srj31"},"content":"     * @return                      the description of the Task","lastModifiedDate":"2021-08-26"},{"lineNumber":27,"author":{"gitId":"srj31"},"content":"     */","lastModifiedDate":"2021-08-26"},{"lineNumber":28,"author":{"gitId":"srj31"},"content":"    public static String getDescription(String[] description_and_time) {","lastModifiedDate":"2021-08-25"},{"lineNumber":29,"author":{"gitId":"srj31"},"content":"        return description_and_time[0].split(\" \", 2)[1];","lastModifiedDate":"2021-08-25"},{"lineNumber":30,"author":{"gitId":"srj31"},"content":"    }","lastModifiedDate":"2021-08-25"},{"lineNumber":31,"author":{"gitId":"srj31"},"content":"","lastModifiedDate":"2021-08-25"},{"lineNumber":32,"author":{"gitId":"srj31"},"content":"    /**","lastModifiedDate":"2021-08-26"},{"lineNumber":33,"author":{"gitId":"srj31"},"content":"     * Extracts the description after splitting using splitDescriptionAndTime","lastModifiedDate":"2021-08-26"},{"lineNumber":34,"author":{"gitId":"srj31"},"content":"     * @param description_and_time  array after splitting the input line","lastModifiedDate":"2021-08-26"},{"lineNumber":35,"author":{"gitId":"srj31"},"content":"     * @return                      the description of the Task","lastModifiedDate":"2021-08-26"},{"lineNumber":36,"author":{"gitId":"srj31"},"content":"     */","lastModifiedDate":"2021-08-26"},{"lineNumber":37,"author":{"gitId":"srj31"},"content":"    public static String getTime (String[] description_and_time) {","lastModifiedDate":"2021-08-25"},{"lineNumber":38,"author":{"gitId":"srj31"},"content":"        LocalDate localDate \u003d LocalDate.parse(description_and_time[1].split(\" \", 2)[1]);","lastModifiedDate":"2021-08-25"},{"lineNumber":39,"author":{"gitId":"srj31"},"content":"        String time \u003d localDate.format(DateTimeFormatter.ofPattern(\"MMM dd yyyy\"));","lastModifiedDate":"2021-08-25"},{"lineNumber":40,"author":{"gitId":"srj31"},"content":"        return time;","lastModifiedDate":"2021-08-25"},{"lineNumber":41,"author":{"gitId":"srj31"},"content":"    }","lastModifiedDate":"2021-08-25"},{"lineNumber":42,"author":{"gitId":"srj31"},"content":"}","lastModifiedDate":"2021-08-25"}],"authorContributionMap":{"srj31":42}},{"path":"src/main/java/duke/Storage.java","fileType":"java","lines":[{"lineNumber":1,"author":{"gitId":"srj31"},"content":"package duke;","lastModifiedDate":"2021-08-25"},{"lineNumber":2,"author":{"gitId":"srj31"},"content":"","lastModifiedDate":"2021-08-25"},{"lineNumber":3,"author":{"gitId":"srj31"},"content":"import java.io.File;","lastModifiedDate":"2021-08-25"},{"lineNumber":4,"author":{"gitId":"srj31"},"content":"import java.io.FileWriter;","lastModifiedDate":"2021-08-25"},{"lineNumber":5,"author":{"gitId":"srj31"},"content":"import java.io.IOException;","lastModifiedDate":"2021-08-25"},{"lineNumber":6,"author":{"gitId":"srj31"},"content":"import java.util.Scanner;","lastModifiedDate":"2021-08-25"},{"lineNumber":7,"author":{"gitId":"srj31"},"content":"","lastModifiedDate":"2021-08-25"},{"lineNumber":8,"author":{"gitId":"srj31"},"content":"/**","lastModifiedDate":"2021-08-26"},{"lineNumber":9,"author":{"gitId":"srj31"},"content":" * duke.Storage class allows to save and load data on the hard disk on the file saved-tasks.txt","lastModifiedDate":"2021-08-26"},{"lineNumber":10,"author":{"gitId":"srj31"},"content":" * under directory ./data.","lastModifiedDate":"2021-08-26"},{"lineNumber":11,"author":{"gitId":"srj31"},"content":" */","lastModifiedDate":"2021-08-26"},{"lineNumber":12,"author":{"gitId":"srj31"},"content":"public class Storage {","lastModifiedDate":"2021-08-25"},{"lineNumber":13,"author":{"gitId":"srj31"},"content":"","lastModifiedDate":"2021-08-25"},{"lineNumber":14,"author":{"gitId":"srj31"},"content":"    public String path;","lastModifiedDate":"2021-08-25"},{"lineNumber":15,"author":{"gitId":"srj31"},"content":"","lastModifiedDate":"2021-08-25"},{"lineNumber":16,"author":{"gitId":"srj31"},"content":"    public Storage(String path) {","lastModifiedDate":"2021-08-25"},{"lineNumber":17,"author":{"gitId":"srj31"},"content":"        this.path \u003d path;","lastModifiedDate":"2021-08-25"},{"lineNumber":18,"author":{"gitId":"srj31"},"content":"    }","lastModifiedDate":"2021-08-25"},{"lineNumber":19,"author":{"gitId":"srj31"},"content":"","lastModifiedDate":"2021-08-25"},{"lineNumber":20,"author":{"gitId":"srj31"},"content":"","lastModifiedDate":"2021-08-26"},{"lineNumber":21,"author":{"gitId":"srj31"},"content":"    /**","lastModifiedDate":"2021-08-26"},{"lineNumber":22,"author":{"gitId":"srj31"},"content":"     * Stores the current task List on the hard disk.","lastModifiedDate":"2021-08-26"},{"lineNumber":23,"author":{"gitId":"srj31"},"content":"     */","lastModifiedDate":"2021-08-26"},{"lineNumber":24,"author":{"gitId":"srj31"},"content":"    public void saveData() {","lastModifiedDate":"2021-08-25"},{"lineNumber":25,"author":{"gitId":"srj31"},"content":"        try {","lastModifiedDate":"2021-08-25"},{"lineNumber":26,"author":{"gitId":"srj31"},"content":"            File file \u003d new File(\"./data/saved-tasks.txt\");","lastModifiedDate":"2021-08-25"},{"lineNumber":27,"author":{"gitId":"srj31"},"content":"            if(!file.exists()) {","lastModifiedDate":"2021-08-25"},{"lineNumber":28,"author":{"gitId":"srj31"},"content":"                file.createNewFile();","lastModifiedDate":"2021-08-25"},{"lineNumber":29,"author":{"gitId":"srj31"},"content":"            }","lastModifiedDate":"2021-08-25"},{"lineNumber":30,"author":{"gitId":"srj31"},"content":"            FileWriter writer \u003d new FileWriter(file, false);","lastModifiedDate":"2021-08-25"},{"lineNumber":31,"author":{"gitId":"srj31"},"content":"            for(Task task: Tasklist.dukeList) {","lastModifiedDate":"2021-08-25"},{"lineNumber":32,"author":{"gitId":"srj31"},"content":"                String commandLine \u003d \"\";","lastModifiedDate":"2021-08-25"},{"lineNumber":33,"author":{"gitId":"srj31"},"content":"                if(task instanceof Deadline) {","lastModifiedDate":"2021-08-25"},{"lineNumber":34,"author":{"gitId":"srj31"},"content":"                    commandLine \u003d \"D | \" + (task.getIsDone() ? \"1 | \" : \"0 | \") + task.getDescription() + \" | \" + ((Deadline) task).getTime() + \u0027\\n\u0027;","lastModifiedDate":"2021-08-25"},{"lineNumber":35,"author":{"gitId":"srj31"},"content":"                } else if(task instanceof Event) {","lastModifiedDate":"2021-08-25"},{"lineNumber":36,"author":{"gitId":"srj31"},"content":"                    commandLine \u003d \"E | \" + (task.getIsDone() ? \"1 | \" : \"0 | \") + task.getDescription() + \" | \" + ((Event) task).getTime() + \u0027\\n\u0027;","lastModifiedDate":"2021-08-25"},{"lineNumber":37,"author":{"gitId":"srj31"},"content":"                } else {","lastModifiedDate":"2021-08-25"},{"lineNumber":38,"author":{"gitId":"srj31"},"content":"                    commandLine \u003d  \"T | \" + (task.getIsDone() ? \"1 | \" : \"0 | \") + task.getDescription() + \u0027\\n\u0027;","lastModifiedDate":"2021-08-25"},{"lineNumber":39,"author":{"gitId":"srj31"},"content":"                }","lastModifiedDate":"2021-08-25"},{"lineNumber":40,"author":{"gitId":"srj31"},"content":"                writer.write(commandLine);","lastModifiedDate":"2021-08-25"},{"lineNumber":41,"author":{"gitId":"srj31"},"content":"                writer.flush();","lastModifiedDate":"2021-08-25"},{"lineNumber":42,"author":{"gitId":"srj31"},"content":"            }","lastModifiedDate":"2021-08-25"},{"lineNumber":43,"author":{"gitId":"srj31"},"content":"","lastModifiedDate":"2021-08-25"},{"lineNumber":44,"author":{"gitId":"srj31"},"content":"        } catch (IOException e) {","lastModifiedDate":"2021-08-25"},{"lineNumber":45,"author":{"gitId":"srj31"},"content":"            e.printStackTrace();","lastModifiedDate":"2021-08-25"},{"lineNumber":46,"author":{"gitId":"srj31"},"content":"        }","lastModifiedDate":"2021-08-25"},{"lineNumber":47,"author":{"gitId":"srj31"},"content":"    }","lastModifiedDate":"2021-08-25"},{"lineNumber":48,"author":{"gitId":"srj31"},"content":"","lastModifiedDate":"2021-08-25"},{"lineNumber":49,"author":{"gitId":"srj31"},"content":"    /**","lastModifiedDate":"2021-08-26"},{"lineNumber":50,"author":{"gitId":"srj31"},"content":"     * Fetches the task list stored on the hard disk","lastModifiedDate":"2021-08-26"},{"lineNumber":51,"author":{"gitId":"srj31"},"content":"     */","lastModifiedDate":"2021-08-26"},{"lineNumber":52,"author":{"gitId":"srj31"},"content":"    public void fetchData() throws IOException {","lastModifiedDate":"2021-08-25"},{"lineNumber":53,"author":{"gitId":"srj31"},"content":"","lastModifiedDate":"2021-08-26"},{"lineNumber":54,"author":{"gitId":"srj31"},"content":"        File savedFile \u003d new File(\"./data/saved-tasks.txt\");","lastModifiedDate":"2021-08-25"},{"lineNumber":55,"author":{"gitId":"srj31"},"content":"        if(!savedFile.exists()) {","lastModifiedDate":"2021-08-25"},{"lineNumber":56,"author":{"gitId":"srj31"},"content":"            savedFile.getParentFile().mkdirs();","lastModifiedDate":"2021-08-25"},{"lineNumber":57,"author":{"gitId":"srj31"},"content":"            savedFile.createNewFile();","lastModifiedDate":"2021-08-25"},{"lineNumber":58,"author":{"gitId":"srj31"},"content":"        }","lastModifiedDate":"2021-08-25"},{"lineNumber":59,"author":{"gitId":"srj31"},"content":"        Scanner scanner \u003d new Scanner(savedFile);","lastModifiedDate":"2021-08-25"},{"lineNumber":60,"author":{"gitId":"srj31"},"content":"        while (scanner.hasNextLine()) {","lastModifiedDate":"2021-08-25"},{"lineNumber":61,"author":{"gitId":"srj31"},"content":"            String[] keywords \u003d scanner.nextLine().split(\" \\\\| \");","lastModifiedDate":"2021-08-25"},{"lineNumber":62,"author":{"gitId":"srj31"},"content":"            Task cur \u003d null;","lastModifiedDate":"2021-08-25"},{"lineNumber":63,"author":{"gitId":"srj31"},"content":"            switch (keywords[0]) {","lastModifiedDate":"2021-08-25"},{"lineNumber":64,"author":{"gitId":"srj31"},"content":"                case \"T\":","lastModifiedDate":"2021-08-25"},{"lineNumber":65,"author":{"gitId":"srj31"},"content":"                    cur \u003d new ToDo(keywords[2]);","lastModifiedDate":"2021-08-25"},{"lineNumber":66,"author":{"gitId":"srj31"},"content":"                    break;","lastModifiedDate":"2021-08-25"},{"lineNumber":67,"author":{"gitId":"srj31"},"content":"                case \"D\":","lastModifiedDate":"2021-08-25"},{"lineNumber":68,"author":{"gitId":"srj31"},"content":"                    cur \u003d new Deadline(keywords[2], keywords[3]);","lastModifiedDate":"2021-08-25"},{"lineNumber":69,"author":{"gitId":"srj31"},"content":"                    break;","lastModifiedDate":"2021-08-25"},{"lineNumber":70,"author":{"gitId":"srj31"},"content":"                case \"E\":","lastModifiedDate":"2021-08-25"},{"lineNumber":71,"author":{"gitId":"srj31"},"content":"                    cur \u003d new Event(keywords[2], keywords[3]);","lastModifiedDate":"2021-08-25"},{"lineNumber":72,"author":{"gitId":"srj31"},"content":"                    break;","lastModifiedDate":"2021-08-25"},{"lineNumber":73,"author":{"gitId":"srj31"},"content":"                default:","lastModifiedDate":"2021-08-25"},{"lineNumber":74,"author":{"gitId":"srj31"},"content":"                    System.out.println(\"error\");","lastModifiedDate":"2021-08-25"},{"lineNumber":75,"author":{"gitId":"srj31"},"content":"                    break;","lastModifiedDate":"2021-08-25"},{"lineNumber":76,"author":{"gitId":"srj31"},"content":"            }","lastModifiedDate":"2021-08-25"},{"lineNumber":77,"author":{"gitId":"srj31"},"content":"","lastModifiedDate":"2021-08-25"},{"lineNumber":78,"author":{"gitId":"srj31"},"content":"            if (keywords[1].equals(\"1\")) {","lastModifiedDate":"2021-08-25"},{"lineNumber":79,"author":{"gitId":"srj31"},"content":"                cur.completeTask();","lastModifiedDate":"2021-08-25"},{"lineNumber":80,"author":{"gitId":"srj31"},"content":"            }","lastModifiedDate":"2021-08-25"},{"lineNumber":81,"author":{"gitId":"srj31"},"content":"            Tasklist.dukeList.add(cur);","lastModifiedDate":"2021-08-25"},{"lineNumber":82,"author":{"gitId":"srj31"},"content":"        }","lastModifiedDate":"2021-08-25"},{"lineNumber":83,"author":{"gitId":"srj31"},"content":"        scanner.close();","lastModifiedDate":"2021-08-25"},{"lineNumber":84,"author":{"gitId":"srj31"},"content":"    }","lastModifiedDate":"2021-08-25"},{"lineNumber":85,"author":{"gitId":"srj31"},"content":"}","lastModifiedDate":"2021-08-25"}],"authorContributionMap":{"srj31":85}},{"path":"src/main/java/duke/Task.java","fileType":"java","lines":[{"lineNumber":1,"author":{"gitId":"srj31"},"content":"package duke;","lastModifiedDate":"2021-08-25"},{"lineNumber":2,"author":{"gitId":"srj31"},"content":"","lastModifiedDate":"2021-08-25"},{"lineNumber":3,"author":{"gitId":"srj31"},"content":"/**","lastModifiedDate":"2021-08-26"},{"lineNumber":4,"author":{"gitId":"srj31"},"content":" * duke.Task represents the task in the Duke","lastModifiedDate":"2021-08-26"},{"lineNumber":5,"author":{"gitId":"srj31"},"content":" */","lastModifiedDate":"2021-08-26"},{"lineNumber":6,"author":{"gitId":"srj31"},"content":"","lastModifiedDate":"2021-08-26"},{"lineNumber":7,"author":{"gitId":"srj31"},"content":"public class Task {","lastModifiedDate":"2021-08-19"},{"lineNumber":8,"author":{"gitId":"srj31"},"content":"    protected String description;","lastModifiedDate":"2021-08-25"},{"lineNumber":9,"author":{"gitId":"srj31"},"content":"    protected boolean isDone;","lastModifiedDate":"2021-08-25"},{"lineNumber":10,"author":{"gitId":"srj31"},"content":"","lastModifiedDate":"2021-08-19"},{"lineNumber":11,"author":{"gitId":"srj31"},"content":"    public Task(String description) {","lastModifiedDate":"2021-08-19"},{"lineNumber":12,"author":{"gitId":"srj31"},"content":"        this.description \u003d description;","lastModifiedDate":"2021-08-19"},{"lineNumber":13,"author":{"gitId":"srj31"},"content":"        this.isDone \u003d false;","lastModifiedDate":"2021-08-19"},{"lineNumber":14,"author":{"gitId":"srj31"},"content":"    }","lastModifiedDate":"2021-08-19"},{"lineNumber":15,"author":{"gitId":"srj31"},"content":"","lastModifiedDate":"2021-08-19"},{"lineNumber":16,"author":{"gitId":"srj31"},"content":"    /**","lastModifiedDate":"2021-08-26"},{"lineNumber":17,"author":{"gitId":"srj31"},"content":"     * If the task is marked done X is shown","lastModifiedDate":"2021-08-26"},{"lineNumber":18,"author":{"gitId":"srj31"},"content":"     * @return  X if task is completed else whitespace","lastModifiedDate":"2021-08-26"},{"lineNumber":19,"author":{"gitId":"srj31"},"content":"     */","lastModifiedDate":"2021-08-26"},{"lineNumber":20,"author":{"gitId":"srj31"},"content":"    public String getStatusIcon() {","lastModifiedDate":"2021-08-19"},{"lineNumber":21,"author":{"gitId":"srj31"},"content":"        return (isDone ? \"X\" : \" \");","lastModifiedDate":"2021-08-19"},{"lineNumber":22,"author":{"gitId":"srj31"},"content":"    }","lastModifiedDate":"2021-08-19"},{"lineNumber":23,"author":{"gitId":"srj31"},"content":"","lastModifiedDate":"2021-08-19"},{"lineNumber":24,"author":{"gitId":"srj31"},"content":"    /**","lastModifiedDate":"2021-08-26"},{"lineNumber":25,"author":{"gitId":"srj31"},"content":"     * The status of the task is set to completed","lastModifiedDate":"2021-08-26"},{"lineNumber":26,"author":{"gitId":"srj31"},"content":"     */","lastModifiedDate":"2021-08-26"},{"lineNumber":27,"author":{"gitId":"srj31"},"content":"    public void completeTask() {","lastModifiedDate":"2021-08-19"},{"lineNumber":28,"author":{"gitId":"srj31"},"content":"        this.isDone \u003d true;","lastModifiedDate":"2021-08-19"},{"lineNumber":29,"author":{"gitId":"srj31"},"content":"    }","lastModifiedDate":"2021-08-19"},{"lineNumber":30,"author":{"gitId":"srj31"},"content":"","lastModifiedDate":"2021-08-19"},{"lineNumber":31,"author":{"gitId":"srj31"},"content":"    /**","lastModifiedDate":"2021-08-26"},{"lineNumber":32,"author":{"gitId":"srj31"},"content":"     * Returns the description for the task","lastModifiedDate":"2021-08-26"},{"lineNumber":33,"author":{"gitId":"srj31"},"content":"     * @return the description for the task","lastModifiedDate":"2021-08-26"},{"lineNumber":34,"author":{"gitId":"srj31"},"content":"     */","lastModifiedDate":"2021-08-26"},{"lineNumber":35,"author":{"gitId":"srj31"},"content":"    public String getDescription() {","lastModifiedDate":"2021-08-25"},{"lineNumber":36,"author":{"gitId":"srj31"},"content":"        return description;","lastModifiedDate":"2021-08-25"},{"lineNumber":37,"author":{"gitId":"srj31"},"content":"    }","lastModifiedDate":"2021-08-25"},{"lineNumber":38,"author":{"gitId":"srj31"},"content":"","lastModifiedDate":"2021-08-25"},{"lineNumber":39,"author":{"gitId":"srj31"},"content":"    /**","lastModifiedDate":"2021-08-26"},{"lineNumber":40,"author":{"gitId":"srj31"},"content":"     * Returns whether the task is completed or not","lastModifiedDate":"2021-08-26"},{"lineNumber":41,"author":{"gitId":"srj31"},"content":"     * @return whether the task is completed or not","lastModifiedDate":"2021-08-26"},{"lineNumber":42,"author":{"gitId":"srj31"},"content":"     */","lastModifiedDate":"2021-08-26"},{"lineNumber":43,"author":{"gitId":"srj31"},"content":"    public boolean getIsDone() {","lastModifiedDate":"2021-08-25"},{"lineNumber":44,"author":{"gitId":"srj31"},"content":"        return isDone;","lastModifiedDate":"2021-08-25"},{"lineNumber":45,"author":{"gitId":"srj31"},"content":"    }","lastModifiedDate":"2021-08-25"},{"lineNumber":46,"author":{"gitId":"srj31"},"content":"","lastModifiedDate":"2021-08-25"},{"lineNumber":47,"author":{"gitId":"srj31"},"content":"    @Override","lastModifiedDate":"2021-08-19"},{"lineNumber":48,"author":{"gitId":"srj31"},"content":"    public String toString() {","lastModifiedDate":"2021-08-19"},{"lineNumber":49,"author":{"gitId":"srj31"},"content":"        return String.format(\"[%s] %s\", getStatusIcon(), description);","lastModifiedDate":"2021-08-19"},{"lineNumber":50,"author":{"gitId":"srj31"},"content":"    }","lastModifiedDate":"2021-08-19"},{"lineNumber":51,"author":{"gitId":"srj31"},"content":"}","lastModifiedDate":"2021-08-19"}],"authorContributionMap":{"srj31":51}},{"path":"src/main/java/duke/Tasklist.java","fileType":"java","lines":[{"lineNumber":1,"author":{"gitId":"srj31"},"content":"package duke;","lastModifiedDate":"2021-08-25"},{"lineNumber":2,"author":{"gitId":"srj31"},"content":"","lastModifiedDate":"2021-08-25"},{"lineNumber":3,"author":{"gitId":"srj31"},"content":"import java.util.ArrayList;","lastModifiedDate":"2021-08-25"},{"lineNumber":4,"author":{"gitId":"srj31"},"content":"","lastModifiedDate":"2021-08-25"},{"lineNumber":5,"author":{"gitId":"srj31"},"content":"/**","lastModifiedDate":"2021-08-26"},{"lineNumber":6,"author":{"gitId":"srj31"},"content":" * duke.Tasklist creates the list of tasks for Duke.","lastModifiedDate":"2021-08-26"},{"lineNumber":7,"author":{"gitId":"srj31"},"content":" */","lastModifiedDate":"2021-08-26"},{"lineNumber":8,"author":{"gitId":"srj31"},"content":"","lastModifiedDate":"2021-08-26"},{"lineNumber":9,"author":{"gitId":"srj31"},"content":"public class Tasklist {","lastModifiedDate":"2021-08-25"},{"lineNumber":10,"author":{"gitId":"srj31"},"content":"    public static ArrayList\u003cTask\u003e dukeList;","lastModifiedDate":"2021-08-25"},{"lineNumber":11,"author":{"gitId":"srj31"},"content":"","lastModifiedDate":"2021-08-25"},{"lineNumber":12,"author":{"gitId":"srj31"},"content":"    public Tasklist() {","lastModifiedDate":"2021-08-25"},{"lineNumber":13,"author":{"gitId":"srj31"},"content":"        dukeList \u003d new ArrayList\u003c\u003e();","lastModifiedDate":"2021-08-25"},{"lineNumber":14,"author":{"gitId":"srj31"},"content":"    }","lastModifiedDate":"2021-08-25"},{"lineNumber":15,"author":{"gitId":"srj31"},"content":"","lastModifiedDate":"2021-08-25"},{"lineNumber":16,"author":{"gitId":"srj31"},"content":"    /**","lastModifiedDate":"2021-08-26"},{"lineNumber":17,"author":{"gitId":"srj31"},"content":"     * Add a task to the list of tasks.","lastModifiedDate":"2021-08-26"},{"lineNumber":18,"author":{"gitId":"srj31"},"content":"     * @param task - the task which is to be added in the list","lastModifiedDate":"2021-08-26"},{"lineNumber":19,"author":{"gitId":"srj31"},"content":"     */","lastModifiedDate":"2021-08-26"},{"lineNumber":20,"author":{"gitId":"srj31"},"content":"    public static void add(Task task) {","lastModifiedDate":"2021-08-25"},{"lineNumber":21,"author":{"gitId":"srj31"},"content":"        dukeList.add(task);","lastModifiedDate":"2021-08-25"},{"lineNumber":22,"author":{"gitId":"srj31"},"content":"    }","lastModifiedDate":"2021-08-25"},{"lineNumber":23,"author":{"gitId":"srj31"},"content":"","lastModifiedDate":"2021-08-25"},{"lineNumber":24,"author":{"gitId":"srj31"},"content":"    /**","lastModifiedDate":"2021-08-26"},{"lineNumber":25,"author":{"gitId":"srj31"},"content":"     * Removing a task from the list of the tasks.","lastModifiedDate":"2021-08-26"},{"lineNumber":26,"author":{"gitId":"srj31"},"content":"     * @param taskIndex - the index of the task to be deleted","lastModifiedDate":"2021-08-26"},{"lineNumber":27,"author":{"gitId":"srj31"},"content":"     */","lastModifiedDate":"2021-08-26"},{"lineNumber":28,"author":{"gitId":"srj31"},"content":"    public static void delete(int taskIndex) {","lastModifiedDate":"2021-08-25"},{"lineNumber":29,"author":{"gitId":"srj31"},"content":"        dukeList.remove(taskIndex);","lastModifiedDate":"2021-08-25"},{"lineNumber":30,"author":{"gitId":"srj31"},"content":"    }","lastModifiedDate":"2021-08-25"},{"lineNumber":31,"author":{"gitId":"srj31"},"content":"","lastModifiedDate":"2021-08-26"},{"lineNumber":32,"author":{"gitId":"srj31"},"content":"    /**","lastModifiedDate":"2021-08-26"},{"lineNumber":33,"author":{"gitId":"srj31"},"content":"     * Find the Tasks in the list which contain the keyword in their","lastModifiedDate":"2021-08-26"},{"lineNumber":34,"author":{"gitId":"srj31"},"content":"     * description.","lastModifiedDate":"2021-08-26"},{"lineNumber":35,"author":{"gitId":"srj31"},"content":"     * @param keyword   keyword to look for in the descriptions","lastModifiedDate":"2021-08-26"},{"lineNumber":36,"author":{"gitId":"srj31"},"content":"     * @return          the list of Tasks which have the keyword","lastModifiedDate":"2021-08-26"},{"lineNumber":37,"author":{"gitId":"srj31"},"content":"     */","lastModifiedDate":"2021-08-26"},{"lineNumber":38,"author":{"gitId":"srj31"},"content":"    public static ArrayList\u003cTask\u003e find(String keyword) {","lastModifiedDate":"2021-08-26"},{"lineNumber":39,"author":{"gitId":"srj31"},"content":"        ArrayList\u003cTask\u003e foundTasks \u003d new ArrayList\u003c\u003e();","lastModifiedDate":"2021-08-26"},{"lineNumber":40,"author":{"gitId":"srj31"},"content":"        for (int i \u003d 0; i \u003c dukeList.size(); i++ ) {","lastModifiedDate":"2021-08-26"},{"lineNumber":41,"author":{"gitId":"srj31"},"content":"            if(dukeList.get(i).getDescription().contains(keyword)) {","lastModifiedDate":"2021-08-26"},{"lineNumber":42,"author":{"gitId":"srj31"},"content":"                foundTasks.add(dukeList.get(i));","lastModifiedDate":"2021-08-26"},{"lineNumber":43,"author":{"gitId":"srj31"},"content":"            }","lastModifiedDate":"2021-08-26"},{"lineNumber":44,"author":{"gitId":"srj31"},"content":"        }","lastModifiedDate":"2021-08-26"},{"lineNumber":45,"author":{"gitId":"srj31"},"content":"        return foundTasks;","lastModifiedDate":"2021-08-26"},{"lineNumber":46,"author":{"gitId":"srj31"},"content":"    }","lastModifiedDate":"2021-08-26"},{"lineNumber":47,"author":{"gitId":"srj31"},"content":"","lastModifiedDate":"2021-08-26"},{"lineNumber":48,"author":{"gitId":"srj31"},"content":"}","lastModifiedDate":"2021-08-25"}],"authorContributionMap":{"srj31":48}},{"path":"src/main/java/duke/ToDo.java","fileType":"java","lines":[{"lineNumber":1,"author":{"gitId":"srj31"},"content":"package duke;","lastModifiedDate":"2021-08-25"},{"lineNumber":2,"author":{"gitId":"srj31"},"content":"","lastModifiedDate":"2021-08-25"},{"lineNumber":3,"author":{"gitId":"srj31"},"content":"/**","lastModifiedDate":"2021-08-26"},{"lineNumber":4,"author":{"gitId":"srj31"},"content":" * duke.ToDo represents the ToDo tasks in Duke","lastModifiedDate":"2021-08-26"},{"lineNumber":5,"author":{"gitId":"srj31"},"content":" */","lastModifiedDate":"2021-08-26"},{"lineNumber":6,"author":{"gitId":"srj31"},"content":"public class ToDo extends Task {","lastModifiedDate":"2021-08-19"},{"lineNumber":7,"author":{"gitId":"srj31"},"content":"","lastModifiedDate":"2021-08-19"},{"lineNumber":8,"author":{"gitId":"srj31"},"content":"    /**","lastModifiedDate":"2021-08-26"},{"lineNumber":9,"author":{"gitId":"srj31"},"content":"     * Constructor to create a new ToDo","lastModifiedDate":"2021-08-26"},{"lineNumber":10,"author":{"gitId":"srj31"},"content":"     * @param description   the description of the ToDo","lastModifiedDate":"2021-08-26"},{"lineNumber":11,"author":{"gitId":"srj31"},"content":"     */","lastModifiedDate":"2021-08-26"},{"lineNumber":12,"author":{"gitId":"srj31"},"content":"    public ToDo(String description) {","lastModifiedDate":"2021-08-19"},{"lineNumber":13,"author":{"gitId":"srj31"},"content":"        super(description);","lastModifiedDate":"2021-08-19"},{"lineNumber":14,"author":{"gitId":"srj31"},"content":"    }","lastModifiedDate":"2021-08-19"},{"lineNumber":15,"author":{"gitId":"srj31"},"content":"","lastModifiedDate":"2021-08-19"},{"lineNumber":16,"author":{"gitId":"srj31"},"content":"    @Override","lastModifiedDate":"2021-08-19"},{"lineNumber":17,"author":{"gitId":"srj31"},"content":"    public String toString() {","lastModifiedDate":"2021-08-19"},{"lineNumber":18,"author":{"gitId":"srj31"},"content":"        return String.format(\"[T] %s\", super.toString());","lastModifiedDate":"2021-08-19"},{"lineNumber":19,"author":{"gitId":"srj31"},"content":"    }","lastModifiedDate":"2021-08-19"},{"lineNumber":20,"author":{"gitId":"srj31"},"content":"}","lastModifiedDate":"2021-08-19"}],"authorContributionMap":{"srj31":20}},{"path":"src/main/java/duke/Ui.java","fileType":"java","lines":[{"lineNumber":1,"author":{"gitId":"srj31"},"content":"package duke;","lastModifiedDate":"2021-08-25"},{"lineNumber":2,"author":{"gitId":"srj31"},"content":"","lastModifiedDate":"2021-08-25"},{"lineNumber":3,"author":{"gitId":"srj31"},"content":"import duke.exceptions.DukeEmptyTodoDescriptionException;","lastModifiedDate":"2021-08-25"},{"lineNumber":4,"author":{"gitId":"srj31"},"content":"import duke.exceptions.DukeException;","lastModifiedDate":"2021-08-25"},{"lineNumber":5,"author":{"gitId":"srj31"},"content":"import duke.exceptions.DukeUnknownCommandException;","lastModifiedDate":"2021-08-25"},{"lineNumber":6,"author":{"gitId":"srj31"},"content":"","lastModifiedDate":"2021-08-25"},{"lineNumber":7,"author":{"gitId":"srj31"},"content":"/**","lastModifiedDate":"2021-08-26"},{"lineNumber":8,"author":{"gitId":"srj31"},"content":" * duke.Ui represents the Implementation of the interface of Duke.","lastModifiedDate":"2021-08-26"},{"lineNumber":9,"author":{"gitId":"srj31"},"content":" * Ui handles the displaying of messages and executing commands for","lastModifiedDate":"2021-08-26"},{"lineNumber":10,"author":{"gitId":"srj31"},"content":" * various tasks","lastModifiedDate":"2021-08-26"},{"lineNumber":11,"author":{"gitId":"srj31"},"content":" */","lastModifiedDate":"2021-08-26"},{"lineNumber":12,"author":{"gitId":"srj31"},"content":"import java.util.ArrayList;","lastModifiedDate":"2021-08-26"},{"lineNumber":13,"author":{"gitId":"srj31"},"content":"","lastModifiedDate":"2021-08-26"},{"lineNumber":14,"author":{"gitId":"srj31"},"content":"public class Ui {","lastModifiedDate":"2021-08-25"},{"lineNumber":15,"author":{"gitId":"srj31"},"content":"","lastModifiedDate":"2021-08-25"},{"lineNumber":16,"author":{"gitId":"srj31"},"content":"    void printLines() {","lastModifiedDate":"2021-08-25"},{"lineNumber":17,"author":{"gitId":"srj31"},"content":"        System.out.println(\"------------------------------------------------------------------\");","lastModifiedDate":"2021-08-25"},{"lineNumber":18,"author":{"gitId":"srj31"},"content":"    }","lastModifiedDate":"2021-08-25"},{"lineNumber":19,"author":{"gitId":"srj31"},"content":"","lastModifiedDate":"2021-08-25"},{"lineNumber":20,"author":{"gitId":"srj31"},"content":"    /**","lastModifiedDate":"2021-08-26"},{"lineNumber":21,"author":{"gitId":"srj31"},"content":"     * Displays the welcome message to the user","lastModifiedDate":"2021-08-26"},{"lineNumber":22,"author":{"gitId":"srj31"},"content":"     */","lastModifiedDate":"2021-08-26"},{"lineNumber":23,"author":{"gitId":"srj31"},"content":"    void displayWelcomeMessage() {","lastModifiedDate":"2021-08-25"},{"lineNumber":24,"author":{"gitId":"srj31"},"content":"        printLines();","lastModifiedDate":"2021-08-25"},{"lineNumber":25,"author":{"gitId":"srj31"},"content":"        System.out.println(\"Hello! I\u0027m Duke\\nWhat can I do for you?\");","lastModifiedDate":"2021-08-25"},{"lineNumber":26,"author":{"gitId":"srj31"},"content":"        printLines();","lastModifiedDate":"2021-08-25"},{"lineNumber":27,"author":{"gitId":"srj31"},"content":"    }","lastModifiedDate":"2021-08-25"},{"lineNumber":28,"author":{"gitId":"srj31"},"content":"","lastModifiedDate":"2021-08-25"},{"lineNumber":29,"author":{"gitId":"srj31"},"content":"    /**","lastModifiedDate":"2021-08-26"},{"lineNumber":30,"author":{"gitId":"srj31"},"content":"     * Displays the farewell message to user when they enter bye.","lastModifiedDate":"2021-08-26"},{"lineNumber":31,"author":{"gitId":"srj31"},"content":"     */","lastModifiedDate":"2021-08-26"},{"lineNumber":32,"author":{"gitId":"srj31"},"content":"    void displayByeMessage() {","lastModifiedDate":"2021-08-25"},{"lineNumber":33,"author":{"gitId":"srj31"},"content":"        printLines();","lastModifiedDate":"2021-08-25"},{"lineNumber":34,"author":{"gitId":"srj31"},"content":"        System.out.println(\"Bye. Hope to see you again soon!\");","lastModifiedDate":"2021-08-25"},{"lineNumber":35,"author":{"gitId":"srj31"},"content":"        printLines();","lastModifiedDate":"2021-08-25"},{"lineNumber":36,"author":{"gitId":"srj31"},"content":"    }","lastModifiedDate":"2021-08-25"},{"lineNumber":37,"author":{"gitId":"srj31"},"content":"","lastModifiedDate":"2021-08-25"},{"lineNumber":38,"author":{"gitId":"srj31"},"content":"    void displayCommand(String description) {","lastModifiedDate":"2021-08-25"},{"lineNumber":39,"author":{"gitId":"srj31"},"content":"        printLines();","lastModifiedDate":"2021-08-25"},{"lineNumber":40,"author":{"gitId":"srj31"},"content":"        System.out.println(description);","lastModifiedDate":"2021-08-25"},{"lineNumber":41,"author":{"gitId":"srj31"},"content":"        printLines();","lastModifiedDate":"2021-08-25"},{"lineNumber":42,"author":{"gitId":"srj31"},"content":"    }","lastModifiedDate":"2021-08-25"},{"lineNumber":43,"author":{"gitId":"srj31"},"content":"","lastModifiedDate":"2021-08-25"},{"lineNumber":44,"author":{"gitId":"srj31"},"content":"    /**","lastModifiedDate":"2021-08-26"},{"lineNumber":45,"author":{"gitId":"srj31"},"content":"     * Executes the commands entered by the user.","lastModifiedDate":"2021-08-26"},{"lineNumber":46,"author":{"gitId":"srj31"},"content":"     * @param command        valid command entered by the user","lastModifiedDate":"2021-08-26"},{"lineNumber":47,"author":{"gitId":"srj31"},"content":"     * @param description    description for the Task","lastModifiedDate":"2021-08-26"},{"lineNumber":48,"author":{"gitId":"srj31"},"content":"     * @throws DukeException if the command is invalid or event has an empty description","lastModifiedDate":"2021-08-26"},{"lineNumber":49,"author":{"gitId":"srj31"},"content":"     */","lastModifiedDate":"2021-08-26"},{"lineNumber":50,"author":{"gitId":"srj31"},"content":"    void executeCommand(String command, String description)  throws DukeException {","lastModifiedDate":"2021-08-25"},{"lineNumber":51,"author":{"gitId":"srj31"},"content":"        try {","lastModifiedDate":"2021-08-25"},{"lineNumber":52,"author":{"gitId":"srj31"},"content":"            if (command.equals(\"list\")) {","lastModifiedDate":"2021-08-25"},{"lineNumber":53,"author":{"gitId":"srj31"},"content":"                displayDukeList();","lastModifiedDate":"2021-08-25"},{"lineNumber":54,"author":{"gitId":"srj31"},"content":"            } else if (command.equals(\"done\")) {","lastModifiedDate":"2021-08-25"},{"lineNumber":55,"author":{"gitId":"srj31"},"content":"                int taskIndex \u003d Integer.parseInt(description.substring(1)) - 1;","lastModifiedDate":"2021-08-25"},{"lineNumber":56,"author":{"gitId":"srj31"},"content":"                Task toBeCompleted \u003d Tasklist.dukeList.get(taskIndex);","lastModifiedDate":"2021-08-25"},{"lineNumber":57,"author":{"gitId":"srj31"},"content":"                toBeCompleted.completeTask();","lastModifiedDate":"2021-08-25"},{"lineNumber":58,"author":{"gitId":"srj31"},"content":"                displayTaskCompletion(toBeCompleted);","lastModifiedDate":"2021-08-25"},{"lineNumber":59,"author":{"gitId":"srj31"},"content":"            } else {","lastModifiedDate":"2021-08-25"},{"lineNumber":60,"author":{"gitId":"srj31"},"content":"                if (command.equals(\"deadline\")) {","lastModifiedDate":"2021-08-25"},{"lineNumber":61,"author":{"gitId":"srj31"},"content":"                    String[] description_and_time \u003d Parser.splitDescriptionAndTime(description);","lastModifiedDate":"2021-08-25"},{"lineNumber":62,"author":{"gitId":"srj31"},"content":"                    String deadlineDescription \u003d Parser.getDescription(description_and_time);","lastModifiedDate":"2021-08-25"},{"lineNumber":63,"author":{"gitId":"srj31"},"content":"                    String time \u003d Parser.getTime(description_and_time);","lastModifiedDate":"2021-08-25"},{"lineNumber":64,"author":{"gitId":"srj31"},"content":"                    Deadline newDeadline \u003d new Deadline(deadlineDescription, time);","lastModifiedDate":"2021-08-25"},{"lineNumber":65,"author":{"gitId":"srj31"},"content":"                    Tasklist.dukeList.add(newDeadline);","lastModifiedDate":"2021-08-25"},{"lineNumber":66,"author":{"gitId":"srj31"},"content":"                    printLines();","lastModifiedDate":"2021-08-25"},{"lineNumber":67,"author":{"gitId":"srj31"},"content":"                    System.out.println(\"Got it. I\u0027ve added this task:\");","lastModifiedDate":"2021-08-25"},{"lineNumber":68,"author":{"gitId":"srj31"},"content":"                    System.out.println(newDeadline);","lastModifiedDate":"2021-08-25"},{"lineNumber":69,"author":{"gitId":"srj31"},"content":"                } else if (command.equals(\"event\")) {","lastModifiedDate":"2021-08-25"},{"lineNumber":70,"author":{"gitId":"srj31"},"content":"                    String[] event_and_time \u003d Parser.splitDescriptionAndTime(description);","lastModifiedDate":"2021-08-25"},{"lineNumber":71,"author":{"gitId":"srj31"},"content":"                    String eventDescription \u003d Parser.getDescription(event_and_time);","lastModifiedDate":"2021-08-25"},{"lineNumber":72,"author":{"gitId":"srj31"},"content":"                    String time \u003d Parser.getTime(event_and_time);","lastModifiedDate":"2021-08-25"},{"lineNumber":73,"author":{"gitId":"srj31"},"content":"                    Event newEvent \u003d new Event(eventDescription, time);","lastModifiedDate":"2021-08-25"},{"lineNumber":74,"author":{"gitId":"srj31"},"content":"                    Tasklist.dukeList.add(newEvent);","lastModifiedDate":"2021-08-25"},{"lineNumber":75,"author":{"gitId":"srj31"},"content":"                    printLines();","lastModifiedDate":"2021-08-25"},{"lineNumber":76,"author":{"gitId":"srj31"},"content":"                    System.out.println(\"Got it. I\u0027ve added this task:\");","lastModifiedDate":"2021-08-25"},{"lineNumber":77,"author":{"gitId":"srj31"},"content":"                    System.out.println(newEvent);","lastModifiedDate":"2021-08-25"},{"lineNumber":78,"author":{"gitId":"srj31"},"content":"                } else if (command.equals(\"todo\")) {","lastModifiedDate":"2021-08-25"},{"lineNumber":79,"author":{"gitId":"srj31"},"content":"                    if (description.trim().equals(\"\")) {","lastModifiedDate":"2021-08-25"},{"lineNumber":80,"author":{"gitId":"srj31"},"content":"                        throw new DukeEmptyTodoDescriptionException();","lastModifiedDate":"2021-08-25"},{"lineNumber":81,"author":{"gitId":"srj31"},"content":"                    }","lastModifiedDate":"2021-08-25"},{"lineNumber":82,"author":{"gitId":"srj31"},"content":"                    printLines();","lastModifiedDate":"2021-08-25"},{"lineNumber":83,"author":{"gitId":"srj31"},"content":"                    System.out.println(\"Got it. I\u0027ve added this task:\");","lastModifiedDate":"2021-08-25"},{"lineNumber":84,"author":{"gitId":"srj31"},"content":"                    ToDo newTodo \u003d new ToDo(description.substring(1));","lastModifiedDate":"2021-08-25"},{"lineNumber":85,"author":{"gitId":"srj31"},"content":"                    Tasklist.add(newTodo);","lastModifiedDate":"2021-08-25"},{"lineNumber":86,"author":{"gitId":"srj31"},"content":"                    System.out.println(newTodo);","lastModifiedDate":"2021-08-25"},{"lineNumber":87,"author":{"gitId":"srj31"},"content":"                } else if (command.equals(\"delete\")) {","lastModifiedDate":"2021-08-25"},{"lineNumber":88,"author":{"gitId":"srj31"},"content":"                    int taskIndex \u003d Integer.parseInt(description.substring(1)) - 1;","lastModifiedDate":"2021-08-25"},{"lineNumber":89,"author":{"gitId":"srj31"},"content":"                    printLines();","lastModifiedDate":"2021-08-25"},{"lineNumber":90,"author":{"gitId":"srj31"},"content":"                    System.out.println(\"Noted. I\u0027ve removed this task:\");","lastModifiedDate":"2021-08-25"},{"lineNumber":91,"author":{"gitId":"srj31"},"content":"                    Task taskToBeDeleted \u003d Tasklist.dukeList.get(taskIndex);","lastModifiedDate":"2021-08-25"},{"lineNumber":92,"author":{"gitId":"srj31"},"content":"                    System.out.println(taskToBeDeleted);","lastModifiedDate":"2021-08-25"},{"lineNumber":93,"author":{"gitId":"srj31"},"content":"                    deleteTask(taskIndex);","lastModifiedDate":"2021-08-25"},{"lineNumber":94,"author":{"gitId":"srj31"},"content":"                } else if (command.equals(\"find\")) {","lastModifiedDate":"2021-08-26"},{"lineNumber":95,"author":{"gitId":"srj31"},"content":"                    String keyword \u003d description.substring(1);","lastModifiedDate":"2021-08-26"},{"lineNumber":96,"author":{"gitId":"srj31"},"content":"                    ArrayList\u003cTask\u003e foundTasks \u003d Tasklist.find(keyword);","lastModifiedDate":"2021-08-26"},{"lineNumber":97,"author":{"gitId":"srj31"},"content":"                    displayFoundDukeList(foundTasks);","lastModifiedDate":"2021-08-26"},{"lineNumber":98,"author":{"gitId":"srj31"},"content":"                } else {","lastModifiedDate":"2021-08-25"},{"lineNumber":99,"author":{"gitId":"srj31"},"content":"                    throw new DukeUnknownCommandException();","lastModifiedDate":"2021-08-25"},{"lineNumber":100,"author":{"gitId":"srj31"},"content":"                }","lastModifiedDate":"2021-08-25"},{"lineNumber":101,"author":{"gitId":"srj31"},"content":"","lastModifiedDate":"2021-08-26"},{"lineNumber":102,"author":{"gitId":"srj31"},"content":"                if (!command.equals(\"find\")) {","lastModifiedDate":"2021-08-26"},{"lineNumber":103,"author":{"gitId":"srj31"},"content":"                    System.out.println(\"Now you have \" + Tasklist.dukeList.size() + \" tasks in the list.\");","lastModifiedDate":"2021-08-25"},{"lineNumber":104,"author":{"gitId":"srj31"},"content":"                    printLines();","lastModifiedDate":"2021-08-25"},{"lineNumber":105,"author":{"gitId":"srj31"},"content":"                }","lastModifiedDate":"2021-08-25"},{"lineNumber":106,"author":{"gitId":"srj31"},"content":"            }","lastModifiedDate":"2021-08-26"},{"lineNumber":107,"author":{"gitId":"srj31"},"content":"        } catch ( DukeEmptyTodoDescriptionException | DukeUnknownCommandException e) {","lastModifiedDate":"2021-08-25"},{"lineNumber":108,"author":{"gitId":"srj31"},"content":"            printLines();","lastModifiedDate":"2021-08-25"},{"lineNumber":109,"author":{"gitId":"srj31"},"content":"            System.out.println(e.getMessage());","lastModifiedDate":"2021-08-25"},{"lineNumber":110,"author":{"gitId":"srj31"},"content":"            printLines();","lastModifiedDate":"2021-08-25"},{"lineNumber":111,"author":{"gitId":"srj31"},"content":"        }","lastModifiedDate":"2021-08-25"},{"lineNumber":112,"author":{"gitId":"srj31"},"content":"","lastModifiedDate":"2021-08-25"},{"lineNumber":113,"author":{"gitId":"srj31"},"content":"    }","lastModifiedDate":"2021-08-25"},{"lineNumber":114,"author":{"gitId":"srj31"},"content":"","lastModifiedDate":"2021-08-25"},{"lineNumber":115,"author":{"gitId":"srj31"},"content":"    /**","lastModifiedDate":"2021-08-26"},{"lineNumber":116,"author":{"gitId":"srj31"},"content":"     * Remove a Task from the list","lastModifiedDate":"2021-08-26"},{"lineNumber":117,"author":{"gitId":"srj31"},"content":"     * @param taskIndex the index of the Task to be removed","lastModifiedDate":"2021-08-26"},{"lineNumber":118,"author":{"gitId":"srj31"},"content":"     */","lastModifiedDate":"2021-08-26"},{"lineNumber":119,"author":{"gitId":"srj31"},"content":"    void deleteTask(int taskIndex) {","lastModifiedDate":"2021-08-25"},{"lineNumber":120,"author":{"gitId":"srj31"},"content":"        Tasklist.delete(taskIndex);","lastModifiedDate":"2021-08-25"},{"lineNumber":121,"author":{"gitId":"srj31"},"content":"    }","lastModifiedDate":"2021-08-25"},{"lineNumber":122,"author":{"gitId":"srj31"},"content":"","lastModifiedDate":"2021-08-25"},{"lineNumber":123,"author":{"gitId":"srj31"},"content":"    /**","lastModifiedDate":"2021-08-26"},{"lineNumber":124,"author":{"gitId":"srj31"},"content":"     * Display the completion message for the Task marked done","lastModifiedDate":"2021-08-26"},{"lineNumber":125,"author":{"gitId":"srj31"},"content":"     * @param toBeCompleted the Task which is to be marked done","lastModifiedDate":"2021-08-26"},{"lineNumber":126,"author":{"gitId":"srj31"},"content":"     */","lastModifiedDate":"2021-08-26"},{"lineNumber":127,"author":{"gitId":"srj31"},"content":"    void displayTaskCompletion(Task toBeCompleted) {","lastModifiedDate":"2021-08-25"},{"lineNumber":128,"author":{"gitId":"srj31"},"content":"        printLines();","lastModifiedDate":"2021-08-25"},{"lineNumber":129,"author":{"gitId":"srj31"},"content":"        System.out.println(\"Nice! I\u0027ve marked this task as done:\");","lastModifiedDate":"2021-08-25"},{"lineNumber":130,"author":{"gitId":"srj31"},"content":"        System.out.println(toBeCompleted);","lastModifiedDate":"2021-08-25"},{"lineNumber":131,"author":{"gitId":"srj31"},"content":"        printLines();","lastModifiedDate":"2021-08-25"},{"lineNumber":132,"author":{"gitId":"srj31"},"content":"    }","lastModifiedDate":"2021-08-25"},{"lineNumber":133,"author":{"gitId":"srj31"},"content":"","lastModifiedDate":"2021-08-25"},{"lineNumber":134,"author":{"gitId":"srj31"},"content":"    /**","lastModifiedDate":"2021-08-26"},{"lineNumber":135,"author":{"gitId":"srj31"},"content":"     * Display the tasks in the DukeList","lastModifiedDate":"2021-08-26"},{"lineNumber":136,"author":{"gitId":"srj31"},"content":"     */","lastModifiedDate":"2021-08-26"},{"lineNumber":137,"author":{"gitId":"srj31"},"content":"    void displayDukeList() {","lastModifiedDate":"2021-08-25"},{"lineNumber":138,"author":{"gitId":"srj31"},"content":"        printLines();","lastModifiedDate":"2021-08-25"},{"lineNumber":139,"author":{"gitId":"srj31"},"content":"        for (int i \u003d 0;i \u003c Tasklist.dukeList.size(); i++) {","lastModifiedDate":"2021-08-25"},{"lineNumber":140,"author":{"gitId":"srj31"},"content":"            System.out.println((i+1) + \". \" + Tasklist.dukeList.get(i));","lastModifiedDate":"2021-08-25"},{"lineNumber":141,"author":{"gitId":"srj31"},"content":"        }","lastModifiedDate":"2021-08-25"},{"lineNumber":142,"author":{"gitId":"srj31"},"content":"        printLines();","lastModifiedDate":"2021-08-25"},{"lineNumber":143,"author":{"gitId":"srj31"},"content":"    }","lastModifiedDate":"2021-08-25"},{"lineNumber":144,"author":{"gitId":"srj31"},"content":"","lastModifiedDate":"2021-08-26"},{"lineNumber":145,"author":{"gitId":"srj31"},"content":"    void displayFoundDukeList(ArrayList\u003cTask\u003e foundTasks) {","lastModifiedDate":"2021-08-26"},{"lineNumber":146,"author":{"gitId":"srj31"},"content":"        printLines();","lastModifiedDate":"2021-08-26"},{"lineNumber":147,"author":{"gitId":"srj31"},"content":"        System.out.println(\"Here are the matching tasks in your list:\");","lastModifiedDate":"2021-08-26"},{"lineNumber":148,"author":{"gitId":"srj31"},"content":"        for (int i \u003d 0;i \u003c foundTasks.size(); i++) {","lastModifiedDate":"2021-08-26"},{"lineNumber":149,"author":{"gitId":"srj31"},"content":"            System.out.println((i+1) + \". \" + foundTasks.get(i));","lastModifiedDate":"2021-08-26"},{"lineNumber":150,"author":{"gitId":"srj31"},"content":"        }","lastModifiedDate":"2021-08-26"},{"lineNumber":151,"author":{"gitId":"srj31"},"content":"        printLines();","lastModifiedDate":"2021-08-26"},{"lineNumber":152,"author":{"gitId":"srj31"},"content":"    }","lastModifiedDate":"2021-08-26"},{"lineNumber":153,"author":{"gitId":"srj31"},"content":"}","lastModifiedDate":"2021-08-25"}],"authorContributionMap":{"srj31":153}},{"path":"src/main/java/duke/exceptions/DukeEmptyTodoDescriptionException.java","fileType":"java","lines":[{"lineNumber":1,"author":{"gitId":"srj31"},"content":"package duke.exceptions;","lastModifiedDate":"2021-08-25"},{"lineNumber":2,"author":{"gitId":"srj31"},"content":"","lastModifiedDate":"2021-08-19"},{"lineNumber":3,"author":{"gitId":"srj31"},"content":"public class DukeEmptyTodoDescriptionException extends DukeException {","lastModifiedDate":"2021-08-19"},{"lineNumber":4,"author":{"gitId":"srj31"},"content":"","lastModifiedDate":"2021-08-19"},{"lineNumber":5,"author":{"gitId":"srj31"},"content":"    public DukeEmptyTodoDescriptionException() {","lastModifiedDate":"2021-08-19"},{"lineNumber":6,"author":{"gitId":"srj31"},"content":"        super(\"OOPS!!! The description of a todo cannot be empty.\");","lastModifiedDate":"2021-08-19"},{"lineNumber":7,"author":{"gitId":"srj31"},"content":"    }","lastModifiedDate":"2021-08-19"},{"lineNumber":8,"author":{"gitId":"srj31"},"content":"}","lastModifiedDate":"2021-08-19"}],"authorContributionMap":{"srj31":8}},{"path":"src/main/java/duke/exceptions/DukeException.java","fileType":"java","lines":[{"lineNumber":1,"author":{"gitId":"srj31"},"content":"package duke.exceptions;","lastModifiedDate":"2021-08-25"},{"lineNumber":2,"author":{"gitId":"srj31"},"content":"","lastModifiedDate":"2021-08-19"},{"lineNumber":3,"author":{"gitId":"srj31"},"content":"public class DukeException extends Exception {","lastModifiedDate":"2021-08-19"},{"lineNumber":4,"author":{"gitId":"srj31"},"content":"","lastModifiedDate":"2021-08-19"},{"lineNumber":5,"author":{"gitId":"srj31"},"content":"    public DukeException(String message) {","lastModifiedDate":"2021-08-19"},{"lineNumber":6,"author":{"gitId":"srj31"},"content":"        super(message);","lastModifiedDate":"2021-08-19"},{"lineNumber":7,"author":{"gitId":"srj31"},"content":"    }","lastModifiedDate":"2021-08-19"},{"lineNumber":8,"author":{"gitId":"srj31"},"content":"}","lastModifiedDate":"2021-08-19"}],"authorContributionMap":{"srj31":8}},{"path":"src/main/java/duke/exceptions/DukeUnknownCommandException.java","fileType":"java","lines":[{"lineNumber":1,"author":{"gitId":"srj31"},"content":"package duke.exceptions;","lastModifiedDate":"2021-08-25"},{"lineNumber":2,"author":{"gitId":"srj31"},"content":"","lastModifiedDate":"2021-08-19"},{"lineNumber":3,"author":{"gitId":"srj31"},"content":"public class DukeUnknownCommandException extends DukeException{","lastModifiedDate":"2021-08-19"},{"lineNumber":4,"author":{"gitId":"srj31"},"content":"","lastModifiedDate":"2021-08-19"},{"lineNumber":5,"author":{"gitId":"srj31"},"content":"    public DukeUnknownCommandException() {","lastModifiedDate":"2021-08-19"},{"lineNumber":6,"author":{"gitId":"srj31"},"content":"        super(\"OOPS!!! I\u0027m sorry, but I don\u0027t know what that means :-(\");","lastModifiedDate":"2021-08-19"},{"lineNumber":7,"author":{"gitId":"srj31"},"content":"    }","lastModifiedDate":"2021-08-19"},{"lineNumber":8,"author":{"gitId":"srj31"},"content":"}","lastModifiedDate":"2021-08-19"}],"authorContributionMap":{"srj31":8}},{"path":"src/test/java/duke/DukeTest.java","fileType":"java","lines":[{"lineNumber":1,"author":{"gitId":"srj31"},"content":"package duke;","lastModifiedDate":"2021-08-25"},{"lineNumber":2,"author":{"gitId":"srj31"},"content":"","lastModifiedDate":"2021-08-25"},{"lineNumber":3,"author":{"gitId":"srj31"},"content":"import duke.exceptions.DukeEmptyTodoDescriptionException;","lastModifiedDate":"2021-08-25"},{"lineNumber":4,"author":{"gitId":"srj31"},"content":"import duke.exceptions.DukeUnknownCommandException;","lastModifiedDate":"2021-08-25"},{"lineNumber":5,"author":{"gitId":"srj31"},"content":"import org.junit.jupiter.api.Test;","lastModifiedDate":"2021-08-25"},{"lineNumber":6,"author":{"gitId":"srj31"},"content":"","lastModifiedDate":"2021-08-25"},{"lineNumber":7,"author":{"gitId":"srj31"},"content":"import static org.junit.jupiter.api.Assertions.assertThrows;","lastModifiedDate":"2021-08-25"},{"lineNumber":8,"author":{"gitId":"srj31"},"content":"","lastModifiedDate":"2021-08-25"},{"lineNumber":9,"author":{"gitId":"srj31"},"content":"public class DukeTest {","lastModifiedDate":"2021-08-25"},{"lineNumber":10,"author":{"gitId":"srj31"},"content":"","lastModifiedDate":"2021-08-25"},{"lineNumber":11,"author":{"gitId":"srj31"},"content":"    @Test","lastModifiedDate":"2021-08-25"},{"lineNumber":12,"author":{"gitId":"srj31"},"content":"    public void testWrongCommand() {","lastModifiedDate":"2021-08-25"},{"lineNumber":13,"author":{"gitId":"srj31"},"content":"        Duke duke \u003d new Duke();","lastModifiedDate":"2021-08-25"},{"lineNumber":14,"author":{"gitId":"srj31"},"content":"        assertThrows(DukeUnknownCommandException.class, () -\u003e duke.handleCommandExecution(\"lol\",\"nothing\"));","lastModifiedDate":"2021-08-25"},{"lineNumber":15,"author":{"gitId":"srj31"},"content":"    }","lastModifiedDate":"2021-08-25"},{"lineNumber":16,"author":{"gitId":"srj31"},"content":"","lastModifiedDate":"2021-08-25"},{"lineNumber":17,"author":{"gitId":"srj31"},"content":"    @Test","lastModifiedDate":"2021-08-25"},{"lineNumber":18,"author":{"gitId":"srj31"},"content":"    public void testEmptyDescription() {","lastModifiedDate":"2021-08-25"},{"lineNumber":19,"author":{"gitId":"srj31"},"content":"        Duke duke \u003d new Duke();","lastModifiedDate":"2021-08-25"},{"lineNumber":20,"author":{"gitId":"srj31"},"content":"        assertThrows(DukeEmptyTodoDescriptionException.class, () -\u003e duke.handleCommandExecution(\"todo\",\" \"));","lastModifiedDate":"2021-08-25"},{"lineNumber":21,"author":{"gitId":"srj31"},"content":"    }","lastModifiedDate":"2021-08-25"},{"lineNumber":22,"author":{"gitId":"srj31"},"content":"}","lastModifiedDate":"2021-08-25"}],"authorContributionMap":{"srj31":22}},{"path":"src/test/java/duke/TaskTest.java","fileType":"java","lines":[{"lineNumber":1,"author":{"gitId":"srj31"},"content":"package duke;","lastModifiedDate":"2021-08-25"},{"lineNumber":2,"author":{"gitId":"srj31"},"content":"","lastModifiedDate":"2021-08-25"},{"lineNumber":3,"author":{"gitId":"srj31"},"content":"import org.junit.jupiter.api.Test;","lastModifiedDate":"2021-08-25"},{"lineNumber":4,"author":{"gitId":"srj31"},"content":"","lastModifiedDate":"2021-08-25"},{"lineNumber":5,"author":{"gitId":"srj31"},"content":"import static org.junit.jupiter.api.Assertions.assertEquals;","lastModifiedDate":"2021-08-25"},{"lineNumber":6,"author":{"gitId":"srj31"},"content":"","lastModifiedDate":"2021-08-25"},{"lineNumber":7,"author":{"gitId":"srj31"},"content":"public class TaskTest {","lastModifiedDate":"2021-08-25"},{"lineNumber":8,"author":{"gitId":"srj31"},"content":"    @Test","lastModifiedDate":"2021-08-25"},{"lineNumber":9,"author":{"gitId":"srj31"},"content":"    public void testToDoCreation() {","lastModifiedDate":"2021-08-25"},{"lineNumber":10,"author":{"gitId":"srj31"},"content":"        assertEquals(\"[T] [ ] read book\", (new ToDo(\"read book\")).toString());","lastModifiedDate":"2021-08-25"},{"lineNumber":11,"author":{"gitId":"srj31"},"content":"    }","lastModifiedDate":"2021-08-25"},{"lineNumber":12,"author":{"gitId":"srj31"},"content":"","lastModifiedDate":"2021-08-25"},{"lineNumber":13,"author":{"gitId":"srj31"},"content":"    @Test","lastModifiedDate":"2021-08-25"},{"lineNumber":14,"author":{"gitId":"srj31"},"content":"    public void testDeadlineCreation() {","lastModifiedDate":"2021-08-25"},{"lineNumber":15,"author":{"gitId":"srj31"},"content":"        assertEquals(\"[D] [ ] read book (by: Sunday)\", (new Deadline(\"read book\", \"Sunday\")).toString());","lastModifiedDate":"2021-08-25"},{"lineNumber":16,"author":{"gitId":"srj31"},"content":"    }","lastModifiedDate":"2021-08-25"},{"lineNumber":17,"author":{"gitId":"srj31"},"content":"}","lastModifiedDate":"2021-08-25"}],"authorContributionMap":{"srj31":17}},{"path":"text-ui-test/input.txt","fileType":"txt","lines":[{"lineNumber":1,"author":{"gitId":"srj31"},"content":"todo borrow book","lastModifiedDate":"2021-08-19"},{"lineNumber":2,"author":{"gitId":"srj31"},"content":"list","lastModifiedDate":"2021-08-19"},{"lineNumber":3,"author":{"gitId":"srj31"},"content":"deadline return book /by Sunday","lastModifiedDate":"2021-08-19"},{"lineNumber":4,"author":{"gitId":"srj31"},"content":"event project meeting /at Mon 2-4pm","lastModifiedDate":"2021-08-19"},{"lineNumber":5,"author":{"gitId":"srj31"},"content":"done 1","lastModifiedDate":"2021-08-19"},{"lineNumber":6,"author":{"gitId":"srj31"},"content":"done 2","lastModifiedDate":"2021-08-19"},{"lineNumber":7,"author":{"gitId":"srj31"},"content":"list","lastModifiedDate":"2021-08-19"},{"lineNumber":8,"author":{"gitId":"srj31"},"content":"bye","lastModifiedDate":"2021-08-19"}],"authorContributionMap":{"srj31":8}}]
