{"authorDailyContributionsMap":{"srj31":[{"date":"2021-08-18","commitResults":[{"hash":"cb7448b240eaa30cc056d2080e24c38361e54ba2","messageTitle":"level-1 ip greet, echo, exit","messageBody":"","tags":["Level-1"],"fileTypesAndContributionMap":{"java":{"insertions":35,"deletions":7}}},{"hash":"6d55de3ba12ba580f198e56ccffb9e2902b05a56","messageTitle":"creating a list of commands","messageBody":"","tags":["Level-2"],"fileTypesAndContributionMap":{"java":{"insertions":41,"deletions":13}}}]},{"date":"2021-08-19","commitResults":[{"hash":"d0ebfae22253d522852beb6642d5fd628f92e8c7","messageTitle":"using inheritance Task","messageBody":"","tags":["Level-3"],"fileTypesAndContributionMap":{"java":{"insertions":43,"deletions":7}}},{"hash":"289d43ccd44e2392e65742d452f6d5074a70bbb1","messageTitle":"Level4","messageBody":"","tags":["Level-4"],"fileTypesAndContributionMap":{"java":{"insertions":71,"deletions":14}}},{"hash":"a7f061f1d5ba72c18ec22016e9278340dfdbcf78","messageTitle":"added ui testing","messageBody":"","fileTypesAndContributionMap":{"txt":{"insertions":8,"deletions":0}}},{"hash":"da19f4a3308348c3cc65db9ef82f6255202fef8f","messageTitle":"Adding Exceptions","messageBody":"","fileTypesAndContributionMap":{"java":{"insertions":8,"deletions":0}}},{"hash":"ae95d2b45566cad21d68bb92755d8b2128b690ae","messageTitle":"Adding DukeExceptions","messageBody":"","tags":["Level-5"],"fileTypesAndContributionMap":{"java":{"insertions":71,"deletions":35}}},{"hash":"161f82395209d0399d1797aee856cb429bcc377b","messageTitle":"Deleting Tasks","messageBody":"","tags":["Level-6"],"fileTypesAndContributionMap":{"java":{"insertions":11,"deletions":0}}},{"hash":"781ecd6314873464619076336e294663720a1edd","messageTitle":"fixing ui-testing","messageBody":"","tags":["A-TextUiTesting"],"fileTypesAndContributionMap":{"java":{"insertions":5,"deletions":5}}}]},{"date":"2021-08-24","commitResults":[{"hash":"4c655dff37efd3348184c5bdac2fdbf3f328bc16","messageTitle":"saving and loading to a file","messageBody":"","fileTypesAndContributionMap":{"java":{"insertions":63,"deletions":2}}}]},{"date":"2021-08-25","commitResults":[{"hash":"24b38eb2b74d033e163ab5aba3e17065156394fc","messageTitle":"reading date","messageBody":"","fileTypesAndContributionMap":{"java":{"insertions":7,"deletions":2}}}]}]},"authorFileTypeContributionMap":{"srj31":{"java":275,"md":0,"fxml":0,"sh":0,"bat":0,"gradle":0,"txt":8}},"authorContributionVariance":{"srj31":4647.052},"authorDisplayNameMap":{"srj31":"CS2103T-W17-4 SOUR..SWAL"}}
