{"authorDailyContributionsMap":{"willyamped":[{"date":"2021-08-15","commitResults":[{"hash":"a488fa51ea6ed877a57ca07a7b48f46cf53e1591","messageTitle":"Level-1","messageBody":"","tags":["Level-1"],"fileTypesAndContributionMap":{"java":{"insertions":15,"deletions":6}}},{"hash":"23f3adbcc27e7fa77537fa1d92f6a955737ee21e","messageTitle":"Level-2","messageBody":"","tags":["Level-2"],"fileTypesAndContributionMap":{"java":{"insertions":10,"deletions":1}}}]},{"date":"2021-08-16","commitResults":[{"hash":"a597d5f2d36f03e516279409c4bc163a2f63ad5f","messageTitle":"added Todo, Event, Deadline","messageBody":"","tags":["Level-4","Level-3"],"fileTypesAndContributionMap":{"java":{"insertions":132,"deletions":3}}},{"hash":"591a8adc6372a357ee2b505b3c1c602da29f719b","messageTitle":"Revert \"added Todo, Event, Deadline\"","messageBody":"This reverts commit a597d5f2d36f03e516279409c4bc163a2f63ad5f.\n","fileTypesAndContributionMap":{"java":{"insertions":3,"deletions":132}}},{"hash":"1af651afe7300b2952f47c4c0a0766b4b55f3563","messageTitle":"Undo the revert","messageBody":"","fileTypesAndContributionMap":{"java":{"insertions":132,"deletions":3}}},{"hash":"0b11d2ee2b147d7a94776049f53f10861f1839f6","messageTitle":"Added 3 exceptions","messageBody":"","tags":["Level-5"],"fileTypesAndContributionMap":{"java":{"insertions":70,"deletions":28}}},{"hash":"ab5466ca5b9b47ed08a28311f0ada4c60d9bda27","messageTitle":"added comprehensive welcome message","messageBody":"","fileTypesAndContributionMap":{"java":{"insertions":9,"deletions":2}}},{"hash":"9f3e23325ee462021e502f60df7610e87b45046a","messageTitle":"add delete and fix exception bugs","messageBody":"","tags":["Level-6"],"fileTypesAndContributionMap":{"java":{"insertions":33,"deletions":14}}},{"hash":"515734b24d252f6a8bdfc36f641bd1d5f2f36dcd","messageTitle":"Add documentation","messageBody":"","fileTypesAndContributionMap":{"java":{"insertions":87,"deletions":1}}}]},{"date":"2021-08-17","commitResults":[{"hash":"f213bb7bead609ddf690a7bfd8403f0f48b0f29a","messageTitle":"Add automated-testing, bug fixes","messageBody":"","tags":["A-TextUiTesting"],"fileTypesAndContributionMap":{"txt":{"insertions":6,"deletions":0},"java":{"insertions":47,"deletions":52},"sh":{"insertions":1,"deletions":5}}},{"hash":"af01ef7523daf5099dc597abf59690f35d6d90da","messageTitle":"Add isNumeric method, Fix todo","messageBody":"","fileTypesAndContributionMap":{"java":{"insertions":25,"deletions":5}}}]},{"date":"2021-08-23","commitResults":[{"hash":"90770026fce7f4c4d52c7494f0b36d40dd8fe8c6","messageTitle":"Add readFile(), saveFile() method","messageBody":"","tags":["Level-7"],"fileTypesAndContributionMap":{"txt":{"insertions":2,"deletions":0},"java":{"insertions":58,"deletions":17}}}]},{"date":"2021-08-24","commitResults":[{"hash":"509eb96d64dd2cf5cc0c6bb08707374cdcd78a92","messageTitle":"Fix getDeadline to recognise date and time","messageBody":"","fileTypesAndContributionMap":{"java":{"insertions":40,"deletions":10}}},{"hash":"40c10717a94b7073a2c2d8713afa9dd39f2a6be3","messageTitle":"Fix readFile()","messageBody":"","fileTypesAndContributionMap":{"txt":{"insertions":2,"deletions":2},"java":{"insertions":77,"deletions":7}}},{"hash":"f445eae07558389720c5c1dab6b5c02e0c72fba6","messageTitle":"Add taskList","messageBody":"","fileTypesAndContributionMap":{"txt":{"insertions":2,"deletions":2},"java":{"insertions":96,"deletions":58}}},{"hash":"456f10043c2560d4a5577d64ab7c56eb9f83a68f","messageTitle":"Add storage","messageBody":"","fileTypesAndContributionMap":{"txt":{"insertions":2,"deletions":2},"java":{"insertions":104,"deletions":89}}},{"hash":"1bb0ea1277db9cfb852e4db5e2c44d98b0446450","messageTitle":"Move getDeadline() and getDescription() to TaskList","messageBody":"","fileTypesAndContributionMap":{"txt":{"insertions":2,"deletions":1},"java":{"insertions":78,"deletions":74}}},{"hash":"ea9868fc05cd695596c4a48bf64541a8eb8089ea","messageTitle":"Add parser","messageBody":"","fileTypesAndContributionMap":{"txt":{"insertions":3,"deletions":1},"java":{"insertions":110,"deletions":96}}},{"hash":"65b45ba6d9527e0e23e64b07748ff739d333a6cd","messageTitle":"Add Ui","messageBody":"","tags":["A-MoreOOP"],"fileTypesAndContributionMap":{"txt":{"insertions":2,"deletions":1},"java":{"insertions":58,"deletions":22}}},{"hash":"43a81383527c2077dc3ab45c8a2a229a62c31f3b","messageTitle":"Add package","messageBody":"","tags":["A-Packages"],"fileTypesAndContributionMap":{"txt":{"insertions":2,"deletions":3},"java":{"insertions":26,"deletions":0},"sh":{"insertions":1,"deletions":1}}},{"hash":"329841537e5c10cb937f0d641af36093cf1fd4d3","messageTitle":"Add JUnit tests","messageBody":"","tags":["A-JUnit"],"fileTypesAndContributionMap":{"txt":{"insertions":3,"deletions":5},"java":{"insertions":25,"deletions":3}}},{"hash":"ce96bb9bba4f76f435f9a414af7d416990aed6b3","messageTitle":"Add testGetSize() to TaskListTest","messageBody":"","fileTypesAndContributionMap":{"java":{"insertions":8,"deletions":0}}},{"hash":"0ae0a48f43c548e483c53b401d43d45d93459d42","messageTitle":"Add findTask()","messageBody":"","tags":["v0.1","Level-9"],"fileTypesAndContributionMap":{"txt":{"insertions":4,"deletions":1},"java":{"insertions":26,"deletions":0}}},{"hash":"08e36792103a5ec77f42d671d65db3cab9bc11d1","messageTitle":"Add JAR File","messageBody":"","tags":["A-Jar"],"fileTypesAndContributionMap":{"java":{"insertions":5,"deletions":5}}},{"hash":"5703b23fd70e4c4729b7998ca003941bcc7ce05d","messageTitle":"Add JavaDoc","messageBody":"","fileTypesAndContributionMap":{"java":{"insertions":118,"deletions":4}}},{"hash":"3310a1ce5dc668aabf2897406daa618b5b470194","messageTitle":"Fix coding style","messageBody":"","fileTypesAndContributionMap":{"java":{"insertions":1,"deletions":1}}},{"hash":"7e125c98e730aefcb8709875e00445329c189f45","messageTitle":"Add find() method","messageBody":"","fileTypesAndContributionMap":{"java":{"insertions":4,"deletions":3}}}]},{"date":"2021-08-25","commitResults":[{"hash":"eff696075ef0e624affb740615849368ba6c2e34","messageTitle":"Improve javadocs convention","messageBody":"","fileTypesAndContributionMap":{"java":{"insertions":29,"deletions":29}}},{"hash":"828cc6a5cd1913a80f4d248009157bb93f0b70cd","messageTitle":"Fix javadocs and parse","messageBody":"","fileTypesAndContributionMap":{"txt":{"insertions":3,"deletions":2},"java":{"insertions":243,"deletions":143}}}]},{"date":"2021-08-26","commitResults":[{"hash":"f528aac977c70298167f02eb33d9a29328d61663","messageTitle":"Fix findTask()","messageBody":"","tags":["v0.2"],"fileTypesAndContributionMap":{"txt":{"insertions":1,"deletions":1},"java":{"insertions":5,"deletions":2}}},{"hash":"dd4041ac49c4b93ecaee636ec75deda852e9b9f3","messageTitle":"Fix findTask() to allow a single word","messageBody":"","fileTypesAndContributionMap":{"java":{"insertions":2,"deletions":0}}}]},{"date":"2021-08-31","commitResults":[{"hash":"ed5039ae50039a727b32d840227dd661ec5ec4ad","messageTitle":"Add GUI","messageBody":"","tags":["Level-10"],"fileTypesAndContributionMap":{"gradle":{"insertions":15,"deletions":1},"fxml":{"insertions":35,"deletions":0},"java":{"insertions":330,"deletions":24}}},{"hash":"6675a19e1cd1d52e6493156b4e55a5c436f33a7d","messageTitle":"Fix GUI slightly","messageBody":"","fileTypesAndContributionMap":{"java":{"insertions":70,"deletions":49}}},{"hash":"4002323389074b1b001cdbd3e961b38415ff7804","messageTitle":"Fix GUI and add javadocs","messageBody":"","fileTypesAndContributionMap":{"gradle":{"insertions":1,"deletions":1},"txt":{"insertions":2,"deletions":4},"fxml":{"insertions":1,"deletions":1},"java":{"insertions":61,"deletions":77}}}]},{"date":"2021-09-01","commitResults":[{"hash":"88a6e3191226696f997b84b4cb1cbe4340bc0df3","messageTitle":"Fix delete, bye","messageBody":"","fileTypesAndContributionMap":{"txt":{"insertions":2,"deletions":4},"java":{"insertions":14,"deletions":1}}},{"hash":"12386cc51e63a0c877084025d014d3327b0b412e","messageTitle":"Change welcome message and images","messageBody":"","fileTypesAndContributionMap":{"java":{"insertions":1,"deletions":1}}}]}]},"authorFileTypeContributionMap":{"willyamped":{"java":1197,"md":0,"fxml":35,"sh":2,"bat":0,"gradle":15,"txt":9}},"authorContributionVariance":{"willyamped":86645.39},"authorDisplayNameMap":{"willyamped":"CS2103T-W17-1 WILL..WIRA"}}
