{"authorDailyContributionsMap":{"NoraYUuu":[{"date":"2021-08-17","commitResults":[{"hash":"fc36129e83c7c3a80330da6952fa95b1ffd422a3","messageTitle":"level-1: greet, echo, exit added","messageBody":"","tags":["Level-1"],"fileTypesAndContributionMap":{"java":{"insertions":29,"deletions":6}}},{"hash":"f6e5afa0d1bb61a6a885bd9e37645527317c2477","messageTitle":"Level-2: Add tasks and function to print task list enabled.","messageBody":"","tags":["Level-2"],"fileTypesAndContributionMap":{"java":{"insertions":39,"deletions":2}}},{"hash":"9971ad730768685bc7af23acbe7797eec7eac022","messageTitle":"Level-3: mark as done.","messageBody":"","tags":["Level-3"],"fileTypesAndContributionMap":{"java":{"insertions":50,"deletions":5}}},{"hash":"efe36328f8e8a21e8bee87e7f28b5533bdb9ed92","messageTitle":"Level-4: todo, event, deadline have been added.","messageBody":"","tags":["Level-4"],"fileTypesAndContributionMap":{"java":{"insertions":132,"deletions":11}}}]},{"date":"2021-08-18","commitResults":[{"hash":"9dcb0561b1a6940e72435650273f927c9966209f","messageTitle":"A-TextUiTesting: add automated testing to test on add event/deadline/todo, done, list feature.","messageBody":"","tags":["A-TextUiTesting"],"fileTypesAndContributionMap":{"txt":{"insertions":13,"deletions":0}}},{"hash":"80b279fa92b6323163d298676cce299fcca163a4","messageTitle":"Level-5: add exception handling for todo/event/deadline (without description or time) and done (with invalid index)","messageBody":"","tags":["Level-5"],"fileTypesAndContributionMap":{"txt":{"insertions":5,"deletions":0},"java":{"insertions":42,"deletions":14}}},{"hash":"5634213cde1efd714a2fb44adc3052fd147bc7ac","messageTitle":"Level-6: add delete feature and handle respected exceptions (invalid index, invalid format)","messageBody":"","tags":["Level-6"],"fileTypesAndContributionMap":{"txt":{"insertions":8,"deletions":1},"java":{"insertions":73,"deletions":12}}},{"hash":"53bdf1117648fc4fca140ba2798d1fc9fa8e7680","messageTitle":"A-enum: add enum for keywords (identify bye, list, done, delete)","messageBody":"","tags":["A-Enums"],"fileTypesAndContributionMap":{"java":{"insertions":22,"deletions":8}}}]},{"date":"2021-08-19","commitResults":[{"hash":"067ca146241f6d15da2a1c835ad67760454fefe5","messageTitle":"Add javadoc for public methods","messageBody":"","fileTypesAndContributionMap":{"java":{"insertions":132,"deletions":4}}}]},{"date":"2021-08-21","commitResults":[{"hash":"7a3b5efcd2c771d0453f3be8e9ed52508f753b56","messageTitle":"Level-8: allow tasks to be saved to the local hard disk","messageBody":"","fileTypesAndContributionMap":{"txt":{"insertions":4,"deletions":0},"java":{"insertions":182,"deletions":2}}},{"hash":"bbbb2567f117b0369137b99897caf390d9d0ab27","messageTitle":"Revert \"Level-8: allow tasks to be saved to the local hard disk\"","messageBody":"This reverts commit 7a3b5efcd2c771d0453f3be8e9ed52508f753b56.\n","fileTypesAndContributionMap":{"txt":{"insertions":0,"deletions":4},"java":{"insertions":2,"deletions":182}}},{"hash":"116eae49831015c04323071524ef95f090622e04","messageTitle":"Revert \"Revert \"Level-8: allow tasks to be saved to the local hard disk\"\"","messageBody":"This reverts commit bbbb2567f117b0369137b99897caf390d9d0ab27.\n","tags":["Level-7"],"fileTypesAndContributionMap":{"txt":{"insertions":4,"deletions":0},"java":{"insertions":182,"deletions":2}}}]},{"date":"2021-08-22","commitResults":[{"hash":"cf8160a922758e01ae48d8efa2d03940e3380b26","messageTitle":"Level-8: allows Duke to understand date and time and print out tasks on a specific date","messageBody":"","fileTypesAndContributionMap":{"java":{"insertions":166,"deletions":11}}},{"hash":"2142bc5e50cc1f38ec5d8ebdb11ec12c079aa4db","messageTitle":"debug Event: component time, array out of index bug fixed","messageBody":"","fileTypesAndContributionMap":{"txt":{"insertions":9,"deletions":0},"java":{"insertions":9,"deletions":2}}},{"hash":"0822922d3c4a6aca2f02fa40ab89b42c2124d290","messageTitle":"Rename certain class/methods to proper format","messageBody":"","fileTypesAndContributionMap":{"txt":{"insertions":11,"deletions":4},"java":{"insertions":61,"deletions":52}}},{"hash":"c8c0129e495143761bf8a17c19e7f8d4e3e99c0b","messageTitle":"Adds OOP into different classes by dividing classes into more specific groups.","messageBody":"","tags":["A-MoreOOP"],"fileTypesAndContributionMap":{"txt":{"insertions":0,"deletions":16},"java":{"insertions":421,"deletions":198}}},{"hash":"6f7961fc3f560c6945a17dc943df5663d2cbeeda","messageTitle":"Adds classes to different packages.","messageBody":"","tags":["A-Packages"],"fileTypesAndContributionMap":{"txt":{"insertions":5,"deletions":0},"java":{"insertions":81,"deletions":19},"bat":{"insertions":1,"deletions":1},"md":{"insertions":2,"deletions":2}}},{"hash":"cb58779a5254d7c9c6b79753a6ae5450e011a00c","messageTitle":"Adds test for TaskList(addTask method) and doneCommand(execute method) classes.","messageBody":"","tags":["A-JUnit"],"fileTypesAndContributionMap":{"java":{"insertions":160,"deletions":0}}},{"hash":"331f010b924065fc1bf9d70d51e55def96c63fc2","messageTitle":"Debug address of duke.txt","messageBody":"","tags":["v0.1"],"fileTypesAndContributionMap":{"txt":{"insertions":1,"deletions":5},"java":{"insertions":5,"deletions":2}}},{"hash":"6d5fdd800068fe92c21f2692e081dcf4ef147392","messageTitle":"Add comments for some public methods/classes.","messageBody":"","tags":["A-JavaDoc","A-CodingStandard"],"fileTypesAndContributionMap":{"java":{"insertions":118,"deletions":22}}},{"hash":"75db95b73690d426614d9db461823c04bb5c02bc","messageTitle":"Add search function for Duke.","messageBody":"","tags":["Level-9"],"fileTypesAndContributionMap":{"java":{"insertions":59,"deletions":0}}}]}]},"authorFileTypeContributionMap":{"NoraYUuu":{"java":1425,"md":2,"fxml":0,"sh":0,"bat":1,"gradle":0,"txt":28}},"authorContributionVariance":{"NoraYUuu":146048.3},"authorDisplayNameMap":{"NoraYUuu":"CS2103T-T12-4 DENG..AIYU"}}
