{"authorDailyContributionsMap":{"houtenteo":[{"date":"2021-08-15","commitResults":[{"hash":"2d8674f594adca9960c04606cdc87c8442a1abb0","messageTitle":"first commit","messageBody":"","fileTypesAndContributionMap":{"java":{"insertions":20,"deletions":6}}},{"hash":"38ee4a37ccb588bb1b450db0c32a334531758f18","messageTitle":"added greet, echo exit","messageBody":"","tags":["Level-1"],"fileTypesAndContributionMap":{"java":{"insertions":11,"deletions":4}}},{"hash":"8618efcf3906761d3287f7b06eeff4d95b4b621d","messageTitle":"Created \u0027List\u0027 class","messageBody":"","fileTypesAndContributionMap":{"java":{"insertions":9,"deletions":0}}},{"hash":"f9b3daccec73a241697e5d15f8f0301672153fe2","messageTitle":"Added some functionalities","messageBody":"","fileTypesAndContributionMap":{"java":{"insertions":12,"deletions":0}}},{"hash":"3c7307bf671f4ed4385a0065c2b2e1e47221ea14","messageTitle":"Added the list feature","messageBody":"","fileTypesAndContributionMap":{"java":{"insertions":15,"deletions":3}}},{"hash":"688606dd067889e67ea69f65df9a75a67d67ee98","messageTitle":"Level-2","messageBody":"","fileTypesAndContributionMap":{"java":{"insertions":11,"deletions":5}}},{"hash":"c4e49b46a7d508b3c68e0aecc9a5a39e47404d87","messageTitle":"Redundant class","messageBody":"Relalised there was no point for this clas\n","fileTypesAndContributionMap":{"java":{"insertions":0,"deletions":21}}},{"hash":"85849cf648cb14b7742170770c7b1487d00f097d","messageTitle":"Level-2","messageBody":"Removed the redundant list class\n","tags":["Level-2"],"fileTypesAndContributionMap":{"java":{"insertions":5,"deletions":11}}},{"hash":"6d19d277a2dac28492eff56ffb08926daa6708eb","messageTitle":"Added the \u0027Task\u0027 class","messageBody":"","fileTypesAndContributionMap":{"java":{"insertions":25,"deletions":0}}},{"hash":"0f5d75a1705783ee6095487510a0d49b992f009e","messageTitle":"updated markComplete","messageBody":"","fileTypesAndContributionMap":{"java":{"insertions":8,"deletions":1}}},{"hash":"52a2b5477afb43a4c6366a99dc9e9acf96ed7a5a","messageTitle":"added getStatusIcon method","messageBody":"","fileTypesAndContributionMap":{"java":{"insertions":8,"deletions":0}}},{"hash":"90bdf53d6d987d9438a06b93d4e4437e317fc709","messageTitle":"Level 3","messageBody":"","fileTypesAndContributionMap":{"java":{"insertions":16,"deletions":4}}},{"hash":"a8020262d26892b4a22ab9367bdac095e51a5a1e","messageTitle":"Improved println","messageBody":"","fileTypesAndContributionMap":{"java":{"insertions":1,"deletions":1}}},{"hash":"4e73620303019330330638776b35050156c01d55","messageTitle":"Level-3","messageBody":"Tweaked a little bit to allow easier transition into level-4\n","tags":["Level-3"],"fileTypesAndContributionMap":{"java":{"insertions":19,"deletions":11}}},{"hash":"328c1acc527f5b9949a842078bba37c98c63c460","messageTitle":"Created a \"Todo\" class","messageBody":"","fileTypesAndContributionMap":{"java":{"insertions":24,"deletions":0}}},{"hash":"fe4ecedb790f0877245c23caa867eb4a59405d30","messageTitle":"Created a \"MyList\" class","messageBody":"to abstract out the print statements\n","fileTypesAndContributionMap":{"java":{"insertions":34,"deletions":0}}},{"hash":"e490eb8bfb468811d0c9b2f9db0b1b718dbde2e3","messageTitle":"Changed the print statements a little","messageBody":"","fileTypesAndContributionMap":{"java":{"insertions":5,"deletions":1}}},{"hash":"3e3ca40ed5458173649fb5e2e104f7cb3ce069e1","messageTitle":"Added \u0027todo\u0027 command","messageBody":"","fileTypesAndContributionMap":{"java":{"insertions":8,"deletions":23}}},{"hash":"485efbb18f4117714b17ba7762ab3a6cdcbe7c4b","messageTitle":"Added \u0027Deadline\u0027 class","messageBody":"","fileTypesAndContributionMap":{"java":{"insertions":50,"deletions":0}}},{"hash":"ef1906effbf4ccd01279966525c9d5a2b4646dfc","messageTitle":"Added \u0027toString()\u0027 method","messageBody":"","fileTypesAndContributionMap":{"java":{"insertions":9,"deletions":0}}},{"hash":"efdf4e2a39079f6378a701a934587addce175c56","messageTitle":"updated \u0027addTask\u0027 and \u0027listall\u0027 to incorporate toString method","messageBody":"","fileTypesAndContributionMap":{"java":{"insertions":2,"deletions":2}}},{"hash":"488d0e1bd925c1b67e0629a39ce3e4cbba10280f","messageTitle":"Update Duke.java","messageBody":"added deadline command\n","fileTypesAndContributionMap":{"java":{"insertions":9,"deletions":1}}},{"hash":"93151139d203ccc451efc9d181f6527f55e9bb2a","messageTitle":"Added wrongformatexception","messageBody":"","fileTypesAndContributionMap":{"java":{"insertions":31,"deletions":8}}},{"hash":"84aa5dc08f541a2bad48ed7466852629a699f64f","messageTitle":"Added \"Event\" class","messageBody":"","fileTypesAndContributionMap":{"java":{"insertions":82,"deletions":0}}},{"hash":"d1f48aa262dad7ffdcb59fd6c9a673b485b9f7f8","messageTitle":"Added overidden \"getStatusIcon()\" and \"markComplete()\"","messageBody":"","fileTypesAndContributionMap":{"java":{"insertions":28,"deletions":2}}},{"hash":"8c4172f8fbea2b73379eed55eb24c57198c7c1c7","messageTitle":"added event command","messageBody":"","fileTypesAndContributionMap":{"java":{"insertions":14,"deletions":0}}},{"hash":"5c5e7b3a3bfb39c0e09a7313aab3d388e4492ea1","messageTitle":"added indicator for number of items in list after adding a task","messageBody":"","fileTypesAndContributionMap":{"java":{"insertions":1,"deletions":0}}},{"hash":"762a9635919e275903908eac31752112c9bdc1d5","messageTitle":"improved error handling","messageBody":"","fileTypesAndContributionMap":{"java":{"insertions":9,"deletions":1}}}]},{"date":"2021-08-16","commitResults":[{"hash":"607986b6c1fee95493676ef403facb132e8fbabd","messageTitle":"Level-4","messageBody":"","tags":["Level-4"],"fileTypesAndContributionMap":{"java":{"insertions":8,"deletions":0}}},{"hash":"481c6c2ce8b47c5312be959eb6ef9921fca1cd39","messageTitle":"Added my own inputs","messageBody":"","fileTypesAndContributionMap":{"txt":{"insertions":4,"deletions":0}}},{"hash":"8bae74d3f80cadf1cb15f6828ec01b715cbf3ac3","messageTitle":"removed redundant lines in the bot UI","messageBody":"","fileTypesAndContributionMap":{"java":{"insertions":0,"deletions":1}}},{"hash":"609693adcae40d5ad597193f232e6d03dee12749","messageTitle":"testing new inputs","messageBody":"","tags":["A-TextUiTesting"],"fileTypesAndContributionMap":{"txt":{"insertions":1,"deletions":0}}},{"hash":"ed0d69d5d83b8622909ed352b1b68fc7d1268c60","messageTitle":"added error handling for \u0027todo\u0027","messageBody":"","fileTypesAndContributionMap":{"java":{"insertions":18,"deletions":6}}},{"hash":"963e7e7ce83e754947a9e16ae3e368739918c6a0","messageTitle":"imrpoved error handling","messageBody":"","fileTypesAndContributionMap":{"java":{"insertions":8,"deletions":8}}},{"hash":"773eae55e1a0c915b4af3d55ae90b2ef7274cdf5","messageTitle":"testing error handling messages","messageBody":"","fileTypesAndContributionMap":{"txt":{"insertions":5,"deletions":0}}},{"hash":"f883bd63700d5e8dc59bdee13fc04a4ada2518fb","messageTitle":"Improved message for trying to complete a completed task","messageBody":"","tags":["Level-5"],"fileTypesAndContributionMap":{"java":{"insertions":14,"deletions":2}}},{"hash":"04ee76a1ebe4d2ac90c35de97a523cecadf83507","messageTitle":"override the getStatusIcon() from the Task class","messageBody":"","fileTypesAndContributionMap":{"java":{"insertions":9,"deletions":0}}},{"hash":"5372a0a0d7f81a910a26c8e23353022dde19c9b1","messageTitle":"Added delete functionality","messageBody":"","tags":["Level-6"],"fileTypesAndContributionMap":{"java":{"insertions":22,"deletions":3}}}]},{"date":"2021-08-17","commitResults":[{"hash":"e4beaad775dd94430bfa468205ea0bd5e00794fd","messageTitle":"Added documentation","messageBody":"","fileTypesAndContributionMap":{"java":{"insertions":165,"deletions":28}}}]},{"date":"2021-08-21","commitResults":[{"hash":"37c54c4b677383a5727e84c2bdd675e800a34c9b","messageTitle":"Add new branch feature1","messageBody":"","fileTypesAndContributionMap":{"java":{"insertions":1,"deletions":1}}},{"hash":"902cb215663478fd992412231abffd34b9fc7b67","messageTitle":"test master branch","messageBody":"","fileTypesAndContributionMap":{"java":{"insertions":1,"deletions":1}}},{"hash":"40da3a8714bc677a1b848e00aef84af4be08f816","messageTitle":"add another commit to feature1 branch","messageBody":"","fileTypesAndContributionMap":{"java":{"insertions":1,"deletions":0}}},{"hash":"055a8ffce2a6f88329fc08d847b67fe6522e1a8f","messageTitle":"add another commit in master branch","messageBody":"","fileTypesAndContributionMap":{"java":{"insertions":1,"deletions":0}}},{"hash":"3b1984ecd07bceaebbb8c54fb4ddbf2d2a777742","messageTitle":"create add-countries file in add-countries branch","messageBody":"","fileTypesAndContributionMap":{"txt":{"insertions":1,"deletions":0}}},{"hash":"2f354d3b4082192876b370b8941db25edca08738","messageTitle":"merge add-countries into master","messageBody":"","fileTypesAndContributionMap":{"txt":{"insertions":1,"deletions":0}}},{"hash":"24ce6427e8ef68084062ee19a0cd987b85a9e0c8","messageTitle":"create merge conflict with master","messageBody":"","fileTypesAndContributionMap":{"java":{"insertions":1,"deletions":1}}},{"hash":"04653ca8be0b075425c108167933cb4329409511","messageTitle":"create merge conflict with add-countries","messageBody":"","fileTypesAndContributionMap":{"java":{"insertions":1,"deletions":1}}}]}]},"authorFileTypeContributionMap":{"houtenteo":{"java":565,"md":0,"fxml":0,"sh":0,"bat":0,"gradle":0,"txt":11}},"authorContributionVariance":{"houtenteo":24235.918},"authorDisplayNameMap":{"houtenteo":"HOUT.. TEO"}}
