{"authorDailyContributionsMap":{"samyipsh":[{"date":"2021-08-19","commitResults":[{"hash":"4a8aec28785d6a445dbe918a54eb3951c10aedf7","messageTitle":"add level-1 code","messageBody":"","tags":["Level-1"],"fileTypesAndContributionMap":{"java":{"insertions":41,"deletions":1},"sh":{"insertions":1,"deletions":1}}},{"hash":"fe7e7a19280cbc9df4414e256d1d64545a00c6a9","messageTitle":"add Level-2 files, to do list","messageBody":"","tags":["Level-2"],"fileTypesAndContributionMap":{"java":{"insertions":79,"deletions":8}}},{"hash":"76af65d774bf23c25e410e93110766c94d2aa4b1","messageTitle":"add Level-3 files, feature to toggle task done","messageBody":"","tags":["Level-3","A-Classes"],"fileTypesAndContributionMap":{"java":{"insertions":42,"deletions":13}}},{"hash":"762552c140d8461fe3e66fc3926aaddd2521c379","messageTitle":"begin Level-4, add ToDo.java class","messageBody":"","fileTypesAndContributionMap":{"java":{"insertions":55,"deletions":21}}}]},{"date":"2021-08-20","commitResults":[{"hash":"c416cb419d149549dc67e17709bdc0a948a6f4a0","messageTitle":"add Level-4, classes of ToDo, Deadline, Event","messageBody":"","fileTypesAndContributionMap":{"java":{"insertions":4,"deletions":0}}},{"hash":"1f94ab7039008092e5fb238a2185d2dbed642ac5","messageTitle":"complete level-4, add Duke, Event class","messageBody":"","tags":["Level-4","A-Inheritance"],"fileTypesAndContributionMap":{"java":{"insertions":78,"deletions":3}}},{"hash":"74dc76859757c375f00be6f0f13171de1e7873b0","messageTitle":"add A-TextUiTesting, running on windows with .bat file","messageBody":"","tags":["A-TextUiTesting"],"fileTypesAndContributionMap":{"txt":{"insertions":10,"deletions":0}}},{"hash":"c679f242201db6841ac1bcd8fe61f98b743c0690","messageTitle":"handle errors","messageBody":"","tags":["Level-5"],"fileTypesAndContributionMap":{"java":{"insertions":29,"deletions":2}}},{"hash":"f8425301b44b183685459906993cb6ea50031479","messageTitle":"Add new exception class DukeException, aka add A-Exceptions tag","messageBody":"","tags":["A-Exceptions"],"fileTypesAndContributionMap":{"txt":{"insertions":3,"deletions":1},"java":{"insertions":97,"deletions":68}}},{"hash":"b93c66c585cd79edb51d192ce6249553cba50b5a","messageTitle":"add Level-6 Delete functionality, changed ToDoList task field from Task[] to List\u003cTask\u003e, updated testing","messageBody":"","tags":["Level-6","A-Collections"],"fileTypesAndContributionMap":{"java":{"insertions":43,"deletions":24}}},{"hash":"2db7162b46d76bd5848117ba5576da77737e157e","messageTitle":"update testing","messageBody":"","fileTypesAndContributionMap":{"txt":{"insertions":2,"deletions":0}}}]},{"date":"2021-08-26","commitResults":[{"hash":"4345a1978a99bb65ecb5dfe77ad48e3e69fd77b9","messageTitle":"add Storage class and write method","messageBody":"","fileTypesAndContributionMap":{"txt":{"insertions":3,"deletions":0},"java":{"insertions":143,"deletions":42}}},{"hash":"7d9b88f53897bdc6434e8167f305d8991440e6ab","messageTitle":"refactor code - change type to final TYPE","messageBody":"","fileTypesAndContributionMap":{"txt":{"insertions":3,"deletions":0},"java":{"insertions":62,"deletions":36}}}]},{"date":"2021-08-27","commitResults":[{"hash":"03485083d0f0a607c9916a77b3e9d61d1bdf7aa8","messageTitle":"add storage.write(String) functionality","messageBody":"","fileTypesAndContributionMap":{"txt":{"insertions":2,"deletions":2},"java":{"insertions":166,"deletions":52}}},{"hash":"26e7743a7e915651638b713f6a0e61d89d90150b","messageTitle":"add storage.write(ArrayList\u003cTask\u003e tasks) functionality add Level-7 Save \u0026 Load","messageBody":"","fileTypesAndContributionMap":{"txt":{"insertions":2,"deletions":4},"java":{"insertions":38,"deletions":34}}},{"hash":"a9fa8400170eea1d51f070acb0dd148dda82d5a4","messageTitle":"add functionality in Deadline to parse and format string to LocalDateTime (MAY BREAK)","messageBody":"","fileTypesAndContributionMap":{"java":{"insertions":29,"deletions":3}}},{"hash":"86af1ce539eab5eb00900bf7d4c2dc6f9fb45006","messageTitle":"handle errors for deadline command. finish level-7 level-8","messageBody":"","fileTypesAndContributionMap":{"txt":{"insertions":5,"deletions":2},"java":{"insertions":48,"deletions":39}}},{"hash":"732d7345f9b42bb55ad2d9bb290e288421caddc9","messageTitle":"modify regex of deadline, event, todo","messageBody":"","fileTypesAndContributionMap":{"txt":{"insertions":3,"deletions":2},"java":{"insertions":12,"deletions":19}}},{"hash":"5fe62fba91393c9864b331630d7729f2423360f3","messageTitle":"add Ui class (more oop)","messageBody":"","tags":["v0.1","A-MoreOOP"],"fileTypesAndContributionMap":{"txt":{"insertions":3,"deletions":2},"java":{"insertions":72,"deletions":30}}}]},{"date":"2021-08-28","commitResults":[{"hash":"e6ef7e140e5e9b766ecebab0b557b9ffeb1d9f9d","messageTitle":"add Parser class, reformat Duke","messageBody":"","fileTypesAndContributionMap":{"txt":{"insertions":3,"deletions":2},"java":{"insertions":127,"deletions":93}}},{"hash":"ed38ed27cb9a65a3b8e026bb6302ee63d67e31cf","messageTitle":"add packages and reformat code with intellij suggestions","messageBody":"","tags":["A-Packages"],"fileTypesAndContributionMap":{"txt":{"insertions":1,"deletions":1},"java":{"insertions":122,"deletions":145},"bat":{"insertions":1,"deletions":1},"md":{"insertions":2,"deletions":2}}},{"hash":"a09ac9ca2385391cc72578894a862c1cb093f1ab","messageTitle":"add JUnit 5.4 support (TextUItest file path now wrong)","messageBody":"","tags":["A-JUnit"],"fileTypesAndContributionMap":{"java":{"insertions":54,"deletions":11}}},{"hash":"8de4ab0bc51ca463f0126f5f671941f8bc0f3b34","messageTitle":"add equals method for ToDo, Event, Deadline tasks","messageBody":"","fileTypesAndContributionMap":{"txt":{"insertions":2,"deletions":1},"java":{"insertions":31,"deletions":0}}},{"hash":"8fc306c692ab9b8c006c61b7dc559c2551937e28","messageTitle":"add JUnit test for equals method for Event, ToDo, Deadline","messageBody":"","fileTypesAndContributionMap":{"java":{"insertions":115,"deletions":8}}},{"hash":"f8052c022b22ec14d59a1add962f558f098da002","messageTitle":"add javadoc to classes","messageBody":"","tags":["A-JavaDoc"],"fileTypesAndContributionMap":{"java":{"insertions":195,"deletions":33}}},{"hash":"5bf9fb3709c294d37280d74331cc8a0e768674ba","messageTitle":"modify code to be closer to coding standard","messageBody":"","tags":["A-CodingStandard"],"fileTypesAndContributionMap":{"java":{"insertions":9,"deletions":13}}},{"hash":"f44ef0fd216fc8e64dddb6f8ed12260a646aea7e","messageTitle":"add find command.","messageBody":"","tags":["Level-9"],"fileTypesAndContributionMap":{"txt":{"insertions":2,"deletions":0},"java":{"insertions":87,"deletions":26}}}]},{"date":"2021-08-31","commitResults":[{"hash":"dfd90d43f8eadfbe0ca2c9c271c94f61c04f4691","messageTitle":"1. Commented out buggy code (checking if date has passed in Deadline) 2. Changed var names to better meet coding standard","messageBody":"","fileTypesAndContributionMap":{"txt":{"insertions":0,"deletions":1},"java":{"insertions":12,"deletions":10},"md":{"insertions":1,"deletions":1}}}]},{"date":"2021-09-01","commitResults":[{"hash":"991e6de4693dbc2dffa7473547e136fca3f35fe7","messageTitle":"set up gradle (merged gradle branches from upstream repo)","messageBody":"","tags":["A-Gradle"],"fileTypesAndContributionMap":{"gradle":{"insertions":5,"deletions":5},"txt":{"insertions":0,"deletions":1},"java":{"insertions":22,"deletions":14}}},{"hash":"4bcedb7e650c04bc0f050296431c67106aa172a4","messageTitle":"[**pending error fix**] import checkstyle files from AB3","messageBody":"","fileTypesAndContributionMap":{"gradle":{"insertions":1,"deletions":0}}}]},{"date":"2021-09-03","commitResults":[{"hash":"def8edbd035357b8ca37b4e64d421e51c1670513","messageTitle":"add some setup for javaFx in `build.gradle` and `Duke.java`","messageBody":"","fileTypesAndContributionMap":{"gradle":{"insertions":14,"deletions":0},"java":{"insertions":5,"deletions":1}}},{"hash":"6bdd6c1b50c5941c66ab3480524391790be5f420","messageTitle":"fix checkstyle problems: add @skyblaise99 checkstyle file and it works","messageBody":"","tags":["A-CheckStyle"],"fileTypesAndContributionMap":{"gradle":{"insertions":5,"deletions":5}}},{"hash":"57b02883cf8a8425ea3ae736b8dbabebd28bc7d6","messageTitle":"disable checkstyle options in `build.gradle` **temporarily** to work on other tasks","messageBody":"","fileTypesAndContributionMap":{"gradle":{"insertions":4,"deletions":5}}},{"hash":"0b1f331c45c631b44d93c8f25e39bb43d288f2a5","messageTitle":"add FXML support files (**able to build**) (**BUT unable to run Main.java**)","messageBody":"","fileTypesAndContributionMap":{"fxml":{"insertions":35,"deletions":0},"java":{"insertions":284,"deletions":2}}}]},{"date":"2021-09-04","commitResults":[{"hash":"2d5251c0e63c8c202e3108e320ec2faa337393aa","messageTitle":"add .fxml integration - **CANT RUN** - `Caused by: java.lang.IllegalStateException: Location is not set.` - **can build**","messageBody":"","fileTypesAndContributionMap":{"fxml":{"insertions":15,"deletions":6},"java":{"insertions":235,"deletions":199}}},{"hash":"72aa78c1b0584cf37128765d39bd06a1990e82f6","messageTitle":"fix bug by adding in missing \u0027s\u0027 in MainWindows.fxml reference","messageBody":"","fileTypesAndContributionMap":{"java":{"insertions":1,"deletions":2}}},{"hash":"0aa03201e0b907c82dbc9017d650b80a7e9e549c","messageTitle":"integrate logic of replying user input to GUI MainWindows. Modify Duke.java and Ui.java","messageBody":"","tags":["Level-10"],"fileTypesAndContributionMap":{"txt":{"insertions":0,"deletions":2},"fxml":{"insertions":39,"deletions":15},"java":{"insertions":186,"deletions":162}}}]},{"date":"2021-09-06","commitResults":[{"hash":"195f0f1c1e39776b8159fb5f09efc9b3d3000e65","messageTitle":"modify css and fxml files to improve looks","messageBody":"","fileTypesAndContributionMap":{"txt":{"insertions":1,"deletions":0},"fxml":{"insertions":42,"deletions":22},"java":{"insertions":30,"deletions":34}}}]},{"date":"2021-09-09","commitResults":[{"hash":"48de5ce434ad780be333928bedd810ef56edf398","messageTitle":"Refactor code: Code has some unexplained regex and in-line variables","messageBody":"Abstracted out such to relevant classes like TaskList to\navoid confusion.\n\nTaskList is currently abstracting out syntax of commands. Fits the\nabstraction it has.\n\nTo do\n*Extract out more unexplained regex from Parser class\n","tags":["A-FullCommitMessage"],"fileTypesAndContributionMap":{"gradle":{"insertions":6,"deletions":1},"txt":{"insertions":0,"deletions":1},"java":{"insertions":32,"deletions":21}}}]}]},"authorFileTypeContributionMap":{"samyipsh":{"java":1420,"md":1,"fxml":88,"sh":0,"bat":1,"gradle":24,"txt":24}},"authorContributionVariance":{"samyipsh":67869.6},"authorDisplayNameMap":{"samyipsh":"CS2103T-T10-3 SAMU.. HAO"}}
