[{"path":"src/main/java/Duke.java","fileType":"java","lines":[{"lineNumber":1,"author":{"gitId":"WangGLJoseph"},"content":"import java.util.Scanner;","lastModifiedDate":"2021-08-18"},{"lineNumber":2,"author":{"gitId":"WangGLJoseph"},"content":"import java.util.ArrayList;","lastModifiedDate":"2021-08-18"},{"lineNumber":3,"author":{"gitId":"WangGLJoseph"},"content":"","lastModifiedDate":"2021-08-18"},{"lineNumber":4,"author":{"gitId":"-"},"content":"public class Duke {","lastModifiedDate":"2019-07-29"},{"lineNumber":5,"author":{"gitId":"WangGLJoseph"},"content":"    private static final int lv \u003d 4;","lastModifiedDate":"2021-08-19"},{"lineNumber":6,"author":{"gitId":"WangGLJoseph"},"content":"    private static final String[] features \u003d {","lastModifiedDate":"2021-08-19"},{"lineNumber":7,"author":{"gitId":"WangGLJoseph"},"content":"            \"\",","lastModifiedDate":"2021-08-19"},{"lineNumber":8,"author":{"gitId":"WangGLJoseph"},"content":"            \"Greet, Echo, Exit\",","lastModifiedDate":"2021-08-19"},{"lineNumber":9,"author":{"gitId":"WangGLJoseph"},"content":"            \", Add, List\",","lastModifiedDate":"2021-08-19"},{"lineNumber":10,"author":{"gitId":"WangGLJoseph"},"content":"            \", Mark as Done\",","lastModifiedDate":"2021-08-19"},{"lineNumber":11,"author":{"gitId":"WangGLJoseph"},"content":"            \", ToDos, Events, Deadlines\"};","lastModifiedDate":"2021-08-19"},{"lineNumber":12,"author":{"gitId":"WangGLJoseph"},"content":"    private static boolean canExit \u003d false;","lastModifiedDate":"2021-08-18"},{"lineNumber":13,"author":{"gitId":"WangGLJoseph"},"content":"    private static final ArrayList\u003cTask\u003e taskArrayList \u003d new ArrayList\u003c\u003e();","lastModifiedDate":"2021-08-18"},{"lineNumber":14,"author":{"gitId":"WangGLJoseph"},"content":"","lastModifiedDate":"2021-08-18"},{"lineNumber":15,"author":{"gitId":"WangGLJoseph"},"content":"    /**","lastModifiedDate":"2021-08-18"},{"lineNumber":16,"author":{"gitId":"WangGLJoseph"},"content":"     * This function takes an input string and formats it by including horizontal lines above","lastModifiedDate":"2021-08-18"},{"lineNumber":17,"author":{"gitId":"WangGLJoseph"},"content":"     * and below the input string","lastModifiedDate":"2021-08-18"},{"lineNumber":18,"author":{"gitId":"WangGLJoseph"},"content":"     *","lastModifiedDate":"2021-08-18"},{"lineNumber":19,"author":{"gitId":"WangGLJoseph"},"content":"     * @param str input string to be sandwiched","lastModifiedDate":"2021-08-18"},{"lineNumber":20,"author":{"gitId":"WangGLJoseph"},"content":"     * @return the original string sandwiched between two horizontal lines","lastModifiedDate":"2021-08-18"},{"lineNumber":21,"author":{"gitId":"WangGLJoseph"},"content":"     */","lastModifiedDate":"2021-08-18"},{"lineNumber":22,"author":{"gitId":"WangGLJoseph"},"content":"    public static String sandwich(String str) {","lastModifiedDate":"2021-08-18"},{"lineNumber":23,"author":{"gitId":"WangGLJoseph"},"content":"        return \"____________________________________________________________\\n\"","lastModifiedDate":"2021-08-18"},{"lineNumber":24,"author":{"gitId":"WangGLJoseph"},"content":"                + str + \"\\n\"","lastModifiedDate":"2021-08-18"},{"lineNumber":25,"author":{"gitId":"WangGLJoseph"},"content":"                + \"____________________________________________________________\";","lastModifiedDate":"2021-08-18"},{"lineNumber":26,"author":{"gitId":"WangGLJoseph"},"content":"    }","lastModifiedDate":"2021-08-18"},{"lineNumber":27,"author":{"gitId":"WangGLJoseph"},"content":"","lastModifiedDate":"2021-08-18"},{"lineNumber":28,"author":{"gitId":"WangGLJoseph"},"content":"    /**","lastModifiedDate":"2021-08-19"},{"lineNumber":29,"author":{"gitId":"WangGLJoseph"},"content":"     * This function takes the user\u0027s input list and beautifies it for display.","lastModifiedDate":"2021-08-19"},{"lineNumber":30,"author":{"gitId":"WangGLJoseph"},"content":"     *","lastModifiedDate":"2021-08-19"},{"lineNumber":31,"author":{"gitId":"WangGLJoseph"},"content":"     * @param taskArrayList the user\u0027s input list to be beautified","lastModifiedDate":"2021-08-19"},{"lineNumber":32,"author":{"gitId":"WangGLJoseph"},"content":"     * @return the beautified string to display","lastModifiedDate":"2021-08-19"},{"lineNumber":33,"author":{"gitId":"WangGLJoseph"},"content":"     */","lastModifiedDate":"2021-08-19"},{"lineNumber":34,"author":{"gitId":"WangGLJoseph"},"content":"    public static String listBeautify(ArrayList\u003cTask\u003e taskArrayList) {","lastModifiedDate":"2021-08-19"},{"lineNumber":35,"author":{"gitId":"WangGLJoseph"},"content":"        StringBuilder listBeautified \u003d new StringBuilder();","lastModifiedDate":"2021-08-19"},{"lineNumber":36,"author":{"gitId":"WangGLJoseph"},"content":"        for (int i \u003d 0; i \u003c taskArrayList.size(); i++) {","lastModifiedDate":"2021-08-19"},{"lineNumber":37,"author":{"gitId":"WangGLJoseph"},"content":"            listBeautified.append(i + 1).append(\".\")","lastModifiedDate":"2021-08-19"},{"lineNumber":38,"author":{"gitId":"WangGLJoseph"},"content":"                    .append(\"[\")","lastModifiedDate":"2021-08-19"},{"lineNumber":39,"author":{"gitId":"WangGLJoseph"},"content":"                    .append(taskArrayList.get(i).getTypeIcon())","lastModifiedDate":"2021-08-19"},{"lineNumber":40,"author":{"gitId":"WangGLJoseph"},"content":"                    .append(\"]\")","lastModifiedDate":"2021-08-19"},{"lineNumber":41,"author":{"gitId":"WangGLJoseph"},"content":"                    .append(\"[\")","lastModifiedDate":"2021-08-19"},{"lineNumber":42,"author":{"gitId":"WangGLJoseph"},"content":"                    .append(taskArrayList.get(i).getStatusIcon())","lastModifiedDate":"2021-08-19"},{"lineNumber":43,"author":{"gitId":"WangGLJoseph"},"content":"                    .append(\"]\")","lastModifiedDate":"2021-08-19"},{"lineNumber":44,"author":{"gitId":"WangGLJoseph"},"content":"                    .append(taskArrayList.get(i).description);","lastModifiedDate":"2021-08-19"},{"lineNumber":45,"author":{"gitId":"WangGLJoseph"},"content":"            if (i \u003c taskArrayList.size() - 1) { // new line except for last item","lastModifiedDate":"2021-08-19"},{"lineNumber":46,"author":{"gitId":"WangGLJoseph"},"content":"                listBeautified.append(\"\\n\");","lastModifiedDate":"2021-08-19"},{"lineNumber":47,"author":{"gitId":"WangGLJoseph"},"content":"            }","lastModifiedDate":"2021-08-19"},{"lineNumber":48,"author":{"gitId":"WangGLJoseph"},"content":"        }","lastModifiedDate":"2021-08-19"},{"lineNumber":49,"author":{"gitId":"WangGLJoseph"},"content":"        return listBeautified.toString();","lastModifiedDate":"2021-08-19"},{"lineNumber":50,"author":{"gitId":"WangGLJoseph"},"content":"    }","lastModifiedDate":"2021-08-19"},{"lineNumber":51,"author":{"gitId":"WangGLJoseph"},"content":"","lastModifiedDate":"2021-08-19"},{"lineNumber":52,"author":{"gitId":"WangGLJoseph"},"content":"    /**","lastModifiedDate":"2021-08-19"},{"lineNumber":53,"author":{"gitId":"WangGLJoseph"},"content":"     * This function takes a task object and beautifies it for display.","lastModifiedDate":"2021-08-19"},{"lineNumber":54,"author":{"gitId":"WangGLJoseph"},"content":"     *","lastModifiedDate":"2021-08-19"},{"lineNumber":55,"author":{"gitId":"WangGLJoseph"},"content":"     * @param task  the task to be beautified","lastModifiedDate":"2021-08-19"},{"lineNumber":56,"author":{"gitId":"WangGLJoseph"},"content":"     * @param index the index of the task in the task list","lastModifiedDate":"2021-08-19"},{"lineNumber":57,"author":{"gitId":"WangGLJoseph"},"content":"     * @return the beautified string to display","lastModifiedDate":"2021-08-19"},{"lineNumber":58,"author":{"gitId":"WangGLJoseph"},"content":"     */","lastModifiedDate":"2021-08-19"},{"lineNumber":59,"author":{"gitId":"WangGLJoseph"},"content":"    public static String taskBeautify(Task task, int index) {","lastModifiedDate":"2021-08-19"},{"lineNumber":60,"author":{"gitId":"WangGLJoseph"},"content":"        StringBuilder taskBeautified \u003d new StringBuilder();","lastModifiedDate":"2021-08-19"},{"lineNumber":61,"author":{"gitId":"WangGLJoseph"},"content":"        taskBeautified.append(index).append(\".\")","lastModifiedDate":"2021-08-19"},{"lineNumber":62,"author":{"gitId":"WangGLJoseph"},"content":"                .append(\"[\")","lastModifiedDate":"2021-08-19"},{"lineNumber":63,"author":{"gitId":"WangGLJoseph"},"content":"                .append(task.getTypeIcon())","lastModifiedDate":"2021-08-19"},{"lineNumber":64,"author":{"gitId":"WangGLJoseph"},"content":"                .append(\"]\")","lastModifiedDate":"2021-08-19"},{"lineNumber":65,"author":{"gitId":"WangGLJoseph"},"content":"                .append(\"[\")","lastModifiedDate":"2021-08-19"},{"lineNumber":66,"author":{"gitId":"WangGLJoseph"},"content":"                .append(task.getStatusIcon())","lastModifiedDate":"2021-08-19"},{"lineNumber":67,"author":{"gitId":"WangGLJoseph"},"content":"                .append(\"]\")","lastModifiedDate":"2021-08-19"},{"lineNumber":68,"author":{"gitId":"WangGLJoseph"},"content":"                .append(taskArrayList.get(index - 1).description);","lastModifiedDate":"2021-08-19"},{"lineNumber":69,"author":{"gitId":"WangGLJoseph"},"content":"","lastModifiedDate":"2021-08-19"},{"lineNumber":70,"author":{"gitId":"WangGLJoseph"},"content":"        // if task has reminder, append reminder to the end of string","lastModifiedDate":"2021-08-19"},{"lineNumber":71,"author":{"gitId":"WangGLJoseph"},"content":"        if (task.taskType \u003d\u003d \"deadline\") {","lastModifiedDate":"2021-08-19"},{"lineNumber":72,"author":{"gitId":"WangGLJoseph"},"content":"            taskBeautified.append(\" (by: \")","lastModifiedDate":"2021-08-19"},{"lineNumber":73,"author":{"gitId":"WangGLJoseph"},"content":"                    .append(task.getReminder())","lastModifiedDate":"2021-08-19"},{"lineNumber":74,"author":{"gitId":"WangGLJoseph"},"content":"                    .append(\")\");","lastModifiedDate":"2021-08-19"},{"lineNumber":75,"author":{"gitId":"WangGLJoseph"},"content":"        } else if (task.taskType \u003d\u003d \"event\") {","lastModifiedDate":"2021-08-19"},{"lineNumber":76,"author":{"gitId":"WangGLJoseph"},"content":"            taskBeautified.append(\" (at: \")","lastModifiedDate":"2021-08-19"},{"lineNumber":77,"author":{"gitId":"WangGLJoseph"},"content":"                    .append(task.getReminder())","lastModifiedDate":"2021-08-19"},{"lineNumber":78,"author":{"gitId":"WangGLJoseph"},"content":"                    .append(\")\");","lastModifiedDate":"2021-08-19"},{"lineNumber":79,"author":{"gitId":"WangGLJoseph"},"content":"        }","lastModifiedDate":"2021-08-19"},{"lineNumber":80,"author":{"gitId":"WangGLJoseph"},"content":"        return taskBeautified.toString();","lastModifiedDate":"2021-08-19"},{"lineNumber":81,"author":{"gitId":"WangGLJoseph"},"content":"    }","lastModifiedDate":"2021-08-19"},{"lineNumber":82,"author":{"gitId":"WangGLJoseph"},"content":"","lastModifiedDate":"2021-08-19"},{"lineNumber":83,"author":{"gitId":"-"},"content":"    public static void main(String[] args) {","lastModifiedDate":"2019-07-29"},{"lineNumber":84,"author":{"gitId":"WangGLJoseph"},"content":"        // commented out logo","lastModifiedDate":"2021-08-18"},{"lineNumber":85,"author":{"gitId":"WangGLJoseph"},"content":"//        String logo \u003d \" ____        _        \\n\"","lastModifiedDate":"2021-08-18"},{"lineNumber":86,"author":{"gitId":"WangGLJoseph"},"content":"//                + \"|  _ \\\\ _   _| | _____ \\n\"","lastModifiedDate":"2021-08-18"},{"lineNumber":87,"author":{"gitId":"WangGLJoseph"},"content":"//                + \"| | | | | | | |/ / _ \\\\\\n\"","lastModifiedDate":"2021-08-18"},{"lineNumber":88,"author":{"gitId":"WangGLJoseph"},"content":"//                + \"| |_| | |_| |   \u003c  __/\\n\"","lastModifiedDate":"2021-08-18"},{"lineNumber":89,"author":{"gitId":"WangGLJoseph"},"content":"//                + \"|____/ \\\\__,_|_|\\\\_\\\\___|\\n\";","lastModifiedDate":"2021-08-18"},{"lineNumber":90,"author":{"gitId":"WangGLJoseph"},"content":"//        System.out.println(\"Hello from\\n\" + logo);","lastModifiedDate":"2021-08-18"},{"lineNumber":91,"author":{"gitId":"WangGLJoseph"},"content":"","lastModifiedDate":"2021-08-18"},{"lineNumber":92,"author":{"gitId":"WangGLJoseph"},"content":"        // populating featuresCombined so each level has all elements of levels before it","lastModifiedDate":"2021-08-18"},{"lineNumber":93,"author":{"gitId":"WangGLJoseph"},"content":"        StringBuilder featuresCombined \u003d new StringBuilder();","lastModifiedDate":"2021-08-18"},{"lineNumber":94,"author":{"gitId":"WangGLJoseph"},"content":"        for (int count \u003d 0; count \u003c\u003d lv; count++) {","lastModifiedDate":"2021-08-18"},{"lineNumber":95,"author":{"gitId":"WangGLJoseph"},"content":"            featuresCombined.append(features[count]);","lastModifiedDate":"2021-08-18"},{"lineNumber":96,"author":{"gitId":"WangGLJoseph"},"content":"        }","lastModifiedDate":"2021-08-18"},{"lineNumber":97,"author":{"gitId":"WangGLJoseph"},"content":"","lastModifiedDate":"2021-08-18"},{"lineNumber":98,"author":{"gitId":"WangGLJoseph"},"content":"        // Welcome message","lastModifiedDate":"2021-08-18"},{"lineNumber":99,"author":{"gitId":"WangGLJoseph"},"content":"        String welcome \u003d \"Hello! I\u0027m Duke: Level \" + lv + \"\\n\"","lastModifiedDate":"2021-08-18"},{"lineNumber":100,"author":{"gitId":"WangGLJoseph"},"content":"                + \"What would you like to do today?\\n\"","lastModifiedDate":"2021-08-18"},{"lineNumber":101,"author":{"gitId":"WangGLJoseph"},"content":"                + \"My current features are: \" + featuresCombined;","lastModifiedDate":"2021-08-18"},{"lineNumber":102,"author":{"gitId":"WangGLJoseph"},"content":"","lastModifiedDate":"2021-08-18"},{"lineNumber":103,"author":{"gitId":"WangGLJoseph"},"content":"        System.out.println(sandwich(welcome));","lastModifiedDate":"2021-08-18"},{"lineNumber":104,"author":{"gitId":"WangGLJoseph"},"content":"","lastModifiedDate":"2021-08-18"},{"lineNumber":105,"author":{"gitId":"WangGLJoseph"},"content":"        // Goodbye message","lastModifiedDate":"2021-08-18"},{"lineNumber":106,"author":{"gitId":"WangGLJoseph"},"content":"        String goodbye \u003d \"Thank you for using Duke: Level \" + lv + \"\\n\"","lastModifiedDate":"2021-08-18"},{"lineNumber":107,"author":{"gitId":"WangGLJoseph"},"content":"                + \"See you soon!\";","lastModifiedDate":"2021-08-18"},{"lineNumber":108,"author":{"gitId":"WangGLJoseph"},"content":"","lastModifiedDate":"2021-08-18"},{"lineNumber":109,"author":{"gitId":"WangGLJoseph"},"content":"        // Scanner to read user inputs","lastModifiedDate":"2021-08-18"},{"lineNumber":110,"author":{"gitId":"WangGLJoseph"},"content":"        Scanner scanner \u003d new Scanner(System.in);","lastModifiedDate":"2021-08-18"},{"lineNumber":111,"author":{"gitId":"WangGLJoseph"},"content":"","lastModifiedDate":"2021-08-18"},{"lineNumber":112,"author":{"gitId":"WangGLJoseph"},"content":"        while (!canExit) {","lastModifiedDate":"2021-08-18"},{"lineNumber":113,"author":{"gitId":"WangGLJoseph"},"content":"            String userInput \u003d scanner.next();","lastModifiedDate":"2021-08-18"},{"lineNumber":114,"author":{"gitId":"WangGLJoseph"},"content":"            if (userInput.equals(\"bye\")) { // user inputs \"bye, set canExit to true and Exit","lastModifiedDate":"2021-08-18"},{"lineNumber":115,"author":{"gitId":"WangGLJoseph"},"content":"                canExit \u003d true;","lastModifiedDate":"2021-08-18"},{"lineNumber":116,"author":{"gitId":"WangGLJoseph"},"content":"                System.out.println(sandwich(goodbye));","lastModifiedDate":"2021-08-18"},{"lineNumber":117,"author":{"gitId":"WangGLJoseph"},"content":"            } else { // check first input","lastModifiedDate":"2021-08-19"},{"lineNumber":118,"author":{"gitId":"WangGLJoseph"},"content":"                if (userInput.equals(\"list\")) { // user inputs \u0027list\u0027, return all text stored","lastModifiedDate":"2021-08-19"},{"lineNumber":119,"author":{"gitId":"WangGLJoseph"},"content":"                    System.out.println(sandwich(listBeautify(taskArrayList)));","lastModifiedDate":"2021-08-19"},{"lineNumber":120,"author":{"gitId":"WangGLJoseph"},"content":"                } else if (userInput.equals(\"done\")) { // first input is done, check second input for integer","lastModifiedDate":"2021-08-19"},{"lineNumber":121,"author":{"gitId":"WangGLJoseph"},"content":"                    if (scanner.hasNextInt()) {","lastModifiedDate":"2021-08-18"},{"lineNumber":122,"author":{"gitId":"WangGLJoseph"},"content":"                        int taskNum \u003d scanner.nextInt();","lastModifiedDate":"2021-08-18"},{"lineNumber":123,"author":{"gitId":"WangGLJoseph"},"content":"                        taskArrayList.get(taskNum - 1).markAsDone();","lastModifiedDate":"2021-08-18"},{"lineNumber":124,"author":{"gitId":"WangGLJoseph"},"content":"                        System.out.println(sandwich(\"Congratulations! You have finished this task: \"","lastModifiedDate":"2021-08-19"},{"lineNumber":125,"author":{"gitId":"WangGLJoseph"},"content":"                                + taskBeautify(taskArrayList.get(taskNum - 1), taskNum)));","lastModifiedDate":"2021-08-19"},{"lineNumber":126,"author":{"gitId":"WangGLJoseph"},"content":"                    }","lastModifiedDate":"2021-08-18"},{"lineNumber":127,"author":{"gitId":"WangGLJoseph"},"content":"                } else {","lastModifiedDate":"2021-08-19"},{"lineNumber":128,"author":{"gitId":"WangGLJoseph"},"content":"                    switch (userInput) {","lastModifiedDate":"2021-08-19"},{"lineNumber":129,"author":{"gitId":"WangGLJoseph"},"content":"                        case \"todo\":","lastModifiedDate":"2021-08-19"},{"lineNumber":130,"author":{"gitId":"WangGLJoseph"},"content":"                            String todoName \u003d scanner.nextLine();","lastModifiedDate":"2021-08-19"},{"lineNumber":131,"author":{"gitId":"WangGLJoseph"},"content":"                            Task newestTodo \u003d new Task(todoName, \"todo\");","lastModifiedDate":"2021-08-19"},{"lineNumber":132,"author":{"gitId":"WangGLJoseph"},"content":"                            taskArrayList.add(newestTodo);","lastModifiedDate":"2021-08-19"},{"lineNumber":133,"author":{"gitId":"WangGLJoseph"},"content":"                            System.out.println(sandwich(\"New task added: \\n\"","lastModifiedDate":"2021-08-19"},{"lineNumber":134,"author":{"gitId":"WangGLJoseph"},"content":"                                    + taskBeautify(newestTodo, taskArrayList.size())","lastModifiedDate":"2021-08-19"},{"lineNumber":135,"author":{"gitId":"WangGLJoseph"},"content":"                                    + \"\\n You now have \"","lastModifiedDate":"2021-08-19"},{"lineNumber":136,"author":{"gitId":"WangGLJoseph"},"content":"                                    + taskArrayList.size()","lastModifiedDate":"2021-08-19"},{"lineNumber":137,"author":{"gitId":"WangGLJoseph"},"content":"                                    + \" items in your task list.\"));","lastModifiedDate":"2021-08-19"},{"lineNumber":138,"author":{"gitId":"WangGLJoseph"},"content":"                            break;","lastModifiedDate":"2021-08-19"},{"lineNumber":139,"author":{"gitId":"WangGLJoseph"},"content":"                        case \"deadline\":","lastModifiedDate":"2021-08-19"},{"lineNumber":140,"author":{"gitId":"WangGLJoseph"},"content":"                            scanner.useDelimiter(\"\\\\s*/by\\\\s*\");","lastModifiedDate":"2021-08-19"},{"lineNumber":141,"author":{"gitId":"WangGLJoseph"},"content":"                            String[] tokens \u003d scanner.nextLine().split(\"\\\\s*/by\\\\s*\");","lastModifiedDate":"2021-08-19"},{"lineNumber":142,"author":{"gitId":"WangGLJoseph"},"content":"                            System.out.println(\"token length: \" + tokens.length);","lastModifiedDate":"2021-08-19"},{"lineNumber":143,"author":{"gitId":"WangGLJoseph"},"content":"                            String deadlineName \u003d tokens[0];","lastModifiedDate":"2021-08-19"},{"lineNumber":144,"author":{"gitId":"WangGLJoseph"},"content":"                            String deadlineReminder \u003d tokens[1];","lastModifiedDate":"2021-08-19"},{"lineNumber":145,"author":{"gitId":"WangGLJoseph"},"content":"                            Task newestDeadline \u003d new Task(deadlineName, \"deadline\", deadlineReminder);","lastModifiedDate":"2021-08-19"},{"lineNumber":146,"author":{"gitId":"WangGLJoseph"},"content":"                            taskArrayList.add(newestDeadline);","lastModifiedDate":"2021-08-19"},{"lineNumber":147,"author":{"gitId":"WangGLJoseph"},"content":"                            System.out.println(sandwich(\"New task added: \\n\"","lastModifiedDate":"2021-08-19"},{"lineNumber":148,"author":{"gitId":"WangGLJoseph"},"content":"                                    + taskBeautify(newestDeadline, taskArrayList.size())","lastModifiedDate":"2021-08-19"},{"lineNumber":149,"author":{"gitId":"WangGLJoseph"},"content":"                                    + \"\\n You now have \"","lastModifiedDate":"2021-08-19"},{"lineNumber":150,"author":{"gitId":"WangGLJoseph"},"content":"                                    + taskArrayList.size()","lastModifiedDate":"2021-08-19"},{"lineNumber":151,"author":{"gitId":"WangGLJoseph"},"content":"                                    + \" items in your task list.\"));","lastModifiedDate":"2021-08-19"},{"lineNumber":152,"author":{"gitId":"WangGLJoseph"},"content":"                            scanner.reset();","lastModifiedDate":"2021-08-19"},{"lineNumber":153,"author":{"gitId":"WangGLJoseph"},"content":"                            break;","lastModifiedDate":"2021-08-19"},{"lineNumber":154,"author":{"gitId":"WangGLJoseph"},"content":"                        case \"event\":","lastModifiedDate":"2021-08-19"},{"lineNumber":155,"author":{"gitId":"WangGLJoseph"},"content":"                            scanner.useDelimiter(\"\\\\s*/at\\\\s*\");","lastModifiedDate":"2021-08-19"},{"lineNumber":156,"author":{"gitId":"WangGLJoseph"},"content":"                            String eventName \u003d scanner.nextLine();","lastModifiedDate":"2021-08-19"},{"lineNumber":157,"author":{"gitId":"WangGLJoseph"},"content":"                            Task newestEvent \u003d new Task(eventName, \"deadline\");","lastModifiedDate":"2021-08-19"},{"lineNumber":158,"author":{"gitId":"WangGLJoseph"},"content":"                            taskArrayList.add(newestEvent);","lastModifiedDate":"2021-08-19"},{"lineNumber":159,"author":{"gitId":"WangGLJoseph"},"content":"                            System.out.println(sandwich(\"New task added: \\n\"","lastModifiedDate":"2021-08-19"},{"lineNumber":160,"author":{"gitId":"WangGLJoseph"},"content":"                                    + taskBeautify(newestEvent, taskArrayList.size())","lastModifiedDate":"2021-08-19"},{"lineNumber":161,"author":{"gitId":"WangGLJoseph"},"content":"                                    + \"\\n You now have \"","lastModifiedDate":"2021-08-19"},{"lineNumber":162,"author":{"gitId":"WangGLJoseph"},"content":"                                    + taskArrayList.size()","lastModifiedDate":"2021-08-19"},{"lineNumber":163,"author":{"gitId":"WangGLJoseph"},"content":"                                    + \" items in your task list.\"));","lastModifiedDate":"2021-08-19"},{"lineNumber":164,"author":{"gitId":"WangGLJoseph"},"content":"                            break;","lastModifiedDate":"2021-08-19"},{"lineNumber":165,"author":{"gitId":"WangGLJoseph"},"content":"                    }","lastModifiedDate":"2021-08-18"},{"lineNumber":166,"author":{"gitId":"WangGLJoseph"},"content":"                }","lastModifiedDate":"2021-08-18"},{"lineNumber":167,"author":{"gitId":"WangGLJoseph"},"content":"            }","lastModifiedDate":"2021-08-18"},{"lineNumber":168,"author":{"gitId":"WangGLJoseph"},"content":"        }","lastModifiedDate":"2021-08-18"},{"lineNumber":169,"author":{"gitId":"-"},"content":"    }","lastModifiedDate":"2019-07-29"},{"lineNumber":170,"author":{"gitId":"-"},"content":"}","lastModifiedDate":"2019-07-29"}],"authorContributionMap":{"WangGLJoseph":166,"-":4}},{"path":"src/main/java/Task.java","fileType":"java","lines":[{"lineNumber":1,"author":{"gitId":"WangGLJoseph"},"content":"/**","lastModifiedDate":"2021-08-18"},{"lineNumber":2,"author":{"gitId":"WangGLJoseph"},"content":" * This class encapsulates a Task object.","lastModifiedDate":"2021-08-18"},{"lineNumber":3,"author":{"gitId":"WangGLJoseph"},"content":" */","lastModifiedDate":"2021-08-18"},{"lineNumber":4,"author":{"gitId":"WangGLJoseph"},"content":"","lastModifiedDate":"2021-08-18"},{"lineNumber":5,"author":{"gitId":"WangGLJoseph"},"content":"public class Task {","lastModifiedDate":"2021-08-18"},{"lineNumber":6,"author":{"gitId":"WangGLJoseph"},"content":"    protected String description;","lastModifiedDate":"2021-08-18"},{"lineNumber":7,"author":{"gitId":"WangGLJoseph"},"content":"    protected boolean isDone;","lastModifiedDate":"2021-08-18"},{"lineNumber":8,"author":{"gitId":"WangGLJoseph"},"content":"    protected String taskType;","lastModifiedDate":"2021-08-18"},{"lineNumber":9,"author":{"gitId":"WangGLJoseph"},"content":"    protected String reminder;","lastModifiedDate":"2021-08-19"},{"lineNumber":10,"author":{"gitId":"WangGLJoseph"},"content":"","lastModifiedDate":"2021-08-18"},{"lineNumber":11,"author":{"gitId":"WangGLJoseph"},"content":"    /**","lastModifiedDate":"2021-08-18"},{"lineNumber":12,"author":{"gitId":"WangGLJoseph"},"content":"     * Creates a task with the specified description, isDone false by default.","lastModifiedDate":"2021-08-18"},{"lineNumber":13,"author":{"gitId":"WangGLJoseph"},"content":"     *","lastModifiedDate":"2021-08-18"},{"lineNumber":14,"author":{"gitId":"WangGLJoseph"},"content":"     * @param description description of task","lastModifiedDate":"2021-08-18"},{"lineNumber":15,"author":{"gitId":"WangGLJoseph"},"content":"     * @param taskType    type of task (todo/deadline/event)","lastModifiedDate":"2021-08-18"},{"lineNumber":16,"author":{"gitId":"WangGLJoseph"},"content":"     */","lastModifiedDate":"2021-08-18"},{"lineNumber":17,"author":{"gitId":"WangGLJoseph"},"content":"    public Task(String description, String taskType) {","lastModifiedDate":"2021-08-18"},{"lineNumber":18,"author":{"gitId":"WangGLJoseph"},"content":"        this.description \u003d description;","lastModifiedDate":"2021-08-18"},{"lineNumber":19,"author":{"gitId":"WangGLJoseph"},"content":"        this.isDone \u003d false;","lastModifiedDate":"2021-08-18"},{"lineNumber":20,"author":{"gitId":"WangGLJoseph"},"content":"        this.taskType \u003d taskType;","lastModifiedDate":"2021-08-18"},{"lineNumber":21,"author":{"gitId":"WangGLJoseph"},"content":"    }","lastModifiedDate":"2021-08-18"},{"lineNumber":22,"author":{"gitId":"WangGLJoseph"},"content":"","lastModifiedDate":"2021-08-18"},{"lineNumber":23,"author":{"gitId":"WangGLJoseph"},"content":"    /**","lastModifiedDate":"2021-08-19"},{"lineNumber":24,"author":{"gitId":"WangGLJoseph"},"content":"     * Creates a task with the specified description, isDone false by default.","lastModifiedDate":"2021-08-19"},{"lineNumber":25,"author":{"gitId":"WangGLJoseph"},"content":"     * Overloaded constructor method that includes reminder, to be used for deadline and event tasks.","lastModifiedDate":"2021-08-19"},{"lineNumber":26,"author":{"gitId":"WangGLJoseph"},"content":"     *","lastModifiedDate":"2021-08-19"},{"lineNumber":27,"author":{"gitId":"WangGLJoseph"},"content":"     * @param description description of task","lastModifiedDate":"2021-08-19"},{"lineNumber":28,"author":{"gitId":"WangGLJoseph"},"content":"     * @param taskType    type of task (todo/deadline/event)","lastModifiedDate":"2021-08-19"},{"lineNumber":29,"author":{"gitId":"WangGLJoseph"},"content":"     */","lastModifiedDate":"2021-08-19"},{"lineNumber":30,"author":{"gitId":"WangGLJoseph"},"content":"    public Task(String description, String taskType, String reminder) {","lastModifiedDate":"2021-08-19"},{"lineNumber":31,"author":{"gitId":"WangGLJoseph"},"content":"        this.description \u003d description;","lastModifiedDate":"2021-08-19"},{"lineNumber":32,"author":{"gitId":"WangGLJoseph"},"content":"        this.isDone \u003d false;","lastModifiedDate":"2021-08-19"},{"lineNumber":33,"author":{"gitId":"WangGLJoseph"},"content":"        this.taskType \u003d taskType;","lastModifiedDate":"2021-08-19"},{"lineNumber":34,"author":{"gitId":"WangGLJoseph"},"content":"        this.reminder \u003d reminder;","lastModifiedDate":"2021-08-19"},{"lineNumber":35,"author":{"gitId":"WangGLJoseph"},"content":"    }","lastModifiedDate":"2021-08-19"},{"lineNumber":36,"author":{"gitId":"WangGLJoseph"},"content":"","lastModifiedDate":"2021-08-19"},{"lineNumber":37,"author":{"gitId":"WangGLJoseph"},"content":"    /**","lastModifiedDate":"2021-08-18"},{"lineNumber":38,"author":{"gitId":"WangGLJoseph"},"content":"     * Getter method for status using isDone","lastModifiedDate":"2021-08-18"},{"lineNumber":39,"author":{"gitId":"WangGLJoseph"},"content":"     *","lastModifiedDate":"2021-08-18"},{"lineNumber":40,"author":{"gitId":"WangGLJoseph"},"content":"     * @return an icon \u0027X\u0027 if complete, space if otherwise","lastModifiedDate":"2021-08-18"},{"lineNumber":41,"author":{"gitId":"WangGLJoseph"},"content":"     */","lastModifiedDate":"2021-08-18"},{"lineNumber":42,"author":{"gitId":"WangGLJoseph"},"content":"    public String getStatusIcon() {","lastModifiedDate":"2021-08-18"},{"lineNumber":43,"author":{"gitId":"WangGLJoseph"},"content":"        return (isDone ? \"X\" : \" \"); // mark done task with X","lastModifiedDate":"2021-08-18"},{"lineNumber":44,"author":{"gitId":"WangGLJoseph"},"content":"    }","lastModifiedDate":"2021-08-18"},{"lineNumber":45,"author":{"gitId":"WangGLJoseph"},"content":"","lastModifiedDate":"2021-08-18"},{"lineNumber":46,"author":{"gitId":"WangGLJoseph"},"content":"    /**","lastModifiedDate":"2021-08-18"},{"lineNumber":47,"author":{"gitId":"WangGLJoseph"},"content":"     * Getter method for type of task using taskType.","lastModifiedDate":"2021-08-18"},{"lineNumber":48,"author":{"gitId":"WangGLJoseph"},"content":"     *","lastModifiedDate":"2021-08-18"},{"lineNumber":49,"author":{"gitId":"WangGLJoseph"},"content":"     * @return an icon representing the type of the task (T, D, E)","lastModifiedDate":"2021-08-18"},{"lineNumber":50,"author":{"gitId":"WangGLJoseph"},"content":"     */","lastModifiedDate":"2021-08-18"},{"lineNumber":51,"author":{"gitId":"WangGLJoseph"},"content":"    public String getTypeIcon() {","lastModifiedDate":"2021-08-18"},{"lineNumber":52,"author":{"gitId":"WangGLJoseph"},"content":"        return (this.taskType \u003d\u003d \"todo\" ? \"T\" :","lastModifiedDate":"2021-08-18"},{"lineNumber":53,"author":{"gitId":"WangGLJoseph"},"content":"                this.taskType \u003d\u003d \"deadline\" ? \"D\" :","lastModifiedDate":"2021-08-18"},{"lineNumber":54,"author":{"gitId":"WangGLJoseph"},"content":"                        this.taskType \u003d\u003d \"event\" ? \"E\" : \"NONE\");","lastModifiedDate":"2021-08-18"},{"lineNumber":55,"author":{"gitId":"WangGLJoseph"},"content":"    }","lastModifiedDate":"2021-08-18"},{"lineNumber":56,"author":{"gitId":"WangGLJoseph"},"content":"","lastModifiedDate":"2021-08-18"},{"lineNumber":57,"author":{"gitId":"WangGLJoseph"},"content":"    /**","lastModifiedDate":"2021-08-19"},{"lineNumber":58,"author":{"gitId":"WangGLJoseph"},"content":"     * Getter method for task reminder","lastModifiedDate":"2021-08-19"},{"lineNumber":59,"author":{"gitId":"WangGLJoseph"},"content":"     *","lastModifiedDate":"2021-08-19"},{"lineNumber":60,"author":{"gitId":"WangGLJoseph"},"content":"     * @return the string reminder for the task","lastModifiedDate":"2021-08-19"},{"lineNumber":61,"author":{"gitId":"WangGLJoseph"},"content":"     */","lastModifiedDate":"2021-08-19"},{"lineNumber":62,"author":{"gitId":"WangGLJoseph"},"content":"    public String getReminder() {","lastModifiedDate":"2021-08-19"},{"lineNumber":63,"author":{"gitId":"WangGLJoseph"},"content":"        return this.reminder;","lastModifiedDate":"2021-08-19"},{"lineNumber":64,"author":{"gitId":"WangGLJoseph"},"content":"    }","lastModifiedDate":"2021-08-19"},{"lineNumber":65,"author":{"gitId":"WangGLJoseph"},"content":"    /**","lastModifiedDate":"2021-08-18"},{"lineNumber":66,"author":{"gitId":"WangGLJoseph"},"content":"     * Setter method for isDone of a Task object","lastModifiedDate":"2021-08-18"},{"lineNumber":67,"author":{"gitId":"WangGLJoseph"},"content":"     */","lastModifiedDate":"2021-08-18"},{"lineNumber":68,"author":{"gitId":"WangGLJoseph"},"content":"    public void markAsDone() {","lastModifiedDate":"2021-08-18"},{"lineNumber":69,"author":{"gitId":"WangGLJoseph"},"content":"        this.isDone \u003d true;","lastModifiedDate":"2021-08-18"},{"lineNumber":70,"author":{"gitId":"WangGLJoseph"},"content":"    }","lastModifiedDate":"2021-08-18"},{"lineNumber":71,"author":{"gitId":"WangGLJoseph"},"content":"}","lastModifiedDate":"2021-08-18"}],"authorContributionMap":{"WangGLJoseph":71}}]
