[{"path":"src/main/java/duke/Duke.java","fileType":"java","lines":[{"lineNumber":1,"author":{"gitId":"neojxuan"},"content":"package duke;","lastModifiedDate":"2021-08-28"},{"lineNumber":2,"author":{"gitId":"neojxuan"},"content":"","lastModifiedDate":"2021-08-28"},{"lineNumber":3,"author":{"gitId":"neojxuan"},"content":"import duke.commands.Command;","lastModifiedDate":"2021-08-28"},{"lineNumber":4,"author":{"gitId":"neojxuan"},"content":"","lastModifiedDate":"2021-08-28"},{"lineNumber":5,"author":{"gitId":"-"},"content":"public class Duke {","lastModifiedDate":"2019-07-29"},{"lineNumber":6,"author":{"gitId":"neojxuan"},"content":"    private TaskList tasks;","lastModifiedDate":"2021-08-27"},{"lineNumber":7,"author":{"gitId":"neojxuan"},"content":"    private final Storage storage;","lastModifiedDate":"2021-08-27"},{"lineNumber":8,"author":{"gitId":"neojxuan"},"content":"    private final Ui ui;","lastModifiedDate":"2021-08-27"},{"lineNumber":9,"author":{"gitId":"neojxuan"},"content":"    ","lastModifiedDate":"2021-08-19"},{"lineNumber":10,"author":{"gitId":"neojxuan"},"content":"    public Duke(String filePath) {","lastModifiedDate":"2021-08-27"},{"lineNumber":11,"author":{"gitId":"neojxuan"},"content":"        ui \u003d new Ui();","lastModifiedDate":"2021-08-27"},{"lineNumber":12,"author":{"gitId":"neojxuan"},"content":"        this.storage \u003d new Storage(filePath);","lastModifiedDate":"2021-08-27"},{"lineNumber":13,"author":{"gitId":"neojxuan"},"content":"        try {","lastModifiedDate":"2021-08-19"},{"lineNumber":14,"author":{"gitId":"neojxuan"},"content":"            tasks \u003d new TaskList(storage.load());","lastModifiedDate":"2021-08-27"},{"lineNumber":15,"author":{"gitId":"neojxuan"},"content":"        } catch (DukeException e) {","lastModifiedDate":"2021-08-19"},{"lineNumber":16,"author":{"gitId":"neojxuan"},"content":"            ui.showLoadingError();","lastModifiedDate":"2021-08-27"},{"lineNumber":17,"author":{"gitId":"neojxuan"},"content":"            tasks \u003d new TaskList();","lastModifiedDate":"2021-08-27"},{"lineNumber":18,"author":{"gitId":"neojxuan"},"content":"        }","lastModifiedDate":"2021-08-19"},{"lineNumber":19,"author":{"gitId":"neojxuan"},"content":"    }","lastModifiedDate":"2021-08-19"},{"lineNumber":20,"author":{"gitId":"neojxuan"},"content":"","lastModifiedDate":"2021-08-19"},{"lineNumber":21,"author":{"gitId":"neojxuan"},"content":"    public static void main(String[] args) {","lastModifiedDate":"2021-08-27"},{"lineNumber":22,"author":{"gitId":"neojxuan"},"content":"        Duke duke \u003d new Duke(\"./data/duke.txt\");","lastModifiedDate":"2021-08-27"},{"lineNumber":23,"author":{"gitId":"neojxuan"},"content":"        duke.run();","lastModifiedDate":"2021-08-27"},{"lineNumber":24,"author":{"gitId":"neojxuan"},"content":"    }","lastModifiedDate":"2021-08-19"},{"lineNumber":25,"author":{"gitId":"neojxuan"},"content":"","lastModifiedDate":"2021-08-19"},{"lineNumber":26,"author":{"gitId":"neojxuan"},"content":"    public void run() {","lastModifiedDate":"2021-08-27"},{"lineNumber":27,"author":{"gitId":"neojxuan"},"content":"        ui.showWelcome();","lastModifiedDate":"2021-08-27"},{"lineNumber":28,"author":{"gitId":"neojxuan"},"content":"        boolean isExit \u003d false;","lastModifiedDate":"2021-08-27"},{"lineNumber":29,"author":{"gitId":"neojxuan"},"content":"","lastModifiedDate":"2021-08-19"},{"lineNumber":30,"author":{"gitId":"neojxuan"},"content":"        while (!isExit) {","lastModifiedDate":"2021-08-27"},{"lineNumber":31,"author":{"gitId":"neojxuan"},"content":"            try {","lastModifiedDate":"2021-08-19"},{"lineNumber":32,"author":{"gitId":"neojxuan"},"content":"                String fullUserCommand \u003d ui.readCommand();","lastModifiedDate":"2021-08-27"},{"lineNumber":33,"author":{"gitId":"neojxuan"},"content":"                ui.showLine(); // show the divider line (\"_______\")","lastModifiedDate":"2021-08-27"},{"lineNumber":34,"author":{"gitId":"neojxuan"},"content":"                Command c \u003d Parser.parse(fullUserCommand);","lastModifiedDate":"2021-08-27"},{"lineNumber":35,"author":{"gitId":"neojxuan"},"content":"                c.execute(tasks, ui, storage);","lastModifiedDate":"2021-08-27"},{"lineNumber":36,"author":{"gitId":"neojxuan"},"content":"                isExit \u003d c.isExit();","lastModifiedDate":"2021-08-27"},{"lineNumber":37,"author":{"gitId":"neojxuan"},"content":"            } catch (DukeException e) {","lastModifiedDate":"2021-08-27"},{"lineNumber":38,"author":{"gitId":"neojxuan"},"content":"                ui.showError(e.getMessage());","lastModifiedDate":"2021-08-27"},{"lineNumber":39,"author":{"gitId":"neojxuan"},"content":"            } finally {","lastModifiedDate":"2021-08-27"},{"lineNumber":40,"author":{"gitId":"neojxuan"},"content":"                ui.showLine();","lastModifiedDate":"2021-08-27"},{"lineNumber":41,"author":{"gitId":"neojxuan"},"content":"            }","lastModifiedDate":"2021-08-19"},{"lineNumber":42,"author":{"gitId":"neojxuan"},"content":"        }","lastModifiedDate":"2021-08-19"},{"lineNumber":43,"author":{"gitId":"neojxuan"},"content":"    }","lastModifiedDate":"2021-08-19"},{"lineNumber":44,"author":{"gitId":"neojxuan"},"content":"    ","lastModifiedDate":"2021-08-26"},{"lineNumber":45,"author":{"gitId":"neojxuan"},"content":"","lastModifiedDate":"2021-08-26"},{"lineNumber":46,"author":{"gitId":"neojxuan"},"content":"","lastModifiedDate":"2021-08-26"},{"lineNumber":47,"author":{"gitId":"-"},"content":"}","lastModifiedDate":"2019-07-29"}],"authorContributionMap":{"neojxuan":45,"-":2}},{"path":"src/main/java/duke/DukeException.java","fileType":"java","lines":[{"lineNumber":1,"author":{"gitId":"neojxuan"},"content":"package duke;","lastModifiedDate":"2021-08-28"},{"lineNumber":2,"author":{"gitId":"neojxuan"},"content":"","lastModifiedDate":"2021-08-28"},{"lineNumber":3,"author":{"gitId":"neojxuan"},"content":"public class DukeException extends Exception {","lastModifiedDate":"2021-08-19"},{"lineNumber":4,"author":{"gitId":"neojxuan"},"content":"    public DukeException(String message) {","lastModifiedDate":"2021-08-19"},{"lineNumber":5,"author":{"gitId":"neojxuan"},"content":"        super(message);","lastModifiedDate":"2021-08-19"},{"lineNumber":6,"author":{"gitId":"neojxuan"},"content":"    }","lastModifiedDate":"2021-08-19"},{"lineNumber":7,"author":{"gitId":"neojxuan"},"content":"}","lastModifiedDate":"2021-08-19"}],"authorContributionMap":{"neojxuan":7}},{"path":"src/main/java/duke/Parser.java","fileType":"java","lines":[{"lineNumber":1,"author":{"gitId":"neojxuan"},"content":"package duke;","lastModifiedDate":"2021-08-28"},{"lineNumber":2,"author":{"gitId":"neojxuan"},"content":"","lastModifiedDate":"2021-08-28"},{"lineNumber":3,"author":{"gitId":"neojxuan"},"content":"import duke.commands.*;","lastModifiedDate":"2021-08-28"},{"lineNumber":4,"author":{"gitId":"neojxuan"},"content":"import duke.tasks.Deadline;","lastModifiedDate":"2021-08-28"},{"lineNumber":5,"author":{"gitId":"neojxuan"},"content":"import duke.tasks.Event;","lastModifiedDate":"2021-08-28"},{"lineNumber":6,"author":{"gitId":"neojxuan"},"content":"import duke.tasks.Todo;","lastModifiedDate":"2021-08-28"},{"lineNumber":7,"author":{"gitId":"neojxuan"},"content":"","lastModifiedDate":"2021-08-28"},{"lineNumber":8,"author":{"gitId":"neojxuan"},"content":"public class Parser {","lastModifiedDate":"2021-08-27"},{"lineNumber":9,"author":{"gitId":"neojxuan"},"content":"    public static Command parse(String answer) throws DukeException {","lastModifiedDate":"2021-08-27"},{"lineNumber":10,"author":{"gitId":"neojxuan"},"content":"        String[] parts \u003d answer.split(\" \");","lastModifiedDate":"2021-08-27"},{"lineNumber":11,"author":{"gitId":"neojxuan"},"content":"        String command \u003d parts[0];","lastModifiedDate":"2021-08-27"},{"lineNumber":12,"author":{"gitId":"neojxuan"},"content":"        String taskDetails \u003d \"\";","lastModifiedDate":"2021-08-27"},{"lineNumber":13,"author":{"gitId":"neojxuan"},"content":"        if (answer.contains(\" \")) {","lastModifiedDate":"2021-08-27"},{"lineNumber":14,"author":{"gitId":"neojxuan"},"content":"            taskDetails \u003d answer.substring(answer.indexOf(\" \") + 1);","lastModifiedDate":"2021-08-27"},{"lineNumber":15,"author":{"gitId":"neojxuan"},"content":"        }","lastModifiedDate":"2021-08-27"},{"lineNumber":16,"author":{"gitId":"neojxuan"},"content":"        switch (command) {","lastModifiedDate":"2021-08-27"},{"lineNumber":17,"author":{"gitId":"neojxuan"},"content":"            case \"done\":","lastModifiedDate":"2021-08-27"},{"lineNumber":18,"author":{"gitId":"neojxuan"},"content":"                int taskIndex \u003d getTaskIndex(answer);","lastModifiedDate":"2021-08-27"},{"lineNumber":19,"author":{"gitId":"neojxuan"},"content":"                return new DoneCommand(taskIndex);","lastModifiedDate":"2021-08-27"},{"lineNumber":20,"author":{"gitId":"neojxuan"},"content":"            case \"delete\":","lastModifiedDate":"2021-08-27"},{"lineNumber":21,"author":{"gitId":"neojxuan"},"content":"                taskIndex \u003d getTaskIndex(answer);","lastModifiedDate":"2021-08-27"},{"lineNumber":22,"author":{"gitId":"neojxuan"},"content":"                return new DeleteCommand(taskIndex);","lastModifiedDate":"2021-08-27"},{"lineNumber":23,"author":{"gitId":"neojxuan"},"content":"            case \"list\":","lastModifiedDate":"2021-08-27"},{"lineNumber":24,"author":{"gitId":"neojxuan"},"content":"                return new ListCommand();","lastModifiedDate":"2021-08-27"},{"lineNumber":25,"author":{"gitId":"neojxuan"},"content":"            case \"todo\":","lastModifiedDate":"2021-08-27"},{"lineNumber":26,"author":{"gitId":"neojxuan"},"content":"                Todo todo \u003d parseTodo(taskDetails);","lastModifiedDate":"2021-08-27"},{"lineNumber":27,"author":{"gitId":"neojxuan"},"content":"                return new AddTaskCommand(todo);","lastModifiedDate":"2021-08-27"},{"lineNumber":28,"author":{"gitId":"neojxuan"},"content":"            case \"event\":","lastModifiedDate":"2021-08-27"},{"lineNumber":29,"author":{"gitId":"neojxuan"},"content":"                Event event \u003d parseEvent(taskDetails);","lastModifiedDate":"2021-08-27"},{"lineNumber":30,"author":{"gitId":"neojxuan"},"content":"                return new AddTaskCommand(event);","lastModifiedDate":"2021-08-27"},{"lineNumber":31,"author":{"gitId":"neojxuan"},"content":"            case \"deadline\":","lastModifiedDate":"2021-08-27"},{"lineNumber":32,"author":{"gitId":"neojxuan"},"content":"                Deadline deadline \u003d parseDeadline(taskDetails);","lastModifiedDate":"2021-08-27"},{"lineNumber":33,"author":{"gitId":"neojxuan"},"content":"                return new AddTaskCommand(deadline);","lastModifiedDate":"2021-08-27"},{"lineNumber":34,"author":{"gitId":"neojxuan"},"content":"            case \"bye\":","lastModifiedDate":"2021-08-27"},{"lineNumber":35,"author":{"gitId":"neojxuan"},"content":"                return new ByeCommand();","lastModifiedDate":"2021-08-27"},{"lineNumber":36,"author":{"gitId":"neojxuan"},"content":"            default:","lastModifiedDate":"2021-08-27"},{"lineNumber":37,"author":{"gitId":"neojxuan"},"content":"                throw new DukeException(\"Unknown command.\");","lastModifiedDate":"2021-08-27"},{"lineNumber":38,"author":{"gitId":"neojxuan"},"content":"        }","lastModifiedDate":"2021-08-27"},{"lineNumber":39,"author":{"gitId":"neojxuan"},"content":"    }","lastModifiedDate":"2021-08-27"},{"lineNumber":40,"author":{"gitId":"neojxuan"},"content":"    ","lastModifiedDate":"2021-08-27"},{"lineNumber":41,"author":{"gitId":"neojxuan"},"content":"    private static void checkEmptyTaskDetails(String taskDetails) throws DukeException {","lastModifiedDate":"2021-08-27"},{"lineNumber":42,"author":{"gitId":"neojxuan"},"content":"        if (taskDetails.isEmpty()) {","lastModifiedDate":"2021-08-27"},{"lineNumber":43,"author":{"gitId":"neojxuan"},"content":"            throw new DukeException(\"Task details cannot be empty\");","lastModifiedDate":"2021-08-27"},{"lineNumber":44,"author":{"gitId":"neojxuan"},"content":"        }","lastModifiedDate":"2021-08-27"},{"lineNumber":45,"author":{"gitId":"neojxuan"},"content":"    }","lastModifiedDate":"2021-08-27"},{"lineNumber":46,"author":{"gitId":"neojxuan"},"content":"    ","lastModifiedDate":"2021-08-27"},{"lineNumber":47,"author":{"gitId":"neojxuan"},"content":"    private static Todo parseTodo(String taskDetails) throws DukeException {","lastModifiedDate":"2021-08-27"},{"lineNumber":48,"author":{"gitId":"neojxuan"},"content":"        checkEmptyTaskDetails(taskDetails);","lastModifiedDate":"2021-08-27"},{"lineNumber":49,"author":{"gitId":"neojxuan"},"content":"        return new Todo(taskDetails, false);","lastModifiedDate":"2021-08-27"},{"lineNumber":50,"author":{"gitId":"neojxuan"},"content":"    }","lastModifiedDate":"2021-08-27"},{"lineNumber":51,"author":{"gitId":"neojxuan"},"content":"","lastModifiedDate":"2021-08-27"},{"lineNumber":52,"author":{"gitId":"neojxuan"},"content":"    private static Event parseEvent(String taskDetails) throws DukeException {","lastModifiedDate":"2021-08-27"},{"lineNumber":53,"author":{"gitId":"neojxuan"},"content":"        checkEmptyTaskDetails(taskDetails);","lastModifiedDate":"2021-08-27"},{"lineNumber":54,"author":{"gitId":"neojxuan"},"content":"        String[] parts \u003d taskDetails.split(\" /at \");","lastModifiedDate":"2021-08-27"},{"lineNumber":55,"author":{"gitId":"neojxuan"},"content":"        if (parts.length \u003c 2) {","lastModifiedDate":"2021-08-27"},{"lineNumber":56,"author":{"gitId":"neojxuan"},"content":"            throw new DukeException(\"Event descriptions must contain /at [dd-mm-yyyy hh:mm]\");","lastModifiedDate":"2021-08-27"},{"lineNumber":57,"author":{"gitId":"neojxuan"},"content":"        }","lastModifiedDate":"2021-08-27"},{"lineNumber":58,"author":{"gitId":"neojxuan"},"content":"        String description \u003d parts[0];","lastModifiedDate":"2021-08-27"},{"lineNumber":59,"author":{"gitId":"neojxuan"},"content":"        String at \u003d parts[1];","lastModifiedDate":"2021-08-27"},{"lineNumber":60,"author":{"gitId":"neojxuan"},"content":"        return new Event(description, at, false);","lastModifiedDate":"2021-08-27"},{"lineNumber":61,"author":{"gitId":"neojxuan"},"content":"    }","lastModifiedDate":"2021-08-27"},{"lineNumber":62,"author":{"gitId":"neojxuan"},"content":"","lastModifiedDate":"2021-08-27"},{"lineNumber":63,"author":{"gitId":"neojxuan"},"content":"    private static Deadline parseDeadline(String taskDetails) throws DukeException {","lastModifiedDate":"2021-08-27"},{"lineNumber":64,"author":{"gitId":"neojxuan"},"content":"        checkEmptyTaskDetails(taskDetails);","lastModifiedDate":"2021-08-27"},{"lineNumber":65,"author":{"gitId":"neojxuan"},"content":"        String[] parts \u003d taskDetails.split(\" /by \");","lastModifiedDate":"2021-08-27"},{"lineNumber":66,"author":{"gitId":"neojxuan"},"content":"        if (parts.length \u003c 2) {","lastModifiedDate":"2021-08-27"},{"lineNumber":67,"author":{"gitId":"neojxuan"},"content":"            throw new DukeException(\"Deadline descriptions must contain /by [dd-mm-yyyy hh:mm]\");","lastModifiedDate":"2021-08-27"},{"lineNumber":68,"author":{"gitId":"neojxuan"},"content":"        }","lastModifiedDate":"2021-08-27"},{"lineNumber":69,"author":{"gitId":"neojxuan"},"content":"        String description \u003d parts[0];","lastModifiedDate":"2021-08-27"},{"lineNumber":70,"author":{"gitId":"neojxuan"},"content":"        String by \u003d parts[1];","lastModifiedDate":"2021-08-27"},{"lineNumber":71,"author":{"gitId":"neojxuan"},"content":"        return new Deadline(description, by, false);","lastModifiedDate":"2021-08-27"},{"lineNumber":72,"author":{"gitId":"neojxuan"},"content":"    }","lastModifiedDate":"2021-08-27"},{"lineNumber":73,"author":{"gitId":"neojxuan"},"content":"","lastModifiedDate":"2021-08-27"},{"lineNumber":74,"author":{"gitId":"neojxuan"},"content":"    protected static int getTaskIndex(String answer) throws DukeException {","lastModifiedDate":"2021-08-27"},{"lineNumber":75,"author":{"gitId":"neojxuan"},"content":"        String taskNo \u003d answer.substring(answer.indexOf(\" \") + 1);","lastModifiedDate":"2021-08-27"},{"lineNumber":76,"author":{"gitId":"neojxuan"},"content":"        try {","lastModifiedDate":"2021-08-27"},{"lineNumber":77,"author":{"gitId":"neojxuan"},"content":"            int taskIndex \u003d Integer.parseInt(taskNo) - 1;","lastModifiedDate":"2021-08-27"},{"lineNumber":78,"author":{"gitId":"neojxuan"},"content":"            if (taskIndex \u003c 0) {","lastModifiedDate":"2021-08-27"},{"lineNumber":79,"author":{"gitId":"neojxuan"},"content":"                throw new DukeException(\"Invalid task number. Duke.Task number should be positive\");","lastModifiedDate":"2021-08-28"},{"lineNumber":80,"author":{"gitId":"neojxuan"},"content":"            }","lastModifiedDate":"2021-08-27"},{"lineNumber":81,"author":{"gitId":"neojxuan"},"content":"            return taskIndex;","lastModifiedDate":"2021-08-27"},{"lineNumber":82,"author":{"gitId":"neojxuan"},"content":"        } catch (NumberFormatException e) {","lastModifiedDate":"2021-08-27"},{"lineNumber":83,"author":{"gitId":"neojxuan"},"content":"            throw new DukeException(\"Invalid task number. Sample input with correct format: [command] [taskNo]\"","lastModifiedDate":"2021-08-27"},{"lineNumber":84,"author":{"gitId":"neojxuan"},"content":"                    + \" eg. \u0027done 2\u0027\");","lastModifiedDate":"2021-08-27"},{"lineNumber":85,"author":{"gitId":"neojxuan"},"content":"        }","lastModifiedDate":"2021-08-27"},{"lineNumber":86,"author":{"gitId":"neojxuan"},"content":"    }","lastModifiedDate":"2021-08-27"},{"lineNumber":87,"author":{"gitId":"neojxuan"},"content":"}","lastModifiedDate":"2021-08-27"}],"authorContributionMap":{"neojxuan":87}},{"path":"src/main/java/duke/Storage.java","fileType":"java","lines":[{"lineNumber":1,"author":{"gitId":"neojxuan"},"content":"package duke;","lastModifiedDate":"2021-08-28"},{"lineNumber":2,"author":{"gitId":"neojxuan"},"content":"","lastModifiedDate":"2021-08-28"},{"lineNumber":3,"author":{"gitId":"neojxuan"},"content":"import duke.tasks.Deadline;","lastModifiedDate":"2021-08-28"},{"lineNumber":4,"author":{"gitId":"neojxuan"},"content":"import duke.tasks.Event;","lastModifiedDate":"2021-08-28"},{"lineNumber":5,"author":{"gitId":"neojxuan"},"content":"import duke.tasks.Task;","lastModifiedDate":"2021-08-28"},{"lineNumber":6,"author":{"gitId":"neojxuan"},"content":"import duke.tasks.Todo;","lastModifiedDate":"2021-08-28"},{"lineNumber":7,"author":{"gitId":"neojxuan"},"content":"","lastModifiedDate":"2021-08-28"},{"lineNumber":8,"author":{"gitId":"neojxuan"},"content":"import java.io.BufferedReader;","lastModifiedDate":"2021-08-28"},{"lineNumber":9,"author":{"gitId":"neojxuan"},"content":"import java.io.File;","lastModifiedDate":"2021-08-28"},{"lineNumber":10,"author":{"gitId":"neojxuan"},"content":"import java.io.FileReader;","lastModifiedDate":"2021-08-28"},{"lineNumber":11,"author":{"gitId":"neojxuan"},"content":"import java.io.IOException;","lastModifiedDate":"2021-08-28"},{"lineNumber":12,"author":{"gitId":"neojxuan"},"content":"import java.util.ArrayList;","lastModifiedDate":"2021-08-27"},{"lineNumber":13,"author":{"gitId":"neojxuan"},"content":"import java.io.BufferedWriter;","lastModifiedDate":"2021-08-28"},{"lineNumber":14,"author":{"gitId":"neojxuan"},"content":"import java.io.FileWriter;","lastModifiedDate":"2021-08-28"},{"lineNumber":15,"author":{"gitId":"neojxuan"},"content":"","lastModifiedDate":"2021-08-27"},{"lineNumber":16,"author":{"gitId":"neojxuan"},"content":"public class Storage {","lastModifiedDate":"2021-08-27"},{"lineNumber":17,"author":{"gitId":"neojxuan"},"content":"    private final String filePath;","lastModifiedDate":"2021-08-27"},{"lineNumber":18,"author":{"gitId":"neojxuan"},"content":"    ","lastModifiedDate":"2021-08-27"},{"lineNumber":19,"author":{"gitId":"neojxuan"},"content":"    public Storage(String filePath) {","lastModifiedDate":"2021-08-27"},{"lineNumber":20,"author":{"gitId":"neojxuan"},"content":"        this.filePath \u003d filePath;","lastModifiedDate":"2021-08-27"},{"lineNumber":21,"author":{"gitId":"neojxuan"},"content":"    }","lastModifiedDate":"2021-08-27"},{"lineNumber":22,"author":{"gitId":"neojxuan"},"content":"    ","lastModifiedDate":"2021-08-27"},{"lineNumber":23,"author":{"gitId":"neojxuan"},"content":"    private File getStoreFile() throws IOException {","lastModifiedDate":"2021-08-27"},{"lineNumber":24,"author":{"gitId":"neojxuan"},"content":"        File store \u003d new File(this.filePath);","lastModifiedDate":"2021-08-27"},{"lineNumber":25,"author":{"gitId":"neojxuan"},"content":"        String dirPath \u003d store.getParent();","lastModifiedDate":"2021-08-27"},{"lineNumber":26,"author":{"gitId":"neojxuan"},"content":"        File directory \u003d new File(dirPath);","lastModifiedDate":"2021-08-27"},{"lineNumber":27,"author":{"gitId":"neojxuan"},"content":"        // creates parent directories if they do not exist","lastModifiedDate":"2021-08-27"},{"lineNumber":28,"author":{"gitId":"neojxuan"},"content":"        directory.mkdirs();","lastModifiedDate":"2021-08-27"},{"lineNumber":29,"author":{"gitId":"neojxuan"},"content":"        // creates file if it does not exist","lastModifiedDate":"2021-08-27"},{"lineNumber":30,"author":{"gitId":"neojxuan"},"content":"        store.createNewFile();","lastModifiedDate":"2021-08-27"},{"lineNumber":31,"author":{"gitId":"neojxuan"},"content":"        return store;","lastModifiedDate":"2021-08-27"},{"lineNumber":32,"author":{"gitId":"neojxuan"},"content":"    }","lastModifiedDate":"2021-08-27"},{"lineNumber":33,"author":{"gitId":"neojxuan"},"content":"","lastModifiedDate":"2021-08-27"},{"lineNumber":34,"author":{"gitId":"neojxuan"},"content":"    public ArrayList\u003cTask\u003e load() throws DukeException {","lastModifiedDate":"2021-08-27"},{"lineNumber":35,"author":{"gitId":"neojxuan"},"content":"        ArrayList\u003cTask\u003e tasks \u003d new ArrayList\u003c\u003e();","lastModifiedDate":"2021-08-27"},{"lineNumber":36,"author":{"gitId":"neojxuan"},"content":"        try {","lastModifiedDate":"2021-08-27"},{"lineNumber":37,"author":{"gitId":"neojxuan"},"content":"            File store \u003d getStoreFile();","lastModifiedDate":"2021-08-27"},{"lineNumber":38,"author":{"gitId":"neojxuan"},"content":"            BufferedReader reader \u003d new BufferedReader(new FileReader(store));","lastModifiedDate":"2021-08-27"},{"lineNumber":39,"author":{"gitId":"neojxuan"},"content":"            String fileLine \u003d reader.readLine();","lastModifiedDate":"2021-08-27"},{"lineNumber":40,"author":{"gitId":"neojxuan"},"content":"            int lineNo \u003d 1;","lastModifiedDate":"2021-08-27"},{"lineNumber":41,"author":{"gitId":"neojxuan"},"content":"            while (fileLine !\u003d null) {","lastModifiedDate":"2021-08-27"},{"lineNumber":42,"author":{"gitId":"neojxuan"},"content":"                Task task \u003d parseTask(fileLine, lineNo);","lastModifiedDate":"2021-08-27"},{"lineNumber":43,"author":{"gitId":"neojxuan"},"content":"                tasks.add(task);","lastModifiedDate":"2021-08-27"},{"lineNumber":44,"author":{"gitId":"neojxuan"},"content":"                lineNo++;","lastModifiedDate":"2021-08-27"},{"lineNumber":45,"author":{"gitId":"neojxuan"},"content":"                fileLine \u003d reader.readLine();","lastModifiedDate":"2021-08-27"},{"lineNumber":46,"author":{"gitId":"neojxuan"},"content":"            }","lastModifiedDate":"2021-08-27"},{"lineNumber":47,"author":{"gitId":"neojxuan"},"content":"            reader.close();","lastModifiedDate":"2021-08-27"},{"lineNumber":48,"author":{"gitId":"neojxuan"},"content":"        } catch (IOException e) {","lastModifiedDate":"2021-08-27"},{"lineNumber":49,"author":{"gitId":"neojxuan"},"content":"            throw new DukeException(e.getMessage());","lastModifiedDate":"2021-08-27"},{"lineNumber":50,"author":{"gitId":"neojxuan"},"content":"        }","lastModifiedDate":"2021-08-27"},{"lineNumber":51,"author":{"gitId":"neojxuan"},"content":"        return tasks;","lastModifiedDate":"2021-08-27"},{"lineNumber":52,"author":{"gitId":"neojxuan"},"content":"    }","lastModifiedDate":"2021-08-27"},{"lineNumber":53,"author":{"gitId":"neojxuan"},"content":"","lastModifiedDate":"2021-08-27"},{"lineNumber":54,"author":{"gitId":"neojxuan"},"content":"    public void saveTasks(TaskList tasks) {","lastModifiedDate":"2021-08-27"},{"lineNumber":55,"author":{"gitId":"neojxuan"},"content":"        try {","lastModifiedDate":"2021-08-27"},{"lineNumber":56,"author":{"gitId":"neojxuan"},"content":"            File store \u003d getStoreFile();","lastModifiedDate":"2021-08-27"},{"lineNumber":57,"author":{"gitId":"neojxuan"},"content":"            BufferedWriter writer \u003d new BufferedWriter(new FileWriter(store));","lastModifiedDate":"2021-08-27"},{"lineNumber":58,"author":{"gitId":"neojxuan"},"content":"            ArrayList\u003cString\u003e taskStrings \u003d tasks.getTaskStrings();","lastModifiedDate":"2021-08-27"},{"lineNumber":59,"author":{"gitId":"neojxuan"},"content":"            for (String taskString : taskStrings) {","lastModifiedDate":"2021-08-27"},{"lineNumber":60,"author":{"gitId":"neojxuan"},"content":"                writer.write(taskString);","lastModifiedDate":"2021-08-27"},{"lineNumber":61,"author":{"gitId":"neojxuan"},"content":"                writer.newLine();","lastModifiedDate":"2021-08-27"},{"lineNumber":62,"author":{"gitId":"neojxuan"},"content":"            }","lastModifiedDate":"2021-08-27"},{"lineNumber":63,"author":{"gitId":"neojxuan"},"content":"            writer.close();","lastModifiedDate":"2021-08-27"},{"lineNumber":64,"author":{"gitId":"neojxuan"},"content":"        } catch (IOException e) {","lastModifiedDate":"2021-08-27"},{"lineNumber":65,"author":{"gitId":"neojxuan"},"content":"            System.out.println(e.getMessage());","lastModifiedDate":"2021-08-27"},{"lineNumber":66,"author":{"gitId":"neojxuan"},"content":"        }","lastModifiedDate":"2021-08-27"},{"lineNumber":67,"author":{"gitId":"neojxuan"},"content":"    }","lastModifiedDate":"2021-08-27"},{"lineNumber":68,"author":{"gitId":"neojxuan"},"content":"","lastModifiedDate":"2021-08-27"},{"lineNumber":69,"author":{"gitId":"neojxuan"},"content":"    private static Task parseTask(String fileLine, int lineNo) throws DukeException {","lastModifiedDate":"2021-08-27"},{"lineNumber":70,"author":{"gitId":"neojxuan"},"content":"        try {","lastModifiedDate":"2021-08-27"},{"lineNumber":71,"author":{"gitId":"neojxuan"},"content":"            String[] parts \u003d fileLine.split(\" \\\\| \");","lastModifiedDate":"2021-08-27"},{"lineNumber":72,"author":{"gitId":"neojxuan"},"content":"            String taskType \u003d parts[0];","lastModifiedDate":"2021-08-27"},{"lineNumber":73,"author":{"gitId":"neojxuan"},"content":"            int isDoneInt \u003d Integer.parseInt(parts[1]);","lastModifiedDate":"2021-08-27"},{"lineNumber":74,"author":{"gitId":"neojxuan"},"content":"            boolean isDone \u003d (isDoneInt \u003d\u003d 1);","lastModifiedDate":"2021-08-27"},{"lineNumber":75,"author":{"gitId":"neojxuan"},"content":"            String description \u003d parts[2];","lastModifiedDate":"2021-08-27"},{"lineNumber":76,"author":{"gitId":"neojxuan"},"content":"            switch(taskType) {","lastModifiedDate":"2021-08-27"},{"lineNumber":77,"author":{"gitId":"neojxuan"},"content":"                case \"T\":","lastModifiedDate":"2021-08-27"},{"lineNumber":78,"author":{"gitId":"neojxuan"},"content":"                    return new Todo(description, isDone);","lastModifiedDate":"2021-08-27"},{"lineNumber":79,"author":{"gitId":"neojxuan"},"content":"                case \"D\":","lastModifiedDate":"2021-08-27"},{"lineNumber":80,"author":{"gitId":"neojxuan"},"content":"                    String date \u003d parts[3];","lastModifiedDate":"2021-08-27"},{"lineNumber":81,"author":{"gitId":"neojxuan"},"content":"                    return new Deadline(description, date, isDone);","lastModifiedDate":"2021-08-27"},{"lineNumber":82,"author":{"gitId":"neojxuan"},"content":"                case \"E\":","lastModifiedDate":"2021-08-27"},{"lineNumber":83,"author":{"gitId":"neojxuan"},"content":"                    date \u003d parts[3];","lastModifiedDate":"2021-08-27"},{"lineNumber":84,"author":{"gitId":"neojxuan"},"content":"                    return new Event(description, date, isDone);","lastModifiedDate":"2021-08-27"},{"lineNumber":85,"author":{"gitId":"neojxuan"},"content":"                default:","lastModifiedDate":"2021-08-27"},{"lineNumber":86,"author":{"gitId":"neojxuan"},"content":"                    throw new DukeException(\"Could not parse task type on file line \" + lineNo);","lastModifiedDate":"2021-08-27"},{"lineNumber":87,"author":{"gitId":"neojxuan"},"content":"            }","lastModifiedDate":"2021-08-27"},{"lineNumber":88,"author":{"gitId":"neojxuan"},"content":"        } catch (ArrayIndexOutOfBoundsException e) {","lastModifiedDate":"2021-08-27"},{"lineNumber":89,"author":{"gitId":"neojxuan"},"content":"            throw new DukeException(\"Duke.Task details are missing on file line \" + lineNo);","lastModifiedDate":"2021-08-28"},{"lineNumber":90,"author":{"gitId":"neojxuan"},"content":"        }","lastModifiedDate":"2021-08-27"},{"lineNumber":91,"author":{"gitId":"neojxuan"},"content":"    }","lastModifiedDate":"2021-08-27"},{"lineNumber":92,"author":{"gitId":"neojxuan"},"content":"}","lastModifiedDate":"2021-08-27"}],"authorContributionMap":{"neojxuan":92}},{"path":"src/main/java/duke/TaskList.java","fileType":"java","lines":[{"lineNumber":1,"author":{"gitId":"neojxuan"},"content":"package duke;","lastModifiedDate":"2021-08-28"},{"lineNumber":2,"author":{"gitId":"neojxuan"},"content":"","lastModifiedDate":"2021-08-28"},{"lineNumber":3,"author":{"gitId":"neojxuan"},"content":"import duke.tasks.Task;","lastModifiedDate":"2021-08-28"},{"lineNumber":4,"author":{"gitId":"neojxuan"},"content":"","lastModifiedDate":"2021-08-28"},{"lineNumber":5,"author":{"gitId":"neojxuan"},"content":"import java.util.ArrayList;","lastModifiedDate":"2021-08-27"},{"lineNumber":6,"author":{"gitId":"neojxuan"},"content":"","lastModifiedDate":"2021-08-27"},{"lineNumber":7,"author":{"gitId":"neojxuan"},"content":"public class TaskList {","lastModifiedDate":"2021-08-27"},{"lineNumber":8,"author":{"gitId":"neojxuan"},"content":"    ArrayList\u003cTask\u003e tasks;","lastModifiedDate":"2021-08-27"},{"lineNumber":9,"author":{"gitId":"neojxuan"},"content":"    public TaskList(ArrayList\u003cTask\u003e tasks) {","lastModifiedDate":"2021-08-27"},{"lineNumber":10,"author":{"gitId":"neojxuan"},"content":"        this.tasks \u003d tasks;","lastModifiedDate":"2021-08-27"},{"lineNumber":11,"author":{"gitId":"neojxuan"},"content":"    }","lastModifiedDate":"2021-08-27"},{"lineNumber":12,"author":{"gitId":"neojxuan"},"content":"    ","lastModifiedDate":"2021-08-27"},{"lineNumber":13,"author":{"gitId":"neojxuan"},"content":"    public TaskList() {","lastModifiedDate":"2021-08-27"},{"lineNumber":14,"author":{"gitId":"neojxuan"},"content":"        tasks \u003d new ArrayList\u003c\u003e();","lastModifiedDate":"2021-08-27"},{"lineNumber":15,"author":{"gitId":"neojxuan"},"content":"    }","lastModifiedDate":"2021-08-27"},{"lineNumber":16,"author":{"gitId":"neojxuan"},"content":"    ","lastModifiedDate":"2021-08-27"},{"lineNumber":17,"author":{"gitId":"neojxuan"},"content":"    public ArrayList\u003cTask\u003e getTasks() {","lastModifiedDate":"2021-08-27"},{"lineNumber":18,"author":{"gitId":"neojxuan"},"content":"        return tasks;","lastModifiedDate":"2021-08-27"},{"lineNumber":19,"author":{"gitId":"neojxuan"},"content":"    }","lastModifiedDate":"2021-08-27"},{"lineNumber":20,"author":{"gitId":"neojxuan"},"content":"    ","lastModifiedDate":"2021-08-27"},{"lineNumber":21,"author":{"gitId":"neojxuan"},"content":"    public void printTaskList() {","lastModifiedDate":"2021-08-27"},{"lineNumber":22,"author":{"gitId":"neojxuan"},"content":"        if (tasks.size() \u003d\u003d 0) {","lastModifiedDate":"2021-08-27"},{"lineNumber":23,"author":{"gitId":"neojxuan"},"content":"            System.out.println(\"There are no tasks in the list.\");","lastModifiedDate":"2021-08-27"},{"lineNumber":24,"author":{"gitId":"neojxuan"},"content":"            return;","lastModifiedDate":"2021-08-27"},{"lineNumber":25,"author":{"gitId":"neojxuan"},"content":"        }","lastModifiedDate":"2021-08-27"},{"lineNumber":26,"author":{"gitId":"neojxuan"},"content":"        System.out.println(\"Here are the tasks in your list:\");","lastModifiedDate":"2021-08-27"},{"lineNumber":27,"author":{"gitId":"neojxuan"},"content":"        for (int i \u003d 0; i \u003c tasks.size(); i++) {","lastModifiedDate":"2021-08-27"},{"lineNumber":28,"author":{"gitId":"neojxuan"},"content":"            System.out.println((i + 1) + \". \" + tasks.get(i));","lastModifiedDate":"2021-08-27"},{"lineNumber":29,"author":{"gitId":"neojxuan"},"content":"        }","lastModifiedDate":"2021-08-27"},{"lineNumber":30,"author":{"gitId":"neojxuan"},"content":"    }","lastModifiedDate":"2021-08-27"},{"lineNumber":31,"author":{"gitId":"neojxuan"},"content":"    ","lastModifiedDate":"2021-08-27"},{"lineNumber":32,"author":{"gitId":"neojxuan"},"content":"    protected int getLength() {","lastModifiedDate":"2021-08-27"},{"lineNumber":33,"author":{"gitId":"neojxuan"},"content":"        return tasks.size();","lastModifiedDate":"2021-08-27"},{"lineNumber":34,"author":{"gitId":"neojxuan"},"content":"    }","lastModifiedDate":"2021-08-27"},{"lineNumber":35,"author":{"gitId":"neojxuan"},"content":"    ","lastModifiedDate":"2021-08-27"},{"lineNumber":36,"author":{"gitId":"neojxuan"},"content":"    public void addNewTask(Task task) {","lastModifiedDate":"2021-08-28"},{"lineNumber":37,"author":{"gitId":"neojxuan"},"content":"        tasks.add(task);","lastModifiedDate":"2021-08-27"},{"lineNumber":38,"author":{"gitId":"neojxuan"},"content":"    }","lastModifiedDate":"2021-08-27"},{"lineNumber":39,"author":{"gitId":"neojxuan"},"content":"    ","lastModifiedDate":"2021-08-27"},{"lineNumber":40,"author":{"gitId":"neojxuan"},"content":"    public Task markTaskDone(int taskIndex) throws DukeException {","lastModifiedDate":"2021-08-27"},{"lineNumber":41,"author":{"gitId":"neojxuan"},"content":"        validateTaskIndex(taskIndex);","lastModifiedDate":"2021-08-27"},{"lineNumber":42,"author":{"gitId":"neojxuan"},"content":"        Task task \u003d tasks.get(taskIndex);","lastModifiedDate":"2021-08-27"},{"lineNumber":43,"author":{"gitId":"neojxuan"},"content":"        task.markAsDone();","lastModifiedDate":"2021-08-27"},{"lineNumber":44,"author":{"gitId":"neojxuan"},"content":"        return task;","lastModifiedDate":"2021-08-27"},{"lineNumber":45,"author":{"gitId":"neojxuan"},"content":"    }","lastModifiedDate":"2021-08-27"},{"lineNumber":46,"author":{"gitId":"neojxuan"},"content":"","lastModifiedDate":"2021-08-27"},{"lineNumber":47,"author":{"gitId":"neojxuan"},"content":"    public Task deleteTask(int taskIndex) throws DukeException {","lastModifiedDate":"2021-08-27"},{"lineNumber":48,"author":{"gitId":"neojxuan"},"content":"        validateTaskIndex(taskIndex);","lastModifiedDate":"2021-08-27"},{"lineNumber":49,"author":{"gitId":"neojxuan"},"content":"        Task task \u003d tasks.get(taskIndex);","lastModifiedDate":"2021-08-27"},{"lineNumber":50,"author":{"gitId":"neojxuan"},"content":"        tasks.remove(task);","lastModifiedDate":"2021-08-27"},{"lineNumber":51,"author":{"gitId":"neojxuan"},"content":"        return task;","lastModifiedDate":"2021-08-27"},{"lineNumber":52,"author":{"gitId":"neojxuan"},"content":"    }","lastModifiedDate":"2021-08-27"},{"lineNumber":53,"author":{"gitId":"neojxuan"},"content":"    ","lastModifiedDate":"2021-08-27"},{"lineNumber":54,"author":{"gitId":"neojxuan"},"content":"    private void validateTaskIndex(int taskIndex) throws DukeException { ","lastModifiedDate":"2021-08-27"},{"lineNumber":55,"author":{"gitId":"neojxuan"},"content":"        int taskCount \u003d tasks.size();","lastModifiedDate":"2021-08-27"},{"lineNumber":56,"author":{"gitId":"neojxuan"},"content":"        if (taskCount \u003d\u003d 0) {","lastModifiedDate":"2021-08-27"},{"lineNumber":57,"author":{"gitId":"neojxuan"},"content":"            throw new DukeException(\"There are no tasks in the list.\");","lastModifiedDate":"2021-08-27"},{"lineNumber":58,"author":{"gitId":"neojxuan"},"content":"        } else if (taskIndex \u003e\u003d taskCount) {","lastModifiedDate":"2021-08-27"},{"lineNumber":59,"author":{"gitId":"neojxuan"},"content":"            throw new DukeException(\"Invalid task number. There are only \" + taskCount + \"tasks in the list\");","lastModifiedDate":"2021-08-27"},{"lineNumber":60,"author":{"gitId":"neojxuan"},"content":"        }","lastModifiedDate":"2021-08-27"},{"lineNumber":61,"author":{"gitId":"neojxuan"},"content":"    }","lastModifiedDate":"2021-08-27"},{"lineNumber":62,"author":{"gitId":"neojxuan"},"content":"    ","lastModifiedDate":"2021-08-27"},{"lineNumber":63,"author":{"gitId":"neojxuan"},"content":"    public ArrayList\u003cString\u003e getTaskStrings() {","lastModifiedDate":"2021-08-27"},{"lineNumber":64,"author":{"gitId":"neojxuan"},"content":"        ArrayList\u003cString\u003e taskStrings \u003d new ArrayList\u003c\u003e();","lastModifiedDate":"2021-08-27"},{"lineNumber":65,"author":{"gitId":"neojxuan"},"content":"        for (Task task : tasks) {","lastModifiedDate":"2021-08-27"},{"lineNumber":66,"author":{"gitId":"neojxuan"},"content":"            taskStrings.add(task.toFileString());","lastModifiedDate":"2021-08-27"},{"lineNumber":67,"author":{"gitId":"neojxuan"},"content":"        }","lastModifiedDate":"2021-08-27"},{"lineNumber":68,"author":{"gitId":"neojxuan"},"content":"        return taskStrings;","lastModifiedDate":"2021-08-27"},{"lineNumber":69,"author":{"gitId":"neojxuan"},"content":"    }","lastModifiedDate":"2021-08-27"},{"lineNumber":70,"author":{"gitId":"neojxuan"},"content":"}","lastModifiedDate":"2021-08-27"}],"authorContributionMap":{"neojxuan":70}},{"path":"src/main/java/duke/Ui.java","fileType":"java","lines":[{"lineNumber":1,"author":{"gitId":"neojxuan"},"content":"package duke;","lastModifiedDate":"2021-08-28"},{"lineNumber":2,"author":{"gitId":"neojxuan"},"content":"","lastModifiedDate":"2021-08-28"},{"lineNumber":3,"author":{"gitId":"neojxuan"},"content":"import duke.tasks.Task;","lastModifiedDate":"2021-08-28"},{"lineNumber":4,"author":{"gitId":"neojxuan"},"content":"","lastModifiedDate":"2021-08-28"},{"lineNumber":5,"author":{"gitId":"neojxuan"},"content":"import java.util.Scanner;","lastModifiedDate":"2021-08-27"},{"lineNumber":6,"author":{"gitId":"neojxuan"},"content":"","lastModifiedDate":"2021-08-27"},{"lineNumber":7,"author":{"gitId":"neojxuan"},"content":"public class Ui {","lastModifiedDate":"2021-08-27"},{"lineNumber":8,"author":{"gitId":"neojxuan"},"content":"    private final Scanner myScanner;","lastModifiedDate":"2021-08-27"},{"lineNumber":9,"author":{"gitId":"neojxuan"},"content":"    private final String DIVIDER_LINE \u003d \"_______________________________________________\";","lastModifiedDate":"2021-08-27"},{"lineNumber":10,"author":{"gitId":"neojxuan"},"content":"    ","lastModifiedDate":"2021-08-27"},{"lineNumber":11,"author":{"gitId":"neojxuan"},"content":"    public Ui() {","lastModifiedDate":"2021-08-27"},{"lineNumber":12,"author":{"gitId":"neojxuan"},"content":"        myScanner \u003d new Scanner(System.in);","lastModifiedDate":"2021-08-27"},{"lineNumber":13,"author":{"gitId":"neojxuan"},"content":"    }","lastModifiedDate":"2021-08-27"},{"lineNumber":14,"author":{"gitId":"neojxuan"},"content":"    ","lastModifiedDate":"2021-08-27"},{"lineNumber":15,"author":{"gitId":"neojxuan"},"content":"    public void showLoadingError() {","lastModifiedDate":"2021-08-27"},{"lineNumber":16,"author":{"gitId":"neojxuan"},"content":"        System.out.println(\"There was a problem loading saved tasks.\");","lastModifiedDate":"2021-08-27"},{"lineNumber":17,"author":{"gitId":"neojxuan"},"content":"    }","lastModifiedDate":"2021-08-27"},{"lineNumber":18,"author":{"gitId":"neojxuan"},"content":"    ","lastModifiedDate":"2021-08-27"},{"lineNumber":19,"author":{"gitId":"neojxuan"},"content":"    public void showWelcome() {","lastModifiedDate":"2021-08-27"},{"lineNumber":20,"author":{"gitId":"neojxuan"},"content":"        System.out.println(\"Hello...\\nWhat do you want?\\n\");","lastModifiedDate":"2021-08-27"},{"lineNumber":21,"author":{"gitId":"neojxuan"},"content":"    }","lastModifiedDate":"2021-08-27"},{"lineNumber":22,"author":{"gitId":"neojxuan"},"content":"    ","lastModifiedDate":"2021-08-27"},{"lineNumber":23,"author":{"gitId":"neojxuan"},"content":"    public void showBye() {","lastModifiedDate":"2021-08-27"},{"lineNumber":24,"author":{"gitId":"neojxuan"},"content":"        System.out.println(\"Whatever...\");","lastModifiedDate":"2021-08-27"},{"lineNumber":25,"author":{"gitId":"neojxuan"},"content":"    }","lastModifiedDate":"2021-08-27"},{"lineNumber":26,"author":{"gitId":"neojxuan"},"content":"    ","lastModifiedDate":"2021-08-27"},{"lineNumber":27,"author":{"gitId":"neojxuan"},"content":"    public String readCommand() {","lastModifiedDate":"2021-08-27"},{"lineNumber":28,"author":{"gitId":"neojxuan"},"content":"        return myScanner.nextLine();","lastModifiedDate":"2021-08-27"},{"lineNumber":29,"author":{"gitId":"neojxuan"},"content":"    }","lastModifiedDate":"2021-08-27"},{"lineNumber":30,"author":{"gitId":"neojxuan"},"content":"    ","lastModifiedDate":"2021-08-27"},{"lineNumber":31,"author":{"gitId":"neojxuan"},"content":"    public void showLine() {","lastModifiedDate":"2021-08-27"},{"lineNumber":32,"author":{"gitId":"neojxuan"},"content":"        System.out.println(DIVIDER_LINE);","lastModifiedDate":"2021-08-27"},{"lineNumber":33,"author":{"gitId":"neojxuan"},"content":"    }","lastModifiedDate":"2021-08-27"},{"lineNumber":34,"author":{"gitId":"neojxuan"},"content":"    ","lastModifiedDate":"2021-08-27"},{"lineNumber":35,"author":{"gitId":"neojxuan"},"content":"    public void showError(String message) {","lastModifiedDate":"2021-08-27"},{"lineNumber":36,"author":{"gitId":"neojxuan"},"content":"        System.out.println(\"Error. \" + message);","lastModifiedDate":"2021-08-27"},{"lineNumber":37,"author":{"gitId":"neojxuan"},"content":"    }","lastModifiedDate":"2021-08-27"},{"lineNumber":38,"author":{"gitId":"neojxuan"},"content":"    ","lastModifiedDate":"2021-08-27"},{"lineNumber":39,"author":{"gitId":"neojxuan"},"content":"    public void showMarkDone(Task task) {","lastModifiedDate":"2021-08-27"},{"lineNumber":40,"author":{"gitId":"neojxuan"},"content":"        System.out.println(\"I\u0027ve marked this task as done:\");","lastModifiedDate":"2021-08-27"},{"lineNumber":41,"author":{"gitId":"neojxuan"},"content":"        System.out.println(\"\\t\" + task);","lastModifiedDate":"2021-08-27"},{"lineNumber":42,"author":{"gitId":"neojxuan"},"content":"    }","lastModifiedDate":"2021-08-27"},{"lineNumber":43,"author":{"gitId":"neojxuan"},"content":"    ","lastModifiedDate":"2021-08-27"},{"lineNumber":44,"author":{"gitId":"neojxuan"},"content":"    public void showDelete(Task task, TaskList tasks) {","lastModifiedDate":"2021-08-27"},{"lineNumber":45,"author":{"gitId":"neojxuan"},"content":"        System.out.println(\"Noted. I\u0027ve removed this task:\\n\\t\" + task);","lastModifiedDate":"2021-08-27"},{"lineNumber":46,"author":{"gitId":"neojxuan"},"content":"        printTasksCount(tasks);","lastModifiedDate":"2021-08-27"},{"lineNumber":47,"author":{"gitId":"neojxuan"},"content":"    }","lastModifiedDate":"2021-08-27"},{"lineNumber":48,"author":{"gitId":"neojxuan"},"content":"    ","lastModifiedDate":"2021-08-27"},{"lineNumber":49,"author":{"gitId":"neojxuan"},"content":"    void printTasksCount(TaskList tasks) {","lastModifiedDate":"2021-08-27"},{"lineNumber":50,"author":{"gitId":"neojxuan"},"content":"        System.out.println(\"Now you have \" + tasks.getLength() + \" tasks in the list.\");","lastModifiedDate":"2021-08-27"},{"lineNumber":51,"author":{"gitId":"neojxuan"},"content":"    }","lastModifiedDate":"2021-08-27"},{"lineNumber":52,"author":{"gitId":"neojxuan"},"content":"    ","lastModifiedDate":"2021-08-27"},{"lineNumber":53,"author":{"gitId":"neojxuan"},"content":"    public void showAddTask(TaskList tasks, Task task) { ","lastModifiedDate":"2021-08-27"},{"lineNumber":54,"author":{"gitId":"neojxuan"},"content":"        System.out.println(\"Got it. I\u0027ve added this task:\\n\\t\" + task);","lastModifiedDate":"2021-08-27"},{"lineNumber":55,"author":{"gitId":"neojxuan"},"content":"        printTasksCount(tasks);","lastModifiedDate":"2021-08-27"},{"lineNumber":56,"author":{"gitId":"neojxuan"},"content":"    }","lastModifiedDate":"2021-08-27"},{"lineNumber":57,"author":{"gitId":"neojxuan"},"content":"}","lastModifiedDate":"2021-08-27"}],"authorContributionMap":{"neojxuan":57}},{"path":"src/main/java/duke/commands/AddTaskCommand.java","fileType":"java","lines":[{"lineNumber":1,"author":{"gitId":"neojxuan"},"content":"package duke.commands;","lastModifiedDate":"2021-08-28"},{"lineNumber":2,"author":{"gitId":"neojxuan"},"content":"","lastModifiedDate":"2021-08-28"},{"lineNumber":3,"author":{"gitId":"neojxuan"},"content":"import duke.tasks.Task;","lastModifiedDate":"2021-08-28"},{"lineNumber":4,"author":{"gitId":"neojxuan"},"content":"import duke.TaskList;","lastModifiedDate":"2021-08-28"},{"lineNumber":5,"author":{"gitId":"neojxuan"},"content":"import duke.Ui;","lastModifiedDate":"2021-08-28"},{"lineNumber":6,"author":{"gitId":"neojxuan"},"content":"import duke.Storage;","lastModifiedDate":"2021-08-28"},{"lineNumber":7,"author":{"gitId":"neojxuan"},"content":"","lastModifiedDate":"2021-08-28"},{"lineNumber":8,"author":{"gitId":"neojxuan"},"content":"public class AddTaskCommand extends Command {","lastModifiedDate":"2021-08-27"},{"lineNumber":9,"author":{"gitId":"neojxuan"},"content":"    Task task;","lastModifiedDate":"2021-08-27"},{"lineNumber":10,"author":{"gitId":"neojxuan"},"content":"    public AddTaskCommand(Task task) {","lastModifiedDate":"2021-08-27"},{"lineNumber":11,"author":{"gitId":"neojxuan"},"content":"        this.task \u003d task;","lastModifiedDate":"2021-08-27"},{"lineNumber":12,"author":{"gitId":"neojxuan"},"content":"    }","lastModifiedDate":"2021-08-27"},{"lineNumber":13,"author":{"gitId":"neojxuan"},"content":"","lastModifiedDate":"2021-08-27"},{"lineNumber":14,"author":{"gitId":"neojxuan"},"content":"    public void execute(TaskList tasks, Ui ui, Storage storage) {","lastModifiedDate":"2021-08-27"},{"lineNumber":15,"author":{"gitId":"neojxuan"},"content":"        tasks.addNewTask(task);","lastModifiedDate":"2021-08-27"},{"lineNumber":16,"author":{"gitId":"neojxuan"},"content":"        ui.showAddTask(tasks, task);","lastModifiedDate":"2021-08-27"},{"lineNumber":17,"author":{"gitId":"neojxuan"},"content":"    }","lastModifiedDate":"2021-08-28"},{"lineNumber":18,"author":{"gitId":"neojxuan"},"content":"}","lastModifiedDate":"2021-08-27"}],"authorContributionMap":{"neojxuan":18}},{"path":"src/main/java/duke/commands/ByeCommand.java","fileType":"java","lines":[{"lineNumber":1,"author":{"gitId":"neojxuan"},"content":"package duke.commands;","lastModifiedDate":"2021-08-28"},{"lineNumber":2,"author":{"gitId":"neojxuan"},"content":"","lastModifiedDate":"2021-08-28"},{"lineNumber":3,"author":{"gitId":"neojxuan"},"content":"import duke.TaskList;","lastModifiedDate":"2021-08-28"},{"lineNumber":4,"author":{"gitId":"neojxuan"},"content":"import duke.Ui;","lastModifiedDate":"2021-08-28"},{"lineNumber":5,"author":{"gitId":"neojxuan"},"content":"import duke.Storage;","lastModifiedDate":"2021-08-28"},{"lineNumber":6,"author":{"gitId":"neojxuan"},"content":"","lastModifiedDate":"2021-08-28"},{"lineNumber":7,"author":{"gitId":"neojxuan"},"content":"public class ByeCommand extends Command {","lastModifiedDate":"2021-08-27"},{"lineNumber":8,"author":{"gitId":"neojxuan"},"content":"    public void execute(TaskList tasks, Ui ui, Storage storage) {","lastModifiedDate":"2021-08-27"},{"lineNumber":9,"author":{"gitId":"neojxuan"},"content":"        storage.saveTasks(tasks);","lastModifiedDate":"2021-08-27"},{"lineNumber":10,"author":{"gitId":"neojxuan"},"content":"        ui.showBye();","lastModifiedDate":"2021-08-27"},{"lineNumber":11,"author":{"gitId":"neojxuan"},"content":"    }","lastModifiedDate":"2021-08-27"},{"lineNumber":12,"author":{"gitId":"neojxuan"},"content":"","lastModifiedDate":"2021-08-27"},{"lineNumber":13,"author":{"gitId":"neojxuan"},"content":"    @Override","lastModifiedDate":"2021-08-27"},{"lineNumber":14,"author":{"gitId":"neojxuan"},"content":"    public boolean isExit() { ","lastModifiedDate":"2021-08-27"},{"lineNumber":15,"author":{"gitId":"neojxuan"},"content":"        return true; ","lastModifiedDate":"2021-08-27"},{"lineNumber":16,"author":{"gitId":"neojxuan"},"content":"    }","lastModifiedDate":"2021-08-27"},{"lineNumber":17,"author":{"gitId":"neojxuan"},"content":"}","lastModifiedDate":"2021-08-27"}],"authorContributionMap":{"neojxuan":17}},{"path":"src/main/java/duke/commands/Command.java","fileType":"java","lines":[{"lineNumber":1,"author":{"gitId":"neojxuan"},"content":"package duke.commands;","lastModifiedDate":"2021-08-28"},{"lineNumber":2,"author":{"gitId":"neojxuan"},"content":"","lastModifiedDate":"2021-08-28"},{"lineNumber":3,"author":{"gitId":"neojxuan"},"content":"import duke.TaskList;","lastModifiedDate":"2021-08-28"},{"lineNumber":4,"author":{"gitId":"neojxuan"},"content":"import duke.Ui;","lastModifiedDate":"2021-08-28"},{"lineNumber":5,"author":{"gitId":"neojxuan"},"content":"import duke.Storage;","lastModifiedDate":"2021-08-28"},{"lineNumber":6,"author":{"gitId":"neojxuan"},"content":"import duke.DukeException;","lastModifiedDate":"2021-08-28"},{"lineNumber":7,"author":{"gitId":"neojxuan"},"content":"","lastModifiedDate":"2021-08-28"},{"lineNumber":8,"author":{"gitId":"neojxuan"},"content":"public abstract class Command {","lastModifiedDate":"2021-08-27"},{"lineNumber":9,"author":{"gitId":"neojxuan"},"content":"    public abstract void execute(TaskList tasks, Ui ui, Storage storage) throws DukeException;","lastModifiedDate":"2021-08-27"},{"lineNumber":10,"author":{"gitId":"neojxuan"},"content":"    ","lastModifiedDate":"2021-08-27"},{"lineNumber":11,"author":{"gitId":"neojxuan"},"content":"    public boolean isExit() { return false; }","lastModifiedDate":"2021-08-27"},{"lineNumber":12,"author":{"gitId":"neojxuan"},"content":"}","lastModifiedDate":"2021-08-27"}],"authorContributionMap":{"neojxuan":12}},{"path":"src/main/java/duke/commands/DeleteCommand.java","fileType":"java","lines":[{"lineNumber":1,"author":{"gitId":"neojxuan"},"content":"package duke.commands;","lastModifiedDate":"2021-08-28"},{"lineNumber":2,"author":{"gitId":"neojxuan"},"content":"","lastModifiedDate":"2021-08-28"},{"lineNumber":3,"author":{"gitId":"neojxuan"},"content":"import duke.DukeException;","lastModifiedDate":"2021-08-28"},{"lineNumber":4,"author":{"gitId":"neojxuan"},"content":"import duke.tasks.Task;","lastModifiedDate":"2021-08-28"},{"lineNumber":5,"author":{"gitId":"neojxuan"},"content":"import duke.TaskList;","lastModifiedDate":"2021-08-28"},{"lineNumber":6,"author":{"gitId":"neojxuan"},"content":"import duke.Ui;","lastModifiedDate":"2021-08-28"},{"lineNumber":7,"author":{"gitId":"neojxuan"},"content":"import duke.Storage;","lastModifiedDate":"2021-08-28"},{"lineNumber":8,"author":{"gitId":"neojxuan"},"content":"","lastModifiedDate":"2021-08-28"},{"lineNumber":9,"author":{"gitId":"neojxuan"},"content":"public class DeleteCommand extends Command {","lastModifiedDate":"2021-08-27"},{"lineNumber":10,"author":{"gitId":"neojxuan"},"content":"    private final int taskIndex;","lastModifiedDate":"2021-08-27"},{"lineNumber":11,"author":{"gitId":"neojxuan"},"content":"    public DeleteCommand(int taskIndex) {","lastModifiedDate":"2021-08-27"},{"lineNumber":12,"author":{"gitId":"neojxuan"},"content":"        this.taskIndex \u003d taskIndex;","lastModifiedDate":"2021-08-27"},{"lineNumber":13,"author":{"gitId":"neojxuan"},"content":"    }","lastModifiedDate":"2021-08-27"},{"lineNumber":14,"author":{"gitId":"neojxuan"},"content":"","lastModifiedDate":"2021-08-27"},{"lineNumber":15,"author":{"gitId":"neojxuan"},"content":"    public void execute(TaskList tasks, Ui ui, Storage storage) throws DukeException {","lastModifiedDate":"2021-08-27"},{"lineNumber":16,"author":{"gitId":"neojxuan"},"content":"        Task task \u003d tasks.deleteTask(taskIndex);","lastModifiedDate":"2021-08-27"},{"lineNumber":17,"author":{"gitId":"neojxuan"},"content":"        ui.showDelete(task, tasks);","lastModifiedDate":"2021-08-27"},{"lineNumber":18,"author":{"gitId":"neojxuan"},"content":"    };","lastModifiedDate":"2021-08-27"},{"lineNumber":19,"author":{"gitId":"neojxuan"},"content":"}","lastModifiedDate":"2021-08-27"}],"authorContributionMap":{"neojxuan":19}},{"path":"src/main/java/duke/commands/DoneCommand.java","fileType":"java","lines":[{"lineNumber":1,"author":{"gitId":"neojxuan"},"content":"package duke.commands;","lastModifiedDate":"2021-08-28"},{"lineNumber":2,"author":{"gitId":"neojxuan"},"content":"","lastModifiedDate":"2021-08-28"},{"lineNumber":3,"author":{"gitId":"neojxuan"},"content":"import duke.DukeException;","lastModifiedDate":"2021-08-28"},{"lineNumber":4,"author":{"gitId":"neojxuan"},"content":"import duke.tasks.Task;","lastModifiedDate":"2021-08-28"},{"lineNumber":5,"author":{"gitId":"neojxuan"},"content":"import duke.TaskList;","lastModifiedDate":"2021-08-28"},{"lineNumber":6,"author":{"gitId":"neojxuan"},"content":"import duke.Ui;","lastModifiedDate":"2021-08-28"},{"lineNumber":7,"author":{"gitId":"neojxuan"},"content":"import duke.Storage;","lastModifiedDate":"2021-08-28"},{"lineNumber":8,"author":{"gitId":"neojxuan"},"content":"","lastModifiedDate":"2021-08-28"},{"lineNumber":9,"author":{"gitId":"neojxuan"},"content":"public class DoneCommand extends Command {","lastModifiedDate":"2021-08-27"},{"lineNumber":10,"author":{"gitId":"neojxuan"},"content":"    private final int taskIndex;","lastModifiedDate":"2021-08-27"},{"lineNumber":11,"author":{"gitId":"neojxuan"},"content":"    public DoneCommand(int taskIndex) {","lastModifiedDate":"2021-08-27"},{"lineNumber":12,"author":{"gitId":"neojxuan"},"content":"        this.taskIndex \u003d taskIndex;","lastModifiedDate":"2021-08-27"},{"lineNumber":13,"author":{"gitId":"neojxuan"},"content":"    }","lastModifiedDate":"2021-08-27"},{"lineNumber":14,"author":{"gitId":"neojxuan"},"content":"    ","lastModifiedDate":"2021-08-27"},{"lineNumber":15,"author":{"gitId":"neojxuan"},"content":"    public void execute(TaskList tasks, Ui ui, Storage storage) throws DukeException {","lastModifiedDate":"2021-08-27"},{"lineNumber":16,"author":{"gitId":"neojxuan"},"content":"        Task task \u003d tasks.markTaskDone(taskIndex);","lastModifiedDate":"2021-08-27"},{"lineNumber":17,"author":{"gitId":"neojxuan"},"content":"        ui.showMarkDone(task);","lastModifiedDate":"2021-08-27"},{"lineNumber":18,"author":{"gitId":"neojxuan"},"content":"    };","lastModifiedDate":"2021-08-27"},{"lineNumber":19,"author":{"gitId":"neojxuan"},"content":"}","lastModifiedDate":"2021-08-27"}],"authorContributionMap":{"neojxuan":19}},{"path":"src/main/java/duke/commands/ListCommand.java","fileType":"java","lines":[{"lineNumber":1,"author":{"gitId":"neojxuan"},"content":"package duke.commands;","lastModifiedDate":"2021-08-28"},{"lineNumber":2,"author":{"gitId":"neojxuan"},"content":"","lastModifiedDate":"2021-08-28"},{"lineNumber":3,"author":{"gitId":"neojxuan"},"content":"import duke.TaskList;","lastModifiedDate":"2021-08-28"},{"lineNumber":4,"author":{"gitId":"neojxuan"},"content":"import duke.Ui;","lastModifiedDate":"2021-08-28"},{"lineNumber":5,"author":{"gitId":"neojxuan"},"content":"import duke.Storage;","lastModifiedDate":"2021-08-28"},{"lineNumber":6,"author":{"gitId":"neojxuan"},"content":"","lastModifiedDate":"2021-08-28"},{"lineNumber":7,"author":{"gitId":"neojxuan"},"content":"public class ListCommand extends Command {","lastModifiedDate":"2021-08-27"},{"lineNumber":8,"author":{"gitId":"neojxuan"},"content":"    public ListCommand() {","lastModifiedDate":"2021-08-27"},{"lineNumber":9,"author":{"gitId":"neojxuan"},"content":"    }","lastModifiedDate":"2021-08-27"},{"lineNumber":10,"author":{"gitId":"neojxuan"},"content":"","lastModifiedDate":"2021-08-27"},{"lineNumber":11,"author":{"gitId":"neojxuan"},"content":"    public void execute(TaskList tasks, Ui ui, Storage storage) {","lastModifiedDate":"2021-08-27"},{"lineNumber":12,"author":{"gitId":"neojxuan"},"content":"        tasks.printTaskList();","lastModifiedDate":"2021-08-27"},{"lineNumber":13,"author":{"gitId":"neojxuan"},"content":"    };","lastModifiedDate":"2021-08-27"},{"lineNumber":14,"author":{"gitId":"neojxuan"},"content":"}","lastModifiedDate":"2021-08-27"}],"authorContributionMap":{"neojxuan":14}},{"path":"src/main/java/duke/tasks/Deadline.java","fileType":"java","lines":[{"lineNumber":1,"author":{"gitId":"neojxuan"},"content":"package duke.tasks;","lastModifiedDate":"2021-08-28"},{"lineNumber":2,"author":{"gitId":"neojxuan"},"content":"","lastModifiedDate":"2021-08-28"},{"lineNumber":3,"author":{"gitId":"neojxuan"},"content":"import duke.tasks.Task;","lastModifiedDate":"2021-08-28"},{"lineNumber":4,"author":{"gitId":"neojxuan"},"content":"","lastModifiedDate":"2021-08-28"},{"lineNumber":5,"author":{"gitId":"neojxuan"},"content":"import java.time.LocalDateTime;","lastModifiedDate":"2021-08-27"},{"lineNumber":6,"author":{"gitId":"neojxuan"},"content":"import java.time.format.DateTimeFormatter;","lastModifiedDate":"2021-08-27"},{"lineNumber":7,"author":{"gitId":"neojxuan"},"content":"","lastModifiedDate":"2021-08-19"},{"lineNumber":8,"author":{"gitId":"neojxuan"},"content":"public class Deadline extends Task {","lastModifiedDate":"2021-08-27"},{"lineNumber":9,"author":{"gitId":"neojxuan"},"content":"    private static DateTimeFormatter FORMATTER \u003d DateTimeFormatter.ofPattern(\"d-M-uuuu H:mm\");","lastModifiedDate":"2021-08-27"},{"lineNumber":10,"author":{"gitId":"neojxuan"},"content":"    private static DateTimeFormatter DISPLAY_FORMATTER \u003d DateTimeFormatter.ofPattern(\"d MMM uuuu hh:mm a\");","lastModifiedDate":"2021-08-27"},{"lineNumber":11,"author":{"gitId":"neojxuan"},"content":"    protected LocalDateTime date;","lastModifiedDate":"2021-08-27"},{"lineNumber":12,"author":{"gitId":"neojxuan"},"content":"","lastModifiedDate":"2021-08-19"},{"lineNumber":13,"author":{"gitId":"neojxuan"},"content":"    public Deadline(String description, String by, boolean isDone) {","lastModifiedDate":"2021-08-26"},{"lineNumber":14,"author":{"gitId":"neojxuan"},"content":"        super(description, isDone);","lastModifiedDate":"2021-08-26"},{"lineNumber":15,"author":{"gitId":"neojxuan"},"content":"        this.date \u003d parseDateTime(by);","lastModifiedDate":"2021-08-27"},{"lineNumber":16,"author":{"gitId":"neojxuan"},"content":"    }","lastModifiedDate":"2021-08-27"},{"lineNumber":17,"author":{"gitId":"neojxuan"},"content":"","lastModifiedDate":"2021-08-27"},{"lineNumber":18,"author":{"gitId":"neojxuan"},"content":"    private LocalDateTime parseDateTime(String at) {","lastModifiedDate":"2021-08-27"},{"lineNumber":19,"author":{"gitId":"neojxuan"},"content":"        // TODO: need to catch exception","lastModifiedDate":"2021-08-27"},{"lineNumber":20,"author":{"gitId":"neojxuan"},"content":"        return LocalDateTime.parse(at, FORMATTER);","lastModifiedDate":"2021-08-27"},{"lineNumber":21,"author":{"gitId":"neojxuan"},"content":"    }","lastModifiedDate":"2021-08-19"},{"lineNumber":22,"author":{"gitId":"neojxuan"},"content":"","lastModifiedDate":"2021-08-19"},{"lineNumber":23,"author":{"gitId":"neojxuan"},"content":"    @Override","lastModifiedDate":"2021-08-19"},{"lineNumber":24,"author":{"gitId":"neojxuan"},"content":"    public String toString() {","lastModifiedDate":"2021-08-19"},{"lineNumber":25,"author":{"gitId":"neojxuan"},"content":"        return \"[D]\" + super.toString() + \" (by: \" + date.format(DISPLAY_FORMATTER) + \")\";","lastModifiedDate":"2021-08-27"},{"lineNumber":26,"author":{"gitId":"neojxuan"},"content":"    }","lastModifiedDate":"2021-08-19"},{"lineNumber":27,"author":{"gitId":"neojxuan"},"content":"","lastModifiedDate":"2021-08-26"},{"lineNumber":28,"author":{"gitId":"neojxuan"},"content":"    @Override","lastModifiedDate":"2021-08-26"},{"lineNumber":29,"author":{"gitId":"neojxuan"},"content":"    public String toFileString() {","lastModifiedDate":"2021-08-26"},{"lineNumber":30,"author":{"gitId":"neojxuan"},"content":"        return \"D\" + super.toFileString() + \" | \" + date.format(FORMATTER);","lastModifiedDate":"2021-08-27"},{"lineNumber":31,"author":{"gitId":"neojxuan"},"content":"    }","lastModifiedDate":"2021-08-26"},{"lineNumber":32,"author":{"gitId":"neojxuan"},"content":"}","lastModifiedDate":"2021-08-19"}],"authorContributionMap":{"neojxuan":32}},{"path":"src/main/java/duke/tasks/Event.java","fileType":"java","lines":[{"lineNumber":1,"author":{"gitId":"neojxuan"},"content":"package duke.tasks;","lastModifiedDate":"2021-08-28"},{"lineNumber":2,"author":{"gitId":"neojxuan"},"content":"","lastModifiedDate":"2021-08-28"},{"lineNumber":3,"author":{"gitId":"neojxuan"},"content":"import duke.tasks.Task;","lastModifiedDate":"2021-08-28"},{"lineNumber":4,"author":{"gitId":"neojxuan"},"content":"","lastModifiedDate":"2021-08-28"},{"lineNumber":5,"author":{"gitId":"neojxuan"},"content":"import java.time.LocalDateTime;","lastModifiedDate":"2021-08-27"},{"lineNumber":6,"author":{"gitId":"neojxuan"},"content":"import java.time.format.DateTimeFormatter;","lastModifiedDate":"2021-08-27"},{"lineNumber":7,"author":{"gitId":"neojxuan"},"content":"","lastModifiedDate":"2021-08-27"},{"lineNumber":8,"author":{"gitId":"neojxuan"},"content":"public class Event extends Task {","lastModifiedDate":"2021-08-19"},{"lineNumber":9,"author":{"gitId":"neojxuan"},"content":"","lastModifiedDate":"2021-08-19"},{"lineNumber":10,"author":{"gitId":"neojxuan"},"content":"    private static DateTimeFormatter FORMATTER \u003d DateTimeFormatter.ofPattern(\"d-M-uuuu H:mm\");","lastModifiedDate":"2021-08-27"},{"lineNumber":11,"author":{"gitId":"neojxuan"},"content":"    private static DateTimeFormatter DISPLAY_FORMATTER \u003d DateTimeFormatter.ofPattern(\"d MMM uuuu hh:mm a\");","lastModifiedDate":"2021-08-27"},{"lineNumber":12,"author":{"gitId":"neojxuan"},"content":"    protected LocalDateTime date;","lastModifiedDate":"2021-08-27"},{"lineNumber":13,"author":{"gitId":"neojxuan"},"content":"","lastModifiedDate":"2021-08-19"},{"lineNumber":14,"author":{"gitId":"neojxuan"},"content":"    public Event(String description, String at, boolean isDone) {","lastModifiedDate":"2021-08-26"},{"lineNumber":15,"author":{"gitId":"neojxuan"},"content":"        super(description, isDone);","lastModifiedDate":"2021-08-26"},{"lineNumber":16,"author":{"gitId":"neojxuan"},"content":"        this.date \u003d parseDateTime(at);","lastModifiedDate":"2021-08-27"},{"lineNumber":17,"author":{"gitId":"neojxuan"},"content":"    }","lastModifiedDate":"2021-08-27"},{"lineNumber":18,"author":{"gitId":"neojxuan"},"content":"    ","lastModifiedDate":"2021-08-27"},{"lineNumber":19,"author":{"gitId":"neojxuan"},"content":"    private LocalDateTime parseDateTime(String at) {","lastModifiedDate":"2021-08-27"},{"lineNumber":20,"author":{"gitId":"neojxuan"},"content":"        // TODO: need to catch exception","lastModifiedDate":"2021-08-27"},{"lineNumber":21,"author":{"gitId":"neojxuan"},"content":"        return LocalDateTime.parse(at, FORMATTER);","lastModifiedDate":"2021-08-27"},{"lineNumber":22,"author":{"gitId":"neojxuan"},"content":"    }","lastModifiedDate":"2021-08-19"},{"lineNumber":23,"author":{"gitId":"neojxuan"},"content":"","lastModifiedDate":"2021-08-19"},{"lineNumber":24,"author":{"gitId":"neojxuan"},"content":"    @Override","lastModifiedDate":"2021-08-19"},{"lineNumber":25,"author":{"gitId":"neojxuan"},"content":"    public String toString() {","lastModifiedDate":"2021-08-19"},{"lineNumber":26,"author":{"gitId":"neojxuan"},"content":"        return \"[E]\" + super.toString() + \" (at: \" + date.format(DISPLAY_FORMATTER) + \")\";","lastModifiedDate":"2021-08-27"},{"lineNumber":27,"author":{"gitId":"neojxuan"},"content":"    }","lastModifiedDate":"2021-08-19"},{"lineNumber":28,"author":{"gitId":"neojxuan"},"content":"","lastModifiedDate":"2021-08-26"},{"lineNumber":29,"author":{"gitId":"neojxuan"},"content":"    @Override","lastModifiedDate":"2021-08-26"},{"lineNumber":30,"author":{"gitId":"neojxuan"},"content":"    public String toFileString() {","lastModifiedDate":"2021-08-26"},{"lineNumber":31,"author":{"gitId":"neojxuan"},"content":"        return \"E\" + super.toFileString() + \" | \" + date.format(FORMATTER);","lastModifiedDate":"2021-08-27"},{"lineNumber":32,"author":{"gitId":"neojxuan"},"content":"    }","lastModifiedDate":"2021-08-26"},{"lineNumber":33,"author":{"gitId":"neojxuan"},"content":"}","lastModifiedDate":"2021-08-19"}],"authorContributionMap":{"neojxuan":33}},{"path":"src/main/java/duke/tasks/Task.java","fileType":"java","lines":[{"lineNumber":1,"author":{"gitId":"neojxuan"},"content":"package duke.tasks;","lastModifiedDate":"2021-08-28"},{"lineNumber":2,"author":{"gitId":"neojxuan"},"content":"","lastModifiedDate":"2021-08-28"},{"lineNumber":3,"author":{"gitId":"neojxuan"},"content":"public class Task {","lastModifiedDate":"2021-08-19"},{"lineNumber":4,"author":{"gitId":"neojxuan"},"content":"    protected String description;","lastModifiedDate":"2021-08-19"},{"lineNumber":5,"author":{"gitId":"neojxuan"},"content":"    protected boolean isDone;","lastModifiedDate":"2021-08-19"},{"lineNumber":6,"author":{"gitId":"neojxuan"},"content":"","lastModifiedDate":"2021-08-19"},{"lineNumber":7,"author":{"gitId":"neojxuan"},"content":"    public Task(String description, boolean isDone) {","lastModifiedDate":"2021-08-26"},{"lineNumber":8,"author":{"gitId":"neojxuan"},"content":"        this.description \u003d description;","lastModifiedDate":"2021-08-19"},{"lineNumber":9,"author":{"gitId":"neojxuan"},"content":"        this.isDone \u003d isDone;","lastModifiedDate":"2021-08-26"},{"lineNumber":10,"author":{"gitId":"neojxuan"},"content":"    }","lastModifiedDate":"2021-08-19"},{"lineNumber":11,"author":{"gitId":"neojxuan"},"content":"","lastModifiedDate":"2021-08-19"},{"lineNumber":12,"author":{"gitId":"neojxuan"},"content":"    public String getStatusIcon() {","lastModifiedDate":"2021-08-19"},{"lineNumber":13,"author":{"gitId":"neojxuan"},"content":"        return (isDone ? \"X\" : \" \"); // mark done task with X","lastModifiedDate":"2021-08-19"},{"lineNumber":14,"author":{"gitId":"neojxuan"},"content":"    }","lastModifiedDate":"2021-08-19"},{"lineNumber":15,"author":{"gitId":"neojxuan"},"content":"","lastModifiedDate":"2021-08-19"},{"lineNumber":16,"author":{"gitId":"neojxuan"},"content":"    public void markAsDone() {","lastModifiedDate":"2021-08-19"},{"lineNumber":17,"author":{"gitId":"neojxuan"},"content":"        this.isDone \u003d true;","lastModifiedDate":"2021-08-19"},{"lineNumber":18,"author":{"gitId":"neojxuan"},"content":"    }","lastModifiedDate":"2021-08-19"},{"lineNumber":19,"author":{"gitId":"neojxuan"},"content":"","lastModifiedDate":"2021-08-19"},{"lineNumber":20,"author":{"gitId":"neojxuan"},"content":"    @Override","lastModifiedDate":"2021-08-19"},{"lineNumber":21,"author":{"gitId":"neojxuan"},"content":"    public String toString() {","lastModifiedDate":"2021-08-19"},{"lineNumber":22,"author":{"gitId":"neojxuan"},"content":"        return \"[\" + getStatusIcon() + \"] \" + description;","lastModifiedDate":"2021-08-19"},{"lineNumber":23,"author":{"gitId":"neojxuan"},"content":"    }","lastModifiedDate":"2021-08-19"},{"lineNumber":24,"author":{"gitId":"neojxuan"},"content":"    ","lastModifiedDate":"2021-08-26"},{"lineNumber":25,"author":{"gitId":"neojxuan"},"content":"    public String toFileString() {","lastModifiedDate":"2021-08-26"},{"lineNumber":26,"author":{"gitId":"neojxuan"},"content":"        String isDoneString \u003d isDone ? \"1\" : \"0\";","lastModifiedDate":"2021-08-26"},{"lineNumber":27,"author":{"gitId":"neojxuan"},"content":"        return \" | \" + isDoneString + \" | \" + description;","lastModifiedDate":"2021-08-26"},{"lineNumber":28,"author":{"gitId":"neojxuan"},"content":"    }","lastModifiedDate":"2021-08-26"},{"lineNumber":29,"author":{"gitId":"neojxuan"},"content":"}","lastModifiedDate":"2021-08-19"}],"authorContributionMap":{"neojxuan":29}},{"path":"src/main/java/duke/tasks/Todo.java","fileType":"java","lines":[{"lineNumber":1,"author":{"gitId":"neojxuan"},"content":"package duke.tasks;","lastModifiedDate":"2021-08-28"},{"lineNumber":2,"author":{"gitId":"neojxuan"},"content":"","lastModifiedDate":"2021-08-28"},{"lineNumber":3,"author":{"gitId":"neojxuan"},"content":"public class Todo extends Task {","lastModifiedDate":"2021-08-19"},{"lineNumber":4,"author":{"gitId":"neojxuan"},"content":"","lastModifiedDate":"2021-08-19"},{"lineNumber":5,"author":{"gitId":"neojxuan"},"content":"    public Todo(String description, boolean isDone) {","lastModifiedDate":"2021-08-26"},{"lineNumber":6,"author":{"gitId":"neojxuan"},"content":"        super(description, isDone);","lastModifiedDate":"2021-08-26"},{"lineNumber":7,"author":{"gitId":"neojxuan"},"content":"    }","lastModifiedDate":"2021-08-19"},{"lineNumber":8,"author":{"gitId":"neojxuan"},"content":"","lastModifiedDate":"2021-08-19"},{"lineNumber":9,"author":{"gitId":"neojxuan"},"content":"    @Override","lastModifiedDate":"2021-08-19"},{"lineNumber":10,"author":{"gitId":"neojxuan"},"content":"    public String toString() {","lastModifiedDate":"2021-08-19"},{"lineNumber":11,"author":{"gitId":"neojxuan"},"content":"        return \"[T]\" + super.toString();","lastModifiedDate":"2021-08-19"},{"lineNumber":12,"author":{"gitId":"neojxuan"},"content":"    }","lastModifiedDate":"2021-08-19"},{"lineNumber":13,"author":{"gitId":"neojxuan"},"content":"","lastModifiedDate":"2021-08-26"},{"lineNumber":14,"author":{"gitId":"neojxuan"},"content":"    @Override","lastModifiedDate":"2021-08-26"},{"lineNumber":15,"author":{"gitId":"neojxuan"},"content":"    public String toFileString() {","lastModifiedDate":"2021-08-26"},{"lineNumber":16,"author":{"gitId":"neojxuan"},"content":"        return \"T\" + super.toFileString();","lastModifiedDate":"2021-08-26"},{"lineNumber":17,"author":{"gitId":"neojxuan"},"content":"    }","lastModifiedDate":"2021-08-26"},{"lineNumber":18,"author":{"gitId":"neojxuan"},"content":"}","lastModifiedDate":"2021-08-19"}],"authorContributionMap":{"neojxuan":18}},{"path":"text-ui-test/input.txt","fileType":"txt","lines":[{"lineNumber":1,"author":{"gitId":"neojxuan"},"content":"list","lastModifiedDate":"2021-08-19"},{"lineNumber":2,"author":{"gitId":"neojxuan"},"content":"blah","lastModifiedDate":"2021-08-19"},{"lineNumber":3,"author":{"gitId":"neojxuan"},"content":"todo","lastModifiedDate":"2021-08-19"},{"lineNumber":4,"author":{"gitId":"neojxuan"},"content":"event","lastModifiedDate":"2021-08-19"},{"lineNumber":5,"author":{"gitId":"neojxuan"},"content":"event Rehearsal","lastModifiedDate":"2021-08-19"},{"lineNumber":6,"author":{"gitId":"neojxuan"},"content":"deadline","lastModifiedDate":"2021-08-19"},{"lineNumber":7,"author":{"gitId":"neojxuan"},"content":"deadline Submit CS2103T hw","lastModifiedDate":"2021-08-19"},{"lineNumber":8,"author":{"gitId":"neojxuan"},"content":"blah blah blah","lastModifiedDate":"2021-08-19"},{"lineNumber":9,"author":{"gitId":"neojxuan"},"content":"list","lastModifiedDate":"2021-08-19"},{"lineNumber":10,"author":{"gitId":"neojxuan"},"content":"done","lastModifiedDate":"2021-08-19"},{"lineNumber":11,"author":{"gitId":"neojxuan"},"content":"delete","lastModifiedDate":"2021-08-19"},{"lineNumber":12,"author":{"gitId":"neojxuan"},"content":"done 1","lastModifiedDate":"2021-08-19"},{"lineNumber":13,"author":{"gitId":"neojxuan"},"content":"delete 1","lastModifiedDate":"2021-08-19"},{"lineNumber":14,"author":{"gitId":"neojxuan"},"content":"todo Implement Automated Text UI Testing","lastModifiedDate":"2021-08-19"},{"lineNumber":15,"author":{"gitId":"neojxuan"},"content":"event Run away from problems /at 18-08-2021 01:00","lastModifiedDate":"2021-08-27"},{"lineNumber":16,"author":{"gitId":"neojxuan"},"content":"deadline Submit IP /by 19-8-2021 23:59","lastModifiedDate":"2021-08-27"},{"lineNumber":17,"author":{"gitId":"neojxuan"},"content":"list","lastModifiedDate":"2021-08-19"},{"lineNumber":18,"author":{"gitId":"neojxuan"},"content":"done 2","lastModifiedDate":"2021-08-19"},{"lineNumber":19,"author":{"gitId":"neojxuan"},"content":"list","lastModifiedDate":"2021-08-19"},{"lineNumber":20,"author":{"gitId":"neojxuan"},"content":"delete 1","lastModifiedDate":"2021-08-19"},{"lineNumber":21,"author":{"gitId":"neojxuan"},"content":"list","lastModifiedDate":"2021-08-19"},{"lineNumber":22,"author":{"gitId":"neojxuan"},"content":"delete 3","lastModifiedDate":"2021-08-19"},{"lineNumber":23,"author":{"gitId":"neojxuan"},"content":"done 3","lastModifiedDate":"2021-08-19"},{"lineNumber":24,"author":{"gitId":"neojxuan"},"content":"bye","lastModifiedDate":"2021-08-19"},{"lineNumber":25,"author":{"gitId":"neojxuan"},"content":"lala","lastModifiedDate":"2021-08-19"},{"lineNumber":26,"author":{"gitId":"neojxuan"},"content":"","lastModifiedDate":"2021-08-19"}],"authorContributionMap":{"neojxuan":26}}]
