{"authorDailyContributionsMap":{"Gordon25":[{"date":"2021-08-19","commitResults":[{"hash":"26b2daea933394cb22e494043ba6b9cb60870278","messageTitle":"Added ability to greet, echo and exit","messageBody":"","fileTypesAndContributionMap":{"java":{"insertions":14,"deletions":0}}},{"hash":"705b60a23b0993c4402a320812bdd67d28168118","messageTitle":"Added javadocs and indented output of the chatbot","messageBody":"","tags":["Level-1"],"fileTypesAndContributionMap":{"java":{"insertions":11,"deletions":3}}},{"hash":"0d060d384a6426bc88f3eb6a0b4ce582dc7fdf1e","messageTitle":"Added ability to store text and list the text stored in order","messageBody":"","tags":["Level-2"],"fileTypesAndContributionMap":{"java":{"insertions":34,"deletions":2}}},{"hash":"31ce95b0c8a30ccb3353dda2781e5a22648f1fb3","messageTitle":"Added task class","messageBody":"","fileTypesAndContributionMap":{"java":{"insertions":49,"deletions":0}}},{"hash":"184eae4a0791402ed91ab5c768fffb735916291b","messageTitle":"Added ability for Duke to support task class, mark task as done","messageBody":"","fileTypesAndContributionMap":{"java":{"insertions":35,"deletions":16}}},{"hash":"5c348e78a26a16bfc14063a36d1d2969013c8dab","messageTitle":"Added more javadoc to task","messageBody":"","tags":["Level-3"],"fileTypesAndContributionMap":{"java":{"insertions":11,"deletions":10}}},{"hash":"97092a6682552b69e644dc00a99c591763e83f9e","messageTitle":"Added Deadline, Event and Todo classes.","messageBody":"","fileTypesAndContributionMap":{"java":{"insertions":89,"deletions":0}}},{"hash":"0bc17bcc09ca7028dbc9842064665140068fdff7","messageTitle":"Add ability to support tracking of Deadline, Event and Todo tasks","messageBody":"","fileTypesAndContributionMap":{"java":{"insertions":35,"deletions":4}}},{"hash":"1792f83227be3b9dcc92b99c734d817d0fd52641","messageTitle":"Added a private method formatInput to Duke class","messageBody":"","tags":["Level-4"],"fileTypesAndContributionMap":{"java":{"insertions":15,"deletions":12}}},{"hash":"794dcff773caa4ca4a7f12f9cd5c9dd626a334a5","messageTitle":"Added test inputs and expected outputs for Uitesting","messageBody":"","fileTypesAndContributionMap":{"txt":{"insertions":8,"deletions":0}}},{"hash":"253ebc1be5ac12b164bc75102a681285d49ef12c","messageTitle":"Removed some escape characters in Duke class","messageBody":"","tags":["A-TextUiTesting"],"fileTypesAndContributionMap":{"java":{"insertions":12,"deletions":9}}},{"hash":"3da1796e57ead9527c3e4735b3b18d5e2e5188bf","messageTitle":"Added DukeException class","messageBody":"","fileTypesAndContributionMap":{"java":{"insertions":26,"deletions":0}}},{"hash":"733f7d375eaae2ef1cbd0e2bb5091e8ed9fb7ec8","messageTitle":"Added ability to handle exceptions","messageBody":"","fileTypesAndContributionMap":{"java":{"insertions":71,"deletions":37}}},{"hash":"a164fcef252bad66c490989d2c8088068281b749","messageTitle":"Added testing for exception handling","messageBody":"","fileTypesAndContributionMap":{"txt":{"insertions":5,"deletions":0}}},{"hash":"07f7f42354b72d046f858c5fa5829bde3f701fac","messageTitle":"Changed exception message for StringIndexOutOfBoundsException in DukeException class","messageBody":"","tags":["Level-5"],"fileTypesAndContributionMap":{"java":{"insertions":1,"deletions":1}}},{"hash":"bff5f433a3b61bb2718a6c486da256530c7212cc","messageTitle":"Added ability to delete tasks","messageBody":"","tags":["Level-6"],"fileTypesAndContributionMap":{"txt":{"insertions":6,"deletions":0},"java":{"insertions":47,"deletions":15}}}]},{"date":"2021-08-23","commitResults":[{"hash":"8ad7385c74a24d4eed69ce6e7a024a7a825d2c97","messageTitle":"Change exception message for StringIndexOutOfBoundsException Exception","messageBody":"","fileTypesAndContributionMap":{"java":{"insertions":1,"deletions":1}}},{"hash":"5a4156ae49f577c1e2e7bb78fbf2b024f25fc2c4","messageTitle":"Change input commands","messageBody":"","fileTypesAndContributionMap":{"txt":{"insertions":5,"deletions":5}}},{"hash":"5859a887e76bb230c9368dc63c6ced3033adf573","messageTitle":"Update javadocs","messageBody":"","fileTypesAndContributionMap":{"java":{"insertions":55,"deletions":42}}},{"hash":"bc99e794aa65213e55b94be1dccf9e030563924e","messageTitle":"Add enums and update javadocs","messageBody":"","tags":["A-Enums"],"fileTypesAndContributionMap":{"java":{"insertions":120,"deletions":51}}}]},{"date":"2021-08-25","commitResults":[{"hash":"691af1dec3fd9dd66d96faaea9293da120d34ab6","messageTitle":"Update enum and switch statements","messageBody":"","fileTypesAndContributionMap":{"java":{"insertions":10,"deletions":38}}},{"hash":"7299afc597c3b7b86adfbfd6b91b3d1dbdb403f6","messageTitle":"Add task marker method","messageBody":"","fileTypesAndContributionMap":{"java":{"insertions":45,"deletions":5}}}]},{"date":"2021-08-26","commitResults":[{"hash":"fb3d29636b956e57284b454e436950634ac1eb79","messageTitle":"Change string format of task classes","messageBody":"","fileTypesAndContributionMap":{"java":{"insertions":7,"deletions":7}}},{"hash":"d02869782de0969354671eed29478a2333baf33a","messageTitle":"Add storage file and DataFile class","messageBody":"","fileTypesAndContributionMap":{"txt":{"insertions":2,"deletions":0},"java":{"insertions":99,"deletions":0}}},{"hash":"fe8b3c02f633313f9e0e425dc3de1e907b498c6e","messageTitle":"Add ability to save tasks into hard disk","messageBody":"","tags":["Level-7"],"fileTypesAndContributionMap":{"txt":{"insertions":7,"deletions":13},"java":{"insertions":48,"deletions":26}}},{"hash":"7e2c88e4884f390f66a78cbfe80f9b7bfb338a13","messageTitle":"Add DateDue class","messageBody":"","fileTypesAndContributionMap":{"java":{"insertions":35,"deletions":0}}},{"hash":"3be69929923cba3f43db49f0c170e2b4d8b2ac4b","messageTitle":"Add ability to interpret dates.","messageBody":"","tags":["Level-8"],"fileTypesAndContributionMap":{"txt":{"insertions":5,"deletions":4},"java":{"insertions":114,"deletions":36}}}]},{"date":"2021-08-29","commitResults":[{"hash":"c22a732d7e64d47394fca34485374deddf1ce770","messageTitle":"Add Command (Exit, Add, Filter, List, Delete and MarkDone), Date, Ui, Parser, Storage, TaskList classes. Remove DataFile and DateDue classes.","messageBody":"","fileTypesAndContributionMap":{"java":{"insertions":753,"deletions":140}}},{"hash":"f6a833223acd1f227c3630cb94aa23f04f088a85","messageTitle":"Reorganise duke and supporting classes into Ui, Parser, Command, Task, Storage and Tasks List classes.","messageBody":"","tags":["A-MoreOOP"],"fileTypesAndContributionMap":{"txt":{"insertions":15,"deletions":12},"java":{"insertions":168,"deletions":298}}},{"hash":"4891d2d9ee37b9215f11711f1e683a274cdcf887","messageTitle":"Reorganise classes into duke.main, duke.command, duke.task packages.","messageBody":"","tags":["A-Packages"],"fileTypesAndContributionMap":{"java":{"insertions":116,"deletions":48},"md":{"insertions":2,"deletions":2}}}]},{"date":"2021-08-30","commitResults":[{"hash":"b095981804475898d92b23a330dc90be09b99ea4","messageTitle":"Add Test classes for methods in DukeException and TaskList classes.","messageBody":"","tags":["A-jar","A-JUnit"],"fileTypesAndContributionMap":{"java":{"insertions":131,"deletions":1}}},{"hash":"6f1f2b528c527aba24e53d4d9f4e10674549075d","messageTitle":"Change directory to ensure JAR file executes properly","messageBody":"","tags":["A-Jar"],"fileTypesAndContributionMap":{"java":{"insertions":19,"deletions":11},"bat":{"insertions":1,"deletions":1}}},{"hash":"414a37be902c2a19a9c6368916645fbf7da53d1d","messageTitle":"Add javadocs","messageBody":"","fileTypesAndContributionMap":{"java":{"insertions":46,"deletions":47}}},{"hash":"43aec2044d511bbc1755260a2b67a0d1f3575079","messageTitle":"Add javadocs to test classes","messageBody":"","fileTypesAndContributionMap":{"java":{"insertions":16,"deletions":9}}},{"hash":"7277ba712be08c343be5479844b8b2541eeadfc8","messageTitle":"Revert \"Add javadocs to test classes\"","messageBody":"This reverts commit 43aec2044d511bbc1755260a2b67a0d1f3575079.\n","fileTypesAndContributionMap":{"java":{"insertions":9,"deletions":16}}},{"hash":"a1a03d8f79bd51cfda83cb2f61fdc9d53b2c528e","messageTitle":"Add javadocs for test classes","messageBody":"","tags":["A-JavaDoc"],"fileTypesAndContributionMap":{"java":{"insertions":13,"deletions":10}}},{"hash":"3c25166a4092f9901b51bd11031588c7a85f96aa","messageTitle":"Follow coding standard","messageBody":"","tags":["A-CodingStandard"],"fileTypesAndContributionMap":{"java":{"insertions":1382,"deletions":0}}},{"hash":"e61eebab3e3bc1b1e19e25347a3301e4d4e2b0a6","messageTitle":"Add FindCommand class","messageBody":"","fileTypesAndContributionMap":{"java":{"insertions":44,"deletions":0}}},{"hash":"9e3be979734040c12fedb63d2d2c4659b68e649a","messageTitle":"Add ability to find task using search phrases","messageBody":"","tags":["Level-9"],"fileTypesAndContributionMap":{"java":{"insertions":82,"deletions":30}}}]},{"date":"2021-08-31","commitResults":[{"hash":"afca8742f763330dbaab000179bf4da716f7b405","messageTitle":"Change error message in DukeException class.","messageBody":"","fileTypesAndContributionMap":{"java":{"insertions":1,"deletions":2}}}]},{"date":"2021-09-01","commitResults":[{"hash":"1c290ae4096ea09aef434d4628a9a17c114efe47","messageTitle":"Delete duplicate files","messageBody":"","fileTypesAndContributionMap":{"java":{"insertions":0,"deletions":1139}}},{"hash":"4c587f59a1913ba522fba23c3695639403821597","messageTitle":"Add Gradle","messageBody":"","fileTypesAndContributionMap":{"gradle":{"insertions":25,"deletions":1},"java":{"insertions":97,"deletions":72}}},{"hash":"a99c88fe92986c032d5881db1e547ae8dd4467f1","messageTitle":"Delete duplicate files","messageBody":"","tags":["A-Gradle"],"fileTypesAndContributionMap":{"java":{"insertions":0,"deletions":358}}},{"hash":"c894290b4968606732a97e1b4c6a7ea0a8724b2a","messageTitle":"Change exception handling in dukeException, change build.gradle file to enable gradle to run JUnit Tests","messageBody":"","fileTypesAndContributionMap":{"gradle":{"insertions":1,"deletions":13},"java":{"insertions":8,"deletions":5}}},{"hash":"f3000414df9ba313c055fbaf8dfe87743ed3e21d","messageTitle":"Add FindCommad class, change logic of Command, TaskList and Ui classes.","messageBody":"","fileTypesAndContributionMap":{"gradle":{"insertions":1,"deletions":1},"java":{"insertions":109,"deletions":52}}},{"hash":"97a1831ab201645ea91ad781f094ac88f3478b34","messageTitle":"Add javaDocs","messageBody":"","fileTypesAndContributionMap":{"java":{"insertions":36,"deletions":124}}}]},{"date":"2021-09-02","commitResults":[{"hash":"0a0dadd3e746a6545e59259631e5137e691c26a7","messageTitle":"Use gradle to run checkstyle checks","messageBody":"","tags":["A-CheckStyle"],"fileTypesAndContributionMap":{"gradle":{"insertions":15,"deletions":0},"java":{"insertions":626,"deletions":707}}}]},{"date":"2021-09-05","commitResults":[{"hash":"00a120172b6b76c261def137b528f5a2f071197a","messageTitle":"Rename IP.duke package to duke package, start on javafx","messageBody":"","fileTypesAndContributionMap":{"gradle":{"insertions":16,"deletions":0},"java":{"insertions":1423,"deletions":1}}}]},{"date":"2021-09-06","commitResults":[{"hash":"af3c4af144cad63db801008eec2290cd85136c8f","messageTitle":"Change rename package from IP.duke to duke","messageBody":"","fileTypesAndContributionMap":{"gradle":{"insertions":1,"deletions":1},"java":{"insertions":1,"deletions":1396}}},{"hash":"d96128969ef39b568385dc0b47326268e26e12af","messageTitle":"Add skeletal GUI","messageBody":"","fileTypesAndContributionMap":{"fxml":{"insertions":35,"deletions":0},"java":{"insertions":279,"deletions":15}}},{"hash":"da0db786e1ac88749a5d158229092933e6471065","messageTitle":"Add Varags","messageBody":"","tags":["A-Varags"],"fileTypesAndContributionMap":{"gradle":{"insertions":16,"deletions":0},"java":{"insertions":62,"deletions":43}}}]},{"date":"2021-09-07","commitResults":[{"hash":"939b6c8edca3ea1bb363edcbe47da85edf486ec6","messageTitle":"Change stub to actual duke logic","messageBody":"","fileTypesAndContributionMap":{"gradle":{"insertions":1,"deletions":1},"java":{"insertions":48,"deletions":57}}},{"hash":"15b0a13291786097193b476f9b1218f18b099f48","messageTitle":"Change photo border and text positioning.","messageBody":"","tags":["A-Level-10"],"fileTypesAndContributionMap":{"fxml":{"insertions":6,"deletions":3},"java":{"insertions":14,"deletions":0}}}]}]},"authorFileTypeContributionMap":{"Gordon25":{"java":1927,"md":2,"fxml":38,"sh":0,"bat":1,"gradle":28,"txt":30}},"authorContributionVariance":{"Gordon25":450169.78},"authorDisplayNameMap":{"Gordon25":"CS2103T-W15-3 GORD..GYAO"}}
