{"authorDailyContributionsMap":{"nicole-luo-exe":[{"date":"2021-08-18","commitResults":[{"hash":"021d91861a6c3a3985a9510cce3d35104e04c664","messageTitle":"Implement skeletal version of Duke","messageBody":"","tags":["Level-1"],"fileTypesAndContributionMap":{"java":{"insertions":29,"deletions":1}}},{"hash":"905f268c2b74e52f9ebfea1b8b6b6e259cd24e57","messageTitle":"Add store and list functionality and customize bot","messageBody":"","tags":["Level-2"],"fileTypesAndContributionMap":{"java":{"insertions":56,"deletions":38},"bat":{"insertions":1,"deletions":1},"sh":{"insertions":1,"deletions":1}}},{"hash":"325ea9988eb6144989c46fd8d7b9567597fc3125","messageTitle":"Add ability to mark task as done","messageBody":"","tags":["Level-3"],"fileTypesAndContributionMap":{"java":{"insertions":32,"deletions":3}}},{"hash":"6e6d6c0c0a5acfae222e289f2346cce772c3c3e1","messageTitle":"Add 3 types of tasks and customize bot","messageBody":"","tags":["Level-4","A-Enums"],"fileTypesAndContributionMap":{"java":{"insertions":134,"deletions":66},"bat":{"insertions":1,"deletions":1},"sh":{"insertions":1,"deletions":1}}}]},{"date":"2021-08-19","commitResults":[{"hash":"6ef3b0c3fb7a643222f282151c5778962a36b6cc","messageTitle":"Add testing in text-ui-test","messageBody":"","tags":["A-TextUiTesting"],"fileTypesAndContributionMap":{"txt":{"insertions":11,"deletions":0},"java":{"insertions":10,"deletions":9},"sh":{"insertions":1,"deletions":1}}},{"hash":"48f933fcd5f2daf9956fb2bef2aaca40eeb4ed6e","messageTitle":"Handle errors and update testing to match","messageBody":"","tags":["Level-5"],"fileTypesAndContributionMap":{"txt":{"insertions":5,"deletions":0},"java":{"insertions":89,"deletions":44}}},{"hash":"066fad5c63295cee71cd1823c5ed11f7bc9a77f5","messageTitle":"Add delete functionality and update testing","messageBody":"","tags":["Level-6"],"fileTypesAndContributionMap":{"txt":{"insertions":4,"deletions":0},"java":{"insertions":33,"deletions":13}}}]}]},"authorFileTypeContributionMap":{"nicole-luo-exe":{"java":219,"md":0,"fxml":0,"sh":2,"bat":1,"gradle":0,"txt":20}},"authorContributionVariance":{"nicole-luo-exe":13796.775},"authorDisplayNameMap":{"nicole-luo-exe":"CS2103T-F13-2 LUO ..SIYI"}}
