{"authorDailyContributionsMap":{"chowRuiYan":[{"date":"2021-08-15","commitResults":[{"hash":"808638a40e586efbf4345f183a46d10e90c1b108","messageTitle":"Add Level-1","messageBody":"","tags":["Level-1"],"fileTypesAndContributionMap":{"java":{"insertions":10,"deletions":6}}},{"hash":"86ec09a58d1ceae19fc09a7cbc298bfee84c9000","messageTitle":"Add Level-2","messageBody":"","tags":["Level-2"],"fileTypesAndContributionMap":{"java":{"insertions":12,"deletions":2}}},{"hash":"c58dae15629cbedb6843cac665c6126aad7caaf1","messageTitle":"Add Level-3. Change to OOP.","messageBody":"","tags":["Level-3"],"fileTypesAndContributionMap":{"java":{"insertions":88,"deletions":15}}}]},{"date":"2021-08-16","commitResults":[{"hash":"8f01b5a9a4d973103005000432480d209a6913a7","messageTitle":"Add Level-4","messageBody":"","tags":["Level-4"],"fileTypesAndContributionMap":{"java":{"insertions":70,"deletions":7}}}]},{"date":"2021-08-17","commitResults":[{"hash":"aaf755f1094de03e1fcdc81e2960ef3a07a817f7","messageTitle":"Add input.txt and EXPECTED.txt. Minor changes to Task class in Duke.java.","messageBody":"","tags":["A-TextUiTesting"],"fileTypesAndContributionMap":{"txt":{"insertions":10,"deletions":0},"java":{"insertions":6,"deletions":12}}},{"hash":"8fd6bca0bb1bb4ca103d548f835530c7114959f5","messageTitle":"Add Level-5","messageBody":"","tags":["Level-5"],"fileTypesAndContributionMap":{"txt":{"insertions":11,"deletions":7},"java":{"insertions":97,"deletions":35}}},{"hash":"1bdd96868486232205144f1bc5e689020ad62c6c","messageTitle":"Add Level-6","messageBody":"","tags":["Level-6"],"fileTypesAndContributionMap":{"txt":{"insertions":6,"deletions":0},"java":{"insertions":43,"deletions":25}}}]}]},"authorFileTypeContributionMap":{"chowRuiYan":{"java":230,"md":0,"fxml":0,"sh":0,"bat":0,"gradle":0,"txt":20}},"authorContributionVariance":{"chowRuiYan":7045.1113},"authorDisplayNameMap":{"chowRuiYan":"CHOW.. YAN"}}
