[{"path":"src/main/java/Duke.java","fileType":"java","lines":[{"lineNumber":1,"author":{"gitId":"Pulpy-y"},"content":"import java.util.*;","lastModifiedDate":"2021-08-18"},{"lineNumber":2,"author":{"gitId":"Pulpy-y"},"content":"","lastModifiedDate":"2021-08-18"},{"lineNumber":3,"author":{"gitId":"-"},"content":"public class Duke {","lastModifiedDate":"2019-07-29"},{"lineNumber":4,"author":{"gitId":"Pulpy-y"},"content":"","lastModifiedDate":"2021-08-18"},{"lineNumber":5,"author":{"gitId":"-"},"content":"    public static void main(String[] args) {","lastModifiedDate":"2019-07-29"},{"lineNumber":6,"author":{"gitId":"Pulpy-y"},"content":"        boolean running \u003d true;","lastModifiedDate":"2021-08-18"},{"lineNumber":7,"author":{"gitId":"Pulpy-y"},"content":"        String horizontal \u003d \"_______________________\";","lastModifiedDate":"2021-08-19"},{"lineNumber":8,"author":{"gitId":"Pulpy-y"},"content":"        String exitText \u003d horizontal + \"Bye!\\n\" + horizontal;","lastModifiedDate":"2021-08-18"},{"lineNumber":9,"author":{"gitId":"Pulpy-y"},"content":"        String logo \u003d","lastModifiedDate":"2021-08-18"},{"lineNumber":10,"author":{"gitId":"Pulpy-y"},"content":"              \"                     _               _         \\n\" +","lastModifiedDate":"2021-08-18"},{"lineNumber":11,"author":{"gitId":"Pulpy-y"},"content":"                      \"                    | |             | |        \\n\" +","lastModifiedDate":"2021-08-18"},{"lineNumber":12,"author":{"gitId":"Pulpy-y"},"content":"                      \"  _ __ ___     ___  | |   ___     __| |  _   _ \\n\" +","lastModifiedDate":"2021-08-18"},{"lineNumber":13,"author":{"gitId":"Pulpy-y"},"content":"                      \" | \u0027_ ` _ \\\\   / _ \\\\ | |  / _ \\\\   / _` | | | | |\\n\" +","lastModifiedDate":"2021-08-18"},{"lineNumber":14,"author":{"gitId":"Pulpy-y"},"content":"                      \" | | | | | | |  __/ | | | (_) | | (_| | | |_| |\\n\" +","lastModifiedDate":"2021-08-18"},{"lineNumber":15,"author":{"gitId":"Pulpy-y"},"content":"                      \" |_| |_| |_|  \\\\___| |_|  \\\\___/   \\\\__,_|  \\\\__, |\\n\" +","lastModifiedDate":"2021-08-18"},{"lineNumber":16,"author":{"gitId":"Pulpy-y"},"content":"                      \"                                          __/ |\\n\" +","lastModifiedDate":"2021-08-18"},{"lineNumber":17,"author":{"gitId":"Pulpy-y"},"content":"                      \"                                         |___/ \";","lastModifiedDate":"2021-08-18"},{"lineNumber":18,"author":{"gitId":"Pulpy-y"},"content":"","lastModifiedDate":"2021-08-18"},{"lineNumber":19,"author":{"gitId":"-"},"content":"        System.out.println(\"Hello from\\n\" + logo);","lastModifiedDate":"2019-07-29"},{"lineNumber":20,"author":{"gitId":"Pulpy-y"},"content":"        List\u003cTask\u003e stored \u003d new ArrayList\u003c\u003e();","lastModifiedDate":"2021-08-19"},{"lineNumber":21,"author":{"gitId":"Pulpy-y"},"content":"","lastModifiedDate":"2021-08-18"},{"lineNumber":22,"author":{"gitId":"Pulpy-y"},"content":"","lastModifiedDate":"2021-08-18"},{"lineNumber":23,"author":{"gitId":"Pulpy-y"},"content":"        Scanner sc \u003d new Scanner(System.in);","lastModifiedDate":"2021-08-18"},{"lineNumber":24,"author":{"gitId":"Pulpy-y"},"content":"        while (running) {","lastModifiedDate":"2021-08-18"},{"lineNumber":25,"author":{"gitId":"Pulpy-y"},"content":"            String input \u003d sc.nextLine();","lastModifiedDate":"2021-08-18"},{"lineNumber":26,"author":{"gitId":"Pulpy-y"},"content":"            System.out.println(horizontal);","lastModifiedDate":"2021-08-19"},{"lineNumber":27,"author":{"gitId":"Pulpy-y"},"content":"","lastModifiedDate":"2021-08-19"},{"lineNumber":28,"author":{"gitId":"Pulpy-y"},"content":"            if (input.equals(\"bye\")) {","lastModifiedDate":"2021-08-18"},{"lineNumber":29,"author":{"gitId":"Pulpy-y"},"content":"                System.out.println(\"Byebye ~ nya\");","lastModifiedDate":"2021-08-19"},{"lineNumber":30,"author":{"gitId":"Pulpy-y"},"content":"                running \u003d false;","lastModifiedDate":"2021-08-18"},{"lineNumber":31,"author":{"gitId":"Pulpy-y"},"content":"            } else if (input.equals(\"list\")){","lastModifiedDate":"2021-08-19"},{"lineNumber":32,"author":{"gitId":"Pulpy-y"},"content":"                System.out.println(\"Here are your tasks ~ OwO\");","lastModifiedDate":"2021-08-19"},{"lineNumber":33,"author":{"gitId":"Pulpy-y"},"content":"                for (int i \u003d 0; i \u003c stored.size(); i++){","lastModifiedDate":"2021-08-19"},{"lineNumber":34,"author":{"gitId":"Pulpy-y"},"content":"                    System.out.println((i+1) + \". \" + stored.get(i).toString());","lastModifiedDate":"2021-08-19"},{"lineNumber":35,"author":{"gitId":"Pulpy-y"},"content":"                }","lastModifiedDate":"2021-08-19"},{"lineNumber":36,"author":{"gitId":"Pulpy-y"},"content":"            } else if (input.startsWith(\"done\")) {","lastModifiedDate":"2021-08-19"},{"lineNumber":37,"author":{"gitId":"Pulpy-y"},"content":"                Scanner s \u003d new Scanner(input);","lastModifiedDate":"2021-08-19"},{"lineNumber":38,"author":{"gitId":"Pulpy-y"},"content":"                s.next(); //jump \u0027done\u0027","lastModifiedDate":"2021-08-19"},{"lineNumber":39,"author":{"gitId":"Pulpy-y"},"content":"                int num \u003d s.nextInt();","lastModifiedDate":"2021-08-19"},{"lineNumber":40,"author":{"gitId":"Pulpy-y"},"content":"                stored.get(num-1).markAsDone();","lastModifiedDate":"2021-08-19"},{"lineNumber":41,"author":{"gitId":"Pulpy-y"},"content":"            } else {","lastModifiedDate":"2021-08-18"},{"lineNumber":42,"author":{"gitId":"Pulpy-y"},"content":"                stored.add(new Task(input));","lastModifiedDate":"2021-08-19"},{"lineNumber":43,"author":{"gitId":"Pulpy-y"},"content":"                System.out.println(\"added: \" + input);","lastModifiedDate":"2021-08-19"},{"lineNumber":44,"author":{"gitId":"Pulpy-y"},"content":"            }","lastModifiedDate":"2021-08-18"},{"lineNumber":45,"author":{"gitId":"Pulpy-y"},"content":"            System.out.println(horizontal);","lastModifiedDate":"2021-08-19"},{"lineNumber":46,"author":{"gitId":"Pulpy-y"},"content":"","lastModifiedDate":"2021-08-19"},{"lineNumber":47,"author":{"gitId":"Pulpy-y"},"content":"","lastModifiedDate":"2021-08-19"},{"lineNumber":48,"author":{"gitId":"Pulpy-y"},"content":"        }","lastModifiedDate":"2021-08-18"},{"lineNumber":49,"author":{"gitId":"Pulpy-y"},"content":"","lastModifiedDate":"2021-08-19"},{"lineNumber":50,"author":{"gitId":"Pulpy-y"},"content":"        sc.close();","lastModifiedDate":"2021-08-18"},{"lineNumber":51,"author":{"gitId":"Pulpy-y"},"content":"        //System.out.println(exitText);","lastModifiedDate":"2021-08-19"},{"lineNumber":52,"author":{"gitId":"-"},"content":"    }","lastModifiedDate":"2019-07-29"},{"lineNumber":53,"author":{"gitId":"-"},"content":"}","lastModifiedDate":"2019-07-29"}],"authorContributionMap":{"Pulpy-y":48,"-":5}},{"path":"src/main/java/Task.java","fileType":"java","lines":[{"lineNumber":1,"author":{"gitId":"Pulpy-y"},"content":"public class Task {","lastModifiedDate":"2021-08-19"},{"lineNumber":2,"author":{"gitId":"Pulpy-y"},"content":"    protected String description;","lastModifiedDate":"2021-08-19"},{"lineNumber":3,"author":{"gitId":"Pulpy-y"},"content":"    protected boolean isDone;","lastModifiedDate":"2021-08-19"},{"lineNumber":4,"author":{"gitId":"Pulpy-y"},"content":"","lastModifiedDate":"2021-08-19"},{"lineNumber":5,"author":{"gitId":"Pulpy-y"},"content":"    public Task(String description) {","lastModifiedDate":"2021-08-19"},{"lineNumber":6,"author":{"gitId":"Pulpy-y"},"content":"        this.description \u003d description;","lastModifiedDate":"2021-08-19"},{"lineNumber":7,"author":{"gitId":"Pulpy-y"},"content":"        this.isDone \u003d false;","lastModifiedDate":"2021-08-19"},{"lineNumber":8,"author":{"gitId":"Pulpy-y"},"content":"    }","lastModifiedDate":"2021-08-19"},{"lineNumber":9,"author":{"gitId":"Pulpy-y"},"content":"","lastModifiedDate":"2021-08-19"},{"lineNumber":10,"author":{"gitId":"Pulpy-y"},"content":"    public String getStatusIcon() {","lastModifiedDate":"2021-08-19"},{"lineNumber":11,"author":{"gitId":"Pulpy-y"},"content":"        return (isDone ? \"X\" : \" \"); // mark done task with X","lastModifiedDate":"2021-08-19"},{"lineNumber":12,"author":{"gitId":"Pulpy-y"},"content":"    }","lastModifiedDate":"2021-08-19"},{"lineNumber":13,"author":{"gitId":"Pulpy-y"},"content":"","lastModifiedDate":"2021-08-19"},{"lineNumber":14,"author":{"gitId":"Pulpy-y"},"content":"    public void markAsDone() {","lastModifiedDate":"2021-08-19"},{"lineNumber":15,"author":{"gitId":"Pulpy-y"},"content":"        this.isDone \u003d true;","lastModifiedDate":"2021-08-19"},{"lineNumber":16,"author":{"gitId":"Pulpy-y"},"content":"        System.out.println(\"Yayyyy done yayyy~~\");","lastModifiedDate":"2021-08-19"},{"lineNumber":17,"author":{"gitId":"Pulpy-y"},"content":"        System.out.println(toString());","lastModifiedDate":"2021-08-19"},{"lineNumber":18,"author":{"gitId":"Pulpy-y"},"content":"    }","lastModifiedDate":"2021-08-19"},{"lineNumber":19,"author":{"gitId":"Pulpy-y"},"content":"","lastModifiedDate":"2021-08-19"},{"lineNumber":20,"author":{"gitId":"Pulpy-y"},"content":"    @Override","lastModifiedDate":"2021-08-19"},{"lineNumber":21,"author":{"gitId":"Pulpy-y"},"content":"    public String toString() {","lastModifiedDate":"2021-08-19"},{"lineNumber":22,"author":{"gitId":"Pulpy-y"},"content":"        return (\"[\" + getStatusIcon() + \"] \"+ this.description);","lastModifiedDate":"2021-08-19"},{"lineNumber":23,"author":{"gitId":"Pulpy-y"},"content":"    }","lastModifiedDate":"2021-08-19"},{"lineNumber":24,"author":{"gitId":"Pulpy-y"},"content":"","lastModifiedDate":"2021-08-19"},{"lineNumber":25,"author":{"gitId":"Pulpy-y"},"content":"}","lastModifiedDate":"2021-08-19"}],"authorContributionMap":{"Pulpy-y":25}}]
