[{"path":"src/main/java/Duke.java","fileType":"java","lines":[{"lineNumber":1,"author":{"gitId":"Pulpy-y"},"content":"import java.util.*;","lastModifiedDate":"2021-08-18"},{"lineNumber":2,"author":{"gitId":"Pulpy-y"},"content":"","lastModifiedDate":"2021-08-18"},{"lineNumber":3,"author":{"gitId":"-"},"content":"public class Duke {","lastModifiedDate":"2019-07-29"},{"lineNumber":4,"author":{"gitId":"Pulpy-y"},"content":"","lastModifiedDate":"2021-08-18"},{"lineNumber":5,"author":{"gitId":"Pulpy-y"},"content":"","lastModifiedDate":"2021-08-18"},{"lineNumber":6,"author":{"gitId":"-"},"content":"    public static void main(String[] args) {","lastModifiedDate":"2019-07-29"},{"lineNumber":7,"author":{"gitId":"Pulpy-y"},"content":"        boolean running \u003d true;","lastModifiedDate":"2021-08-18"},{"lineNumber":8,"author":{"gitId":"Pulpy-y"},"content":"        String horizontal \u003d \"____________________\\n\";","lastModifiedDate":"2021-08-18"},{"lineNumber":9,"author":{"gitId":"Pulpy-y"},"content":"        String exitText \u003d horizontal + \"Bye!\\n\" + horizontal;","lastModifiedDate":"2021-08-18"},{"lineNumber":10,"author":{"gitId":"Pulpy-y"},"content":"","lastModifiedDate":"2021-08-18"},{"lineNumber":11,"author":{"gitId":"Pulpy-y"},"content":"        String logo \u003d","lastModifiedDate":"2021-08-18"},{"lineNumber":12,"author":{"gitId":"Pulpy-y"},"content":"              \"                     _               _         \\n\" +","lastModifiedDate":"2021-08-18"},{"lineNumber":13,"author":{"gitId":"Pulpy-y"},"content":"                      \"                    | |             | |        \\n\" +","lastModifiedDate":"2021-08-18"},{"lineNumber":14,"author":{"gitId":"Pulpy-y"},"content":"                      \"  _ __ ___     ___  | |   ___     __| |  _   _ \\n\" +","lastModifiedDate":"2021-08-18"},{"lineNumber":15,"author":{"gitId":"Pulpy-y"},"content":"                      \" | \u0027_ ` _ \\\\   / _ \\\\ | |  / _ \\\\   / _` | | | | |\\n\" +","lastModifiedDate":"2021-08-18"},{"lineNumber":16,"author":{"gitId":"Pulpy-y"},"content":"                      \" | | | | | | |  __/ | | | (_) | | (_| | | |_| |\\n\" +","lastModifiedDate":"2021-08-18"},{"lineNumber":17,"author":{"gitId":"Pulpy-y"},"content":"                      \" |_| |_| |_|  \\\\___| |_|  \\\\___/   \\\\__,_|  \\\\__, |\\n\" +","lastModifiedDate":"2021-08-18"},{"lineNumber":18,"author":{"gitId":"Pulpy-y"},"content":"                      \"                                          __/ |\\n\" +","lastModifiedDate":"2021-08-18"},{"lineNumber":19,"author":{"gitId":"Pulpy-y"},"content":"                      \"                                         |___/ \";","lastModifiedDate":"2021-08-18"},{"lineNumber":20,"author":{"gitId":"Pulpy-y"},"content":"","lastModifiedDate":"2021-08-18"},{"lineNumber":21,"author":{"gitId":"-"},"content":"        System.out.println(\"Hello from\\n\" + logo);","lastModifiedDate":"2019-07-29"},{"lineNumber":22,"author":{"gitId":"Pulpy-y"},"content":"","lastModifiedDate":"2021-08-18"},{"lineNumber":23,"author":{"gitId":"Pulpy-y"},"content":"","lastModifiedDate":"2021-08-18"},{"lineNumber":24,"author":{"gitId":"Pulpy-y"},"content":"        Scanner sc \u003d new Scanner(System.in);","lastModifiedDate":"2021-08-18"},{"lineNumber":25,"author":{"gitId":"Pulpy-y"},"content":"        while (running) {","lastModifiedDate":"2021-08-18"},{"lineNumber":26,"author":{"gitId":"Pulpy-y"},"content":"            String input \u003d sc.nextLine();","lastModifiedDate":"2021-08-18"},{"lineNumber":27,"author":{"gitId":"Pulpy-y"},"content":"            if (input.equals(\"bye\")) {","lastModifiedDate":"2021-08-18"},{"lineNumber":28,"author":{"gitId":"Pulpy-y"},"content":"                running \u003d false;","lastModifiedDate":"2021-08-18"},{"lineNumber":29,"author":{"gitId":"Pulpy-y"},"content":"                System.out.println(exitText);","lastModifiedDate":"2021-08-18"},{"lineNumber":30,"author":{"gitId":"Pulpy-y"},"content":"            } else {","lastModifiedDate":"2021-08-18"},{"lineNumber":31,"author":{"gitId":"Pulpy-y"},"content":"                String wrapped \u003d horizontal + input + \"\\n\" + horizontal;","lastModifiedDate":"2021-08-18"},{"lineNumber":32,"author":{"gitId":"Pulpy-y"},"content":"                System.out.println(wrapped);","lastModifiedDate":"2021-08-18"},{"lineNumber":33,"author":{"gitId":"Pulpy-y"},"content":"            }","lastModifiedDate":"2021-08-18"},{"lineNumber":34,"author":{"gitId":"Pulpy-y"},"content":"        }","lastModifiedDate":"2021-08-18"},{"lineNumber":35,"author":{"gitId":"Pulpy-y"},"content":"        sc.close();","lastModifiedDate":"2021-08-18"},{"lineNumber":36,"author":{"gitId":"-"},"content":"    }","lastModifiedDate":"2019-07-29"},{"lineNumber":37,"author":{"gitId":"-"},"content":"}","lastModifiedDate":"2019-07-29"}],"authorContributionMap":{"Pulpy-y":32,"-":5}}]
