{"authorDailyContributionsMap":{"kevin9foong":[{"date":"2021-08-18","commitResults":[{"hash":"fb0cc5d29f997b66518d3f99e5f167564a113ec1","messageTitle":"Add skeletal functionality with Bye and Echo commands","messageBody":"","tags":["Level-1"],"fileTypesAndContributionMap":{"java":{"insertions":120,"deletions":7}}},{"hash":"c4ee13cce993600191dca86fe60367af7d56032e","messageTitle":"Add list and add functionality","messageBody":"","tags":["Level-2"],"fileTypesAndContributionMap":{"java":{"insertions":96,"deletions":8}}},{"hash":"6e92d1701c872ab2679232899959f7d1469d862d","messageTitle":"Add ByeMessage and GreetingMessage classes","messageBody":"","fileTypesAndContributionMap":{"java":{"insertions":17,"deletions":6}}},{"hash":"3b9b577430f8c5bb509ec875252f53091d7c561c","messageTitle":"Add mark as done functionality","messageBody":"","tags":["Level-3","A-Classes"],"fileTypesAndContributionMap":{"java":{"insertions":85,"deletions":3}}},{"hash":"111813a086066831defd8d599d988170d3e14ba4","messageTitle":"Add Todo, Event and Deadline support","messageBody":"","tags":["Level-4","A-Inheritance"],"fileTypesAndContributionMap":{"java":{"insertions":104,"deletions":21}}},{"hash":"d17e73f5e95b6a5ab404b75313e3fcd460fd8257","messageTitle":"Add testing using I/O redirection technique","messageBody":"","tags":["A-TextUiTesting"],"fileTypesAndContributionMap":{"txt":{"insertions":16,"deletions":0}}},{"hash":"a308dfb13a5c8f13ba7a0a9fad41c4547ac5db14","messageTitle":"Add error handling and update test cases","messageBody":"","tags":["Level-5","A-Exceptions"],"fileTypesAndContributionMap":{"txt":{"insertions":13,"deletions":0},"java":{"insertions":168,"deletions":39}}},{"hash":"f9a088766808f1ddf7ee215d6f4b475efa02e705","messageTitle":"Add delete functionality and test cases","messageBody":"","tags":["Level-6","A-Collections"],"fileTypesAndContributionMap":{"txt":{"insertions":19,"deletions":0},"java":{"insertions":39,"deletions":1}}}]}]},"authorFileTypeContributionMap":{"kevin9foong":{"java":551,"md":0,"fxml":0,"sh":0,"bat":0,"gradle":0,"txt":48}},"authorContributionVariance":{"kevin9foong":52257.96},"authorDisplayNameMap":{"kevin9foong":"KEVI..TONG"}}
