[{"path":"data/dukeData.txt","fileType":"txt","lines":[{"lineNumber":1,"author":{"gitId":"driip-ddrop"},"content":"T |0| borrow book","lastModifiedDate":"2021-08-26"},{"lineNumber":2,"author":{"gitId":"driip-ddrop"},"content":"D |0| return book | Sunday","lastModifiedDate":"2021-08-26"}],"authorContributionMap":{"driip-ddrop":2}},{"path":"src/main/java/DataManager.java","fileType":"java","lines":[{"lineNumber":1,"author":{"gitId":"driip-ddrop"},"content":"import java.io.*;","lastModifiedDate":"2021-08-26"},{"lineNumber":2,"author":{"gitId":"driip-ddrop"},"content":"import java.time.LocalDateTime;","lastModifiedDate":"2021-08-26"},{"lineNumber":3,"author":{"gitId":"driip-ddrop"},"content":"import java.time.format.DateTimeFormatter;","lastModifiedDate":"2021-08-26"},{"lineNumber":4,"author":{"gitId":"driip-ddrop"},"content":"import java.util.ArrayList;","lastModifiedDate":"2021-08-26"},{"lineNumber":5,"author":{"gitId":"driip-ddrop"},"content":"","lastModifiedDate":"2021-08-26"},{"lineNumber":6,"author":{"gitId":"driip-ddrop"},"content":"public class DataManager {","lastModifiedDate":"2021-08-26"},{"lineNumber":7,"author":{"gitId":"driip-ddrop"},"content":"","lastModifiedDate":"2021-08-26"},{"lineNumber":8,"author":{"gitId":"driip-ddrop"},"content":"    private final File dukeData;","lastModifiedDate":"2021-08-26"},{"lineNumber":9,"author":{"gitId":"driip-ddrop"},"content":"","lastModifiedDate":"2021-08-26"},{"lineNumber":10,"author":{"gitId":"driip-ddrop"},"content":"    public DataManager(File dukeData) {","lastModifiedDate":"2021-08-26"},{"lineNumber":11,"author":{"gitId":"driip-ddrop"},"content":"        this.dukeData \u003d dukeData;","lastModifiedDate":"2021-08-26"},{"lineNumber":12,"author":{"gitId":"driip-ddrop"},"content":"    }","lastModifiedDate":"2021-08-26"},{"lineNumber":13,"author":{"gitId":"driip-ddrop"},"content":"","lastModifiedDate":"2021-08-26"},{"lineNumber":14,"author":{"gitId":"driip-ddrop"},"content":"    public ArrayList\u003cTask\u003e txtToArrayList() throws IOException {","lastModifiedDate":"2021-08-26"},{"lineNumber":15,"author":{"gitId":"driip-ddrop"},"content":"        ArrayList\u003cTask\u003e list \u003d new ArrayList\u003c\u003e();","lastModifiedDate":"2021-08-26"},{"lineNumber":16,"author":{"gitId":"driip-ddrop"},"content":"        BufferedReader bufferedReader \u003d new BufferedReader(new FileReader(dukeData));","lastModifiedDate":"2021-08-26"},{"lineNumber":17,"author":{"gitId":"driip-ddrop"},"content":"        String line \u003d bufferedReader.readLine();","lastModifiedDate":"2021-08-26"},{"lineNumber":18,"author":{"gitId":"driip-ddrop"},"content":"        while (line !\u003d null) {","lastModifiedDate":"2021-08-26"},{"lineNumber":19,"author":{"gitId":"driip-ddrop"},"content":"            if (line.startsWith(\"T\")) {","lastModifiedDate":"2021-08-26"},{"lineNumber":20,"author":{"gitId":"driip-ddrop"},"content":"                String status \u003d line.substring(1, 2);","lastModifiedDate":"2021-08-26"},{"lineNumber":21,"author":{"gitId":"driip-ddrop"},"content":"                String task \u003d line.substring(5);","lastModifiedDate":"2021-08-26"},{"lineNumber":22,"author":{"gitId":"driip-ddrop"},"content":"                Task newTask \u003d new Todo(task, status.equals(\"1\"));","lastModifiedDate":"2021-08-26"},{"lineNumber":23,"author":{"gitId":"driip-ddrop"},"content":"                list.add(newTask);","lastModifiedDate":"2021-08-26"},{"lineNumber":24,"author":{"gitId":"driip-ddrop"},"content":"            } else if (line.startsWith(\"D\")) {","lastModifiedDate":"2021-08-26"},{"lineNumber":25,"author":{"gitId":"driip-ddrop"},"content":"                String status \u003d line.substring(1, 2);","lastModifiedDate":"2021-08-26"},{"lineNumber":26,"author":{"gitId":"driip-ddrop"},"content":"                String temp \u003d line.substring(5);","lastModifiedDate":"2021-08-26"},{"lineNumber":27,"author":{"gitId":"driip-ddrop"},"content":"                String task \u003d line.substring(5, temp.indexOf(\"|\") + 5);","lastModifiedDate":"2021-08-26"},{"lineNumber":28,"author":{"gitId":"driip-ddrop"},"content":"                String due \u003d temp.substring(temp.indexOf(\"|\") + 2);","lastModifiedDate":"2021-08-26"},{"lineNumber":29,"author":{"gitId":"driip-ddrop"},"content":"                DateTimeFormatter formatter \u003d DateTimeFormatter.ofPattern(\"yyyy-MM-dd HH:mm\");","lastModifiedDate":"2021-08-26"},{"lineNumber":30,"author":{"gitId":"driip-ddrop"},"content":"                LocalDateTime parsedDate \u003d LocalDateTime.parse(due, formatter);","lastModifiedDate":"2021-08-26"},{"lineNumber":31,"author":{"gitId":"driip-ddrop"},"content":"                Task newTask \u003d new Deadline(task, parsedDate, status.equals(\"1\"));","lastModifiedDate":"2021-08-26"},{"lineNumber":32,"author":{"gitId":"driip-ddrop"},"content":"                list.add(newTask);","lastModifiedDate":"2021-08-26"},{"lineNumber":33,"author":{"gitId":"driip-ddrop"},"content":"            } else {","lastModifiedDate":"2021-08-26"},{"lineNumber":34,"author":{"gitId":"driip-ddrop"},"content":"                String status \u003d line.substring(1, 2);","lastModifiedDate":"2021-08-26"},{"lineNumber":35,"author":{"gitId":"driip-ddrop"},"content":"                String temp \u003d line.substring(5);","lastModifiedDate":"2021-08-26"},{"lineNumber":36,"author":{"gitId":"driip-ddrop"},"content":"                String task \u003d line.substring(5, line.substring(5).indexOf(\"|\") + 5);","lastModifiedDate":"2021-08-26"},{"lineNumber":37,"author":{"gitId":"driip-ddrop"},"content":"                String due \u003d temp.substring(temp.indexOf(\"|\") + 2);","lastModifiedDate":"2021-08-26"},{"lineNumber":38,"author":{"gitId":"driip-ddrop"},"content":"                DateTimeFormatter formatter \u003d DateTimeFormatter.ofPattern(\"yyyy-MM-dd HH:mm\");","lastModifiedDate":"2021-08-26"},{"lineNumber":39,"author":{"gitId":"driip-ddrop"},"content":"                LocalDateTime parsedDate \u003d LocalDateTime.parse(due, formatter);","lastModifiedDate":"2021-08-26"},{"lineNumber":40,"author":{"gitId":"driip-ddrop"},"content":"                Task newTask \u003d new Event(task, parsedDate, status.equals(\"1\"));","lastModifiedDate":"2021-08-26"},{"lineNumber":41,"author":{"gitId":"driip-ddrop"},"content":"                list.add(newTask);","lastModifiedDate":"2021-08-26"},{"lineNumber":42,"author":{"gitId":"driip-ddrop"},"content":"            }","lastModifiedDate":"2021-08-26"},{"lineNumber":43,"author":{"gitId":"driip-ddrop"},"content":"            line \u003d bufferedReader.readLine();","lastModifiedDate":"2021-08-26"},{"lineNumber":44,"author":{"gitId":"driip-ddrop"},"content":"        }","lastModifiedDate":"2021-08-26"},{"lineNumber":45,"author":{"gitId":"driip-ddrop"},"content":"        return list;","lastModifiedDate":"2021-08-26"},{"lineNumber":46,"author":{"gitId":"driip-ddrop"},"content":"    }","lastModifiedDate":"2021-08-26"},{"lineNumber":47,"author":{"gitId":"driip-ddrop"},"content":"","lastModifiedDate":"2021-08-26"},{"lineNumber":48,"author":{"gitId":"driip-ddrop"},"content":"    public void updateFile(ArrayList\u003cTask\u003e list) throws IOException {","lastModifiedDate":"2021-08-26"},{"lineNumber":49,"author":{"gitId":"driip-ddrop"},"content":"        FileWriter fileWriter \u003d new FileWriter(dukeData);","lastModifiedDate":"2021-08-26"},{"lineNumber":50,"author":{"gitId":"driip-ddrop"},"content":"        for (Task t : list ) {","lastModifiedDate":"2021-08-26"},{"lineNumber":51,"author":{"gitId":"driip-ddrop"},"content":"            fileWriter.write(t.displayTask() + \"\\n\");","lastModifiedDate":"2021-08-26"},{"lineNumber":52,"author":{"gitId":"driip-ddrop"},"content":"        }","lastModifiedDate":"2021-08-26"},{"lineNumber":53,"author":{"gitId":"driip-ddrop"},"content":"        fileWriter.close();","lastModifiedDate":"2021-08-26"},{"lineNumber":54,"author":{"gitId":"driip-ddrop"},"content":"    }","lastModifiedDate":"2021-08-26"},{"lineNumber":55,"author":{"gitId":"driip-ddrop"},"content":"}","lastModifiedDate":"2021-08-26"}],"authorContributionMap":{"driip-ddrop":55}},{"path":"src/main/java/Deadline.java","fileType":"java","lines":[{"lineNumber":1,"author":{"gitId":"driip-ddrop"},"content":"import java.time.LocalDateTime;","lastModifiedDate":"2021-08-26"},{"lineNumber":2,"author":{"gitId":"driip-ddrop"},"content":"import java.time.format.DateTimeFormatter;","lastModifiedDate":"2021-08-26"},{"lineNumber":3,"author":{"gitId":"driip-ddrop"},"content":"","lastModifiedDate":"2021-08-26"},{"lineNumber":4,"author":{"gitId":"driip-ddrop"},"content":"public class Deadline extends Task{","lastModifiedDate":"2021-08-17"},{"lineNumber":5,"author":{"gitId":"driip-ddrop"},"content":"","lastModifiedDate":"2021-08-17"},{"lineNumber":6,"author":{"gitId":"driip-ddrop"},"content":"    private LocalDateTime due;","lastModifiedDate":"2021-08-26"},{"lineNumber":7,"author":{"gitId":"driip-ddrop"},"content":"","lastModifiedDate":"2021-08-17"},{"lineNumber":8,"author":{"gitId":"driip-ddrop"},"content":"    Deadline(String taskName, LocalDateTime due, boolean status) {","lastModifiedDate":"2021-08-26"},{"lineNumber":9,"author":{"gitId":"driip-ddrop"},"content":"        super(taskName, status);","lastModifiedDate":"2021-08-26"},{"lineNumber":10,"author":{"gitId":"driip-ddrop"},"content":"        this.due \u003d due;","lastModifiedDate":"2021-08-17"},{"lineNumber":11,"author":{"gitId":"driip-ddrop"},"content":"    }","lastModifiedDate":"2021-08-17"},{"lineNumber":12,"author":{"gitId":"driip-ddrop"},"content":"","lastModifiedDate":"2021-08-17"},{"lineNumber":13,"author":{"gitId":"driip-ddrop"},"content":"    public String displayTask() {","lastModifiedDate":"2021-08-17"},{"lineNumber":14,"author":{"gitId":"driip-ddrop"},"content":"        DateTimeFormatter formatter \u003d DateTimeFormatter.ofPattern(\"dd MMM yyyy h.mma\");","lastModifiedDate":"2021-08-26"},{"lineNumber":15,"author":{"gitId":"driip-ddrop"},"content":"        return \"[D]\" + super.displayTask() + \" (by: \" + due.format(formatter) + \")\";","lastModifiedDate":"2021-08-26"},{"lineNumber":16,"author":{"gitId":"driip-ddrop"},"content":"    }","lastModifiedDate":"2021-08-17"},{"lineNumber":17,"author":{"gitId":"driip-ddrop"},"content":"}","lastModifiedDate":"2021-08-17"}],"authorContributionMap":{"driip-ddrop":17}},{"path":"src/main/java/DescriptionEmptyException.java","fileType":"java","lines":[{"lineNumber":1,"author":{"gitId":"driip-ddrop"},"content":"public class DescriptionEmptyException extends DukeException{","lastModifiedDate":"2021-08-18"},{"lineNumber":2,"author":{"gitId":"driip-ddrop"},"content":"","lastModifiedDate":"2021-08-18"},{"lineNumber":3,"author":{"gitId":"driip-ddrop"},"content":"    DescriptionEmptyException(String e) {","lastModifiedDate":"2021-08-18"},{"lineNumber":4,"author":{"gitId":"driip-ddrop"},"content":"        super(e);","lastModifiedDate":"2021-08-18"},{"lineNumber":5,"author":{"gitId":"driip-ddrop"},"content":"    }","lastModifiedDate":"2021-08-18"},{"lineNumber":6,"author":{"gitId":"driip-ddrop"},"content":"","lastModifiedDate":"2021-08-18"},{"lineNumber":7,"author":{"gitId":"driip-ddrop"},"content":"}","lastModifiedDate":"2021-08-18"}],"authorContributionMap":{"driip-ddrop":7}},{"path":"src/main/java/Duke.java","fileType":"java","lines":[{"lineNumber":1,"author":{"gitId":"driip-ddrop"},"content":"import java.io.File;","lastModifiedDate":"2021-08-26"},{"lineNumber":2,"author":{"gitId":"driip-ddrop"},"content":"import java.io.IOException;","lastModifiedDate":"2021-08-26"},{"lineNumber":3,"author":{"gitId":"driip-ddrop"},"content":"import java.time.LocalDateTime;","lastModifiedDate":"2021-08-26"},{"lineNumber":4,"author":{"gitId":"driip-ddrop"},"content":"import java.time.format.DateTimeFormatter;","lastModifiedDate":"2021-08-26"},{"lineNumber":5,"author":{"gitId":"driip-ddrop"},"content":"import java.util.ArrayList;","lastModifiedDate":"2021-08-17"},{"lineNumber":6,"author":{"gitId":"driip-ddrop"},"content":"import java.util.List;","lastModifiedDate":"2021-08-17"},{"lineNumber":7,"author":{"gitId":"driip-ddrop"},"content":"import java.util.Scanner;","lastModifiedDate":"2021-08-16"},{"lineNumber":8,"author":{"gitId":"driip-ddrop"},"content":"","lastModifiedDate":"2021-08-16"},{"lineNumber":9,"author":{"gitId":"-"},"content":"public class Duke {","lastModifiedDate":"2019-07-29"},{"lineNumber":10,"author":{"gitId":"driip-ddrop"},"content":"    public static void main(String[] args) throws IOException {","lastModifiedDate":"2021-08-26"},{"lineNumber":11,"author":{"gitId":"driip-ddrop"},"content":"       /* String logo \u003d \" ____        _        \\n\"","lastModifiedDate":"2021-08-18"},{"lineNumber":12,"author":{"gitId":"-"},"content":"                + \"|  _ \\\\ _   _| | _____ \\n\"","lastModifiedDate":"2019-07-29"},{"lineNumber":13,"author":{"gitId":"-"},"content":"                + \"| | | | | | | |/ / _ \\\\\\n\"","lastModifiedDate":"2019-07-29"},{"lineNumber":14,"author":{"gitId":"-"},"content":"                + \"| |_| | |_| |   \u003c  __/\\n\"","lastModifiedDate":"2019-07-29"},{"lineNumber":15,"author":{"gitId":"-"},"content":"                + \"|____/ \\\\__,_|_|\\\\_\\\\___|\\n\";","lastModifiedDate":"2019-07-29"},{"lineNumber":16,"author":{"gitId":"driip-ddrop"},"content":"        System.out.println(\"Hello from\\n\" + logo);*/","lastModifiedDate":"2021-08-18"},{"lineNumber":17,"author":{"gitId":"driip-ddrop"},"content":"        startBot();","lastModifiedDate":"2021-08-16"},{"lineNumber":18,"author":{"gitId":"driip-ddrop"},"content":"","lastModifiedDate":"2021-08-16"},{"lineNumber":19,"author":{"gitId":"driip-ddrop"},"content":"        ArrayList\u003cTask\u003e toDoList;","lastModifiedDate":"2021-08-26"},{"lineNumber":20,"author":{"gitId":"driip-ddrop"},"content":"        DataManager dataManager;","lastModifiedDate":"2021-08-26"},{"lineNumber":21,"author":{"gitId":"driip-ddrop"},"content":"","lastModifiedDate":"2021-08-16"},{"lineNumber":22,"author":{"gitId":"driip-ddrop"},"content":"        //check if file exist","lastModifiedDate":"2021-08-26"},{"lineNumber":23,"author":{"gitId":"driip-ddrop"},"content":"        File tempFile \u003d new File(\"data/dukeData.txt\");","lastModifiedDate":"2021-08-26"},{"lineNumber":24,"author":{"gitId":"driip-ddrop"},"content":"        if (tempFile.exists()) {","lastModifiedDate":"2021-08-26"},{"lineNumber":25,"author":{"gitId":"driip-ddrop"},"content":"            dataManager \u003d new DataManager(tempFile);","lastModifiedDate":"2021-08-26"},{"lineNumber":26,"author":{"gitId":"driip-ddrop"},"content":"            toDoList \u003d dataManager.txtToArrayList();","lastModifiedDate":"2021-08-26"},{"lineNumber":27,"author":{"gitId":"driip-ddrop"},"content":"        } else {","lastModifiedDate":"2021-08-26"},{"lineNumber":28,"author":{"gitId":"driip-ddrop"},"content":"            toDoList \u003d new ArrayList\u003c\u003e();","lastModifiedDate":"2021-08-26"},{"lineNumber":29,"author":{"gitId":"driip-ddrop"},"content":"            tempFile.createNewFile();","lastModifiedDate":"2021-08-26"},{"lineNumber":30,"author":{"gitId":"driip-ddrop"},"content":"            dataManager \u003d new DataManager(tempFile);","lastModifiedDate":"2021-08-26"},{"lineNumber":31,"author":{"gitId":"driip-ddrop"},"content":"        }","lastModifiedDate":"2021-08-26"},{"lineNumber":32,"author":{"gitId":"driip-ddrop"},"content":"        //add the data, create file and write into the list","lastModifiedDate":"2021-08-26"},{"lineNumber":33,"author":{"gitId":"driip-ddrop"},"content":"","lastModifiedDate":"2021-08-17"},{"lineNumber":34,"author":{"gitId":"driip-ddrop"},"content":"        Scanner sc \u003d new Scanner(System.in);","lastModifiedDate":"2021-08-17"},{"lineNumber":35,"author":{"gitId":"driip-ddrop"},"content":"        while (sc.hasNext()) {","lastModifiedDate":"2021-08-17"},{"lineNumber":36,"author":{"gitId":"driip-ddrop"},"content":"            String message \u003d sc.nextLine();","lastModifiedDate":"2021-08-17"},{"lineNumber":37,"author":{"gitId":"driip-ddrop"},"content":"            try {","lastModifiedDate":"2021-08-18"},{"lineNumber":38,"author":{"gitId":"driip-ddrop"},"content":"","lastModifiedDate":"2021-08-17"},{"lineNumber":39,"author":{"gitId":"driip-ddrop"},"content":"                if (message.equals(\"bye\")) {","lastModifiedDate":"2021-08-17"},{"lineNumber":40,"author":{"gitId":"driip-ddrop"},"content":"                    System.out.println(\"Bye. Hope to see you again soon!\");","lastModifiedDate":"2021-08-17"},{"lineNumber":41,"author":{"gitId":"driip-ddrop"},"content":"                    break;","lastModifiedDate":"2021-08-17"},{"lineNumber":42,"author":{"gitId":"driip-ddrop"},"content":"","lastModifiedDate":"2021-08-18"},{"lineNumber":43,"author":{"gitId":"driip-ddrop"},"content":"                } else if (message.equals(\"list\")) {","lastModifiedDate":"2021-08-17"},{"lineNumber":44,"author":{"gitId":"driip-ddrop"},"content":"                    list(toDoList);","lastModifiedDate":"2021-08-17"},{"lineNumber":45,"author":{"gitId":"driip-ddrop"},"content":"","lastModifiedDate":"2021-08-18"},{"lineNumber":46,"author":{"gitId":"driip-ddrop"},"content":"                } else if (taskToDelete(message) !\u003d 0) {","lastModifiedDate":"2021-08-18"},{"lineNumber":47,"author":{"gitId":"driip-ddrop"},"content":"                    canTaskBeFound(taskToDelete(message), toDoList.size());","lastModifiedDate":"2021-08-18"},{"lineNumber":48,"author":{"gitId":"driip-ddrop"},"content":"                    displayDeletedTask(toDoList.get(taskToDelete(message) - 1), toDoList.size() - 1);","lastModifiedDate":"2021-08-18"},{"lineNumber":49,"author":{"gitId":"driip-ddrop"},"content":"                    toDoList.remove(taskToDelete(message) - 1);","lastModifiedDate":"2021-08-18"},{"lineNumber":50,"author":{"gitId":"driip-ddrop"},"content":"                    dataManager.updateFile(toDoList);","lastModifiedDate":"2021-08-26"},{"lineNumber":51,"author":{"gitId":"driip-ddrop"},"content":"                    //update the file","lastModifiedDate":"2021-08-26"},{"lineNumber":52,"author":{"gitId":"driip-ddrop"},"content":"","lastModifiedDate":"2021-08-18"},{"lineNumber":53,"author":{"gitId":"driip-ddrop"},"content":"                } else","lastModifiedDate":"2021-08-18"},{"lineNumber":54,"author":{"gitId":"driip-ddrop"},"content":"                    if (taskToCheck(message) !\u003d 0) {","lastModifiedDate":"2021-08-18"},{"lineNumber":55,"author":{"gitId":"driip-ddrop"},"content":"                    canTaskBeFound(taskToCheck(message), toDoList.size());","lastModifiedDate":"2021-08-18"},{"lineNumber":56,"author":{"gitId":"driip-ddrop"},"content":"                    displayCheckedTask(toDoList.get(taskToCheck(message) - 1));","lastModifiedDate":"2021-08-18"},{"lineNumber":57,"author":{"gitId":"driip-ddrop"},"content":"","lastModifiedDate":"2021-08-18"},{"lineNumber":58,"author":{"gitId":"driip-ddrop"},"content":"                } else {","lastModifiedDate":"2021-08-17"},{"lineNumber":59,"author":{"gitId":"driip-ddrop"},"content":"                    if (isToDo(message)) {","lastModifiedDate":"2021-08-17"},{"lineNumber":60,"author":{"gitId":"driip-ddrop"},"content":"                        isValidEntry(message, \"todo\");","lastModifiedDate":"2021-08-18"},{"lineNumber":61,"author":{"gitId":"driip-ddrop"},"content":"                        String taskName \u003d message.substring(message.indexOf(\" \"));","lastModifiedDate":"2021-08-17"},{"lineNumber":62,"author":{"gitId":"driip-ddrop"},"content":"                        Task newTask \u003d new Todo(taskName, false);","lastModifiedDate":"2021-08-26"},{"lineNumber":63,"author":{"gitId":"driip-ddrop"},"content":"                        toDoList.add(newTask);","lastModifiedDate":"2021-08-17"},{"lineNumber":64,"author":{"gitId":"driip-ddrop"},"content":"                        //write data","lastModifiedDate":"2021-08-26"},{"lineNumber":65,"author":{"gitId":"driip-ddrop"},"content":"                        dataManager.updateFile(toDoList);","lastModifiedDate":"2021-08-26"},{"lineNumber":66,"author":{"gitId":"driip-ddrop"},"content":"                        System.out.println(add(newTask.displayTask(), toDoList.size()));","lastModifiedDate":"2021-08-17"},{"lineNumber":67,"author":{"gitId":"driip-ddrop"},"content":"","lastModifiedDate":"2021-08-18"},{"lineNumber":68,"author":{"gitId":"driip-ddrop"},"content":"                    } else {","lastModifiedDate":"2021-08-17"},{"lineNumber":69,"author":{"gitId":"driip-ddrop"},"content":"                        if (isDeadline(message)) {","lastModifiedDate":"2021-08-18"},{"lineNumber":70,"author":{"gitId":"driip-ddrop"},"content":"                            isValidEntry(message, \"deadline\");","lastModifiedDate":"2021-08-18"},{"lineNumber":71,"author":{"gitId":"driip-ddrop"},"content":"                            isFormatCorrect(message, \"deadline\");","lastModifiedDate":"2021-08-18"},{"lineNumber":72,"author":{"gitId":"driip-ddrop"},"content":"                            String taskName \u003d message.substring(message.indexOf(\" \"), message.indexOf(\"/\"));","lastModifiedDate":"2021-08-17"},{"lineNumber":73,"author":{"gitId":"driip-ddrop"},"content":"                            String temp \u003d message.substring(message.indexOf(\"/\") + 1);","lastModifiedDate":"2021-08-17"},{"lineNumber":74,"author":{"gitId":"driip-ddrop"},"content":"                            String due \u003d temp.substring(temp.indexOf(\" \") + 1);","lastModifiedDate":"2021-08-17"},{"lineNumber":75,"author":{"gitId":"driip-ddrop"},"content":"                            DateTimeFormatter formatter \u003d DateTimeFormatter.ofPattern(\"yyyy-MM-dd HH:mm\");","lastModifiedDate":"2021-08-26"},{"lineNumber":76,"author":{"gitId":"driip-ddrop"},"content":"                            LocalDateTime parsedDate \u003d LocalDateTime.parse(due, formatter);","lastModifiedDate":"2021-08-26"},{"lineNumber":77,"author":{"gitId":"driip-ddrop"},"content":"                            Task newTask \u003d new Deadline(taskName, parsedDate, false);","lastModifiedDate":"2021-08-26"},{"lineNumber":78,"author":{"gitId":"driip-ddrop"},"content":"                            toDoList.add(newTask);","lastModifiedDate":"2021-08-17"},{"lineNumber":79,"author":{"gitId":"driip-ddrop"},"content":"                            dataManager.updateFile(toDoList);","lastModifiedDate":"2021-08-26"},{"lineNumber":80,"author":{"gitId":"driip-ddrop"},"content":"                            System.out.println(add(newTask.displayTask(), toDoList.size()));","lastModifiedDate":"2021-08-17"},{"lineNumber":81,"author":{"gitId":"driip-ddrop"},"content":"","lastModifiedDate":"2021-08-18"},{"lineNumber":82,"author":{"gitId":"driip-ddrop"},"content":"                        } else if (isEvent(message)) {","lastModifiedDate":"2021-08-17"},{"lineNumber":83,"author":{"gitId":"driip-ddrop"},"content":"                            isValidEntry(message, \"event\");","lastModifiedDate":"2021-08-18"},{"lineNumber":84,"author":{"gitId":"driip-ddrop"},"content":"                            isFormatCorrect(message, \"event\");","lastModifiedDate":"2021-08-18"},{"lineNumber":85,"author":{"gitId":"driip-ddrop"},"content":"                            String taskName \u003d message.substring(message.indexOf(\" \"), message.indexOf(\"/\"));","lastModifiedDate":"2021-08-18"},{"lineNumber":86,"author":{"gitId":"driip-ddrop"},"content":"                            String temp \u003d message.substring(message.indexOf(\"/\") + 1);","lastModifiedDate":"2021-08-18"},{"lineNumber":87,"author":{"gitId":"driip-ddrop"},"content":"                            String due \u003d temp.substring(temp.indexOf(\" \") + 1);","lastModifiedDate":"2021-08-18"},{"lineNumber":88,"author":{"gitId":"driip-ddrop"},"content":"                            DateTimeFormatter formatter \u003d DateTimeFormatter.ofPattern(\"yyyy-MM-dd HH:mm\");","lastModifiedDate":"2021-08-26"},{"lineNumber":89,"author":{"gitId":"driip-ddrop"},"content":"                            LocalDateTime parsedDate \u003d LocalDateTime.parse(due, formatter);","lastModifiedDate":"2021-08-26"},{"lineNumber":90,"author":{"gitId":"driip-ddrop"},"content":"                            Task newTask \u003d new Event(taskName, parsedDate, false);","lastModifiedDate":"2021-08-26"},{"lineNumber":91,"author":{"gitId":"driip-ddrop"},"content":"                            toDoList.add(newTask);","lastModifiedDate":"2021-08-17"},{"lineNumber":92,"author":{"gitId":"driip-ddrop"},"content":"                            dataManager.updateFile(toDoList);","lastModifiedDate":"2021-08-26"},{"lineNumber":93,"author":{"gitId":"driip-ddrop"},"content":"                            System.out.println(add(newTask.displayTask(), toDoList.size()));","lastModifiedDate":"2021-08-17"},{"lineNumber":94,"author":{"gitId":"driip-ddrop"},"content":"","lastModifiedDate":"2021-08-18"},{"lineNumber":95,"author":{"gitId":"driip-ddrop"},"content":"                        } else {","lastModifiedDate":"2021-08-17"},{"lineNumber":96,"author":{"gitId":"driip-ddrop"},"content":"                            notValid();","lastModifiedDate":"2021-08-18"},{"lineNumber":97,"author":{"gitId":"driip-ddrop"},"content":"                        }","lastModifiedDate":"2021-08-17"},{"lineNumber":98,"author":{"gitId":"driip-ddrop"},"content":"                    }","lastModifiedDate":"2021-08-17"},{"lineNumber":99,"author":{"gitId":"driip-ddrop"},"content":"                }","lastModifiedDate":"2021-08-18"},{"lineNumber":100,"author":{"gitId":"driip-ddrop"},"content":"            } catch (DukeException e) {","lastModifiedDate":"2021-08-18"},{"lineNumber":101,"author":{"gitId":"driip-ddrop"},"content":"                System.out.println(e.getMessage());","lastModifiedDate":"2021-08-18"},{"lineNumber":102,"author":{"gitId":"driip-ddrop"},"content":"            }","lastModifiedDate":"2021-08-17"},{"lineNumber":103,"author":{"gitId":"driip-ddrop"},"content":"        }","lastModifiedDate":"2021-08-17"},{"lineNumber":104,"author":{"gitId":"driip-ddrop"},"content":"        sc.close();","lastModifiedDate":"2021-08-16"},{"lineNumber":105,"author":{"gitId":"driip-ddrop"},"content":"    }","lastModifiedDate":"2021-08-16"},{"lineNumber":106,"author":{"gitId":"driip-ddrop"},"content":"","lastModifiedDate":"2021-08-16"},{"lineNumber":107,"author":{"gitId":"driip-ddrop"},"content":"    public static void startBot() {","lastModifiedDate":"2021-08-16"},{"lineNumber":108,"author":{"gitId":"driip-ddrop"},"content":"        String intro \u003d \"Hello! I\u0027m Duke\\n\" +","lastModifiedDate":"2021-08-16"},{"lineNumber":109,"author":{"gitId":"driip-ddrop"},"content":"                \"    What can I do for you?\";","lastModifiedDate":"2021-08-16"},{"lineNumber":110,"author":{"gitId":"driip-ddrop"},"content":"        System.out.println(intro);","lastModifiedDate":"2021-08-16"},{"lineNumber":111,"author":{"gitId":"-"},"content":"    }","lastModifiedDate":"2019-07-29"},{"lineNumber":112,"author":{"gitId":"driip-ddrop"},"content":"","lastModifiedDate":"2021-08-17"},{"lineNumber":113,"author":{"gitId":"driip-ddrop"},"content":"    public static String add(String add, int size) {","lastModifiedDate":"2021-08-17"},{"lineNumber":114,"author":{"gitId":"driip-ddrop"},"content":"        return \"Got it. I\u0027ve added this task:\\n \"+ add + \"\\n Now you have \" + size +  \" tasks in the list.\";","lastModifiedDate":"2021-08-17"},{"lineNumber":115,"author":{"gitId":"driip-ddrop"},"content":"    }","lastModifiedDate":"2021-08-17"},{"lineNumber":116,"author":{"gitId":"driip-ddrop"},"content":"","lastModifiedDate":"2021-08-17"},{"lineNumber":117,"author":{"gitId":"driip-ddrop"},"content":"    public static void list(List\u003cTask\u003e list) {","lastModifiedDate":"2021-08-17"},{"lineNumber":118,"author":{"gitId":"driip-ddrop"},"content":"        int order \u003d 1;","lastModifiedDate":"2021-08-17"},{"lineNumber":119,"author":{"gitId":"driip-ddrop"},"content":"","lastModifiedDate":"2021-08-17"},{"lineNumber":120,"author":{"gitId":"driip-ddrop"},"content":"        System.out.println(\"Here are the tasks in your list:\");","lastModifiedDate":"2021-08-17"},{"lineNumber":121,"author":{"gitId":"driip-ddrop"},"content":"        for (Task s : list) {","lastModifiedDate":"2021-08-17"},{"lineNumber":122,"author":{"gitId":"driip-ddrop"},"content":"            System.out.println(order++ +\".\" + s.displayTask());","lastModifiedDate":"2021-08-17"},{"lineNumber":123,"author":{"gitId":"driip-ddrop"},"content":"        }","lastModifiedDate":"2021-08-17"},{"lineNumber":124,"author":{"gitId":"driip-ddrop"},"content":"    }","lastModifiedDate":"2021-08-17"},{"lineNumber":125,"author":{"gitId":"driip-ddrop"},"content":"","lastModifiedDate":"2021-08-17"},{"lineNumber":126,"author":{"gitId":"driip-ddrop"},"content":"    public static int taskToCheck(String message) {","lastModifiedDate":"2021-08-18"},{"lineNumber":127,"author":{"gitId":"driip-ddrop"},"content":"        StringBuilder number;","lastModifiedDate":"2021-08-17"},{"lineNumber":128,"author":{"gitId":"driip-ddrop"},"content":"        if (message.length() \u003e 5) {","lastModifiedDate":"2021-08-17"},{"lineNumber":129,"author":{"gitId":"driip-ddrop"},"content":"            String check \u003d message.substring(0, 4);","lastModifiedDate":"2021-08-17"},{"lineNumber":130,"author":{"gitId":"driip-ddrop"},"content":"            if (check.equals(\"done\")) {","lastModifiedDate":"2021-08-17"},{"lineNumber":131,"author":{"gitId":"driip-ddrop"},"content":"                char firstNumber \u003d message.charAt(5);","lastModifiedDate":"2021-08-17"},{"lineNumber":132,"author":{"gitId":"driip-ddrop"},"content":"                number \u003d new StringBuilder(Character.toString(firstNumber));","lastModifiedDate":"2021-08-17"},{"lineNumber":133,"author":{"gitId":"driip-ddrop"},"content":"                int counter \u003d 6;","lastModifiedDate":"2021-08-17"},{"lineNumber":134,"author":{"gitId":"driip-ddrop"},"content":"                while (counter \u003c message.length()) {","lastModifiedDate":"2021-08-17"},{"lineNumber":135,"author":{"gitId":"driip-ddrop"},"content":"                    char next \u003d message.charAt(counter);","lastModifiedDate":"2021-08-17"},{"lineNumber":136,"author":{"gitId":"driip-ddrop"},"content":"                    number.append(next);","lastModifiedDate":"2021-08-17"},{"lineNumber":137,"author":{"gitId":"driip-ddrop"},"content":"                    counter++;","lastModifiedDate":"2021-08-17"},{"lineNumber":138,"author":{"gitId":"driip-ddrop"},"content":"                }","lastModifiedDate":"2021-08-17"},{"lineNumber":139,"author":{"gitId":"driip-ddrop"},"content":"                return Integer.parseInt(number.toString());","lastModifiedDate":"2021-08-17"},{"lineNumber":140,"author":{"gitId":"driip-ddrop"},"content":"            }","lastModifiedDate":"2021-08-17"},{"lineNumber":141,"author":{"gitId":"driip-ddrop"},"content":"        }","lastModifiedDate":"2021-08-17"},{"lineNumber":142,"author":{"gitId":"driip-ddrop"},"content":"        return 0;","lastModifiedDate":"2021-08-17"},{"lineNumber":143,"author":{"gitId":"driip-ddrop"},"content":"    }","lastModifiedDate":"2021-08-17"},{"lineNumber":144,"author":{"gitId":"driip-ddrop"},"content":"","lastModifiedDate":"2021-08-17"},{"lineNumber":145,"author":{"gitId":"driip-ddrop"},"content":"    public static void displayCheckedTask(Task item) {","lastModifiedDate":"2021-08-17"},{"lineNumber":146,"author":{"gitId":"driip-ddrop"},"content":"        item.checkOffTask();","lastModifiedDate":"2021-08-17"},{"lineNumber":147,"author":{"gitId":"driip-ddrop"},"content":"        String display \u003d \"Nice! I\u0027ve marked this task as done:\\n  \" + item.displayTask();","lastModifiedDate":"2021-08-17"},{"lineNumber":148,"author":{"gitId":"driip-ddrop"},"content":"        System.out.println(display);","lastModifiedDate":"2021-08-17"},{"lineNumber":149,"author":{"gitId":"driip-ddrop"},"content":"    }","lastModifiedDate":"2021-08-17"},{"lineNumber":150,"author":{"gitId":"driip-ddrop"},"content":"","lastModifiedDate":"2021-08-17"},{"lineNumber":151,"author":{"gitId":"driip-ddrop"},"content":"    public static boolean isDeadline(String message) {","lastModifiedDate":"2021-08-17"},{"lineNumber":152,"author":{"gitId":"driip-ddrop"},"content":"        return message.startsWith(\"deadline\");","lastModifiedDate":"2021-08-18"},{"lineNumber":153,"author":{"gitId":"driip-ddrop"},"content":"    }","lastModifiedDate":"2021-08-17"},{"lineNumber":154,"author":{"gitId":"driip-ddrop"},"content":"","lastModifiedDate":"2021-08-17"},{"lineNumber":155,"author":{"gitId":"driip-ddrop"},"content":"    public static boolean isToDo(String message) {","lastModifiedDate":"2021-08-17"},{"lineNumber":156,"author":{"gitId":"driip-ddrop"},"content":"        return message.startsWith(\"todo\");","lastModifiedDate":"2021-08-18"},{"lineNumber":157,"author":{"gitId":"driip-ddrop"},"content":"    }","lastModifiedDate":"2021-08-17"},{"lineNumber":158,"author":{"gitId":"driip-ddrop"},"content":"","lastModifiedDate":"2021-08-17"},{"lineNumber":159,"author":{"gitId":"driip-ddrop"},"content":"    public static boolean isEvent(String message) {","lastModifiedDate":"2021-08-17"},{"lineNumber":160,"author":{"gitId":"driip-ddrop"},"content":"        return message.startsWith(\"event\");","lastModifiedDate":"2021-08-18"},{"lineNumber":161,"author":{"gitId":"driip-ddrop"},"content":"    }","lastModifiedDate":"2021-08-18"},{"lineNumber":162,"author":{"gitId":"driip-ddrop"},"content":"","lastModifiedDate":"2021-08-18"},{"lineNumber":163,"author":{"gitId":"driip-ddrop"},"content":"    //level 5","lastModifiedDate":"2021-08-18"},{"lineNumber":164,"author":{"gitId":"driip-ddrop"},"content":"    public static void notValid() throws InvalidTaskTypeException {","lastModifiedDate":"2021-08-18"},{"lineNumber":165,"author":{"gitId":"driip-ddrop"},"content":"        throw new InvalidTaskTypeException(\"☹ OOPS!!! I\u0027m sorry, but I don\u0027t know what that means :-(\");","lastModifiedDate":"2021-08-18"},{"lineNumber":166,"author":{"gitId":"driip-ddrop"},"content":"    }","lastModifiedDate":"2021-08-18"},{"lineNumber":167,"author":{"gitId":"driip-ddrop"},"content":"","lastModifiedDate":"2021-08-18"},{"lineNumber":168,"author":{"gitId":"driip-ddrop"},"content":"    public static void isValidEntry(String message, String type) throws DescriptionEmptyException {","lastModifiedDate":"2021-08-18"},{"lineNumber":169,"author":{"gitId":"driip-ddrop"},"content":"        if (message.length() \u003c\u003d type.length() || message.substring(message.indexOf(\" \")).isBlank()) {","lastModifiedDate":"2021-08-18"},{"lineNumber":170,"author":{"gitId":"driip-ddrop"},"content":"            throw new DescriptionEmptyException(\"☹ OOPS!!! The description of a \" + type + \" cannot be empty.\");","lastModifiedDate":"2021-08-18"},{"lineNumber":171,"author":{"gitId":"driip-ddrop"},"content":"        }","lastModifiedDate":"2021-08-18"},{"lineNumber":172,"author":{"gitId":"driip-ddrop"},"content":"    }","lastModifiedDate":"2021-08-18"},{"lineNumber":173,"author":{"gitId":"driip-ddrop"},"content":"","lastModifiedDate":"2021-08-18"},{"lineNumber":174,"author":{"gitId":"driip-ddrop"},"content":"    public static void canTaskBeFound(int taskIndex, int maxTaskIndex) throws TaskNotFoundException {","lastModifiedDate":"2021-08-18"},{"lineNumber":175,"author":{"gitId":"driip-ddrop"},"content":"        if (taskIndex \u003c 0 || taskIndex \u003e maxTaskIndex) {","lastModifiedDate":"2021-08-18"},{"lineNumber":176,"author":{"gitId":"driip-ddrop"},"content":"            throw new TaskNotFoundException(\"☹ OH NO!!! The task cannot be found. \\n   Please try again.\");","lastModifiedDate":"2021-08-18"},{"lineNumber":177,"author":{"gitId":"driip-ddrop"},"content":"        }","lastModifiedDate":"2021-08-18"},{"lineNumber":178,"author":{"gitId":"driip-ddrop"},"content":"    }","lastModifiedDate":"2021-08-18"},{"lineNumber":179,"author":{"gitId":"driip-ddrop"},"content":"","lastModifiedDate":"2021-08-18"},{"lineNumber":180,"author":{"gitId":"driip-ddrop"},"content":"    //make the exception for when the input time and date is in the wrong format","lastModifiedDate":"2021-08-26"},{"lineNumber":181,"author":{"gitId":"driip-ddrop"},"content":"    public static void isFormatCorrect(String message, String type) throws IncorrectFormatException {","lastModifiedDate":"2021-08-18"},{"lineNumber":182,"author":{"gitId":"driip-ddrop"},"content":"        if (type.equals(\"deadline\")) {","lastModifiedDate":"2021-08-26"},{"lineNumber":183,"author":{"gitId":"driip-ddrop"},"content":"            if (!message.contains(\"/by\")) {","lastModifiedDate":"2021-08-26"},{"lineNumber":184,"author":{"gitId":"driip-ddrop"},"content":"                throw new IncorrectFormatException(\"Input format is incorrect. Please input again in this format : \\n\" +","lastModifiedDate":"2021-08-18"},{"lineNumber":185,"author":{"gitId":"driip-ddrop"},"content":"                        \" \u003ctask name\u003e /by yyyy-MM-dd HH:mm\");","lastModifiedDate":"2021-08-26"},{"lineNumber":186,"author":{"gitId":"driip-ddrop"},"content":"            }","lastModifiedDate":"2021-08-26"},{"lineNumber":187,"author":{"gitId":"driip-ddrop"},"content":"        }else {","lastModifiedDate":"2021-08-18"},{"lineNumber":188,"author":{"gitId":"driip-ddrop"},"content":"            if (type.equals(\"event\") \u0026\u0026 !message.contains(\"/at\")) {","lastModifiedDate":"2021-08-18"},{"lineNumber":189,"author":{"gitId":"driip-ddrop"},"content":"                throw new IncorrectFormatException(\"Input format is incorrect. Please input again in this format : \\n\" +","lastModifiedDate":"2021-08-18"},{"lineNumber":190,"author":{"gitId":"driip-ddrop"},"content":"                        \" \u003cevent name\u003e /at yyyy-MM-dd HH:mm\");","lastModifiedDate":"2021-08-26"},{"lineNumber":191,"author":{"gitId":"driip-ddrop"},"content":"                //change the /at to duration instead of just start time","lastModifiedDate":"2021-08-26"},{"lineNumber":192,"author":{"gitId":"driip-ddrop"},"content":"            }","lastModifiedDate":"2021-08-18"},{"lineNumber":193,"author":{"gitId":"driip-ddrop"},"content":"        }","lastModifiedDate":"2021-08-18"},{"lineNumber":194,"author":{"gitId":"driip-ddrop"},"content":"    }","lastModifiedDate":"2021-08-17"},{"lineNumber":195,"author":{"gitId":"driip-ddrop"},"content":"","lastModifiedDate":"2021-08-18"},{"lineNumber":196,"author":{"gitId":"driip-ddrop"},"content":"    public static int taskToDelete(String message) {","lastModifiedDate":"2021-08-18"},{"lineNumber":197,"author":{"gitId":"driip-ddrop"},"content":"        StringBuilder number;","lastModifiedDate":"2021-08-18"},{"lineNumber":198,"author":{"gitId":"driip-ddrop"},"content":"        if (message.length() \u003e 6) {","lastModifiedDate":"2021-08-18"},{"lineNumber":199,"author":{"gitId":"driip-ddrop"},"content":"            String check \u003d message.substring(0, 6);","lastModifiedDate":"2021-08-18"},{"lineNumber":200,"author":{"gitId":"driip-ddrop"},"content":"            if (check.equals(\"delete\")) {","lastModifiedDate":"2021-08-18"},{"lineNumber":201,"author":{"gitId":"driip-ddrop"},"content":"                char firstNumber \u003d message.charAt(7);","lastModifiedDate":"2021-08-18"},{"lineNumber":202,"author":{"gitId":"driip-ddrop"},"content":"                number \u003d new StringBuilder(Character.toString(firstNumber));","lastModifiedDate":"2021-08-18"},{"lineNumber":203,"author":{"gitId":"driip-ddrop"},"content":"                int counter \u003d 8;","lastModifiedDate":"2021-08-18"},{"lineNumber":204,"author":{"gitId":"driip-ddrop"},"content":"                while (counter \u003c message.length()) {","lastModifiedDate":"2021-08-18"},{"lineNumber":205,"author":{"gitId":"driip-ddrop"},"content":"                    char next \u003d message.charAt(counter);","lastModifiedDate":"2021-08-18"},{"lineNumber":206,"author":{"gitId":"driip-ddrop"},"content":"                    number.append(next);","lastModifiedDate":"2021-08-18"},{"lineNumber":207,"author":{"gitId":"driip-ddrop"},"content":"                    counter++;","lastModifiedDate":"2021-08-18"},{"lineNumber":208,"author":{"gitId":"driip-ddrop"},"content":"                }","lastModifiedDate":"2021-08-18"},{"lineNumber":209,"author":{"gitId":"driip-ddrop"},"content":"                return Integer.parseInt(number.toString());","lastModifiedDate":"2021-08-18"},{"lineNumber":210,"author":{"gitId":"driip-ddrop"},"content":"            }","lastModifiedDate":"2021-08-18"},{"lineNumber":211,"author":{"gitId":"driip-ddrop"},"content":"        }","lastModifiedDate":"2021-08-18"},{"lineNumber":212,"author":{"gitId":"driip-ddrop"},"content":"        return 0;","lastModifiedDate":"2021-08-18"},{"lineNumber":213,"author":{"gitId":"driip-ddrop"},"content":"    }","lastModifiedDate":"2021-08-18"},{"lineNumber":214,"author":{"gitId":"driip-ddrop"},"content":"","lastModifiedDate":"2021-08-18"},{"lineNumber":215,"author":{"gitId":"driip-ddrop"},"content":"    public static void displayDeletedTask(Task item, int size) {","lastModifiedDate":"2021-08-18"},{"lineNumber":216,"author":{"gitId":"driip-ddrop"},"content":"        String display \u003d \"Noted. I\u0027ve removed this task:\\n  \" + item.displayTask();","lastModifiedDate":"2021-08-18"},{"lineNumber":217,"author":{"gitId":"driip-ddrop"},"content":"        System.out.println(display + \"\\n Now you have \" + size +  \" tasks in the list.\");","lastModifiedDate":"2021-08-18"},{"lineNumber":218,"author":{"gitId":"-"},"content":"    }","lastModifiedDate":"2021-08-18"},{"lineNumber":219,"author":{"gitId":"-"},"content":"}","lastModifiedDate":"2019-07-29"}],"authorContributionMap":{"driip-ddrop":211,"-":8}},{"path":"src/main/java/DukeException.java","fileType":"java","lines":[{"lineNumber":1,"author":{"gitId":"driip-ddrop"},"content":"public class DukeException extends Exception{","lastModifiedDate":"2021-08-18"},{"lineNumber":2,"author":{"gitId":"driip-ddrop"},"content":"","lastModifiedDate":"2021-08-18"},{"lineNumber":3,"author":{"gitId":"driip-ddrop"},"content":"    DukeException(String e) {","lastModifiedDate":"2021-08-18"},{"lineNumber":4,"author":{"gitId":"driip-ddrop"},"content":"        super(e);","lastModifiedDate":"2021-08-18"},{"lineNumber":5,"author":{"gitId":"driip-ddrop"},"content":"    }","lastModifiedDate":"2021-08-18"},{"lineNumber":6,"author":{"gitId":"driip-ddrop"},"content":"}","lastModifiedDate":"2021-08-18"}],"authorContributionMap":{"driip-ddrop":6}},{"path":"src/main/java/Event.java","fileType":"java","lines":[{"lineNumber":1,"author":{"gitId":"driip-ddrop"},"content":"import java.time.LocalDateTime;","lastModifiedDate":"2021-08-26"},{"lineNumber":2,"author":{"gitId":"driip-ddrop"},"content":"import java.time.format.DateTimeFormatter;","lastModifiedDate":"2021-08-26"},{"lineNumber":3,"author":{"gitId":"driip-ddrop"},"content":"","lastModifiedDate":"2021-08-26"},{"lineNumber":4,"author":{"gitId":"driip-ddrop"},"content":"public class Event extends Task{","lastModifiedDate":"2021-08-17"},{"lineNumber":5,"author":{"gitId":"driip-ddrop"},"content":"","lastModifiedDate":"2021-08-17"},{"lineNumber":6,"author":{"gitId":"driip-ddrop"},"content":"    private LocalDateTime duration;","lastModifiedDate":"2021-08-26"},{"lineNumber":7,"author":{"gitId":"driip-ddrop"},"content":"","lastModifiedDate":"2021-08-17"},{"lineNumber":8,"author":{"gitId":"driip-ddrop"},"content":"    Event(String taskName, LocalDateTime duration, boolean status) {","lastModifiedDate":"2021-08-26"},{"lineNumber":9,"author":{"gitId":"driip-ddrop"},"content":"        super(taskName, status);","lastModifiedDate":"2021-08-26"},{"lineNumber":10,"author":{"gitId":"driip-ddrop"},"content":"        this.duration \u003d duration;","lastModifiedDate":"2021-08-17"},{"lineNumber":11,"author":{"gitId":"driip-ddrop"},"content":"    }","lastModifiedDate":"2021-08-17"},{"lineNumber":12,"author":{"gitId":"driip-ddrop"},"content":"","lastModifiedDate":"2021-08-17"},{"lineNumber":13,"author":{"gitId":"driip-ddrop"},"content":"    public String displayTask() {","lastModifiedDate":"2021-08-17"},{"lineNumber":14,"author":{"gitId":"driip-ddrop"},"content":"        DateTimeFormatter formatter \u003d DateTimeFormatter.ofPattern(\"dd MMM yyyy h.mma\");","lastModifiedDate":"2021-08-26"},{"lineNumber":15,"author":{"gitId":"driip-ddrop"},"content":"        return \"[E]\" + super.displayTask() + \" (at: \" + duration.format(formatter) + \")\";","lastModifiedDate":"2021-08-26"},{"lineNumber":16,"author":{"gitId":"driip-ddrop"},"content":"    }","lastModifiedDate":"2021-08-17"},{"lineNumber":17,"author":{"gitId":"driip-ddrop"},"content":"}","lastModifiedDate":"2021-08-17"}],"authorContributionMap":{"driip-ddrop":17}},{"path":"src/main/java/IncorrectFormatException.java","fileType":"java","lines":[{"lineNumber":1,"author":{"gitId":"driip-ddrop"},"content":"public class IncorrectFormatException extends DukeException{","lastModifiedDate":"2021-08-18"},{"lineNumber":2,"author":{"gitId":"driip-ddrop"},"content":"","lastModifiedDate":"2021-08-18"},{"lineNumber":3,"author":{"gitId":"driip-ddrop"},"content":"    IncorrectFormatException(String e) {","lastModifiedDate":"2021-08-18"},{"lineNumber":4,"author":{"gitId":"driip-ddrop"},"content":"        super(e);","lastModifiedDate":"2021-08-18"},{"lineNumber":5,"author":{"gitId":"driip-ddrop"},"content":"    }","lastModifiedDate":"2021-08-18"},{"lineNumber":6,"author":{"gitId":"driip-ddrop"},"content":"}","lastModifiedDate":"2021-08-18"}],"authorContributionMap":{"driip-ddrop":6}},{"path":"src/main/java/InvalidTaskTypeException.java","fileType":"java","lines":[{"lineNumber":1,"author":{"gitId":"driip-ddrop"},"content":"public class InvalidTaskTypeException extends DukeException{","lastModifiedDate":"2021-08-18"},{"lineNumber":2,"author":{"gitId":"driip-ddrop"},"content":"","lastModifiedDate":"2021-08-18"},{"lineNumber":3,"author":{"gitId":"driip-ddrop"},"content":"    InvalidTaskTypeException(String e) {","lastModifiedDate":"2021-08-18"},{"lineNumber":4,"author":{"gitId":"driip-ddrop"},"content":"        super(e);","lastModifiedDate":"2021-08-18"},{"lineNumber":5,"author":{"gitId":"driip-ddrop"},"content":"    }","lastModifiedDate":"2021-08-18"},{"lineNumber":6,"author":{"gitId":"driip-ddrop"},"content":"}","lastModifiedDate":"2021-08-18"}],"authorContributionMap":{"driip-ddrop":6}},{"path":"src/main/java/Task.java","fileType":"java","lines":[{"lineNumber":1,"author":{"gitId":"driip-ddrop"},"content":"public class Task {","lastModifiedDate":"2021-08-17"},{"lineNumber":2,"author":{"gitId":"driip-ddrop"},"content":"    private String taskName;","lastModifiedDate":"2021-08-17"},{"lineNumber":3,"author":{"gitId":"driip-ddrop"},"content":"    private boolean status;","lastModifiedDate":"2021-08-17"},{"lineNumber":4,"author":{"gitId":"driip-ddrop"},"content":"","lastModifiedDate":"2021-08-17"},{"lineNumber":5,"author":{"gitId":"driip-ddrop"},"content":"    Task(String taskName, boolean status) {","lastModifiedDate":"2021-08-26"},{"lineNumber":6,"author":{"gitId":"driip-ddrop"},"content":"        this.taskName \u003d taskName;","lastModifiedDate":"2021-08-17"},{"lineNumber":7,"author":{"gitId":"driip-ddrop"},"content":"        this.status \u003d status;","lastModifiedDate":"2021-08-26"},{"lineNumber":8,"author":{"gitId":"driip-ddrop"},"content":"    }","lastModifiedDate":"2021-08-17"},{"lineNumber":9,"author":{"gitId":"driip-ddrop"},"content":"","lastModifiedDate":"2021-08-17"},{"lineNumber":10,"author":{"gitId":"driip-ddrop"},"content":"    public String displayTask() {","lastModifiedDate":"2021-08-17"},{"lineNumber":11,"author":{"gitId":"driip-ddrop"},"content":"        String display;","lastModifiedDate":"2021-08-17"},{"lineNumber":12,"author":{"gitId":"driip-ddrop"},"content":"        if (status) {","lastModifiedDate":"2021-08-17"},{"lineNumber":13,"author":{"gitId":"driip-ddrop"},"content":"            display \u003d \"|1|\" + taskName;","lastModifiedDate":"2021-08-26"},{"lineNumber":14,"author":{"gitId":"driip-ddrop"},"content":"        } else {","lastModifiedDate":"2021-08-17"},{"lineNumber":15,"author":{"gitId":"driip-ddrop"},"content":"            display \u003d \"|0|\" + taskName;","lastModifiedDate":"2021-08-26"},{"lineNumber":16,"author":{"gitId":"driip-ddrop"},"content":"        }","lastModifiedDate":"2021-08-17"},{"lineNumber":17,"author":{"gitId":"driip-ddrop"},"content":"        return display;","lastModifiedDate":"2021-08-17"},{"lineNumber":18,"author":{"gitId":"driip-ddrop"},"content":"    }","lastModifiedDate":"2021-08-17"},{"lineNumber":19,"author":{"gitId":"driip-ddrop"},"content":"","lastModifiedDate":"2021-08-17"},{"lineNumber":20,"author":{"gitId":"driip-ddrop"},"content":"    public void checkOffTask() {","lastModifiedDate":"2021-08-17"},{"lineNumber":21,"author":{"gitId":"driip-ddrop"},"content":"        status \u003d true;","lastModifiedDate":"2021-08-17"},{"lineNumber":22,"author":{"gitId":"driip-ddrop"},"content":"    }","lastModifiedDate":"2021-08-17"},{"lineNumber":23,"author":{"gitId":"driip-ddrop"},"content":"}","lastModifiedDate":"2021-08-17"}],"authorContributionMap":{"driip-ddrop":23}},{"path":"src/main/java/TaskNotFoundException.java","fileType":"java","lines":[{"lineNumber":1,"author":{"gitId":"driip-ddrop"},"content":"public class TaskNotFoundException extends DukeException{","lastModifiedDate":"2021-08-18"},{"lineNumber":2,"author":{"gitId":"driip-ddrop"},"content":"","lastModifiedDate":"2021-08-18"},{"lineNumber":3,"author":{"gitId":"driip-ddrop"},"content":"    TaskNotFoundException(String e) {","lastModifiedDate":"2021-08-18"},{"lineNumber":4,"author":{"gitId":"driip-ddrop"},"content":"        super(e);","lastModifiedDate":"2021-08-18"},{"lineNumber":5,"author":{"gitId":"driip-ddrop"},"content":"    }","lastModifiedDate":"2021-08-18"},{"lineNumber":6,"author":{"gitId":"driip-ddrop"},"content":"}","lastModifiedDate":"2021-08-18"}],"authorContributionMap":{"driip-ddrop":6}},{"path":"src/main/java/Todo.java","fileType":"java","lines":[{"lineNumber":1,"author":{"gitId":"driip-ddrop"},"content":"public class Todo extends Task{","lastModifiedDate":"2021-08-17"},{"lineNumber":2,"author":{"gitId":"driip-ddrop"},"content":"","lastModifiedDate":"2021-08-17"},{"lineNumber":3,"author":{"gitId":"driip-ddrop"},"content":"    Todo(String taskName, boolean status) {","lastModifiedDate":"2021-08-26"},{"lineNumber":4,"author":{"gitId":"driip-ddrop"},"content":"        super(taskName, status);","lastModifiedDate":"2021-08-26"},{"lineNumber":5,"author":{"gitId":"driip-ddrop"},"content":"    }","lastModifiedDate":"2021-08-17"},{"lineNumber":6,"author":{"gitId":"driip-ddrop"},"content":"","lastModifiedDate":"2021-08-17"},{"lineNumber":7,"author":{"gitId":"driip-ddrop"},"content":"    public String displayTask() {","lastModifiedDate":"2021-08-17"},{"lineNumber":8,"author":{"gitId":"driip-ddrop"},"content":"        return \"T \" + super.displayTask();","lastModifiedDate":"2021-08-26"},{"lineNumber":9,"author":{"gitId":"driip-ddrop"},"content":"    }","lastModifiedDate":"2021-08-17"},{"lineNumber":10,"author":{"gitId":"driip-ddrop"},"content":"}","lastModifiedDate":"2021-08-17"}],"authorContributionMap":{"driip-ddrop":10}},{"path":"text-ui-test/input.txt","fileType":"txt","lines":[{"lineNumber":1,"author":{"gitId":"driip-ddrop"},"content":"event meeting /at Tues 4pm","lastModifiedDate":"2021-08-18"},{"lineNumber":2,"author":{"gitId":"driip-ddrop"},"content":"deadline homework /by friday","lastModifiedDate":"2021-08-18"},{"lineNumber":3,"author":{"gitId":"driip-ddrop"},"content":"done 1","lastModifiedDate":"2021-08-18"},{"lineNumber":4,"author":{"gitId":"driip-ddrop"},"content":"list","lastModifiedDate":"2021-08-18"},{"lineNumber":5,"author":{"gitId":"driip-ddrop"},"content":"bye","lastModifiedDate":"2021-08-18"}],"authorContributionMap":{"driip-ddrop":5}}]
