{"authorDailyContributionsMap":{"driip-ddrop":[{"date":"2021-08-16","commitResults":[{"hash":"8ff12271ed7a6b47ab72bc7cf0934ab6f3af6c4b","messageTitle":"Level-1","messageBody":"","tags":["Level-1"],"fileTypesAndContributionMap":{"java":{"insertions":23,"deletions":0}}}]},{"date":"2021-08-17","commitResults":[{"hash":"06ce26390ef3f3af3a4926c8f25bf4374e5642bd","messageTitle":"Level-2","messageBody":"","tags":["Level-2"],"fileTypesAndContributionMap":{"java":{"insertions":34,"deletions":2}}},{"hash":"0488a257efb7a3e53979f9248b843bc773c84980","messageTitle":"Level-3","messageBody":"","tags":["Level-3"],"fileTypesAndContributionMap":{"java":{"insertions":81,"deletions":3}}},{"hash":"5889caf57a679098469e1ae80ade3c61b4c95bf2","messageTitle":"Level-4","messageBody":"","tags":["Level-4"],"fileTypesAndContributionMap":{"java":{"insertions":76,"deletions":12}}}]},{"date":"2021-08-18","commitResults":[{"hash":"71433fa0c60941aa114b6e2828632b4c50a807bc","messageTitle":"Level-5","messageBody":"","tags":["Level-5"],"fileTypesAndContributionMap":{"java":{"insertions":105,"deletions":63}}},{"hash":"e993e5f3a58e2ae442c34671df78ac858588cfbd","messageTitle":"Level-6","messageBody":"","tags":["Level-6"],"fileTypesAndContributionMap":{"java":{"insertions":33,"deletions":3}}},{"hash":"bb939e16704de0d7bdb6e7e6d9759dff5a193832","messageTitle":"A-TextUiTesting","messageBody":"","tags":["A-TextUiTesting"],"fileTypesAndContributionMap":{"txt":{"insertions":5,"deletions":0},"java":{"insertions":3,"deletions":3}}}]},{"date":"2021-08-26","commitResults":[{"hash":"b233a659f3052777f228e4deddbdafb2da0a88f7","messageTitle":"Implement Level-7","messageBody":"","tags":["Level-7"],"fileTypesAndContributionMap":{"java":{"insertions":88,"deletions":20}}},{"hash":"906ba016eba0fc3509b0df1ab6ce173db353846d","messageTitle":"Implement Level-8","messageBody":"","tags":["Level-8"],"fileTypesAndContributionMap":{"java":{"insertions":31,"deletions":14}}}]}]},"authorFileTypeContributionMap":{"driip-ddrop":{"java":364,"md":0,"fxml":0,"sh":0,"bat":0,"gradle":0,"txt":7}},"authorContributionVariance":{"driip-ddrop":5194.0913},"authorDisplayNameMap":{"driip-ddrop":"CS2103T-T09-2 GERM..TING"}}
