{"authorDailyContributionsMap":{"driip-ddrop":[{"date":"2021-08-16","commitResults":[{"hash":"8ff12271ed7a6b47ab72bc7cf0934ab6f3af6c4b","messageTitle":"Level-1","messageBody":"","tags":["Level-1"],"fileTypesAndContributionMap":{"java":{"insertions":23,"deletions":0}}}]},{"date":"2021-08-17","commitResults":[{"hash":"06ce26390ef3f3af3a4926c8f25bf4374e5642bd","messageTitle":"Level-2","messageBody":"","tags":["Level-2"],"fileTypesAndContributionMap":{"java":{"insertions":34,"deletions":2}}},{"hash":"0488a257efb7a3e53979f9248b843bc773c84980","messageTitle":"Level-3","messageBody":"","tags":["Level-3"],"fileTypesAndContributionMap":{"java":{"insertions":81,"deletions":3}}},{"hash":"5889caf57a679098469e1ae80ade3c61b4c95bf2","messageTitle":"Level-4","messageBody":"","tags":["Level-4"],"fileTypesAndContributionMap":{"java":{"insertions":76,"deletions":12}}}]},{"date":"2021-08-18","commitResults":[{"hash":"71433fa0c60941aa114b6e2828632b4c50a807bc","messageTitle":"Level-5","messageBody":"","tags":["Level-5"],"fileTypesAndContributionMap":{"java":{"insertions":105,"deletions":63}}},{"hash":"e993e5f3a58e2ae442c34671df78ac858588cfbd","messageTitle":"Level-6","messageBody":"","tags":["Level-6"],"fileTypesAndContributionMap":{"java":{"insertions":33,"deletions":3}}},{"hash":"bb939e16704de0d7bdb6e7e6d9759dff5a193832","messageTitle":"A-TextUiTesting","messageBody":"","tags":["A-TextUiTesting"],"fileTypesAndContributionMap":{"txt":{"insertions":5,"deletions":0},"java":{"insertions":3,"deletions":3}}}]},{"date":"2021-08-26","commitResults":[{"hash":"b233a659f3052777f228e4deddbdafb2da0a88f7","messageTitle":"Implement Level-7","messageBody":"","tags":["Level-7"],"fileTypesAndContributionMap":{"java":{"insertions":88,"deletions":20}}},{"hash":"906ba016eba0fc3509b0df1ab6ce173db353846d","messageTitle":"Implement Level-8","messageBody":"","tags":["Level-8"],"fileTypesAndContributionMap":{"java":{"insertions":31,"deletions":14}}}]},{"date":"2021-08-27","commitResults":[{"hash":"7787dc175cced4abd9fea82c4cf7a55ab1bc9a4a","messageTitle":"Refactor code into Ui, Storage, Parser and TaskList classes","messageBody":"","tags":["A-MoreOOP"],"fileTypesAndContributionMap":{"txt":{"insertions":1,"deletions":2},"java":{"insertions":251,"deletions":214}}},{"hash":"e1de42704c8bd45607f1f4f9a0a0f34f82028c07","messageTitle":"Divide classes into packages","messageBody":"","tags":["A-Packages"],"fileTypesAndContributionMap":{"java":{"insertions":56,"deletions":9},"bat":{"insertions":1,"deletions":1},"md":{"insertions":2,"deletions":2}}},{"hash":"f5cc4ddd19e343f60eb4ddcb7365952ce4588aa9","messageTitle":"Add JUnit tests","messageBody":"","tags":["A-JUnit"],"fileTypesAndContributionMap":{"java":{"insertions":63,"deletions":0}}},{"hash":"a98099a277a312a92cfa3d51081ada1cab26417e","messageTitle":"Add JavaDoc comments to the code.","messageBody":"","tags":["A-JavaDoc"],"fileTypesAndContributionMap":{"java":{"insertions":145,"deletions":4}}},{"hash":"293f3d2e0a203c88d041f911edce639727e7873d","messageTitle":"Tweak the code to comply with a coding standard","messageBody":"","tags":["A-CodingStandard"],"fileTypesAndContributionMap":{"java":{"insertions":49,"deletions":58}}},{"hash":"0c9ce5bf519bf106f739d2320a07aea952982854","messageTitle":"Implement Level-9: Add find feature","messageBody":"","tags":["Level-9"],"fileTypesAndContributionMap":{"java":{"insertions":55,"deletions":36}}}]},{"date":"2021-08-31","commitResults":[{"hash":"df7a10fa710978cd891fce40734bd72422a335f0","messageTitle":"Edit the code to comply with coding standard","messageBody":"","fileTypesAndContributionMap":{"txt":{"insertions":4,"deletions":0},"java":{"insertions":5,"deletions":1}}},{"hash":"39e9497b1da4da3c39e81afe4519aecb9ef63464","messageTitle":"Automate project builds using Gradle","messageBody":"","tags":["A-Gradle"],"fileTypesAndContributionMap":{"gradle":{"insertions":3,"deletions":3},"txt":{"insertions":1,"deletions":3}}}]},{"date":"2021-09-02","commitResults":[{"hash":"5263962b72d5810a0b6b568530d251f5d6f56403","messageTitle":"Add a GUI to Duke","messageBody":"","tags":["Level-10"],"fileTypesAndContributionMap":{"gradle":{"insertions":15,"deletions":0},"fxml":{"insertions":35,"deletions":0},"java":{"insertions":160,"deletions":0}}}]},{"date":"2021-09-03","commitResults":[{"hash":"572ea4b90e72984ec9dddb7dc401ab007dd6c4b3","messageTitle":"Add a GUI to Duke","messageBody":"","fileTypesAndContributionMap":{"txt":{"insertions":2,"deletions":2},"java":{"insertions":181,"deletions":191}}}]}]},"authorFileTypeContributionMap":{"driip-ddrop":{"java":849,"md":2,"fxml":35,"sh":0,"bat":1,"gradle":18,"txt":9}},"authorContributionVariance":{"driip-ddrop":39286.67},"authorDisplayNameMap":{"driip-ddrop":"CS2103T-T09-2 GERM..TING"}}
