[{"path":"src/main/java/Deadline.java","fileType":"java","lines":[{"lineNumber":1,"author":{"gitId":"didymental"},"content":"/**","lastModifiedDate":"2021-08-18"},{"lineNumber":2,"author":{"gitId":"didymental"},"content":" * Represents a Deadline object that can be added","lastModifiedDate":"2021-08-18"},{"lineNumber":3,"author":{"gitId":"didymental"},"content":" * to users\u0027 task list.","lastModifiedDate":"2021-08-18"},{"lineNumber":4,"author":{"gitId":"didymental"},"content":" *","lastModifiedDate":"2021-08-18"},{"lineNumber":5,"author":{"gitId":"didymental"},"content":" * @author Ne Zhijian, Didymus A0218159Y","lastModifiedDate":"2021-08-18"},{"lineNumber":6,"author":{"gitId":"didymental"},"content":" */","lastModifiedDate":"2021-08-18"},{"lineNumber":7,"author":{"gitId":"didymental"},"content":"public class Deadline extends Task {","lastModifiedDate":"2021-08-18"},{"lineNumber":8,"author":{"gitId":"didymental"},"content":"    private final String deadline;","lastModifiedDate":"2021-08-18"},{"lineNumber":9,"author":{"gitId":"didymental"},"content":"","lastModifiedDate":"2021-08-18"},{"lineNumber":10,"author":{"gitId":"didymental"},"content":"    protected Deadline(String[] arrString) throws IllegalArgumentException {","lastModifiedDate":"2021-08-18"},{"lineNumber":11,"author":{"gitId":"didymental"},"content":"        super(arrString[0]);","lastModifiedDate":"2021-08-18"},{"lineNumber":12,"author":{"gitId":"didymental"},"content":"        if (arrString.length \u003c 2) {","lastModifiedDate":"2021-08-18"},{"lineNumber":13,"author":{"gitId":"didymental"},"content":"            throw new IllegalArgumentException(\"To indicate the date, please input \\\"/by {date}\\\" \");","lastModifiedDate":"2021-08-18"},{"lineNumber":14,"author":{"gitId":"didymental"},"content":"        }","lastModifiedDate":"2021-08-18"},{"lineNumber":15,"author":{"gitId":"didymental"},"content":"        this.deadline \u003d arrString[1];","lastModifiedDate":"2021-08-18"},{"lineNumber":16,"author":{"gitId":"didymental"},"content":"    }","lastModifiedDate":"2021-08-18"},{"lineNumber":17,"author":{"gitId":"didymental"},"content":"","lastModifiedDate":"2021-08-18"},{"lineNumber":18,"author":{"gitId":"didymental"},"content":"    /**","lastModifiedDate":"2021-08-18"},{"lineNumber":19,"author":{"gitId":"didymental"},"content":"     * String representation of the Deadline object","lastModifiedDate":"2021-08-18"},{"lineNumber":20,"author":{"gitId":"didymental"},"content":"     */","lastModifiedDate":"2021-08-18"},{"lineNumber":21,"author":{"gitId":"didymental"},"content":"    @Override","lastModifiedDate":"2021-08-18"},{"lineNumber":22,"author":{"gitId":"didymental"},"content":"    public String toString() {","lastModifiedDate":"2021-08-18"},{"lineNumber":23,"author":{"gitId":"didymental"},"content":"        String[] arrString \u003d this.deadline.split(\" \", 2);","lastModifiedDate":"2021-08-18"},{"lineNumber":24,"author":{"gitId":"didymental"},"content":"        return \"[D]\" + super.toString() + \"(\" + arrString[0] + \": \" + arrString[1] + \")\";","lastModifiedDate":"2021-08-18"},{"lineNumber":25,"author":{"gitId":"didymental"},"content":"    }","lastModifiedDate":"2021-08-18"},{"lineNumber":26,"author":{"gitId":"didymental"},"content":"}","lastModifiedDate":"2021-08-18"}],"authorContributionMap":{"didymental":26}},{"path":"src/main/java/Duke.java","fileType":"java","lines":[{"lineNumber":1,"author":{"gitId":"didymental"},"content":"import java.util.Scanner;","lastModifiedDate":"2021-08-18"},{"lineNumber":2,"author":{"gitId":"didymental"},"content":"","lastModifiedDate":"2021-08-18"},{"lineNumber":3,"author":{"gitId":"didymental"},"content":"/**","lastModifiedDate":"2021-08-18"},{"lineNumber":4,"author":{"gitId":"didymental"},"content":" * Represents a Duke chatbot that can add tasks","lastModifiedDate":"2021-08-18"},{"lineNumber":5,"author":{"gitId":"didymental"},"content":" * to users\u0027 to-do list.","lastModifiedDate":"2021-08-18"},{"lineNumber":6,"author":{"gitId":"didymental"},"content":" *","lastModifiedDate":"2021-08-18"},{"lineNumber":7,"author":{"gitId":"didymental"},"content":" * @author Ne Zhijian, Didymus A0218159Y","lastModifiedDate":"2021-08-18"},{"lineNumber":8,"author":{"gitId":"didymental"},"content":" */","lastModifiedDate":"2021-08-18"},{"lineNumber":9,"author":{"gitId":"-"},"content":"public class Duke {","lastModifiedDate":"2019-07-29"},{"lineNumber":10,"author":{"gitId":"didymental"},"content":"    private boolean isOpen;","lastModifiedDate":"2021-08-18"},{"lineNumber":11,"author":{"gitId":"didymental"},"content":"    private final String dukeLogo;","lastModifiedDate":"2021-08-18"},{"lineNumber":12,"author":{"gitId":"didymental"},"content":"    private TaskList listOfTasks;","lastModifiedDate":"2021-08-18"},{"lineNumber":13,"author":{"gitId":"didymental"},"content":"","lastModifiedDate":"2021-08-18"},{"lineNumber":14,"author":{"gitId":"didymental"},"content":"    private Duke() { // constructor for Duke chat bot object","lastModifiedDate":"2021-08-18"},{"lineNumber":15,"author":{"gitId":"didymental"},"content":"        this.dukeLogo \u003d \"      ____        _        \\n\" +","lastModifiedDate":"2021-08-18"},{"lineNumber":16,"author":{"gitId":"didymental"},"content":"                \"     |  _ \\\\ _   _| | _____ \\n\" +","lastModifiedDate":"2021-08-18"},{"lineNumber":17,"author":{"gitId":"didymental"},"content":"                \"     | | | | | | | |/ / _ \\\\\\n\" +","lastModifiedDate":"2021-08-18"},{"lineNumber":18,"author":{"gitId":"didymental"},"content":"                \"     | |_| | |_| |   \u003c  __/\\n\" +","lastModifiedDate":"2021-08-18"},{"lineNumber":19,"author":{"gitId":"didymental"},"content":"                \"     |____/ \\\\__,_|_|\\\\_\\\\___|\\n\";","lastModifiedDate":"2021-08-18"},{"lineNumber":20,"author":{"gitId":"didymental"},"content":"        this.listOfTasks \u003d TaskList.makeNewTaskList();","lastModifiedDate":"2021-08-18"},{"lineNumber":21,"author":{"gitId":"didymental"},"content":"    }","lastModifiedDate":"2021-08-18"},{"lineNumber":22,"author":{"gitId":"didymental"},"content":"","lastModifiedDate":"2021-08-18"},{"lineNumber":23,"author":{"gitId":"didymental"},"content":"    private void openDukeChatBot() {","lastModifiedDate":"2021-08-18"},{"lineNumber":24,"author":{"gitId":"didymental"},"content":"        this.isOpen \u003d true;","lastModifiedDate":"2021-08-18"},{"lineNumber":25,"author":{"gitId":"didymental"},"content":"        System.out.println(chatBotMessage(this.dukeLogo + \"\\n\" +","lastModifiedDate":"2021-08-18"},{"lineNumber":26,"author":{"gitId":"didymental"},"content":"                \"\\tHELLO! I\u0027m Duke\\n\" +","lastModifiedDate":"2021-08-18"},{"lineNumber":27,"author":{"gitId":"didymental"},"content":"                \"\\tTo ease your experience, here are some commands you can type: \\n\" +","lastModifiedDate":"2021-08-18"},{"lineNumber":28,"author":{"gitId":"didymental"},"content":"                    \"\\t\\t \u0027list\u0027: view all tasks in your task list\\n\" +","lastModifiedDate":"2021-08-18"},{"lineNumber":29,"author":{"gitId":"didymental"},"content":"                    \"\\t\\t \u0027bye\u0027: exit chat\\n\" +","lastModifiedDate":"2021-08-18"},{"lineNumber":30,"author":{"gitId":"didymental"},"content":"                \"\\tWhat can I do for you?\\n\"","lastModifiedDate":"2021-08-18"},{"lineNumber":31,"author":{"gitId":"didymental"},"content":"","lastModifiedDate":"2021-08-18"},{"lineNumber":32,"author":{"gitId":"didymental"},"content":"                )","lastModifiedDate":"2021-08-18"},{"lineNumber":33,"author":{"gitId":"didymental"},"content":"        );","lastModifiedDate":"2021-08-18"},{"lineNumber":34,"author":{"gitId":"didymental"},"content":"    }","lastModifiedDate":"2021-08-18"},{"lineNumber":35,"author":{"gitId":"didymental"},"content":"","lastModifiedDate":"2021-08-18"},{"lineNumber":36,"author":{"gitId":"didymental"},"content":"    private void closeDukeChatBot() {","lastModifiedDate":"2021-08-18"},{"lineNumber":37,"author":{"gitId":"didymental"},"content":"        this.isOpen \u003d false;","lastModifiedDate":"2021-08-18"},{"lineNumber":38,"author":{"gitId":"didymental"},"content":"        System.out.println(chatBotMessage(\"\\tBye. Hope to see you again soon!\\n\"));","lastModifiedDate":"2021-08-18"},{"lineNumber":39,"author":{"gitId":"didymental"},"content":"    }","lastModifiedDate":"2021-08-18"},{"lineNumber":40,"author":{"gitId":"didymental"},"content":"","lastModifiedDate":"2021-08-18"},{"lineNumber":41,"author":{"gitId":"didymental"},"content":"    private Task addTaskToList(String item) {","lastModifiedDate":"2021-08-18"},{"lineNumber":42,"author":{"gitId":"didymental"},"content":"        Task task \u003d Task.createTask(item);","lastModifiedDate":"2021-08-18"},{"lineNumber":43,"author":{"gitId":"didymental"},"content":"        this.listOfTasks.addTaskToList(task);","lastModifiedDate":"2021-08-18"},{"lineNumber":44,"author":{"gitId":"didymental"},"content":"        return task;","lastModifiedDate":"2021-08-18"},{"lineNumber":45,"author":{"gitId":"didymental"},"content":"    }","lastModifiedDate":"2021-08-18"},{"lineNumber":46,"author":{"gitId":"didymental"},"content":"","lastModifiedDate":"2021-08-18"},{"lineNumber":47,"author":{"gitId":"didymental"},"content":"    private String chatBotMessage(String reply) {","lastModifiedDate":"2021-08-18"},{"lineNumber":48,"author":{"gitId":"didymental"},"content":"        return \"\\t____________________________________________________________\\n\" +","lastModifiedDate":"2021-08-18"},{"lineNumber":49,"author":{"gitId":"didymental"},"content":"                reply +","lastModifiedDate":"2021-08-18"},{"lineNumber":50,"author":{"gitId":"didymental"},"content":"                \"\\t____________________________________________________________\\n\";","lastModifiedDate":"2021-08-18"},{"lineNumber":51,"author":{"gitId":"didymental"},"content":"    }","lastModifiedDate":"2021-08-18"},{"lineNumber":52,"author":{"gitId":"didymental"},"content":"","lastModifiedDate":"2021-08-18"},{"lineNumber":53,"author":{"gitId":"didymental"},"content":"    private String getFirstWord(String s) {","lastModifiedDate":"2021-08-18"},{"lineNumber":54,"author":{"gitId":"didymental"},"content":"        String[] arrString \u003d s.split(\" \", 2);","lastModifiedDate":"2021-08-18"},{"lineNumber":55,"author":{"gitId":"didymental"},"content":"        return arrString[0];","lastModifiedDate":"2021-08-18"},{"lineNumber":56,"author":{"gitId":"didymental"},"content":"    }","lastModifiedDate":"2021-08-18"},{"lineNumber":57,"author":{"gitId":"didymental"},"content":"","lastModifiedDate":"2021-08-18"},{"lineNumber":58,"author":{"gitId":"didymental"},"content":"    private int getSecondNum(String s) {","lastModifiedDate":"2021-08-18"},{"lineNumber":59,"author":{"gitId":"didymental"},"content":"        String[] arrString \u003d s.split(\" \", 2);","lastModifiedDate":"2021-08-18"},{"lineNumber":60,"author":{"gitId":"didymental"},"content":"        return Integer.parseInt(arrString[1]);","lastModifiedDate":"2021-08-18"},{"lineNumber":61,"author":{"gitId":"didymental"},"content":"    }","lastModifiedDate":"2021-08-18"},{"lineNumber":62,"author":{"gitId":"didymental"},"content":"","lastModifiedDate":"2021-08-18"},{"lineNumber":63,"author":{"gitId":"-"},"content":"    public static void main(String[] args) {","lastModifiedDate":"2019-07-29"},{"lineNumber":64,"author":{"gitId":"didymental"},"content":"        Duke d \u003d new Duke();","lastModifiedDate":"2021-08-18"},{"lineNumber":65,"author":{"gitId":"didymental"},"content":"        d.openDukeChatBot();","lastModifiedDate":"2021-08-18"},{"lineNumber":66,"author":{"gitId":"didymental"},"content":"        Scanner sc \u003d new Scanner(System.in);","lastModifiedDate":"2021-08-18"},{"lineNumber":67,"author":{"gitId":"didymental"},"content":"        while (d.isOpen) {","lastModifiedDate":"2021-08-18"},{"lineNumber":68,"author":{"gitId":"didymental"},"content":"            try {","lastModifiedDate":"2021-08-18"},{"lineNumber":69,"author":{"gitId":"didymental"},"content":"                String userInput \u003d sc.nextLine();","lastModifiedDate":"2021-08-18"},{"lineNumber":70,"author":{"gitId":"didymental"},"content":"                if (userInput.equals(\"bye\")) {","lastModifiedDate":"2021-08-18"},{"lineNumber":71,"author":{"gitId":"didymental"},"content":"                    d.closeDukeChatBot();","lastModifiedDate":"2021-08-18"},{"lineNumber":72,"author":{"gitId":"didymental"},"content":"                    sc.close();","lastModifiedDate":"2021-08-18"},{"lineNumber":73,"author":{"gitId":"didymental"},"content":"                } else if (userInput.equals(\"list\")) {","lastModifiedDate":"2021-08-18"},{"lineNumber":74,"author":{"gitId":"didymental"},"content":"                    System.out.println(d.chatBotMessage(d.listOfTasks.toString()));","lastModifiedDate":"2021-08-18"},{"lineNumber":75,"author":{"gitId":"didymental"},"content":"                } else if (d.getFirstWord(userInput).equals(\"done\")) {","lastModifiedDate":"2021-08-18"},{"lineNumber":76,"author":{"gitId":"didymental"},"content":"                    int i \u003d d.getSecondNum(userInput);","lastModifiedDate":"2021-08-18"},{"lineNumber":77,"author":{"gitId":"didymental"},"content":"                    d.listOfTasks.setTaskAsDone(i);","lastModifiedDate":"2021-08-18"},{"lineNumber":78,"author":{"gitId":"didymental"},"content":"                    System.out.println(d.chatBotMessage(\"\\tNice! I\u0027ve marked this task as done: \\n\" +","lastModifiedDate":"2021-08-18"},{"lineNumber":79,"author":{"gitId":"didymental"},"content":"                            \"\\t\\t\" + d.listOfTasks.getTask(i - 1) + \"\\n\"));","lastModifiedDate":"2021-08-18"},{"lineNumber":80,"author":{"gitId":"didymental"},"content":"                } else {","lastModifiedDate":"2021-08-18"},{"lineNumber":81,"author":{"gitId":"didymental"},"content":"                    System.out.println(d.chatBotMessage(\"\\tGot it. I\u0027ve added this task: \\n\" +","lastModifiedDate":"2021-08-18"},{"lineNumber":82,"author":{"gitId":"didymental"},"content":"                            \"\\t\\t\" + d.addTaskToList(userInput) + \"\\n\" +","lastModifiedDate":"2021-08-18"},{"lineNumber":83,"author":{"gitId":"didymental"},"content":"                            \"\\tNow you have \" + d.listOfTasks.getTotal() + \" in your list.\\n\"","lastModifiedDate":"2021-08-18"},{"lineNumber":84,"author":{"gitId":"didymental"},"content":"                            ));","lastModifiedDate":"2021-08-18"},{"lineNumber":85,"author":{"gitId":"didymental"},"content":"                }","lastModifiedDate":"2021-08-18"},{"lineNumber":86,"author":{"gitId":"didymental"},"content":"            } catch (IllegalArgumentException e) {","lastModifiedDate":"2021-08-18"},{"lineNumber":87,"author":{"gitId":"didymental"},"content":"                if (e.getMessage().contains(\"For input string:\")) {","lastModifiedDate":"2021-08-18"},{"lineNumber":88,"author":{"gitId":"didymental"},"content":"                    System.err.println(d.chatBotMessage(\"\\t\" + \"Input after \u0027done\u0027 has to be an integer\\n\"));","lastModifiedDate":"2021-08-18"},{"lineNumber":89,"author":{"gitId":"didymental"},"content":"                } else {","lastModifiedDate":"2021-08-18"},{"lineNumber":90,"author":{"gitId":"didymental"},"content":"                    System.err.println(d.chatBotMessage(\"\\t\" + e.getMessage() + \"\\n\"));","lastModifiedDate":"2021-08-18"},{"lineNumber":91,"author":{"gitId":"didymental"},"content":"                }","lastModifiedDate":"2021-08-18"},{"lineNumber":92,"author":{"gitId":"didymental"},"content":"","lastModifiedDate":"2021-08-18"},{"lineNumber":93,"author":{"gitId":"-"},"content":"            }","lastModifiedDate":"2019-07-29"},{"lineNumber":94,"author":{"gitId":"-"},"content":"        }","lastModifiedDate":"2019-07-29"},{"lineNumber":95,"author":{"gitId":"-"},"content":"    }","lastModifiedDate":"2021-08-18"},{"lineNumber":96,"author":{"gitId":"-"},"content":"}","lastModifiedDate":"2021-08-18"},{"lineNumber":97,"author":{"gitId":"didymental"},"content":"","lastModifiedDate":"2021-08-18"}],"authorContributionMap":{"-":6,"didymental":91}},{"path":"src/main/java/Event.java","fileType":"java","lines":[{"lineNumber":1,"author":{"gitId":"didymental"},"content":"/**","lastModifiedDate":"2021-08-18"},{"lineNumber":2,"author":{"gitId":"didymental"},"content":" * Represents an Event object that can be added","lastModifiedDate":"2021-08-18"},{"lineNumber":3,"author":{"gitId":"didymental"},"content":" * to users\u0027 task list.","lastModifiedDate":"2021-08-18"},{"lineNumber":4,"author":{"gitId":"didymental"},"content":" *","lastModifiedDate":"2021-08-18"},{"lineNumber":5,"author":{"gitId":"didymental"},"content":" * @author Ne Zhijian, Didymus A0218159Y","lastModifiedDate":"2021-08-18"},{"lineNumber":6,"author":{"gitId":"didymental"},"content":" */","lastModifiedDate":"2021-08-18"},{"lineNumber":7,"author":{"gitId":"didymental"},"content":"public class Event extends Task {","lastModifiedDate":"2021-08-18"},{"lineNumber":8,"author":{"gitId":"didymental"},"content":"    private final String startTime;","lastModifiedDate":"2021-08-18"},{"lineNumber":9,"author":{"gitId":"didymental"},"content":"","lastModifiedDate":"2021-08-18"},{"lineNumber":10,"author":{"gitId":"didymental"},"content":"    protected Event(String[] arrString) {","lastModifiedDate":"2021-08-18"},{"lineNumber":11,"author":{"gitId":"didymental"},"content":"        super(arrString[0]);","lastModifiedDate":"2021-08-18"},{"lineNumber":12,"author":{"gitId":"didymental"},"content":"        if (arrString.length \u003c 2) {","lastModifiedDate":"2021-08-18"},{"lineNumber":13,"author":{"gitId":"didymental"},"content":"            throw new IllegalArgumentException(\"To indicate the date, please input \\\"/at {date}\\\" \");","lastModifiedDate":"2021-08-18"},{"lineNumber":14,"author":{"gitId":"didymental"},"content":"        }","lastModifiedDate":"2021-08-18"},{"lineNumber":15,"author":{"gitId":"didymental"},"content":"        this.startTime \u003d arrString[1];","lastModifiedDate":"2021-08-18"},{"lineNumber":16,"author":{"gitId":"didymental"},"content":"    }","lastModifiedDate":"2021-08-18"},{"lineNumber":17,"author":{"gitId":"didymental"},"content":"","lastModifiedDate":"2021-08-18"},{"lineNumber":18,"author":{"gitId":"didymental"},"content":"    /**","lastModifiedDate":"2021-08-18"},{"lineNumber":19,"author":{"gitId":"didymental"},"content":"     * String representation of the Event object","lastModifiedDate":"2021-08-18"},{"lineNumber":20,"author":{"gitId":"didymental"},"content":"     */","lastModifiedDate":"2021-08-18"},{"lineNumber":21,"author":{"gitId":"didymental"},"content":"    @Override","lastModifiedDate":"2021-08-18"},{"lineNumber":22,"author":{"gitId":"didymental"},"content":"    public String toString() {","lastModifiedDate":"2021-08-18"},{"lineNumber":23,"author":{"gitId":"didymental"},"content":"        String[] arrString \u003d this.startTime.split(\" \", 2);","lastModifiedDate":"2021-08-18"},{"lineNumber":24,"author":{"gitId":"didymental"},"content":"        return \"[E]\" + super.toString() + \"(\" + arrString[0] + \": \" + arrString[1] + \")\";","lastModifiedDate":"2021-08-18"},{"lineNumber":25,"author":{"gitId":"didymental"},"content":"    }","lastModifiedDate":"2021-08-18"},{"lineNumber":26,"author":{"gitId":"didymental"},"content":"}","lastModifiedDate":"2021-08-18"}],"authorContributionMap":{"didymental":26}},{"path":"src/main/java/Task.java","fileType":"java","lines":[{"lineNumber":1,"author":{"gitId":"didymental"},"content":"/**","lastModifiedDate":"2021-08-18"},{"lineNumber":2,"author":{"gitId":"didymental"},"content":" * Represents a Task object that can be added","lastModifiedDate":"2021-08-18"},{"lineNumber":3,"author":{"gitId":"didymental"},"content":" * to users\u0027 task list.","lastModifiedDate":"2021-08-18"},{"lineNumber":4,"author":{"gitId":"didymental"},"content":" * A Task can be a ToDo, Deadline or Event.","lastModifiedDate":"2021-08-18"},{"lineNumber":5,"author":{"gitId":"didymental"},"content":" *","lastModifiedDate":"2021-08-18"},{"lineNumber":6,"author":{"gitId":"didymental"},"content":" * @author Ne Zhijian, Didymus A0218159Y","lastModifiedDate":"2021-08-18"},{"lineNumber":7,"author":{"gitId":"didymental"},"content":" */","lastModifiedDate":"2021-08-18"},{"lineNumber":8,"author":{"gitId":"didymental"},"content":"public class Task {","lastModifiedDate":"2021-08-18"},{"lineNumber":9,"author":{"gitId":"didymental"},"content":"    protected boolean isDone;","lastModifiedDate":"2021-08-18"},{"lineNumber":10,"author":{"gitId":"didymental"},"content":"    protected String task;","lastModifiedDate":"2021-08-18"},{"lineNumber":11,"author":{"gitId":"didymental"},"content":"","lastModifiedDate":"2021-08-18"},{"lineNumber":12,"author":{"gitId":"didymental"},"content":"    protected Task(String task) {","lastModifiedDate":"2021-08-18"},{"lineNumber":13,"author":{"gitId":"didymental"},"content":"        this.isDone \u003d false;","lastModifiedDate":"2021-08-18"},{"lineNumber":14,"author":{"gitId":"didymental"},"content":"        this.task \u003d task;","lastModifiedDate":"2021-08-18"},{"lineNumber":15,"author":{"gitId":"didymental"},"content":"    }","lastModifiedDate":"2021-08-18"},{"lineNumber":16,"author":{"gitId":"didymental"},"content":"","lastModifiedDate":"2021-08-18"},{"lineNumber":17,"author":{"gitId":"didymental"},"content":"    /**","lastModifiedDate":"2021-08-18"},{"lineNumber":18,"author":{"gitId":"didymental"},"content":"     * Creates a new Task object","lastModifiedDate":"2021-08-18"},{"lineNumber":19,"author":{"gitId":"didymental"},"content":"     *","lastModifiedDate":"2021-08-18"},{"lineNumber":20,"author":{"gitId":"didymental"},"content":"     * @param task String description of the task","lastModifiedDate":"2021-08-18"},{"lineNumber":21,"author":{"gitId":"didymental"},"content":"     */","lastModifiedDate":"2021-08-18"},{"lineNumber":22,"author":{"gitId":"didymental"},"content":"    public static Task createTask(String task) {","lastModifiedDate":"2021-08-18"},{"lineNumber":23,"author":{"gitId":"didymental"},"content":"        String[] taskArr \u003d task.split(\" \", 2);","lastModifiedDate":"2021-08-18"},{"lineNumber":24,"author":{"gitId":"didymental"},"content":"        String firstWord \u003d taskArr[0];","lastModifiedDate":"2021-08-18"},{"lineNumber":25,"author":{"gitId":"didymental"},"content":"","lastModifiedDate":"2021-08-18"},{"lineNumber":26,"author":{"gitId":"didymental"},"content":"        if (firstWord.equals(\"todo\")) {","lastModifiedDate":"2021-08-18"},{"lineNumber":27,"author":{"gitId":"didymental"},"content":"            return new ToDo(taskArr[1]);","lastModifiedDate":"2021-08-18"},{"lineNumber":28,"author":{"gitId":"didymental"},"content":"        } else if (firstWord.equals(\"deadline\")) {","lastModifiedDate":"2021-08-18"},{"lineNumber":29,"author":{"gitId":"didymental"},"content":"            return new Deadline(taskArr[1].split(\"/\", 2));","lastModifiedDate":"2021-08-18"},{"lineNumber":30,"author":{"gitId":"didymental"},"content":"        } else if (firstWord.equals(\"event\")) {","lastModifiedDate":"2021-08-18"},{"lineNumber":31,"author":{"gitId":"didymental"},"content":"            return new Event(taskArr[1].split(\"/\", 2));","lastModifiedDate":"2021-08-18"},{"lineNumber":32,"author":{"gitId":"didymental"},"content":"        } else {","lastModifiedDate":"2021-08-18"},{"lineNumber":33,"author":{"gitId":"didymental"},"content":"            return new Task(task);","lastModifiedDate":"2021-08-18"},{"lineNumber":34,"author":{"gitId":"didymental"},"content":"        }","lastModifiedDate":"2021-08-18"},{"lineNumber":35,"author":{"gitId":"didymental"},"content":"","lastModifiedDate":"2021-08-18"},{"lineNumber":36,"author":{"gitId":"didymental"},"content":"    }","lastModifiedDate":"2021-08-18"},{"lineNumber":37,"author":{"gitId":"didymental"},"content":"","lastModifiedDate":"2021-08-18"},{"lineNumber":38,"author":{"gitId":"didymental"},"content":"    /**","lastModifiedDate":"2021-08-18"},{"lineNumber":39,"author":{"gitId":"didymental"},"content":"     * Sets the task to be done","lastModifiedDate":"2021-08-18"},{"lineNumber":40,"author":{"gitId":"didymental"},"content":"     */","lastModifiedDate":"2021-08-18"},{"lineNumber":41,"author":{"gitId":"didymental"},"content":"    public void markAsDone() {","lastModifiedDate":"2021-08-18"},{"lineNumber":42,"author":{"gitId":"didymental"},"content":"        this.isDone \u003d true;","lastModifiedDate":"2021-08-18"},{"lineNumber":43,"author":{"gitId":"didymental"},"content":"    }","lastModifiedDate":"2021-08-18"},{"lineNumber":44,"author":{"gitId":"didymental"},"content":"","lastModifiedDate":"2021-08-18"},{"lineNumber":45,"author":{"gitId":"didymental"},"content":"    /**","lastModifiedDate":"2021-08-18"},{"lineNumber":46,"author":{"gitId":"didymental"},"content":"     * String representation of the Task object","lastModifiedDate":"2021-08-18"},{"lineNumber":47,"author":{"gitId":"didymental"},"content":"     */","lastModifiedDate":"2021-08-18"},{"lineNumber":48,"author":{"gitId":"didymental"},"content":"    @Override","lastModifiedDate":"2021-08-18"},{"lineNumber":49,"author":{"gitId":"didymental"},"content":"    public String toString() {","lastModifiedDate":"2021-08-18"},{"lineNumber":50,"author":{"gitId":"didymental"},"content":"        String checker \u003d this.isDone ? \"X\" : \" \";","lastModifiedDate":"2021-08-18"},{"lineNumber":51,"author":{"gitId":"didymental"},"content":"        return \"[\" + checker + \"]\" + \" \" + this.task;","lastModifiedDate":"2021-08-18"},{"lineNumber":52,"author":{"gitId":"didymental"},"content":"    }","lastModifiedDate":"2021-08-18"},{"lineNumber":53,"author":{"gitId":"didymental"},"content":"}","lastModifiedDate":"2021-08-18"}],"authorContributionMap":{"didymental":53}},{"path":"src/main/java/TaskList.java","fileType":"java","lines":[{"lineNumber":1,"author":{"gitId":"didymental"},"content":"import java.util.ArrayList;","lastModifiedDate":"2021-08-18"},{"lineNumber":2,"author":{"gitId":"didymental"},"content":"","lastModifiedDate":"2021-08-18"},{"lineNumber":3,"author":{"gitId":"didymental"},"content":"/**","lastModifiedDate":"2021-08-18"},{"lineNumber":4,"author":{"gitId":"didymental"},"content":" * Represents a Task List that stores the log of","lastModifiedDate":"2021-08-18"},{"lineNumber":5,"author":{"gitId":"didymental"},"content":" * tasks in the users\u0027 to-do list.","lastModifiedDate":"2021-08-18"},{"lineNumber":6,"author":{"gitId":"didymental"},"content":" *","lastModifiedDate":"2021-08-18"},{"lineNumber":7,"author":{"gitId":"didymental"},"content":" * @author Ne Zhijian, Didymus A0218159Y","lastModifiedDate":"2021-08-18"},{"lineNumber":8,"author":{"gitId":"didymental"},"content":" */","lastModifiedDate":"2021-08-18"},{"lineNumber":9,"author":{"gitId":"didymental"},"content":"public class TaskList {","lastModifiedDate":"2021-08-18"},{"lineNumber":10,"author":{"gitId":"didymental"},"content":"    private ArrayList\u003cTask\u003e listOfTasks;","lastModifiedDate":"2021-08-18"},{"lineNumber":11,"author":{"gitId":"didymental"},"content":"","lastModifiedDate":"2021-08-18"},{"lineNumber":12,"author":{"gitId":"didymental"},"content":"    private TaskList() {","lastModifiedDate":"2021-08-18"},{"lineNumber":13,"author":{"gitId":"didymental"},"content":"        this.listOfTasks \u003d new ArrayList\u003c\u003e();","lastModifiedDate":"2021-08-18"},{"lineNumber":14,"author":{"gitId":"didymental"},"content":"    }","lastModifiedDate":"2021-08-18"},{"lineNumber":15,"author":{"gitId":"didymental"},"content":"","lastModifiedDate":"2021-08-18"},{"lineNumber":16,"author":{"gitId":"didymental"},"content":"    /**","lastModifiedDate":"2021-08-18"},{"lineNumber":17,"author":{"gitId":"didymental"},"content":"     * Returns the total number of tasks in the list.","lastModifiedDate":"2021-08-18"},{"lineNumber":18,"author":{"gitId":"didymental"},"content":"     */","lastModifiedDate":"2021-08-18"},{"lineNumber":19,"author":{"gitId":"didymental"},"content":"    public String getTotal() {","lastModifiedDate":"2021-08-18"},{"lineNumber":20,"author":{"gitId":"didymental"},"content":"        int total \u003d this.listOfTasks.size();","lastModifiedDate":"2021-08-18"},{"lineNumber":21,"author":{"gitId":"didymental"},"content":"        return total + (total \u003d\u003d 1 ? \" task\" : \" tasks\");","lastModifiedDate":"2021-08-18"},{"lineNumber":22,"author":{"gitId":"didymental"},"content":"    }","lastModifiedDate":"2021-08-18"},{"lineNumber":23,"author":{"gitId":"didymental"},"content":"","lastModifiedDate":"2021-08-18"},{"lineNumber":24,"author":{"gitId":"didymental"},"content":"    /**","lastModifiedDate":"2021-08-18"},{"lineNumber":25,"author":{"gitId":"didymental"},"content":"     * Add a task into the list of tasks.","lastModifiedDate":"2021-08-18"},{"lineNumber":26,"author":{"gitId":"didymental"},"content":"     *","lastModifiedDate":"2021-08-18"},{"lineNumber":27,"author":{"gitId":"didymental"},"content":"     * @param task the task to be added into the list of tasks.","lastModifiedDate":"2021-08-18"},{"lineNumber":28,"author":{"gitId":"didymental"},"content":"     */","lastModifiedDate":"2021-08-18"},{"lineNumber":29,"author":{"gitId":"didymental"},"content":"    public void addTaskToList(Task task) {","lastModifiedDate":"2021-08-18"},{"lineNumber":30,"author":{"gitId":"didymental"},"content":"        this.listOfTasks.add(task);","lastModifiedDate":"2021-08-18"},{"lineNumber":31,"author":{"gitId":"didymental"},"content":"    }","lastModifiedDate":"2021-08-18"},{"lineNumber":32,"author":{"gitId":"didymental"},"content":"","lastModifiedDate":"2021-08-18"},{"lineNumber":33,"author":{"gitId":"didymental"},"content":"    /**","lastModifiedDate":"2021-08-18"},{"lineNumber":34,"author":{"gitId":"didymental"},"content":"     * Create a TaskList object.","lastModifiedDate":"2021-08-18"},{"lineNumber":35,"author":{"gitId":"didymental"},"content":"     *","lastModifiedDate":"2021-08-18"},{"lineNumber":36,"author":{"gitId":"didymental"},"content":"     * @return a new TaskList that has no tasks stored.","lastModifiedDate":"2021-08-18"},{"lineNumber":37,"author":{"gitId":"didymental"},"content":"     */","lastModifiedDate":"2021-08-18"},{"lineNumber":38,"author":{"gitId":"didymental"},"content":"    public static TaskList makeNewTaskList() {","lastModifiedDate":"2021-08-18"},{"lineNumber":39,"author":{"gitId":"didymental"},"content":"        return new TaskList();","lastModifiedDate":"2021-08-18"},{"lineNumber":40,"author":{"gitId":"didymental"},"content":"    }","lastModifiedDate":"2021-08-18"},{"lineNumber":41,"author":{"gitId":"didymental"},"content":"","lastModifiedDate":"2021-08-18"},{"lineNumber":42,"author":{"gitId":"didymental"},"content":"    /**","lastModifiedDate":"2021-08-18"},{"lineNumber":43,"author":{"gitId":"didymental"},"content":"     * Sets the status of the specified task as \u0027done\u0027.","lastModifiedDate":"2021-08-18"},{"lineNumber":44,"author":{"gitId":"didymental"},"content":"     * @param i Index of the task in the task list, that","lastModifiedDate":"2021-08-18"},{"lineNumber":45,"author":{"gitId":"didymental"},"content":"     *          is to be set as \u0027done\u0027.","lastModifiedDate":"2021-08-18"},{"lineNumber":46,"author":{"gitId":"didymental"},"content":"     */","lastModifiedDate":"2021-08-18"},{"lineNumber":47,"author":{"gitId":"didymental"},"content":"    public void setTaskAsDone(int i) throws IllegalArgumentException {","lastModifiedDate":"2021-08-18"},{"lineNumber":48,"author":{"gitId":"didymental"},"content":"        if (i \u003c 1 || i \u003e this.listOfTasks.size()) {","lastModifiedDate":"2021-08-18"},{"lineNumber":49,"author":{"gitId":"didymental"},"content":"            throw new IllegalArgumentException(\"There is no such task saved in the list.\");","lastModifiedDate":"2021-08-18"},{"lineNumber":50,"author":{"gitId":"didymental"},"content":"        }","lastModifiedDate":"2021-08-18"},{"lineNumber":51,"author":{"gitId":"didymental"},"content":"        this.listOfTasks.get(i - 1).markAsDone();","lastModifiedDate":"2021-08-18"},{"lineNumber":52,"author":{"gitId":"didymental"},"content":"    }","lastModifiedDate":"2021-08-18"},{"lineNumber":53,"author":{"gitId":"didymental"},"content":"","lastModifiedDate":"2021-08-18"},{"lineNumber":54,"author":{"gitId":"didymental"},"content":"    /**","lastModifiedDate":"2021-08-18"},{"lineNumber":55,"author":{"gitId":"didymental"},"content":"     * Returns the task at the specified position.","lastModifiedDate":"2021-08-18"},{"lineNumber":56,"author":{"gitId":"didymental"},"content":"     * @param i Index of the task in the task list, that","lastModifiedDate":"2021-08-18"},{"lineNumber":57,"author":{"gitId":"didymental"},"content":"     *          is to be returned.","lastModifiedDate":"2021-08-18"},{"lineNumber":58,"author":{"gitId":"didymental"},"content":"     */","lastModifiedDate":"2021-08-18"},{"lineNumber":59,"author":{"gitId":"didymental"},"content":"    public Task getTask(int i) {","lastModifiedDate":"2021-08-18"},{"lineNumber":60,"author":{"gitId":"didymental"},"content":"        return this.listOfTasks.get(i);","lastModifiedDate":"2021-08-18"},{"lineNumber":61,"author":{"gitId":"didymental"},"content":"    }","lastModifiedDate":"2021-08-18"},{"lineNumber":62,"author":{"gitId":"didymental"},"content":"","lastModifiedDate":"2021-08-18"},{"lineNumber":63,"author":{"gitId":"didymental"},"content":"    /**","lastModifiedDate":"2021-08-18"},{"lineNumber":64,"author":{"gitId":"didymental"},"content":"     * String representation of the TaskList object.","lastModifiedDate":"2021-08-18"},{"lineNumber":65,"author":{"gitId":"didymental"},"content":"     */","lastModifiedDate":"2021-08-18"},{"lineNumber":66,"author":{"gitId":"didymental"},"content":"    @Override","lastModifiedDate":"2021-08-18"},{"lineNumber":67,"author":{"gitId":"didymental"},"content":"    public String toString() {","lastModifiedDate":"2021-08-18"},{"lineNumber":68,"author":{"gitId":"didymental"},"content":"        if (this.listOfTasks.size() \u003d\u003d 0) { // if there is no task within list","lastModifiedDate":"2021-08-18"},{"lineNumber":69,"author":{"gitId":"didymental"},"content":"            return \"\\tYou have not added any tasks to your list.\\n\"","lastModifiedDate":"2021-08-18"},{"lineNumber":70,"author":{"gitId":"didymental"},"content":"                    + \"\\tLog any task you wish to add.\\n\";","lastModifiedDate":"2021-08-18"},{"lineNumber":71,"author":{"gitId":"didymental"},"content":"        }","lastModifiedDate":"2021-08-18"},{"lineNumber":72,"author":{"gitId":"didymental"},"content":"        int i \u003d 1;","lastModifiedDate":"2021-08-18"},{"lineNumber":73,"author":{"gitId":"didymental"},"content":"        String toPrint \u003d \"\";","lastModifiedDate":"2021-08-18"},{"lineNumber":74,"author":{"gitId":"didymental"},"content":"","lastModifiedDate":"2021-08-18"},{"lineNumber":75,"author":{"gitId":"didymental"},"content":"        for (Task task : this.listOfTasks) {","lastModifiedDate":"2021-08-18"},{"lineNumber":76,"author":{"gitId":"didymental"},"content":"            toPrint \u003d toPrint + \"\\t\" + i + \". \" + task + \"\\n\";","lastModifiedDate":"2021-08-18"},{"lineNumber":77,"author":{"gitId":"didymental"},"content":"            i++;","lastModifiedDate":"2021-08-18"},{"lineNumber":78,"author":{"gitId":"didymental"},"content":"        }","lastModifiedDate":"2021-08-18"},{"lineNumber":79,"author":{"gitId":"didymental"},"content":"        return toPrint;","lastModifiedDate":"2021-08-18"},{"lineNumber":80,"author":{"gitId":"didymental"},"content":"    }","lastModifiedDate":"2021-08-18"},{"lineNumber":81,"author":{"gitId":"didymental"},"content":"}","lastModifiedDate":"2021-08-18"}],"authorContributionMap":{"didymental":81}},{"path":"src/main/java/ToDo.java","fileType":"java","lines":[{"lineNumber":1,"author":{"gitId":"didymental"},"content":"/**","lastModifiedDate":"2021-08-18"},{"lineNumber":2,"author":{"gitId":"didymental"},"content":" * Represents a ToDo object that can be added","lastModifiedDate":"2021-08-18"},{"lineNumber":3,"author":{"gitId":"didymental"},"content":" * to users\u0027 task list.","lastModifiedDate":"2021-08-18"},{"lineNumber":4,"author":{"gitId":"didymental"},"content":" *","lastModifiedDate":"2021-08-18"},{"lineNumber":5,"author":{"gitId":"didymental"},"content":" * @author Ne Zhijian, Didymus A0218159Y","lastModifiedDate":"2021-08-18"},{"lineNumber":6,"author":{"gitId":"didymental"},"content":" */","lastModifiedDate":"2021-08-18"},{"lineNumber":7,"author":{"gitId":"didymental"},"content":"public class ToDo extends Task {","lastModifiedDate":"2021-08-18"},{"lineNumber":8,"author":{"gitId":"didymental"},"content":"","lastModifiedDate":"2021-08-18"},{"lineNumber":9,"author":{"gitId":"didymental"},"content":"    protected ToDo(String s) {","lastModifiedDate":"2021-08-18"},{"lineNumber":10,"author":{"gitId":"didymental"},"content":"        super(s);","lastModifiedDate":"2021-08-18"},{"lineNumber":11,"author":{"gitId":"didymental"},"content":"    }","lastModifiedDate":"2021-08-18"},{"lineNumber":12,"author":{"gitId":"didymental"},"content":"","lastModifiedDate":"2021-08-18"},{"lineNumber":13,"author":{"gitId":"didymental"},"content":"    /**","lastModifiedDate":"2021-08-18"},{"lineNumber":14,"author":{"gitId":"didymental"},"content":"     * String representation of the ToDo object","lastModifiedDate":"2021-08-18"},{"lineNumber":15,"author":{"gitId":"didymental"},"content":"     */","lastModifiedDate":"2021-08-18"},{"lineNumber":16,"author":{"gitId":"didymental"},"content":"    @Override","lastModifiedDate":"2021-08-18"},{"lineNumber":17,"author":{"gitId":"didymental"},"content":"    public String toString() {","lastModifiedDate":"2021-08-18"},{"lineNumber":18,"author":{"gitId":"didymental"},"content":"        return \"[T]\" + super.toString();","lastModifiedDate":"2021-08-18"},{"lineNumber":19,"author":{"gitId":"didymental"},"content":"    }","lastModifiedDate":"2021-08-18"},{"lineNumber":20,"author":{"gitId":"didymental"},"content":"","lastModifiedDate":"2021-08-18"},{"lineNumber":21,"author":{"gitId":"didymental"},"content":"}","lastModifiedDate":"2021-08-18"}],"authorContributionMap":{"didymental":21}}]
