{"authorDailyContributionsMap":{"nzixuan":[{"date":"2021-08-17","commitResults":[{"hash":"f018b6a7492c2ae6fcbac5e854289d62cdd9c169","messageTitle":"Added basic Duke Skeleton","messageBody":"","tags":["Level-1"],"fileTypesAndContributionMap":{"java":{"insertions":36,"deletions":7}}},{"hash":"9b6de69765f0a9a8a9b9fad5f1cdf5d510e7377b","messageTitle":"Added add and list features","messageBody":"","tags":["Level-2"],"fileTypesAndContributionMap":{"java":{"insertions":35,"deletions":1}}},{"hash":"0a4ba7234e14885ac9e4d06e17ed56bd55f08f06","messageTitle":"Added task object and ability to mark as done","messageBody":"","tags":["Level-3"],"fileTypesAndContributionMap":{"java":{"insertions":51,"deletions":10}}},{"hash":"e5ef39fb37a1fc79ff1f18c22c15d8fb40189e3e","messageTitle":"Added Event, Todo and Deadline and respective functionalities","messageBody":"","tags":["Level-4"],"fileTypesAndContributionMap":{"java":{"insertions":92,"deletions":11}}},{"hash":"cba5752e089db1d07cb7634e1b040551dd4fabf8","messageTitle":"Added Testing","messageBody":"","tags":["A-TextUiTesting"],"fileTypesAndContributionMap":{"txt":{"insertions":7,"deletions":0},"sh":{"insertions":2,"deletions":2}}}]},{"date":"2021-08-18","commitResults":[{"hash":"936c75fa1cabdad6a1ab1ecd6b6e87e600efce32","messageTitle":"Refactored code to include exceptions and enums","messageBody":"","tags":["Level-5","A-Enums"],"fileTypesAndContributionMap":{"txt":{"insertions":7,"deletions":0},"java":{"insertions":101,"deletions":63}}},{"hash":"9e9c112578d6c9283f522d08bd5414cfcd993086","messageTitle":"Added delete task","messageBody":"","tags":["Level-6"],"fileTypesAndContributionMap":{"txt":{"insertions":4,"deletions":0},"java":{"insertions":30,"deletions":6}}}]},{"date":"2021-08-24","commitResults":[{"hash":"1c74feaca1c9a0e979424868444bd5b55aed6a9e","messageTitle":"Add save feature","messageBody":"","tags":["Level-7"],"fileTypesAndContributionMap":{"java":{"insertions":131,"deletions":26}}},{"hash":"83cdcea6544719586f14243ab6c864060e29339c","messageTitle":"Add date time parsing to Deadline","messageBody":"","tags":["Level-8"],"fileTypesAndContributionMap":{"java":{"insertions":33,"deletions":5}}}]},{"date":"2021-08-25","commitResults":[{"hash":"b6772425fa667af9da091b6bbd70f27812ee0100","messageTitle":"Refactor code to include packages and more OOP","messageBody":"","tags":["A-Packages","A-MoreOOP"],"fileTypesAndContributionMap":{"java":{"insertions":506,"deletions":280},"bat":{"insertions":1,"deletions":1},"md":{"insertions":2,"deletions":2}}},{"hash":"316bd17b8c721b2a6c52b62f116e6f2e4f58b518","messageTitle":"Add JUnit Testing for Parser and Ui class","messageBody":"","tags":["A-JUnit"],"fileTypesAndContributionMap":{"java":{"insertions":62,"deletions":4}}},{"hash":"5be7e267ee6640978d60f51b261a161b8fb0efa5","messageTitle":"Add JavaDoc for all public classes","messageBody":"","tags":["A-JavaDoc"],"fileTypesAndContributionMap":{"java":{"insertions":110,"deletions":6}}},{"hash":"fa470b8fc5b3f9bde2f5c62bb3c7dc52f90c7791","messageTitle":"Refactored code to comply with java coding standards","messageBody":"","tags":["A-CodingStandard"],"fileTypesAndContributionMap":{"java":{"insertions":114,"deletions":97}}},{"hash":"20988a827a1b41b4a17febac5b4816103d817eaf","messageTitle":"Add find functionality","messageBody":"","tags":["Level-9"],"fileTypesAndContributionMap":{"java":{"insertions":41,"deletions":0}}},{"hash":"e80493d2e922d4122dd857599fbb8eb6e861f3e3","messageTitle":"Add more JavaDoc to Command and Task packages","messageBody":"","fileTypesAndContributionMap":{"java":{"insertions":187,"deletions":23}}}]},{"date":"2021-09-01","commitResults":[{"hash":"0dc30b329f11d29836c3c09d89386d86c6ff47b4","messageTitle":"Add gradle and checkstyle support","messageBody":"","tags":["A-Gradle","A-CheckStyle"],"fileTypesAndContributionMap":{"gradle":{"insertions":1,"deletions":1},"txt":{"insertions":2,"deletions":0},"java":{"insertions":55,"deletions":40}}}]},{"date":"2021-09-02","commitResults":[{"hash":"78b3ac402a7339286a4016bfe44aee5afaf0904a","messageTitle":"Refactor code for JavaFX UI.","messageBody":"","tags":["Level-10"],"fileTypesAndContributionMap":{"gradle":{"insertions":16,"deletions":0},"txt":{"insertions":4,"deletions":0},"fxml":{"insertions":41,"deletions":0},"java":{"insertions":231,"deletions":96}}}]},{"date":"2021-09-07","commitResults":[{"hash":"46c7cb6c4bcc06f46db4eaf90850d6321ce8fca1","messageTitle":"Add shadow jar plugin and support","messageBody":"Current jar files built do not have the libraries included when built.\n\nShadow plugin allows easy building of the project with the necessary libraries included.\n\nLet\u0027s add support for the plugin and also fix issues with system fonts when building the jar files.\n","tags":["A-FullCommitMessage"],"fileTypesAndContributionMap":{"gradle":{"insertions":1,"deletions":1},"txt":{"insertions":1,"deletions":1},"fxml":{"insertions":14,"deletions":6}}},{"hash":"bf652f16d19e0424e83b2bd225573b8f3c60ac9c","messageTitle":"Add assertions","messageBody":"Assumptions made while coding are not verified and can cause errors while running the code.\n\nAssertions are simple to implement ways to ensure assumptions are met.\n\nLet\u0027s add assertions in important junctures to make sure that code is ran without errors.\n","tags":["A-Assertions"],"fileTypesAndContributionMap":{"java":{"insertions":3,"deletions":1}}}]},{"date":"2021-09-08","commitResults":[{"hash":"ef24350f04c8f036617af1b240066c54326a5d2d","messageTitle":"Refactor code to be more inline with code quality standards","messageBody":"","tags":["A-CodeQuality"],"fileTypesAndContributionMap":{"java":{"insertions":94,"deletions":96}}},{"hash":"1d254eda7e05c11551825a0fd2507e9f05853348","messageTitle":"Add Recurring Task Feature","messageBody":"","tags":["BCD-Extension","B-RecurringTasks"],"fileTypesAndContributionMap":{"txt":{"insertions":3,"deletions":6},"java":{"insertions":154,"deletions":2}}}]},{"date":"2021-09-16","commitResults":[{"hash":"fe34b031706edaa5905a02298abda6879ddd33f4","messageTitle":"Tweak GUI to be more suitable for usage","messageBody":"","tags":["BetterGui"],"fileTypesAndContributionMap":{"txt":{"insertions":3,"deletions":3},"fxml":{"insertions":12,"deletions":5},"java":{"insertions":1,"deletions":1}}},{"hash":"9ae0a5eac2879678ee9ea538cd5057de60c121b7","messageTitle":"Update README.md","messageBody":"","tags":["A-UserGuide"],"fileTypesAndContributionMap":{"md":{"insertions":109,"deletions":24}}},{"hash":"5c5152ee12e929c0b128cb564fa38a998a2b0446","messageTitle":"Edit final changes to program logic","messageBody":"","fileTypesAndContributionMap":{"java":{"insertions":0,"deletions":2}}},{"hash":"cda895b786f4e2dfaa20ff9c7359eaa2f815f731","messageTitle":"Move README.md to documentation folder","messageBody":"","fileTypesAndContributionMap":{"md":{"insertions":0,"deletions":109}}},{"hash":"6d6001550b3f8d706107be44d7d2fa472b23a91f","messageTitle":"Move README.md to documentation folder","messageBody":"","fileTypesAndContributionMap":{"md":{"insertions":95,"deletions":16}}},{"hash":"39e4b9ee55ff43df41da2539c5af471cb740bf86","messageTitle":"Edit final changes to README.md and UI for release v1.0","messageBody":"","tags":["A-Release"],"fileTypesAndContributionMap":{"fxml":{"insertions":12,"deletions":6},"md":{"insertions":1,"deletions":0}}}]}]},"authorFileTypeContributionMap":{"nzixuan":{"java":1301,"md":84,"fxml":62,"sh":1,"bat":1,"gradle":17,"txt":21}},"authorContributionVariance":{"nzixuan":60645.457},"authorDisplayNameMap":{"nzixuan":"CS2103-T16-4 NG Z..XUAN"}}
