{"authorDailyContributionsMap":{"nzixuan":[{"date":"2021-08-17","commitResults":[{"hash":"f018b6a7492c2ae6fcbac5e854289d62cdd9c169","messageTitle":"Added basic Duke Skeleton","messageBody":"","tags":["Level-1"],"fileTypesAndContributionMap":{"java":{"insertions":36,"deletions":7}}},{"hash":"9b6de69765f0a9a8a9b9fad5f1cdf5d510e7377b","messageTitle":"Added add and list features","messageBody":"","tags":["Level-2"],"fileTypesAndContributionMap":{"java":{"insertions":35,"deletions":1}}},{"hash":"0a4ba7234e14885ac9e4d06e17ed56bd55f08f06","messageTitle":"Added task object and ability to mark as done","messageBody":"","tags":["Level-3"],"fileTypesAndContributionMap":{"java":{"insertions":51,"deletions":10}}},{"hash":"e5ef39fb37a1fc79ff1f18c22c15d8fb40189e3e","messageTitle":"Added Event, Todo and Deadline and respective functionalities","messageBody":"","tags":["Level-4"],"fileTypesAndContributionMap":{"java":{"insertions":92,"deletions":11}}},{"hash":"cba5752e089db1d07cb7634e1b040551dd4fabf8","messageTitle":"Added Testing","messageBody":"","tags":["A-TextUiTesting"],"fileTypesAndContributionMap":{"txt":{"insertions":7,"deletions":0},"sh":{"insertions":2,"deletions":2}}}]},{"date":"2021-08-18","commitResults":[{"hash":"936c75fa1cabdad6a1ab1ecd6b6e87e600efce32","messageTitle":"Refactored code to include exceptions and enums","messageBody":"","tags":["Level-5","A-Enums"],"fileTypesAndContributionMap":{"txt":{"insertions":7,"deletions":0},"java":{"insertions":101,"deletions":63}}},{"hash":"9e9c112578d6c9283f522d08bd5414cfcd993086","messageTitle":"Added delete task","messageBody":"","tags":["Level-6"],"fileTypesAndContributionMap":{"txt":{"insertions":4,"deletions":0},"java":{"insertions":30,"deletions":6}}}]},{"date":"2021-08-24","commitResults":[{"hash":"1c74feaca1c9a0e979424868444bd5b55aed6a9e","messageTitle":"Add save feature","messageBody":"","tags":["Level-7"],"fileTypesAndContributionMap":{"java":{"insertions":131,"deletions":26}}},{"hash":"83cdcea6544719586f14243ab6c864060e29339c","messageTitle":"Add date time parsing to Deadline","messageBody":"","tags":["Level-8"],"fileTypesAndContributionMap":{"java":{"insertions":33,"deletions":5}}}]},{"date":"2021-08-25","commitResults":[{"hash":"b6772425fa667af9da091b6bbd70f27812ee0100","messageTitle":"Refactor code to include packages and more OOP","messageBody":"","tags":["A-Packages","A-MoreOOP"],"fileTypesAndContributionMap":{"java":{"insertions":506,"deletions":280},"bat":{"insertions":1,"deletions":1},"md":{"insertions":2,"deletions":2}}},{"hash":"316bd17b8c721b2a6c52b62f116e6f2e4f58b518","messageTitle":"Add JUnit Testing for Parser and Ui class","messageBody":"","tags":["A-JUnit"],"fileTypesAndContributionMap":{"java":{"insertions":62,"deletions":4}}},{"hash":"5be7e267ee6640978d60f51b261a161b8fb0efa5","messageTitle":"Add JavaDoc for all public classes","messageBody":"","tags":["A-JavaDoc"],"fileTypesAndContributionMap":{"java":{"insertions":110,"deletions":6}}},{"hash":"fa470b8fc5b3f9bde2f5c62bb3c7dc52f90c7791","messageTitle":"Refactored code to comply with java coding standards","messageBody":"","tags":["A-CodingStandard"],"fileTypesAndContributionMap":{"java":{"insertions":114,"deletions":97}}},{"hash":"20988a827a1b41b4a17febac5b4816103d817eaf","messageTitle":"Add find functionality","messageBody":"","tags":["Level-9"],"fileTypesAndContributionMap":{"java":{"insertions":41,"deletions":0}}},{"hash":"e80493d2e922d4122dd857599fbb8eb6e861f3e3","messageTitle":"Add more JavaDoc to Command and Task packages","messageBody":"","fileTypesAndContributionMap":{"java":{"insertions":187,"deletions":23}}}]}]},"authorFileTypeContributionMap":{"nzixuan":{"java":1001,"md":2,"fxml":0,"sh":1,"bat":1,"gradle":0,"txt":18}},"authorContributionVariance":{"nzixuan":114749.04},"authorDisplayNameMap":{"nzixuan":"CS2103-T16-4 NG Z..XUAN"}}
