[{"path":"src/main/java/Deadline.java","fileType":"java","lines":[{"lineNumber":1,"author":{"gitId":"Li-Lehao"},"content":"public class Deadline extends Task{","lastModifiedDate":"2021-08-16"},{"lineNumber":2,"author":{"gitId":"Li-Lehao"},"content":"    /** A String indicates the latest completion time of the task. **/","lastModifiedDate":"2021-08-16"},{"lineNumber":3,"author":{"gitId":"Li-Lehao"},"content":"    private String byTime;","lastModifiedDate":"2021-08-16"},{"lineNumber":4,"author":{"gitId":"Li-Lehao"},"content":"","lastModifiedDate":"2021-08-16"},{"lineNumber":5,"author":{"gitId":"Li-Lehao"},"content":"    /**","lastModifiedDate":"2021-08-16"},{"lineNumber":6,"author":{"gitId":"Li-Lehao"},"content":"     * A public constructor to initialize the Deadline.","lastModifiedDate":"2021-08-16"},{"lineNumber":7,"author":{"gitId":"Li-Lehao"},"content":"     *","lastModifiedDate":"2021-08-16"},{"lineNumber":8,"author":{"gitId":"Li-Lehao"},"content":"     * @param description The description of the task.","lastModifiedDate":"2021-08-16"},{"lineNumber":9,"author":{"gitId":"Li-Lehao"},"content":"     *","lastModifiedDate":"2021-08-16"},{"lineNumber":10,"author":{"gitId":"Li-Lehao"},"content":"     * @param byTime The latest completion time of the task.","lastModifiedDate":"2021-08-16"},{"lineNumber":11,"author":{"gitId":"Li-Lehao"},"content":"     */","lastModifiedDate":"2021-08-16"},{"lineNumber":12,"author":{"gitId":"Li-Lehao"},"content":"    public Deadline(String description, String byTime) {","lastModifiedDate":"2021-08-16"},{"lineNumber":13,"author":{"gitId":"Li-Lehao"},"content":"        super(description);","lastModifiedDate":"2021-08-16"},{"lineNumber":14,"author":{"gitId":"Li-Lehao"},"content":"        this.byTime \u003d byTime;","lastModifiedDate":"2021-08-16"},{"lineNumber":15,"author":{"gitId":"Li-Lehao"},"content":"    }","lastModifiedDate":"2021-08-16"},{"lineNumber":16,"author":{"gitId":"Li-Lehao"},"content":"","lastModifiedDate":"2021-08-16"},{"lineNumber":17,"author":{"gitId":"Li-Lehao"},"content":"    /**","lastModifiedDate":"2021-08-16"},{"lineNumber":18,"author":{"gitId":"Li-Lehao"},"content":"     * A public method to generate the type icon of the task.","lastModifiedDate":"2021-08-16"},{"lineNumber":19,"author":{"gitId":"Li-Lehao"},"content":"     *","lastModifiedDate":"2021-08-16"},{"lineNumber":20,"author":{"gitId":"Li-Lehao"},"content":"     * @return A String. The type icon of the task.","lastModifiedDate":"2021-08-16"},{"lineNumber":21,"author":{"gitId":"Li-Lehao"},"content":"     */","lastModifiedDate":"2021-08-16"},{"lineNumber":22,"author":{"gitId":"Li-Lehao"},"content":"    public String getTypeIcon() {","lastModifiedDate":"2021-08-16"},{"lineNumber":23,"author":{"gitId":"Li-Lehao"},"content":"        return \"D\";","lastModifiedDate":"2021-08-16"},{"lineNumber":24,"author":{"gitId":"Li-Lehao"},"content":"    }","lastModifiedDate":"2021-08-16"},{"lineNumber":25,"author":{"gitId":"Li-Lehao"},"content":"","lastModifiedDate":"2021-08-16"},{"lineNumber":26,"author":{"gitId":"Li-Lehao"},"content":"    /**","lastModifiedDate":"2021-08-16"},{"lineNumber":27,"author":{"gitId":"Li-Lehao"},"content":"     * A override toString() method.","lastModifiedDate":"2021-08-16"},{"lineNumber":28,"author":{"gitId":"Li-Lehao"},"content":"     *","lastModifiedDate":"2021-08-16"},{"lineNumber":29,"author":{"gitId":"Li-Lehao"},"content":"     * @return A String. The String representation of the task.","lastModifiedDate":"2021-08-16"},{"lineNumber":30,"author":{"gitId":"Li-Lehao"},"content":"     */","lastModifiedDate":"2021-08-16"},{"lineNumber":31,"author":{"gitId":"Li-Lehao"},"content":"    @Override","lastModifiedDate":"2021-08-16"},{"lineNumber":32,"author":{"gitId":"Li-Lehao"},"content":"    public String toString() {","lastModifiedDate":"2021-08-16"},{"lineNumber":33,"author":{"gitId":"Li-Lehao"},"content":"        return String.format(\"[%s][%s] %s (by: %s)\",","lastModifiedDate":"2021-08-16"},{"lineNumber":34,"author":{"gitId":"Li-Lehao"},"content":"                this.getTypeIcon(), this.getStatusIcon(), this.description, this.byTime);","lastModifiedDate":"2021-08-16"},{"lineNumber":35,"author":{"gitId":"Li-Lehao"},"content":"    }","lastModifiedDate":"2021-08-16"},{"lineNumber":36,"author":{"gitId":"Li-Lehao"},"content":"}","lastModifiedDate":"2021-08-16"}],"authorContributionMap":{"Li-Lehao":36}},{"path":"src/main/java/Duke.java","fileType":"java","lines":[{"lineNumber":1,"author":{"gitId":"Li-Lehao"},"content":"import java.util.ArrayList;","lastModifiedDate":"2021-08-16"},{"lineNumber":2,"author":{"gitId":"Li-Lehao"},"content":"import java.util.Scanner;","lastModifiedDate":"2021-08-16"},{"lineNumber":3,"author":{"gitId":"Li-Lehao"},"content":"","lastModifiedDate":"2021-08-16"},{"lineNumber":4,"author":{"gitId":"-"},"content":"public class Duke {","lastModifiedDate":"2019-07-29"},{"lineNumber":5,"author":{"gitId":"Li-Lehao"},"content":"    /** The data structure to store all the tasks. **/","lastModifiedDate":"2021-08-16"},{"lineNumber":6,"author":{"gitId":"Li-Lehao"},"content":"    private ArrayList\u003cTask\u003e tasks \u003d new ArrayList\u003c\u003e();","lastModifiedDate":"2021-08-16"},{"lineNumber":7,"author":{"gitId":"Li-Lehao"},"content":"","lastModifiedDate":"2021-08-16"},{"lineNumber":8,"author":{"gitId":"Li-Lehao"},"content":"    /** A enum type indicating the type of the task. **/","lastModifiedDate":"2021-08-16"},{"lineNumber":9,"author":{"gitId":"Li-Lehao"},"content":"    private enum taskType {","lastModifiedDate":"2021-08-16"},{"lineNumber":10,"author":{"gitId":"Li-Lehao"},"content":"        TODO, DEADLINE, EVENT","lastModifiedDate":"2021-08-16"},{"lineNumber":11,"author":{"gitId":"Li-Lehao"},"content":"    }","lastModifiedDate":"2021-08-16"},{"lineNumber":12,"author":{"gitId":"Li-Lehao"},"content":"","lastModifiedDate":"2021-08-16"},{"lineNumber":13,"author":{"gitId":"Li-Lehao"},"content":"    /**","lastModifiedDate":"2021-08-16"},{"lineNumber":14,"author":{"gitId":"Li-Lehao"},"content":"     * A public method to print message with certain indentation and format.","lastModifiedDate":"2021-08-16"},{"lineNumber":15,"author":{"gitId":"Li-Lehao"},"content":"     * Receive an array of String, and output one String per line.","lastModifiedDate":"2021-08-16"},{"lineNumber":16,"author":{"gitId":"Li-Lehao"},"content":"     *","lastModifiedDate":"2021-08-16"},{"lineNumber":17,"author":{"gitId":"Li-Lehao"},"content":"     * @param messages","lastModifiedDate":"2021-08-16"},{"lineNumber":18,"author":{"gitId":"Li-Lehao"},"content":"     */","lastModifiedDate":"2021-08-16"},{"lineNumber":19,"author":{"gitId":"Li-Lehao"},"content":"    public void printMessage(String messages[]) {","lastModifiedDate":"2021-08-16"},{"lineNumber":20,"author":{"gitId":"Li-Lehao"},"content":"        System.out.println(\"    ____________________________________________________________\");","lastModifiedDate":"2021-08-16"},{"lineNumber":21,"author":{"gitId":"Li-Lehao"},"content":"        int n \u003d messages.length;","lastModifiedDate":"2021-08-16"},{"lineNumber":22,"author":{"gitId":"Li-Lehao"},"content":"        for (int i \u003d 0; i \u003c n; i++) {","lastModifiedDate":"2021-08-16"},{"lineNumber":23,"author":{"gitId":"Li-Lehao"},"content":"            System.out.print(\"     \");","lastModifiedDate":"2021-08-16"},{"lineNumber":24,"author":{"gitId":"Li-Lehao"},"content":"            System.out.println(messages[i]);","lastModifiedDate":"2021-08-16"},{"lineNumber":25,"author":{"gitId":"Li-Lehao"},"content":"        }","lastModifiedDate":"2021-08-16"},{"lineNumber":26,"author":{"gitId":"Li-Lehao"},"content":"        System.out.println(\"    ____________________________________________________________\");","lastModifiedDate":"2021-08-16"},{"lineNumber":27,"author":{"gitId":"Li-Lehao"},"content":"        System.out.println(\"\");","lastModifiedDate":"2021-08-16"},{"lineNumber":28,"author":{"gitId":"Li-Lehao"},"content":"    }","lastModifiedDate":"2021-08-16"},{"lineNumber":29,"author":{"gitId":"Li-Lehao"},"content":"","lastModifiedDate":"2021-08-16"},{"lineNumber":30,"author":{"gitId":"Li-Lehao"},"content":"    /**","lastModifiedDate":"2021-08-16"},{"lineNumber":31,"author":{"gitId":"Li-Lehao"},"content":"     * A public method to output the greeting message.","lastModifiedDate":"2021-08-16"},{"lineNumber":32,"author":{"gitId":"Li-Lehao"},"content":"     */","lastModifiedDate":"2021-08-16"},{"lineNumber":33,"author":{"gitId":"Li-Lehao"},"content":"    public void greet() {","lastModifiedDate":"2021-08-16"},{"lineNumber":34,"author":{"gitId":"Li-Lehao"},"content":"        String greetMessage[] \u003d new String[2];","lastModifiedDate":"2021-08-16"},{"lineNumber":35,"author":{"gitId":"Li-Lehao"},"content":"        greetMessage[0] \u003d \"Hello! I\u0027m Duke\";","lastModifiedDate":"2021-08-16"},{"lineNumber":36,"author":{"gitId":"Li-Lehao"},"content":"        greetMessage[1] \u003d \"What can I do for you?\";","lastModifiedDate":"2021-08-16"},{"lineNumber":37,"author":{"gitId":"Li-Lehao"},"content":"        printMessage(greetMessage);","lastModifiedDate":"2021-08-16"},{"lineNumber":38,"author":{"gitId":"Li-Lehao"},"content":"    }","lastModifiedDate":"2021-08-16"},{"lineNumber":39,"author":{"gitId":"Li-Lehao"},"content":"","lastModifiedDate":"2021-08-16"},{"lineNumber":40,"author":{"gitId":"Li-Lehao"},"content":"    /**","lastModifiedDate":"2021-08-16"},{"lineNumber":41,"author":{"gitId":"Li-Lehao"},"content":"     * A public method to check whether the input command is an exit command.","lastModifiedDate":"2021-08-16"},{"lineNumber":42,"author":{"gitId":"Li-Lehao"},"content":"     *","lastModifiedDate":"2021-08-16"},{"lineNumber":43,"author":{"gitId":"Li-Lehao"},"content":"     * @param inputCommand The user input command.","lastModifiedDate":"2021-08-16"},{"lineNumber":44,"author":{"gitId":"Li-Lehao"},"content":"     *","lastModifiedDate":"2021-08-16"},{"lineNumber":45,"author":{"gitId":"Li-Lehao"},"content":"     * @return A boolean value indicates whether the input command is an exit command.","lastModifiedDate":"2021-08-16"},{"lineNumber":46,"author":{"gitId":"Li-Lehao"},"content":"     */","lastModifiedDate":"2021-08-16"},{"lineNumber":47,"author":{"gitId":"Li-Lehao"},"content":"    public boolean isExitCommand(String inputCommand) {","lastModifiedDate":"2021-08-16"},{"lineNumber":48,"author":{"gitId":"Li-Lehao"},"content":"        if (inputCommand.equals(\"bye\")) {","lastModifiedDate":"2021-08-16"},{"lineNumber":49,"author":{"gitId":"Li-Lehao"},"content":"            return true;","lastModifiedDate":"2021-08-16"},{"lineNumber":50,"author":{"gitId":"Li-Lehao"},"content":"        } else {","lastModifiedDate":"2021-08-16"},{"lineNumber":51,"author":{"gitId":"Li-Lehao"},"content":"            return false;","lastModifiedDate":"2021-08-16"},{"lineNumber":52,"author":{"gitId":"Li-Lehao"},"content":"        }","lastModifiedDate":"2021-08-16"},{"lineNumber":53,"author":{"gitId":"Li-Lehao"},"content":"    }","lastModifiedDate":"2021-08-16"},{"lineNumber":54,"author":{"gitId":"Li-Lehao"},"content":"","lastModifiedDate":"2021-08-16"},{"lineNumber":55,"author":{"gitId":"Li-Lehao"},"content":"    /**","lastModifiedDate":"2021-08-16"},{"lineNumber":56,"author":{"gitId":"Li-Lehao"},"content":"     * A public method to check whether the command entered is to mark the task as done.","lastModifiedDate":"2021-08-16"},{"lineNumber":57,"author":{"gitId":"Li-Lehao"},"content":"     *","lastModifiedDate":"2021-08-16"},{"lineNumber":58,"author":{"gitId":"Li-Lehao"},"content":"     * @param inputCommand The user input command.","lastModifiedDate":"2021-08-16"},{"lineNumber":59,"author":{"gitId":"Li-Lehao"},"content":"     *","lastModifiedDate":"2021-08-16"},{"lineNumber":60,"author":{"gitId":"Li-Lehao"},"content":"     * @return A boolean value indivates whether the input command is a mark-as-done command.","lastModifiedDate":"2021-08-16"},{"lineNumber":61,"author":{"gitId":"Li-Lehao"},"content":"     */","lastModifiedDate":"2021-08-16"},{"lineNumber":62,"author":{"gitId":"Li-Lehao"},"content":"    public boolean isMarkAsDoneCommand(String inputCommand) {","lastModifiedDate":"2021-08-16"},{"lineNumber":63,"author":{"gitId":"Li-Lehao"},"content":"        if (inputCommand.length() \u003c 6) {","lastModifiedDate":"2021-08-16"},{"lineNumber":64,"author":{"gitId":"Li-Lehao"},"content":"            return false;","lastModifiedDate":"2021-08-16"},{"lineNumber":65,"author":{"gitId":"Li-Lehao"},"content":"        }","lastModifiedDate":"2021-08-16"},{"lineNumber":66,"author":{"gitId":"Li-Lehao"},"content":"        String firstHalf \u003d inputCommand.substring(0, 4);","lastModifiedDate":"2021-08-16"},{"lineNumber":67,"author":{"gitId":"Li-Lehao"},"content":"        String secondHalf \u003d inputCommand.substring(5, inputCommand.length());","lastModifiedDate":"2021-08-16"},{"lineNumber":68,"author":{"gitId":"Li-Lehao"},"content":"        if (!firstHalf.equals(\"done\")) {","lastModifiedDate":"2021-08-16"},{"lineNumber":69,"author":{"gitId":"Li-Lehao"},"content":"            return false;","lastModifiedDate":"2021-08-16"},{"lineNumber":70,"author":{"gitId":"Li-Lehao"},"content":"        }","lastModifiedDate":"2021-08-16"},{"lineNumber":71,"author":{"gitId":"Li-Lehao"},"content":"        for (int i \u003d 0; i \u003c secondHalf.length(); i++) {","lastModifiedDate":"2021-08-16"},{"lineNumber":72,"author":{"gitId":"Li-Lehao"},"content":"            if (secondHalf.charAt(i) \u003e \u00279\u0027 || secondHalf.charAt(i) \u003c \u00270\u0027) return false;","lastModifiedDate":"2021-08-16"},{"lineNumber":73,"author":{"gitId":"Li-Lehao"},"content":"        }","lastModifiedDate":"2021-08-16"},{"lineNumber":74,"author":{"gitId":"Li-Lehao"},"content":"        return true;","lastModifiedDate":"2021-08-16"},{"lineNumber":75,"author":{"gitId":"Li-Lehao"},"content":"    }","lastModifiedDate":"2021-08-16"},{"lineNumber":76,"author":{"gitId":"Li-Lehao"},"content":"","lastModifiedDate":"2021-08-16"},{"lineNumber":77,"author":{"gitId":"Li-Lehao"},"content":"    /**","lastModifiedDate":"2021-08-17"},{"lineNumber":78,"author":{"gitId":"Li-Lehao"},"content":"     * A public method to check whether the command entered is to delete a task.","lastModifiedDate":"2021-08-17"},{"lineNumber":79,"author":{"gitId":"Li-Lehao"},"content":"     *","lastModifiedDate":"2021-08-17"},{"lineNumber":80,"author":{"gitId":"Li-Lehao"},"content":"     * @param inputCommand The user input command.","lastModifiedDate":"2021-08-17"},{"lineNumber":81,"author":{"gitId":"Li-Lehao"},"content":"     *","lastModifiedDate":"2021-08-17"},{"lineNumber":82,"author":{"gitId":"Li-Lehao"},"content":"     * @return A boolean value indivates whether the input command is a delete-command.","lastModifiedDate":"2021-08-17"},{"lineNumber":83,"author":{"gitId":"Li-Lehao"},"content":"     */","lastModifiedDate":"2021-08-17"},{"lineNumber":84,"author":{"gitId":"Li-Lehao"},"content":"    public boolean isDeleteCommand(String inputCommand) {","lastModifiedDate":"2021-08-17"},{"lineNumber":85,"author":{"gitId":"Li-Lehao"},"content":"        if (inputCommand.length() \u003c 8) {","lastModifiedDate":"2021-08-17"},{"lineNumber":86,"author":{"gitId":"Li-Lehao"},"content":"            return false;","lastModifiedDate":"2021-08-17"},{"lineNumber":87,"author":{"gitId":"Li-Lehao"},"content":"        }","lastModifiedDate":"2021-08-17"},{"lineNumber":88,"author":{"gitId":"Li-Lehao"},"content":"        String firstHalf \u003d inputCommand.substring(0, 6);","lastModifiedDate":"2021-08-17"},{"lineNumber":89,"author":{"gitId":"Li-Lehao"},"content":"        String secondHalf \u003d inputCommand.substring(7, inputCommand.length());","lastModifiedDate":"2021-08-17"},{"lineNumber":90,"author":{"gitId":"Li-Lehao"},"content":"        if (!firstHalf.equals(\"delete\")) {","lastModifiedDate":"2021-08-17"},{"lineNumber":91,"author":{"gitId":"Li-Lehao"},"content":"            return false;","lastModifiedDate":"2021-08-17"},{"lineNumber":92,"author":{"gitId":"Li-Lehao"},"content":"        }","lastModifiedDate":"2021-08-17"},{"lineNumber":93,"author":{"gitId":"Li-Lehao"},"content":"        for (int i \u003d 0; i \u003c secondHalf.length(); i++) {","lastModifiedDate":"2021-08-17"},{"lineNumber":94,"author":{"gitId":"Li-Lehao"},"content":"            if (secondHalf.charAt(i) \u003e \u00279\u0027 || secondHalf.charAt(i) \u003c \u00270\u0027) return false;","lastModifiedDate":"2021-08-17"},{"lineNumber":95,"author":{"gitId":"Li-Lehao"},"content":"        }","lastModifiedDate":"2021-08-17"},{"lineNumber":96,"author":{"gitId":"Li-Lehao"},"content":"        return true;","lastModifiedDate":"2021-08-17"},{"lineNumber":97,"author":{"gitId":"Li-Lehao"},"content":"    }","lastModifiedDate":"2021-08-17"},{"lineNumber":98,"author":{"gitId":"Li-Lehao"},"content":"","lastModifiedDate":"2021-08-17"},{"lineNumber":99,"author":{"gitId":"Li-Lehao"},"content":"    /**","lastModifiedDate":"2021-08-16"},{"lineNumber":100,"author":{"gitId":"Li-Lehao"},"content":"     * A method that list all current tasks.","lastModifiedDate":"2021-08-16"},{"lineNumber":101,"author":{"gitId":"Li-Lehao"},"content":"     *","lastModifiedDate":"2021-08-16"},{"lineNumber":102,"author":{"gitId":"Li-Lehao"},"content":"     * @return An array of String, each String contains a task.","lastModifiedDate":"2021-08-16"},{"lineNumber":103,"author":{"gitId":"Li-Lehao"},"content":"     */","lastModifiedDate":"2021-08-16"},{"lineNumber":104,"author":{"gitId":"Li-Lehao"},"content":"    public String[] listAllTasks() {","lastModifiedDate":"2021-08-16"},{"lineNumber":105,"author":{"gitId":"Li-Lehao"},"content":"        int n \u003d tasks.size();","lastModifiedDate":"2021-08-16"},{"lineNumber":106,"author":{"gitId":"Li-Lehao"},"content":"        String taskList[] \u003d new String[n + 1];","lastModifiedDate":"2021-08-16"},{"lineNumber":107,"author":{"gitId":"Li-Lehao"},"content":"        taskList[0] \u003d \"Here are the tasks in your list:\";","lastModifiedDate":"2021-08-16"},{"lineNumber":108,"author":{"gitId":"Li-Lehao"},"content":"        for (int i \u003d 1; i \u003c\u003d n; i++) {","lastModifiedDate":"2021-08-16"},{"lineNumber":109,"author":{"gitId":"Li-Lehao"},"content":"            taskList[i] \u003d String.format(\"%d. %s\", i, tasks.get(i - 1));","lastModifiedDate":"2021-08-16"},{"lineNumber":110,"author":{"gitId":"Li-Lehao"},"content":"        }","lastModifiedDate":"2021-08-16"},{"lineNumber":111,"author":{"gitId":"Li-Lehao"},"content":"        return taskList;","lastModifiedDate":"2021-08-16"},{"lineNumber":112,"author":{"gitId":"Li-Lehao"},"content":"    }","lastModifiedDate":"2021-08-16"},{"lineNumber":113,"author":{"gitId":"Li-Lehao"},"content":"","lastModifiedDate":"2021-08-16"},{"lineNumber":114,"author":{"gitId":"Li-Lehao"},"content":"    /**","lastModifiedDate":"2021-08-16"},{"lineNumber":115,"author":{"gitId":"Li-Lehao"},"content":"     * A method that read a add-task-command, and then add the task to the task list.","lastModifiedDate":"2021-08-16"},{"lineNumber":116,"author":{"gitId":"Li-Lehao"},"content":"     *","lastModifiedDate":"2021-08-16"},{"lineNumber":117,"author":{"gitId":"Li-Lehao"},"content":"     * @param type The type of the task.","lastModifiedDate":"2021-08-16"},{"lineNumber":118,"author":{"gitId":"Li-Lehao"},"content":"     *","lastModifiedDate":"2021-08-16"},{"lineNumber":119,"author":{"gitId":"Li-Lehao"},"content":"     * @param s The input instruction.","lastModifiedDate":"2021-08-17"},{"lineNumber":120,"author":{"gitId":"Li-Lehao"},"content":"     */","lastModifiedDate":"2021-08-16"},{"lineNumber":121,"author":{"gitId":"Li-Lehao"},"content":"    public void addTask(taskType type, String s) {","lastModifiedDate":"2021-08-17"},{"lineNumber":122,"author":{"gitId":"Li-Lehao"},"content":"        if (type \u003d\u003d taskType.TODO) {","lastModifiedDate":"2021-08-16"},{"lineNumber":123,"author":{"gitId":"Li-Lehao"},"content":"            tasks.add(new Todo(s));","lastModifiedDate":"2021-08-17"},{"lineNumber":124,"author":{"gitId":"Li-Lehao"},"content":"        } else {","lastModifiedDate":"2021-08-16"},{"lineNumber":125,"author":{"gitId":"Li-Lehao"},"content":"            String description \u003d s.substring(0, s.indexOf(\"/\"));","lastModifiedDate":"2021-08-17"},{"lineNumber":126,"author":{"gitId":"Li-Lehao"},"content":"            String time \u003d s.substring(s.indexOf(\"/\") + 4, s.length());","lastModifiedDate":"2021-08-17"},{"lineNumber":127,"author":{"gitId":"Li-Lehao"},"content":"            if (type \u003d\u003d taskType.DEADLINE) {","lastModifiedDate":"2021-08-16"},{"lineNumber":128,"author":{"gitId":"Li-Lehao"},"content":"                tasks.add(new Deadline(description, time));","lastModifiedDate":"2021-08-16"},{"lineNumber":129,"author":{"gitId":"Li-Lehao"},"content":"            } else {","lastModifiedDate":"2021-08-16"},{"lineNumber":130,"author":{"gitId":"Li-Lehao"},"content":"                tasks.add(new Event(description, time));","lastModifiedDate":"2021-08-16"},{"lineNumber":131,"author":{"gitId":"Li-Lehao"},"content":"            }","lastModifiedDate":"2021-08-16"},{"lineNumber":132,"author":{"gitId":"Li-Lehao"},"content":"        }","lastModifiedDate":"2021-08-16"},{"lineNumber":133,"author":{"gitId":"Li-Lehao"},"content":"    }","lastModifiedDate":"2021-08-16"},{"lineNumber":134,"author":{"gitId":"Li-Lehao"},"content":"","lastModifiedDate":"2021-08-16"},{"lineNumber":135,"author":{"gitId":"Li-Lehao"},"content":"    /**","lastModifiedDate":"2021-08-16"},{"lineNumber":136,"author":{"gitId":"Li-Lehao"},"content":"     * A method that read the number of a task, and mark it as done.","lastModifiedDate":"2021-08-16"},{"lineNumber":137,"author":{"gitId":"Li-Lehao"},"content":"     *","lastModifiedDate":"2021-08-16"},{"lineNumber":138,"author":{"gitId":"Li-Lehao"},"content":"     * @param taskNumber The unique number of a task.","lastModifiedDate":"2021-08-16"},{"lineNumber":139,"author":{"gitId":"Li-Lehao"},"content":"     */","lastModifiedDate":"2021-08-16"},{"lineNumber":140,"author":{"gitId":"Li-Lehao"},"content":"    public void markAsDone(int taskNumber) {","lastModifiedDate":"2021-08-16"},{"lineNumber":141,"author":{"gitId":"Li-Lehao"},"content":"        tasks.get(taskNumber).markAsDone();","lastModifiedDate":"2021-08-16"},{"lineNumber":142,"author":{"gitId":"Li-Lehao"},"content":"    }","lastModifiedDate":"2021-08-16"},{"lineNumber":143,"author":{"gitId":"Li-Lehao"},"content":"","lastModifiedDate":"2021-08-16"},{"lineNumber":144,"author":{"gitId":"Li-Lehao"},"content":"    /**","lastModifiedDate":"2021-08-17"},{"lineNumber":145,"author":{"gitId":"Li-Lehao"},"content":"     * A method that read the number of a task, and remove it.","lastModifiedDate":"2021-08-17"},{"lineNumber":146,"author":{"gitId":"Li-Lehao"},"content":"     *","lastModifiedDate":"2021-08-17"},{"lineNumber":147,"author":{"gitId":"Li-Lehao"},"content":"     * @param taskNumber The unique number of a task.","lastModifiedDate":"2021-08-17"},{"lineNumber":148,"author":{"gitId":"Li-Lehao"},"content":"     */","lastModifiedDate":"2021-08-17"},{"lineNumber":149,"author":{"gitId":"Li-Lehao"},"content":"    public void deleteTask(int taskNumber) {","lastModifiedDate":"2021-08-17"},{"lineNumber":150,"author":{"gitId":"Li-Lehao"},"content":"        tasks.remove(taskNumber);","lastModifiedDate":"2021-08-17"},{"lineNumber":151,"author":{"gitId":"Li-Lehao"},"content":"    }","lastModifiedDate":"2021-08-17"},{"lineNumber":152,"author":{"gitId":"Li-Lehao"},"content":"","lastModifiedDate":"2021-08-17"},{"lineNumber":153,"author":{"gitId":"Li-Lehao"},"content":"    /**","lastModifiedDate":"2021-08-17"},{"lineNumber":154,"author":{"gitId":"Li-Lehao"},"content":"     * A method that decode the add-task-command.","lastModifiedDate":"2021-08-17"},{"lineNumber":155,"author":{"gitId":"Li-Lehao"},"content":"     *","lastModifiedDate":"2021-08-17"},{"lineNumber":156,"author":{"gitId":"Li-Lehao"},"content":"     * @param inputCommand The command entered.","lastModifiedDate":"2021-08-17"},{"lineNumber":157,"author":{"gitId":"Li-Lehao"},"content":"     *","lastModifiedDate":"2021-08-17"},{"lineNumber":158,"author":{"gitId":"Li-Lehao"},"content":"     * @throws descriptionEmptyException","lastModifiedDate":"2021-08-17"},{"lineNumber":159,"author":{"gitId":"Li-Lehao"},"content":"     *","lastModifiedDate":"2021-08-17"},{"lineNumber":160,"author":{"gitId":"Li-Lehao"},"content":"     * @throws timeEmptyException","lastModifiedDate":"2021-08-17"},{"lineNumber":161,"author":{"gitId":"Li-Lehao"},"content":"     *","lastModifiedDate":"2021-08-17"},{"lineNumber":162,"author":{"gitId":"Li-Lehao"},"content":"     * @throws noMeaningCommandException","lastModifiedDate":"2021-08-17"},{"lineNumber":163,"author":{"gitId":"Li-Lehao"},"content":"     */","lastModifiedDate":"2021-08-17"},{"lineNumber":164,"author":{"gitId":"Li-Lehao"},"content":"    public void addTaskDecode(String inputCommand)","lastModifiedDate":"2021-08-17"},{"lineNumber":165,"author":{"gitId":"Li-Lehao"},"content":"            throws descriptionEmptyException, timeEmptyException, noMeaningCommandException{","lastModifiedDate":"2021-08-17"},{"lineNumber":166,"author":{"gitId":"Li-Lehao"},"content":"        taskType type \u003d null;","lastModifiedDate":"2021-08-17"},{"lineNumber":167,"author":{"gitId":"Li-Lehao"},"content":"        int len \u003d inputCommand.length();","lastModifiedDate":"2021-08-17"},{"lineNumber":168,"author":{"gitId":"Li-Lehao"},"content":"        String s1 \u003d inputCommand.substring(0, Math.min(4, len));","lastModifiedDate":"2021-08-17"},{"lineNumber":169,"author":{"gitId":"Li-Lehao"},"content":"        String s2 \u003d inputCommand.substring(0, Math.min(8, len));","lastModifiedDate":"2021-08-17"},{"lineNumber":170,"author":{"gitId":"Li-Lehao"},"content":"        String s3 \u003d inputCommand.substring(0, Math.min(5, len));","lastModifiedDate":"2021-08-17"},{"lineNumber":171,"author":{"gitId":"Li-Lehao"},"content":"","lastModifiedDate":"2021-08-17"},{"lineNumber":172,"author":{"gitId":"Li-Lehao"},"content":"        if (s1.equals(\"todo\")) {","lastModifiedDate":"2021-08-17"},{"lineNumber":173,"author":{"gitId":"Li-Lehao"},"content":"            type \u003d taskType.TODO;","lastModifiedDate":"2021-08-17"},{"lineNumber":174,"author":{"gitId":"Li-Lehao"},"content":"        } else if (s2.equals(\"deadline\")) {","lastModifiedDate":"2021-08-17"},{"lineNumber":175,"author":{"gitId":"Li-Lehao"},"content":"            type \u003d taskType.DEADLINE;","lastModifiedDate":"2021-08-17"},{"lineNumber":176,"author":{"gitId":"Li-Lehao"},"content":"        } else if (s3.equals(\"event\")) {","lastModifiedDate":"2021-08-17"},{"lineNumber":177,"author":{"gitId":"Li-Lehao"},"content":"            type \u003d taskType.EVENT;","lastModifiedDate":"2021-08-17"},{"lineNumber":178,"author":{"gitId":"Li-Lehao"},"content":"        } else {","lastModifiedDate":"2021-08-17"},{"lineNumber":179,"author":{"gitId":"Li-Lehao"},"content":"            throw new noMeaningCommandException(\" ☹ OOPS!!! I\u0027m sorry, but I don\u0027t know what that means :-(\");","lastModifiedDate":"2021-08-17"},{"lineNumber":180,"author":{"gitId":"Li-Lehao"},"content":"        }","lastModifiedDate":"2021-08-17"},{"lineNumber":181,"author":{"gitId":"Li-Lehao"},"content":"","lastModifiedDate":"2021-08-17"},{"lineNumber":182,"author":{"gitId":"Li-Lehao"},"content":"        if (inputCommand.indexOf(\" \") \u003d\u003d -1) {","lastModifiedDate":"2021-08-17"},{"lineNumber":183,"author":{"gitId":"Li-Lehao"},"content":"            throw new descriptionEmptyException(\" ☹ OOPS!!! The description of a \" + inputCommand + \" cannot be empty.\");","lastModifiedDate":"2021-08-17"},{"lineNumber":184,"author":{"gitId":"Li-Lehao"},"content":"        }","lastModifiedDate":"2021-08-17"},{"lineNumber":185,"author":{"gitId":"Li-Lehao"},"content":"        if (type !\u003d taskType.TODO \u0026\u0026 inputCommand.indexOf(\"/\") \u003d\u003d -1) {","lastModifiedDate":"2021-08-17"},{"lineNumber":186,"author":{"gitId":"Li-Lehao"},"content":"            throw new timeEmptyException(\" ☹ OOPS!!! The time of a \"","lastModifiedDate":"2021-08-17"},{"lineNumber":187,"author":{"gitId":"Li-Lehao"},"content":"                    + (type \u003d\u003d taskType.EVENT ? \"event\" : \"deadline\")","lastModifiedDate":"2021-08-17"},{"lineNumber":188,"author":{"gitId":"Li-Lehao"},"content":"                    + \" cannot be empty.\");","lastModifiedDate":"2021-08-17"},{"lineNumber":189,"author":{"gitId":"Li-Lehao"},"content":"        }","lastModifiedDate":"2021-08-17"},{"lineNumber":190,"author":{"gitId":"Li-Lehao"},"content":"","lastModifiedDate":"2021-08-17"},{"lineNumber":191,"author":{"gitId":"Li-Lehao"},"content":"        addTask(type, inputCommand.substring(inputCommand.indexOf(\" \") + 1, inputCommand.length()));","lastModifiedDate":"2021-08-17"},{"lineNumber":192,"author":{"gitId":"Li-Lehao"},"content":"    }","lastModifiedDate":"2021-08-17"},{"lineNumber":193,"author":{"gitId":"Li-Lehao"},"content":"","lastModifiedDate":"2021-08-17"},{"lineNumber":194,"author":{"gitId":"Li-Lehao"},"content":"    /**","lastModifiedDate":"2021-08-16"},{"lineNumber":195,"author":{"gitId":"Li-Lehao"},"content":"     * A method that allows Duke to read the input command and react.","lastModifiedDate":"2021-08-16"},{"lineNumber":196,"author":{"gitId":"Li-Lehao"},"content":"     *","lastModifiedDate":"2021-08-16"},{"lineNumber":197,"author":{"gitId":"Li-Lehao"},"content":"     * @throws Exception Task number larger than total number of tasks.","lastModifiedDate":"2021-08-16"},{"lineNumber":198,"author":{"gitId":"Li-Lehao"},"content":"     */","lastModifiedDate":"2021-08-16"},{"lineNumber":199,"author":{"gitId":"Li-Lehao"},"content":"    public void chat() throws taskNumberOutOfBoundException{","lastModifiedDate":"2021-08-16"},{"lineNumber":200,"author":{"gitId":"Li-Lehao"},"content":"        Scanner sc \u003d new Scanner(System.in);","lastModifiedDate":"2021-08-16"},{"lineNumber":201,"author":{"gitId":"Li-Lehao"},"content":"        while (true) {","lastModifiedDate":"2021-08-16"},{"lineNumber":202,"author":{"gitId":"Li-Lehao"},"content":"            String inputCommand \u003d sc.nextLine();","lastModifiedDate":"2021-08-16"},{"lineNumber":203,"author":{"gitId":"Li-Lehao"},"content":"            if (isExitCommand(inputCommand)) {","lastModifiedDate":"2021-08-16"},{"lineNumber":204,"author":{"gitId":"Li-Lehao"},"content":"                printMessage(new String[] {\"Bye. Hope to see you again soon!\"});","lastModifiedDate":"2021-08-16"},{"lineNumber":205,"author":{"gitId":"Li-Lehao"},"content":"                return;","lastModifiedDate":"2021-08-16"},{"lineNumber":206,"author":{"gitId":"Li-Lehao"},"content":"            } else if (inputCommand.length() \u003c 1) {","lastModifiedDate":"2021-08-17"},{"lineNumber":207,"author":{"gitId":"Li-Lehao"},"content":"                continue;","lastModifiedDate":"2021-08-16"},{"lineNumber":208,"author":{"gitId":"Li-Lehao"},"content":"            } else if (inputCommand.equals(\"list\")){","lastModifiedDate":"2021-08-16"},{"lineNumber":209,"author":{"gitId":"Li-Lehao"},"content":"                printMessage(listAllTasks());","lastModifiedDate":"2021-08-16"},{"lineNumber":210,"author":{"gitId":"Li-Lehao"},"content":"            } else if (isMarkAsDoneCommand(inputCommand)) {","lastModifiedDate":"2021-08-16"},{"lineNumber":211,"author":{"gitId":"Li-Lehao"},"content":"                int taskNumber \u003d 0;","lastModifiedDate":"2021-08-16"},{"lineNumber":212,"author":{"gitId":"Li-Lehao"},"content":"                for (int i \u003d 5; i \u003c inputCommand.length(); i++) {","lastModifiedDate":"2021-08-16"},{"lineNumber":213,"author":{"gitId":"Li-Lehao"},"content":"                    taskNumber \u003d taskNumber * 10 + (int) (inputCommand.charAt(i) - \u00270\u0027);","lastModifiedDate":"2021-08-16"},{"lineNumber":214,"author":{"gitId":"Li-Lehao"},"content":"                }","lastModifiedDate":"2021-08-16"},{"lineNumber":215,"author":{"gitId":"Li-Lehao"},"content":"                taskNumber --;","lastModifiedDate":"2021-08-16"},{"lineNumber":216,"author":{"gitId":"Li-Lehao"},"content":"                if (taskNumber \u003e\u003d tasks.size()) {","lastModifiedDate":"2021-08-16"},{"lineNumber":217,"author":{"gitId":"Li-Lehao"},"content":"                    throw new taskNumberOutOfBoundException(","lastModifiedDate":"2021-08-17"},{"lineNumber":218,"author":{"gitId":"Li-Lehao"},"content":"                            \"Input task number is larger than total number of tasks.\");","lastModifiedDate":"2021-08-17"},{"lineNumber":219,"author":{"gitId":"Li-Lehao"},"content":"                }","lastModifiedDate":"2021-08-16"},{"lineNumber":220,"author":{"gitId":"Li-Lehao"},"content":"                markAsDone(taskNumber);","lastModifiedDate":"2021-08-16"},{"lineNumber":221,"author":{"gitId":"Li-Lehao"},"content":"                printMessage(new String[] {","lastModifiedDate":"2021-08-16"},{"lineNumber":222,"author":{"gitId":"Li-Lehao"},"content":"                        \"Nice! I\u0027ve marked this task as done:\",","lastModifiedDate":"2021-08-16"},{"lineNumber":223,"author":{"gitId":"Li-Lehao"},"content":"                        tasks.get(taskNumber).toString()","lastModifiedDate":"2021-08-17"},{"lineNumber":224,"author":{"gitId":"Li-Lehao"},"content":"                });","lastModifiedDate":"2021-08-17"},{"lineNumber":225,"author":{"gitId":"Li-Lehao"},"content":"            } else if (isDeleteCommand(inputCommand)) {","lastModifiedDate":"2021-08-17"},{"lineNumber":226,"author":{"gitId":"Li-Lehao"},"content":"                int taskNumber \u003d 0;","lastModifiedDate":"2021-08-17"},{"lineNumber":227,"author":{"gitId":"Li-Lehao"},"content":"                for (int i \u003d 7; i \u003c inputCommand.length(); i++) {","lastModifiedDate":"2021-08-17"},{"lineNumber":228,"author":{"gitId":"Li-Lehao"},"content":"                    taskNumber \u003d taskNumber * 10 + (int) (inputCommand.charAt(i) - \u00270\u0027);","lastModifiedDate":"2021-08-17"},{"lineNumber":229,"author":{"gitId":"Li-Lehao"},"content":"                }","lastModifiedDate":"2021-08-17"},{"lineNumber":230,"author":{"gitId":"Li-Lehao"},"content":"                taskNumber --;","lastModifiedDate":"2021-08-17"},{"lineNumber":231,"author":{"gitId":"Li-Lehao"},"content":"                if (taskNumber \u003e\u003d tasks.size()) {","lastModifiedDate":"2021-08-17"},{"lineNumber":232,"author":{"gitId":"Li-Lehao"},"content":"                    throw new taskNumberOutOfBoundException(","lastModifiedDate":"2021-08-17"},{"lineNumber":233,"author":{"gitId":"Li-Lehao"},"content":"                            \"Input task number is larger than total number of tasks.\");","lastModifiedDate":"2021-08-17"},{"lineNumber":234,"author":{"gitId":"Li-Lehao"},"content":"                }","lastModifiedDate":"2021-08-17"},{"lineNumber":235,"author":{"gitId":"Li-Lehao"},"content":"","lastModifiedDate":"2021-08-17"},{"lineNumber":236,"author":{"gitId":"Li-Lehao"},"content":"                printMessage(new String[] {","lastModifiedDate":"2021-08-17"},{"lineNumber":237,"author":{"gitId":"Li-Lehao"},"content":"                        \"Noted. I\u0027ve removed this task:\",","lastModifiedDate":"2021-08-17"},{"lineNumber":238,"author":{"gitId":"Li-Lehao"},"content":"                        \"  \" + tasks.get(taskNumber).toString(),","lastModifiedDate":"2021-08-17"},{"lineNumber":239,"author":{"gitId":"Li-Lehao"},"content":"                        \"Now you have \" + (tasks.size() - 1) + \" tasks in the list.\"","lastModifiedDate":"2021-08-17"},{"lineNumber":240,"author":{"gitId":"Li-Lehao"},"content":"                });","lastModifiedDate":"2021-08-17"},{"lineNumber":241,"author":{"gitId":"Li-Lehao"},"content":"                deleteTask(taskNumber);","lastModifiedDate":"2021-08-17"},{"lineNumber":242,"author":{"gitId":"Li-Lehao"},"content":"            } else {","lastModifiedDate":"2021-08-16"},{"lineNumber":243,"author":{"gitId":"Li-Lehao"},"content":"                try {","lastModifiedDate":"2021-08-17"},{"lineNumber":244,"author":{"gitId":"Li-Lehao"},"content":"                    addTaskDecode(inputCommand);","lastModifiedDate":"2021-08-17"},{"lineNumber":245,"author":{"gitId":"Li-Lehao"},"content":"                } catch (descriptionEmptyException e) {","lastModifiedDate":"2021-08-17"},{"lineNumber":246,"author":{"gitId":"Li-Lehao"},"content":"                    printMessage(new String[] {e.toString()});","lastModifiedDate":"2021-08-17"},{"lineNumber":247,"author":{"gitId":"Li-Lehao"},"content":"                    continue;","lastModifiedDate":"2021-08-17"},{"lineNumber":248,"author":{"gitId":"Li-Lehao"},"content":"                } catch (timeEmptyException e) {","lastModifiedDate":"2021-08-17"},{"lineNumber":249,"author":{"gitId":"Li-Lehao"},"content":"                    printMessage(new String[] {e.toString()});","lastModifiedDate":"2021-08-17"},{"lineNumber":250,"author":{"gitId":"Li-Lehao"},"content":"                    continue;","lastModifiedDate":"2021-08-17"},{"lineNumber":251,"author":{"gitId":"Li-Lehao"},"content":"                } catch (noMeaningCommandException e) {","lastModifiedDate":"2021-08-17"},{"lineNumber":252,"author":{"gitId":"Li-Lehao"},"content":"                    printMessage(new String[] {e.toString()});","lastModifiedDate":"2021-08-17"},{"lineNumber":253,"author":{"gitId":"Li-Lehao"},"content":"                    continue;","lastModifiedDate":"2021-08-17"},{"lineNumber":254,"author":{"gitId":"Li-Lehao"},"content":"                }","lastModifiedDate":"2021-08-16"},{"lineNumber":255,"author":{"gitId":"Li-Lehao"},"content":"                printMessage(new String[] {","lastModifiedDate":"2021-08-16"},{"lineNumber":256,"author":{"gitId":"Li-Lehao"},"content":"                        \"Got it. I\u0027ve added this task:\",","lastModifiedDate":"2021-08-16"},{"lineNumber":257,"author":{"gitId":"Li-Lehao"},"content":"                        \"  \" + tasks.get(tasks.size() - 1).toString(),","lastModifiedDate":"2021-08-16"},{"lineNumber":258,"author":{"gitId":"Li-Lehao"},"content":"                        \"Now you have \" + tasks.size() + \" tasks in the list.\"});","lastModifiedDate":"2021-08-16"},{"lineNumber":259,"author":{"gitId":"Li-Lehao"},"content":"            }","lastModifiedDate":"2021-08-16"},{"lineNumber":260,"author":{"gitId":"Li-Lehao"},"content":"        }","lastModifiedDate":"2021-08-16"},{"lineNumber":261,"author":{"gitId":"Li-Lehao"},"content":"    }","lastModifiedDate":"2021-08-16"},{"lineNumber":262,"author":{"gitId":"Li-Lehao"},"content":"","lastModifiedDate":"2021-08-16"},{"lineNumber":263,"author":{"gitId":"-"},"content":"    public static void main(String[] args) {","lastModifiedDate":"2019-07-29"},{"lineNumber":264,"author":{"gitId":"-"},"content":"        String logo \u003d \" ____        _        \\n\"","lastModifiedDate":"2019-07-29"},{"lineNumber":265,"author":{"gitId":"-"},"content":"                + \"|  _ \\\\ _   _| | _____ \\n\"","lastModifiedDate":"2019-07-29"},{"lineNumber":266,"author":{"gitId":"-"},"content":"                + \"| | | | | | | |/ / _ \\\\\\n\"","lastModifiedDate":"2019-07-29"},{"lineNumber":267,"author":{"gitId":"-"},"content":"                + \"| |_| | |_| |   \u003c  __/\\n\"","lastModifiedDate":"2019-07-29"},{"lineNumber":268,"author":{"gitId":"-"},"content":"                + \"|____/ \\\\__,_|_|\\\\_\\\\___|\\n\";","lastModifiedDate":"2019-07-29"},{"lineNumber":269,"author":{"gitId":"-"},"content":"        System.out.println(\"Hello from\\n\" + logo);","lastModifiedDate":"2019-07-29"},{"lineNumber":270,"author":{"gitId":"Li-Lehao"},"content":"        Duke chatBot \u003d new Duke();","lastModifiedDate":"2021-08-16"},{"lineNumber":271,"author":{"gitId":"Li-Lehao"},"content":"        chatBot.greet();","lastModifiedDate":"2021-08-16"},{"lineNumber":272,"author":{"gitId":"Li-Lehao"},"content":"        try {","lastModifiedDate":"2021-08-16"},{"lineNumber":273,"author":{"gitId":"Li-Lehao"},"content":"            chatBot.chat();","lastModifiedDate":"2021-08-16"},{"lineNumber":274,"author":{"gitId":"Li-Lehao"},"content":"        } catch (taskNumberOutOfBoundException e) {","lastModifiedDate":"2021-08-16"},{"lineNumber":275,"author":{"gitId":"Li-Lehao"},"content":"            chatBot.printMessage(new String[] {e.toString()});","lastModifiedDate":"2021-08-17"},{"lineNumber":276,"author":{"gitId":"Li-Lehao"},"content":"        }","lastModifiedDate":"2021-08-16"},{"lineNumber":277,"author":{"gitId":"-"},"content":"    }","lastModifiedDate":"2019-07-29"},{"lineNumber":278,"author":{"gitId":"-"},"content":"}","lastModifiedDate":"2019-07-29"}],"authorContributionMap":{"Li-Lehao":268,"-":10}},{"path":"src/main/java/DukeException.java","fileType":"java","lines":[{"lineNumber":1,"author":{"gitId":"Li-Lehao"},"content":"public class DukeException extends Throwable{","lastModifiedDate":"2021-08-17"},{"lineNumber":2,"author":{"gitId":"Li-Lehao"},"content":"    public DukeException(String s) {","lastModifiedDate":"2021-08-17"},{"lineNumber":3,"author":{"gitId":"Li-Lehao"},"content":"        super(s);","lastModifiedDate":"2021-08-17"},{"lineNumber":4,"author":{"gitId":"Li-Lehao"},"content":"    }","lastModifiedDate":"2021-08-17"},{"lineNumber":5,"author":{"gitId":"Li-Lehao"},"content":"","lastModifiedDate":"2021-08-17"},{"lineNumber":6,"author":{"gitId":"Li-Lehao"},"content":"    @Override","lastModifiedDate":"2021-08-17"},{"lineNumber":7,"author":{"gitId":"Li-Lehao"},"content":"    public String toString() {","lastModifiedDate":"2021-08-17"},{"lineNumber":8,"author":{"gitId":"Li-Lehao"},"content":"        return super.getMessage();","lastModifiedDate":"2021-08-17"},{"lineNumber":9,"author":{"gitId":"Li-Lehao"},"content":"    }","lastModifiedDate":"2021-08-17"},{"lineNumber":10,"author":{"gitId":"Li-Lehao"},"content":"}","lastModifiedDate":"2021-08-17"}],"authorContributionMap":{"Li-Lehao":10}},{"path":"src/main/java/Event.java","fileType":"java","lines":[{"lineNumber":1,"author":{"gitId":"Li-Lehao"},"content":"public class Event extends Task{","lastModifiedDate":"2021-08-16"},{"lineNumber":2,"author":{"gitId":"Li-Lehao"},"content":"    /** A String indicates the time when the event happens. **/","lastModifiedDate":"2021-08-16"},{"lineNumber":3,"author":{"gitId":"Li-Lehao"},"content":"    private String atTime;","lastModifiedDate":"2021-08-16"},{"lineNumber":4,"author":{"gitId":"Li-Lehao"},"content":"","lastModifiedDate":"2021-08-16"},{"lineNumber":5,"author":{"gitId":"Li-Lehao"},"content":"    /**","lastModifiedDate":"2021-08-16"},{"lineNumber":6,"author":{"gitId":"Li-Lehao"},"content":"     * A public constructor to initialize the Deadline.","lastModifiedDate":"2021-08-16"},{"lineNumber":7,"author":{"gitId":"Li-Lehao"},"content":"     *","lastModifiedDate":"2021-08-16"},{"lineNumber":8,"author":{"gitId":"Li-Lehao"},"content":"     * @param description The description of the task.","lastModifiedDate":"2021-08-16"},{"lineNumber":9,"author":{"gitId":"Li-Lehao"},"content":"     *","lastModifiedDate":"2021-08-16"},{"lineNumber":10,"author":{"gitId":"Li-Lehao"},"content":"     * @param atTime The latest completion time of the task.","lastModifiedDate":"2021-08-16"},{"lineNumber":11,"author":{"gitId":"Li-Lehao"},"content":"     */","lastModifiedDate":"2021-08-16"},{"lineNumber":12,"author":{"gitId":"Li-Lehao"},"content":"    public Event(String description, String atTime) {","lastModifiedDate":"2021-08-16"},{"lineNumber":13,"author":{"gitId":"Li-Lehao"},"content":"        super(description);","lastModifiedDate":"2021-08-16"},{"lineNumber":14,"author":{"gitId":"Li-Lehao"},"content":"        this.atTime \u003d atTime;","lastModifiedDate":"2021-08-16"},{"lineNumber":15,"author":{"gitId":"Li-Lehao"},"content":"    }","lastModifiedDate":"2021-08-16"},{"lineNumber":16,"author":{"gitId":"Li-Lehao"},"content":"","lastModifiedDate":"2021-08-16"},{"lineNumber":17,"author":{"gitId":"Li-Lehao"},"content":"    /**","lastModifiedDate":"2021-08-16"},{"lineNumber":18,"author":{"gitId":"Li-Lehao"},"content":"     * A public method to generate the type icon of the task.","lastModifiedDate":"2021-08-16"},{"lineNumber":19,"author":{"gitId":"Li-Lehao"},"content":"     *","lastModifiedDate":"2021-08-16"},{"lineNumber":20,"author":{"gitId":"Li-Lehao"},"content":"     * @return A String. The type icon of the task.","lastModifiedDate":"2021-08-16"},{"lineNumber":21,"author":{"gitId":"Li-Lehao"},"content":"     */","lastModifiedDate":"2021-08-16"},{"lineNumber":22,"author":{"gitId":"Li-Lehao"},"content":"    public String getTypeIcon() {","lastModifiedDate":"2021-08-16"},{"lineNumber":23,"author":{"gitId":"Li-Lehao"},"content":"        return \"E\";","lastModifiedDate":"2021-08-16"},{"lineNumber":24,"author":{"gitId":"Li-Lehao"},"content":"    }","lastModifiedDate":"2021-08-16"},{"lineNumber":25,"author":{"gitId":"Li-Lehao"},"content":"","lastModifiedDate":"2021-08-16"},{"lineNumber":26,"author":{"gitId":"Li-Lehao"},"content":"    /**","lastModifiedDate":"2021-08-16"},{"lineNumber":27,"author":{"gitId":"Li-Lehao"},"content":"     * A override toString() method.","lastModifiedDate":"2021-08-16"},{"lineNumber":28,"author":{"gitId":"Li-Lehao"},"content":"     *","lastModifiedDate":"2021-08-16"},{"lineNumber":29,"author":{"gitId":"Li-Lehao"},"content":"     * @return A String. The String representation of the task.","lastModifiedDate":"2021-08-16"},{"lineNumber":30,"author":{"gitId":"Li-Lehao"},"content":"     */","lastModifiedDate":"2021-08-16"},{"lineNumber":31,"author":{"gitId":"Li-Lehao"},"content":"    @Override","lastModifiedDate":"2021-08-16"},{"lineNumber":32,"author":{"gitId":"Li-Lehao"},"content":"    public String toString() {","lastModifiedDate":"2021-08-16"},{"lineNumber":33,"author":{"gitId":"Li-Lehao"},"content":"        return String.format(\"[%s][%s] %s (at: %s)\",","lastModifiedDate":"2021-08-16"},{"lineNumber":34,"author":{"gitId":"Li-Lehao"},"content":"                this.getTypeIcon(), this.getStatusIcon(), this.description, this.atTime);","lastModifiedDate":"2021-08-16"},{"lineNumber":35,"author":{"gitId":"Li-Lehao"},"content":"    }","lastModifiedDate":"2021-08-16"},{"lineNumber":36,"author":{"gitId":"Li-Lehao"},"content":"}","lastModifiedDate":"2021-08-16"}],"authorContributionMap":{"Li-Lehao":36}},{"path":"src/main/java/Task.java","fileType":"java","lines":[{"lineNumber":1,"author":{"gitId":"Li-Lehao"},"content":"public abstract class Task {","lastModifiedDate":"2021-08-16"},{"lineNumber":2,"author":{"gitId":"Li-Lehao"},"content":"    /** A String that stores the description of the task. **/","lastModifiedDate":"2021-08-16"},{"lineNumber":3,"author":{"gitId":"Li-Lehao"},"content":"    protected String description;","lastModifiedDate":"2021-08-16"},{"lineNumber":4,"author":{"gitId":"Li-Lehao"},"content":"","lastModifiedDate":"2021-08-16"},{"lineNumber":5,"author":{"gitId":"Li-Lehao"},"content":"    /** A boolean that indicates whether the task is done. **/","lastModifiedDate":"2021-08-16"},{"lineNumber":6,"author":{"gitId":"Li-Lehao"},"content":"    protected boolean isDone;","lastModifiedDate":"2021-08-16"},{"lineNumber":7,"author":{"gitId":"Li-Lehao"},"content":"","lastModifiedDate":"2021-08-16"},{"lineNumber":8,"author":{"gitId":"Li-Lehao"},"content":"    /**","lastModifiedDate":"2021-08-16"},{"lineNumber":9,"author":{"gitId":"Li-Lehao"},"content":"     * A public constructor to initialize the task.","lastModifiedDate":"2021-08-16"},{"lineNumber":10,"author":{"gitId":"Li-Lehao"},"content":"     *","lastModifiedDate":"2021-08-16"},{"lineNumber":11,"author":{"gitId":"Li-Lehao"},"content":"     * @param description The given description of the task.","lastModifiedDate":"2021-08-16"},{"lineNumber":12,"author":{"gitId":"Li-Lehao"},"content":"     */","lastModifiedDate":"2021-08-16"},{"lineNumber":13,"author":{"gitId":"Li-Lehao"},"content":"    public Task (String description) {","lastModifiedDate":"2021-08-16"},{"lineNumber":14,"author":{"gitId":"Li-Lehao"},"content":"        this.description \u003d description;","lastModifiedDate":"2021-08-16"},{"lineNumber":15,"author":{"gitId":"Li-Lehao"},"content":"        this.isDone \u003d false;","lastModifiedDate":"2021-08-16"},{"lineNumber":16,"author":{"gitId":"Li-Lehao"},"content":"    }","lastModifiedDate":"2021-08-16"},{"lineNumber":17,"author":{"gitId":"Li-Lehao"},"content":"","lastModifiedDate":"2021-08-16"},{"lineNumber":18,"author":{"gitId":"Li-Lehao"},"content":"    /**","lastModifiedDate":"2021-08-16"},{"lineNumber":19,"author":{"gitId":"Li-Lehao"},"content":"     * A public method to generate the status icon of the task.","lastModifiedDate":"2021-08-16"},{"lineNumber":20,"author":{"gitId":"Li-Lehao"},"content":"     *","lastModifiedDate":"2021-08-16"},{"lineNumber":21,"author":{"gitId":"Li-Lehao"},"content":"     * @return A String, the status icon.","lastModifiedDate":"2021-08-16"},{"lineNumber":22,"author":{"gitId":"Li-Lehao"},"content":"     */","lastModifiedDate":"2021-08-16"},{"lineNumber":23,"author":{"gitId":"Li-Lehao"},"content":"    public String getStatusIcon() {","lastModifiedDate":"2021-08-16"},{"lineNumber":24,"author":{"gitId":"Li-Lehao"},"content":"        if (this.isDone) {","lastModifiedDate":"2021-08-16"},{"lineNumber":25,"author":{"gitId":"Li-Lehao"},"content":"            return \"X\";","lastModifiedDate":"2021-08-16"},{"lineNumber":26,"author":{"gitId":"Li-Lehao"},"content":"        } else {","lastModifiedDate":"2021-08-16"},{"lineNumber":27,"author":{"gitId":"Li-Lehao"},"content":"            return \" \";","lastModifiedDate":"2021-08-16"},{"lineNumber":28,"author":{"gitId":"Li-Lehao"},"content":"        }","lastModifiedDate":"2021-08-16"},{"lineNumber":29,"author":{"gitId":"Li-Lehao"},"content":"    }","lastModifiedDate":"2021-08-16"},{"lineNumber":30,"author":{"gitId":"Li-Lehao"},"content":"","lastModifiedDate":"2021-08-16"},{"lineNumber":31,"author":{"gitId":"Li-Lehao"},"content":"    /**","lastModifiedDate":"2021-08-16"},{"lineNumber":32,"author":{"gitId":"Li-Lehao"},"content":"     * A public method to set the task as done.","lastModifiedDate":"2021-08-16"},{"lineNumber":33,"author":{"gitId":"Li-Lehao"},"content":"     */","lastModifiedDate":"2021-08-16"},{"lineNumber":34,"author":{"gitId":"Li-Lehao"},"content":"    public void markAsDone() {","lastModifiedDate":"2021-08-16"},{"lineNumber":35,"author":{"gitId":"Li-Lehao"},"content":"        this.isDone \u003d true;","lastModifiedDate":"2021-08-16"},{"lineNumber":36,"author":{"gitId":"Li-Lehao"},"content":"    }","lastModifiedDate":"2021-08-16"},{"lineNumber":37,"author":{"gitId":"Li-Lehao"},"content":"","lastModifiedDate":"2021-08-16"},{"lineNumber":38,"author":{"gitId":"Li-Lehao"},"content":"    /**","lastModifiedDate":"2021-08-16"},{"lineNumber":39,"author":{"gitId":"Li-Lehao"},"content":"     * A override toString() method.","lastModifiedDate":"2021-08-16"},{"lineNumber":40,"author":{"gitId":"Li-Lehao"},"content":"     *","lastModifiedDate":"2021-08-16"},{"lineNumber":41,"author":{"gitId":"Li-Lehao"},"content":"     * @return A String. The String representation of the task.","lastModifiedDate":"2021-08-16"},{"lineNumber":42,"author":{"gitId":"Li-Lehao"},"content":"     */","lastModifiedDate":"2021-08-16"},{"lineNumber":43,"author":{"gitId":"Li-Lehao"},"content":"    @Override","lastModifiedDate":"2021-08-16"},{"lineNumber":44,"author":{"gitId":"Li-Lehao"},"content":"    public String toString() {","lastModifiedDate":"2021-08-16"},{"lineNumber":45,"author":{"gitId":"Li-Lehao"},"content":"        return String.format(\"[%s][%s] %s\",","lastModifiedDate":"2021-08-16"},{"lineNumber":46,"author":{"gitId":"Li-Lehao"},"content":"                this.getTypeIcon(), this.getStatusIcon(), this.description);","lastModifiedDate":"2021-08-16"},{"lineNumber":47,"author":{"gitId":"Li-Lehao"},"content":"    }","lastModifiedDate":"2021-08-16"},{"lineNumber":48,"author":{"gitId":"Li-Lehao"},"content":"","lastModifiedDate":"2021-08-16"},{"lineNumber":49,"author":{"gitId":"Li-Lehao"},"content":"    /**","lastModifiedDate":"2021-08-16"},{"lineNumber":50,"author":{"gitId":"Li-Lehao"},"content":"     * A public abstract method to generate the type icon of the task.","lastModifiedDate":"2021-08-16"},{"lineNumber":51,"author":{"gitId":"Li-Lehao"},"content":"     *","lastModifiedDate":"2021-08-16"},{"lineNumber":52,"author":{"gitId":"Li-Lehao"},"content":"     * @return A String. The type icon of the task.","lastModifiedDate":"2021-08-16"},{"lineNumber":53,"author":{"gitId":"Li-Lehao"},"content":"     */","lastModifiedDate":"2021-08-16"},{"lineNumber":54,"author":{"gitId":"Li-Lehao"},"content":"    public abstract String getTypeIcon();","lastModifiedDate":"2021-08-16"},{"lineNumber":55,"author":{"gitId":"Li-Lehao"},"content":"}","lastModifiedDate":"2021-08-16"}],"authorContributionMap":{"Li-Lehao":55}},{"path":"src/main/java/Todo.java","fileType":"java","lines":[{"lineNumber":1,"author":{"gitId":"Li-Lehao"},"content":"public class Todo extends Task {","lastModifiedDate":"2021-08-16"},{"lineNumber":2,"author":{"gitId":"Li-Lehao"},"content":"","lastModifiedDate":"2021-08-16"},{"lineNumber":3,"author":{"gitId":"Li-Lehao"},"content":"    /**","lastModifiedDate":"2021-08-16"},{"lineNumber":4,"author":{"gitId":"Li-Lehao"},"content":"     * A public constructor to initialize the task.","lastModifiedDate":"2021-08-16"},{"lineNumber":5,"author":{"gitId":"Li-Lehao"},"content":"     *","lastModifiedDate":"2021-08-16"},{"lineNumber":6,"author":{"gitId":"Li-Lehao"},"content":"     * @param description The given description of the task.","lastModifiedDate":"2021-08-16"},{"lineNumber":7,"author":{"gitId":"Li-Lehao"},"content":"     */","lastModifiedDate":"2021-08-16"},{"lineNumber":8,"author":{"gitId":"Li-Lehao"},"content":"    public Todo(String description) {","lastModifiedDate":"2021-08-16"},{"lineNumber":9,"author":{"gitId":"Li-Lehao"},"content":"        super(description);","lastModifiedDate":"2021-08-16"},{"lineNumber":10,"author":{"gitId":"Li-Lehao"},"content":"    }","lastModifiedDate":"2021-08-16"},{"lineNumber":11,"author":{"gitId":"Li-Lehao"},"content":"","lastModifiedDate":"2021-08-16"},{"lineNumber":12,"author":{"gitId":"Li-Lehao"},"content":"    /**","lastModifiedDate":"2021-08-16"},{"lineNumber":13,"author":{"gitId":"Li-Lehao"},"content":"     * A public method to generate the type icon of the task.","lastModifiedDate":"2021-08-16"},{"lineNumber":14,"author":{"gitId":"Li-Lehao"},"content":"     *","lastModifiedDate":"2021-08-16"},{"lineNumber":15,"author":{"gitId":"Li-Lehao"},"content":"     * @return A String. The type icon of the task.","lastModifiedDate":"2021-08-16"},{"lineNumber":16,"author":{"gitId":"Li-Lehao"},"content":"     */","lastModifiedDate":"2021-08-16"},{"lineNumber":17,"author":{"gitId":"Li-Lehao"},"content":"    public String getTypeIcon() {","lastModifiedDate":"2021-08-16"},{"lineNumber":18,"author":{"gitId":"Li-Lehao"},"content":"        return \"T\";","lastModifiedDate":"2021-08-16"},{"lineNumber":19,"author":{"gitId":"Li-Lehao"},"content":"    }","lastModifiedDate":"2021-08-16"},{"lineNumber":20,"author":{"gitId":"Li-Lehao"},"content":"","lastModifiedDate":"2021-08-16"},{"lineNumber":21,"author":{"gitId":"Li-Lehao"},"content":"    /**","lastModifiedDate":"2021-08-16"},{"lineNumber":22,"author":{"gitId":"Li-Lehao"},"content":"     * A override toString() method.","lastModifiedDate":"2021-08-16"},{"lineNumber":23,"author":{"gitId":"Li-Lehao"},"content":"     *","lastModifiedDate":"2021-08-16"},{"lineNumber":24,"author":{"gitId":"Li-Lehao"},"content":"     * @return A String. The String representation of the task.","lastModifiedDate":"2021-08-16"},{"lineNumber":25,"author":{"gitId":"Li-Lehao"},"content":"     */","lastModifiedDate":"2021-08-16"},{"lineNumber":26,"author":{"gitId":"Li-Lehao"},"content":"    @Override","lastModifiedDate":"2021-08-16"},{"lineNumber":27,"author":{"gitId":"Li-Lehao"},"content":"    public String toString() {","lastModifiedDate":"2021-08-16"},{"lineNumber":28,"author":{"gitId":"Li-Lehao"},"content":"        return String.format(\"[%s][%s] %s\",","lastModifiedDate":"2021-08-16"},{"lineNumber":29,"author":{"gitId":"Li-Lehao"},"content":"                this.getTypeIcon(), this.getStatusIcon(), this.description);","lastModifiedDate":"2021-08-16"},{"lineNumber":30,"author":{"gitId":"Li-Lehao"},"content":"    }","lastModifiedDate":"2021-08-16"},{"lineNumber":31,"author":{"gitId":"Li-Lehao"},"content":"}","lastModifiedDate":"2021-08-16"}],"authorContributionMap":{"Li-Lehao":31}},{"path":"src/main/java/descriptionEmptyException.java","fileType":"java","lines":[{"lineNumber":1,"author":{"gitId":"Li-Lehao"},"content":"public class descriptionEmptyException extends DukeException{","lastModifiedDate":"2021-08-17"},{"lineNumber":2,"author":{"gitId":"Li-Lehao"},"content":"    public descriptionEmptyException(String s) {","lastModifiedDate":"2021-08-17"},{"lineNumber":3,"author":{"gitId":"Li-Lehao"},"content":"        super(s);","lastModifiedDate":"2021-08-17"},{"lineNumber":4,"author":{"gitId":"Li-Lehao"},"content":"    }","lastModifiedDate":"2021-08-17"},{"lineNumber":5,"author":{"gitId":"Li-Lehao"},"content":"}","lastModifiedDate":"2021-08-17"}],"authorContributionMap":{"Li-Lehao":5}},{"path":"src/main/java/noMeaningCommandException.java","fileType":"java","lines":[{"lineNumber":1,"author":{"gitId":"Li-Lehao"},"content":"public class noMeaningCommandException extends DukeException{","lastModifiedDate":"2021-08-17"},{"lineNumber":2,"author":{"gitId":"Li-Lehao"},"content":"    public noMeaningCommandException(String s) {","lastModifiedDate":"2021-08-17"},{"lineNumber":3,"author":{"gitId":"Li-Lehao"},"content":"        super(s);","lastModifiedDate":"2021-08-17"},{"lineNumber":4,"author":{"gitId":"Li-Lehao"},"content":"    }","lastModifiedDate":"2021-08-17"},{"lineNumber":5,"author":{"gitId":"Li-Lehao"},"content":"}","lastModifiedDate":"2021-08-17"}],"authorContributionMap":{"Li-Lehao":5}},{"path":"src/main/java/taskNumberOutOfBoundException.java","fileType":"java","lines":[{"lineNumber":1,"author":{"gitId":"Li-Lehao"},"content":"public class taskNumberOutOfBoundException extends DukeException {","lastModifiedDate":"2021-08-17"},{"lineNumber":2,"author":{"gitId":"Li-Lehao"},"content":"    public taskNumberOutOfBoundException(String s) {","lastModifiedDate":"2021-08-17"},{"lineNumber":3,"author":{"gitId":"Li-Lehao"},"content":"        super(s);","lastModifiedDate":"2021-08-17"},{"lineNumber":4,"author":{"gitId":"Li-Lehao"},"content":"    }","lastModifiedDate":"2021-08-17"},{"lineNumber":5,"author":{"gitId":"Li-Lehao"},"content":"}","lastModifiedDate":"2021-08-16"}],"authorContributionMap":{"Li-Lehao":5}},{"path":"src/main/java/timeEmptyException.java","fileType":"java","lines":[{"lineNumber":1,"author":{"gitId":"Li-Lehao"},"content":"public class timeEmptyException extends DukeException{","lastModifiedDate":"2021-08-17"},{"lineNumber":2,"author":{"gitId":"Li-Lehao"},"content":"    public timeEmptyException (String s) {","lastModifiedDate":"2021-08-17"},{"lineNumber":3,"author":{"gitId":"Li-Lehao"},"content":"        super(s);","lastModifiedDate":"2021-08-17"},{"lineNumber":4,"author":{"gitId":"Li-Lehao"},"content":"    }","lastModifiedDate":"2021-08-17"},{"lineNumber":5,"author":{"gitId":"Li-Lehao"},"content":"}","lastModifiedDate":"2021-08-17"}],"authorContributionMap":{"Li-Lehao":5}},{"path":"text-ui-test/input.txt","fileType":"txt","lines":[{"lineNumber":1,"author":{"gitId":"Li-Lehao"},"content":"todo task1","lastModifiedDate":"2021-08-16"},{"lineNumber":2,"author":{"gitId":"Li-Lehao"},"content":"todo task2","lastModifiedDate":"2021-08-16"},{"lineNumber":3,"author":{"gitId":"Li-Lehao"},"content":"list","lastModifiedDate":"2021-08-16"},{"lineNumber":4,"author":{"gitId":"Li-Lehao"},"content":"done 1","lastModifiedDate":"2021-08-16"},{"lineNumber":5,"author":{"gitId":"Li-Lehao"},"content":"deadline task3 /by Sunday","lastModifiedDate":"2021-08-16"},{"lineNumber":6,"author":{"gitId":"Li-Lehao"},"content":"event task4 /at 2-3pm","lastModifiedDate":"2021-08-16"},{"lineNumber":7,"author":{"gitId":"Li-Lehao"},"content":"done 4","lastModifiedDate":"2021-08-16"},{"lineNumber":8,"author":{"gitId":"Li-Lehao"},"content":"list","lastModifiedDate":"2021-08-16"},{"lineNumber":9,"author":{"gitId":"Li-Lehao"},"content":"todo","lastModifiedDate":"2021-08-17"},{"lineNumber":10,"author":{"gitId":"Li-Lehao"},"content":"deadline","lastModifiedDate":"2021-08-17"},{"lineNumber":11,"author":{"gitId":"Li-Lehao"},"content":"blah","lastModifiedDate":"2021-08-17"},{"lineNumber":12,"author":{"gitId":"Li-Lehao"},"content":"delete 1","lastModifiedDate":"2021-08-17"},{"lineNumber":13,"author":{"gitId":"Li-Lehao"},"content":"bye","lastModifiedDate":"2021-08-17"}],"authorContributionMap":{"Li-Lehao":13}}]
