{"authorDailyContributionsMap":{"NicolasCwy":[{"date":"2021-08-16","commitResults":[{"hash":"df707dbfc2f3336f505b461a89ab6b039b79166b","messageTitle":"Rename Duke file to Kermit","messageBody":"","fileTypesAndContributionMap":{"java":{"insertions":1,"deletions":1}}},{"hash":"f2bb30e8cda4a0ea553ec7dcb906c8f00b5f5910","messageTitle":"Add helper function to format text","messageBody":"","fileTypesAndContributionMap":{"java":{"insertions":11,"deletions":6}}},{"hash":"5665fd669ebbd1a605c3e156a372a4ac38e89523","messageTitle":"Add echo function to Kermit Bot","messageBody":"","tags":["Level-1"],"fileTypesAndContributionMap":{"java":{"insertions":19,"deletions":2}}},{"hash":"44c7bf8d18251de1ebc913343362612f77c1bbc9","messageTitle":"Fix grammar error in intro text","messageBody":"","fileTypesAndContributionMap":{"java":{"insertions":1,"deletions":1}}},{"hash":"9e5c68e45e8c972e2fbddbf4a65f3f542bbe4596","messageTitle":"Change echo to add text","messageBody":"","fileTypesAndContributionMap":{"java":{"insertions":2,"deletions":1}}},{"hash":"d208c4c1622cdbbcb1925547b7d17c2bb9262d5e","messageTitle":"Change access modifier of formatText() to private","messageBody":"formatText is used to format Kermit\u0027s speech and should not be used outside the class\n\nChange formatText() method access modifier to private\n\nformatText being private hides the implementation details from users\n","fileTypesAndContributionMap":{"java":{"insertions":1,"deletions":1}}},{"hash":"11bfd425920933fbc6b80d0b300a772475f66d4a","messageTitle":"Add list command to Kermit","messageBody":"Typing to text (with the exception of \"bye\" and \"list\") would add the text to a list. The list command would print all the items is in the list\n","tags":["Level-2"],"fileTypesAndContributionMap":{"java":{"insertions":19,"deletions":0}}}]},{"date":"2021-08-17","commitResults":[{"hash":"a5df4c2282fa2f36525d75ca5a1d30cecf83afdd","messageTitle":"Move list logic to ToDo class","messageBody":"","fileTypesAndContributionMap":{"java":{"insertions":32,"deletions":14}}},{"hash":"034762f051bc3b6a6f87d48e9b2d1411ebd9e3cc","messageTitle":"Add class to encapsulate task","messageBody":"","fileTypesAndContributionMap":{"java":{"insertions":31,"deletions":0}}},{"hash":"ef77f49e5749aa9678405fd8bd52f3e573329099","messageTitle":"Rename variables to be less ambiguous","messageBody":"","fileTypesAndContributionMap":{"java":{"insertions":8,"deletions":8}}},{"hash":"d2a6ecaa332a9f05e63e6b0fb1bcb6f5011ee18b","messageTitle":"Make ToDo list use Task class","messageBody":"","fileTypesAndContributionMap":{"java":{"insertions":4,"deletions":3}}},{"hash":"3e5ce7b7e33a83927b00c2e279cadcf1c0c814df","messageTitle":"Remove generic from ToDo","messageBody":"Remove type parameter from ToDo class\n","fileTypesAndContributionMap":{"java":{"insertions":1,"deletions":1}}},{"hash":"0fddc977efc156f4a1f799a61dd5084aafaa9fed","messageTitle":"Add completeTask method","messageBody":"Marks task in ToDo list as complete\n","fileTypesAndContributionMap":{"java":{"insertions":5,"deletions":0}}},{"hash":"1fe15d663e70a1f4c790006c4b015093ee3b3220","messageTitle":"Add done command to Kermit bot","messageBody":"Mark items in todo list as complete using \"done\" command. This is reflected in the \"list\" method as well\n","tags":["Level-3"],"fileTypesAndContributionMap":{"java":{"insertions":11,"deletions":2}}},{"hash":"7d112559100698013c765897f2beebae07b1fea0","messageTitle":"Add speech when Kermit prints list","messageBody":"","fileTypesAndContributionMap":{"java":{"insertions":2,"deletions":1}}},{"hash":"1ce4ead98298c30d9251d530eac7e8394757ffe3","messageTitle":"Change logic to use StringBuilder class","messageBody":"StringBuilder object used to construct strings when reading the input commands issued by user\n","fileTypesAndContributionMap":{"java":{"insertions":13,"deletions":3}}},{"hash":"c9dc3fe683cb8f0ba07fb812d78b542c7ae17cb1","messageTitle":"Add todos task to Kermit","messageBody":"todos encapsulates simple tasks that only have a description and can be completed.\nTo prepare for more complex tasks such as deadline and event\n","fileTypesAndContributionMap":{"java":{"insertions":23,"deletions":6}}},{"hash":"ccbb9a4a8495d36fb796fbe2a5f6dc58c5234ef0","messageTitle":"Change Kermit control flow to use switch statement","messageBody":"Return is used in \"bye\" case as break would exit out of the switch structure. Return is needed to exit the while loop and stop the program\n","fileTypesAndContributionMap":{"java":{"insertions":23,"deletions":19}}},{"hash":"f4971fe73453b9cd8ed356a67b58d2069dd44a31","messageTitle":"Line wrapped speech statement","messageBody":"","fileTypesAndContributionMap":{"java":{"insertions":3,"deletions":1}}},{"hash":"05a893ebbd2287026a9ce7587c09758199a57ab0","messageTitle":"Add deadline task","messageBody":"Deadline is a task that has a deadline\n","fileTypesAndContributionMap":{"java":{"insertions":12,"deletions":0}}},{"hash":"637c70e354c96967ae23fde597b12852fb8087ad","messageTitle":"Add deadline command to Kermit bot","messageBody":"","fileTypesAndContributionMap":{"java":{"insertions":42,"deletions":12}}},{"hash":"043d439123420bc4739f9dbd200f155c338b6e17","messageTitle":"Add Event task class","messageBody":"","fileTypesAndContributionMap":{"java":{"insertions":12,"deletions":0}}},{"hash":"bbc1feac7fa51cbaad9e65fb9087babff686a8dd","messageTitle":"Change deadline string","messageBody":"Deadline toString() returns a prefix \"[D]\" instead of an \"[E]\" which represented an event task\n","fileTypesAndContributionMap":{"java":{"insertions":1,"deletions":1}}},{"hash":"bb496499674fd159dd5e9e0cbb962d2ce66ff034","messageTitle":"Add helper function to create message when task is added","messageBody":"Helper function creates message to be used\n\nString message was too long and was repeated 3 times in the code. Helper function used to reduce code re-use\n","tags":["Level-4"],"fileTypesAndContributionMap":{"java":{"insertions":26,"deletions":7}}},{"hash":"643d87ece81fbd18e878db91fa0364017dc15467","messageTitle":"Amend missing spaces in Kermit speech","messageBody":"","fileTypesAndContributionMap":{"java":{"insertions":3,"deletions":3}}},{"hash":"6a46383c49e3f93ce8afed2db370f3981048aa9b","messageTitle":"Add expected and input test for semi-automated test","messageBody":"","fileTypesAndContributionMap":{"txt":{"insertions":15,"deletions":0}}},{"hash":"97eb8ca547694f5bfcd568af601d447e61a21586","messageTitle":"Change script file reference class","messageBody":"Script redirects input to bin/Kermit instead of bin/Duke\n\nScript was referring to the original name of the iP bot Duke. Running this version would cause no output to be redirected to the file ACTUAL.txt for testing, causing the test to fail.\n","tags":["A-TextUiTesting"],"fileTypesAndContributionMap":{"sh":{"insertions":1,"deletions":1}}},{"hash":"8e49eac51a648305a60369f6d165fc0497ecdd4d","messageTitle":"Change invalid command text","messageBody":"","fileTypesAndContributionMap":{"java":{"insertions":2,"deletions":1}}},{"hash":"ae63885d4b3684ac16e2883565bd0af65f162e43","messageTitle":"Add KermitException for Kermit bot errors","messageBody":"KermitException should be used for any errors that occur during the runtime of Kermit Bot\n","fileTypesAndContributionMap":{"java":{"insertions":5,"deletions":0}}},{"hash":"923591c1f2a378c2dab0b4f1522bc1f1a539bac6","messageTitle":"Throw KermitException for invalid command","messageBody":"Invalid command text throws KermitException\n\nAn invalid command should raise an exception instead of being handled in the switch statement as an expected behaviour and just being printed out.\n","fileTypesAndContributionMap":{"java":{"insertions":63,"deletions":59}}},{"hash":"31a69b7431a2972494694bed54679b393561a394","messageTitle":"Add error checking to Kermit","messageBody":"Handle empty description for events and invalid flag arguments\n","fileTypesAndContributionMap":{"java":{"insertions":31,"deletions":6}}},{"hash":"7ffd8ef9019104c0466b428a59bae6a3274851f2","messageTitle":"Add test cases to test exceptions","messageBody":"","fileTypesAndContributionMap":{"txt":{"insertions":5,"deletions":0}}},{"hash":"8b377dcd05635ff7c23fcb87685983840b3ddd8d","messageTitle":"Make error thrown for missing flag argument Event clearer","messageBody":"","fileTypesAndContributionMap":{"java":{"insertions":2,"deletions":2}}},{"hash":"628c138b6eb02bf0cd1a6948bbcd02d7c431de8e","messageTitle":"Extend horizontal divider for styling","messageBody":"","fileTypesAndContributionMap":{"java":{"insertions":2,"deletions":2}}},{"hash":"a47949c91ea8bcbbc40ac41612ed80ae0abb9865","messageTitle":"Add string at start of every error","messageBody":"Add string that will be printed before every error message, to add flavour to every error message. Make it consistent so that it is recognisable,\n","tags":["Level-5"],"fileTypesAndContributionMap":{"java":{"insertions":3,"deletions":3}}}]},{"date":"2021-08-18","commitResults":[{"hash":"032aaea3ae452f35e2f4e0c58f8092db7b99c6ae","messageTitle":"Check validity of command outside switch statement","messageBody":"","fileTypesAndContributionMap":{"java":{"insertions":9,"deletions":2}}},{"hash":"c2605b28a7c262aebc527e8f21fd50f8f4b11cb5","messageTitle":"Move error checking logic out of switch statement","messageBody":"Error checking is done as description and flag are constructed to reduce code repetition.\n\nEnsures that inputs are valid before executing command logic\n","fileTypesAndContributionMap":{"java":{"insertions":19,"deletions":24}}},{"hash":"7076ccdf8157910ce2abe273b9511d9ac56ec2c9","messageTitle":"Add test case for delete command","messageBody":"","fileTypesAndContributionMap":{"txt":{"insertions":2,"deletions":0}}},{"hash":"4b64771d1c63237ba3ca4d6c6f418a4c47bfcdf9","messageTitle":"removeTask: return task","messageBody":"","fileTypesAndContributionMap":{"java":{"insertions":6,"deletions":0}}},{"hash":"1312a639583bccb0d101a19aef70a5a32a91cc38","messageTitle":"Add delete command (no error checking)","messageBody":"","tags":["Level-6"],"fileTypesAndContributionMap":{"java":{"insertions":14,"deletions":3}}}]},{"date":"2021-08-23","commitResults":[{"hash":"0b769f1f3f50201e297ee7344cf4a974ed2e4932","messageTitle":"Add creation of Kermit data file","messageBody":"","fileTypesAndContributionMap":{"java":{"insertions":16,"deletions":1}}},{"hash":"828a52e587904ebe21db92085e29eea483206e43","messageTitle":"Add methods for file writing format","messageBody":"","fileTypesAndContributionMap":{"java":{"insertions":24,"deletions":2}}},{"hash":"16fb618874221af2bbc4c67f65afc2154fba9b64","messageTitle":"Create subclass for date dependent tasks","messageBody":"","fileTypesAndContributionMap":{"java":{"insertions":19,"deletions":11}}},{"hash":"ccd655ae9603fef665ac8b40046ea3806cf7db20","messageTitle":"Add helper function to format save strings","messageBody":"","fileTypesAndContributionMap":{"java":{"insertions":14,"deletions":0}}},{"hash":"de1edfd20b9cafdc2c9b4186018b27f60e6bcfe0","messageTitle":"Add printwriter","messageBody":"","fileTypesAndContributionMap":{"java":{"insertions":11,"deletions":2}}},{"hash":"29ed94c39d6ca3afb65307e428086c2e7bc201b9","messageTitle":"Fix formatWriteString not changing string","messageBody":"","fileTypesAndContributionMap":{"java":{"insertions":1,"deletions":1}}},{"hash":"7659fcf36cc933e34281a314c3af293d3af09369","messageTitle":"Add save user data to file","messageBody":"","tags":["Level-7"],"fileTypesAndContributionMap":{"java":{"insertions":113,"deletions":104}}},{"hash":"e04e7911d2b6c5a78f17bf08417780c45545a662","messageTitle":"Remove catch for RuntimeException","messageBody":"","fileTypesAndContributionMap":{"java":{"insertions":1,"deletions":4}}},{"hash":"6be036ad9bbe922203cd09bcaa8c69013c5f8a45","messageTitle":"Rename variable to be less ambiguous","messageBody":"","fileTypesAndContributionMap":{"java":{"insertions":6,"deletions":2}}},{"hash":"29897b81e7192b6d466460736031ea6d63482711","messageTitle":"Add constructor for tasks that are completed","messageBody":"","fileTypesAndContributionMap":{"java":{"insertions":22,"deletions":0}}},{"hash":"777f669fa2f16711a42331761b4fd56708c44205","messageTitle":"Add read from existing todo list data file capability","messageBody":"","fileTypesAndContributionMap":{"java":{"insertions":31,"deletions":5}}},{"hash":"548f70ce2d5150be3037baef8a023ef2306bd73a","messageTitle":"Change test for new localdate format","messageBody":"","fileTypesAndContributionMap":{"txt":{"insertions":2,"deletions":2}}},{"hash":"d12b0848ec50634deb369b98318184514b111453","messageTitle":"Change to accept localdate time","messageBody":"","fileTypesAndContributionMap":{"java":{"insertions":20,"deletions":6}}},{"hash":"7928a5c2f0f7237e25623caa3b3db6dd10d2a288","messageTitle":"Change kermit to use localdate for dates","messageBody":"","fileTypesAndContributionMap":{"java":{"insertions":16,"deletions":2}}},{"hash":"0c7f96978197785c205fb435d1c3561ee267b6d4","messageTitle":"Add helper function to format and print text","messageBody":"","tags":["Level-8"],"fileTypesAndContributionMap":{"java":{"insertions":14,"deletions":10}}}]},{"date":"2021-08-24","commitResults":[{"hash":"082b6409d1b9a35295045fa412c2faa7d5f55397","messageTitle":"Fix incorrect datetime format","messageBody":"","fileTypesAndContributionMap":{"java":{"insertions":1,"deletions":1}}},{"hash":"1c9fae8fdac05509defd8ef752789187d22bda22","messageTitle":"Change common string output to task class","messageBody":"","fileTypesAndContributionMap":{"java":{"insertions":3,"deletions":8}}},{"hash":"1a0a9792b0f1a60f9d1b0108266af7c65784a79e","messageTitle":"Add test cases for find command","messageBody":"(cherry picked from commit fa4fde4b08ce01011154a30cdd0f8158702bb4f3)\n","fileTypesAndContributionMap":{"txt":{"insertions":2,"deletions":0}}},{"hash":"45960ab008790fdc5d0e661c3c92b67bcdea15fb","messageTitle":"Add filter method to ToDo list","messageBody":"(cherry picked from commit ecd9e53164c1f754c38943c72a3a64a57c8361c3)\n","fileTypesAndContributionMap":{"java":{"insertions":13,"deletions":0}}},{"hash":"9dc7c73c4974da7a3c55c17ac691a224eea99d7a","messageTitle":"Add filter task output string","messageBody":"(cherry picked from commit 931d60c4b2a04073e94d13a4d843b281d143b481)\n","fileTypesAndContributionMap":{"java":{"insertions":17,"deletions":2}}},{"hash":"6d7e6fc9483c627fd12abbdc237efe9e83aaab42","messageTitle":"Fix incorrect return type","messageBody":"(cherry picked from commit 460246e8e2cc8e89d33f83beef51dfcfb849636a)\n","fileTypesAndContributionMap":{"java":{"insertions":23,"deletions":23}}},{"hash":"62678a3ba649628896c940db1adae53c0299a701","messageTitle":"Add find command to Kermit","messageBody":"(cherry picked from commit 5a98bdc9cf1cb4acb77535a5302386404ff04987)\n","fileTypesAndContributionMap":{"java":{"insertions":6,"deletions":3}}},{"hash":"9f39b305a32974ff5c2a0e23710e94d91537f7df","messageTitle":"Change code to use a storage class in an ideal scenario","messageBody":"","fileTypesAndContributionMap":{"java":{"insertions":105,"deletions":158}}},{"hash":"b15046006f56bde1ea63713eca60f2d30e3272d4","messageTitle":"Add storage class","messageBody":"","fileTypesAndContributionMap":{"java":{"insertions":16,"deletions":0}}},{"hash":"4e2fc4fb61ab296956dcdfccd096def20f956dbb","messageTitle":"Move read from file to Storage class","messageBody":"","fileTypesAndContributionMap":{"java":{"insertions":46,"deletions":3}}},{"hash":"b9cef92f3a07db0ab62ea365badea925baa1c532","messageTitle":"Expand try block in Kermit","messageBody":"","fileTypesAndContributionMap":{"java":{"insertions":16,"deletions":40}}},{"hash":"34973e6f2dd283e9d05c512703ecf6bf1478665c","messageTitle":"Add save function to storage","messageBody":"","fileTypesAndContributionMap":{"java":{"insertions":87,"deletions":54}}}]},{"date":"2021-08-25","commitResults":[{"hash":"c2ff9c560628d68f0a434e31f9116b95460e78cc","messageTitle":"Add Ui Class","messageBody":"","fileTypesAndContributionMap":{"java":{"insertions":60,"deletions":2}}},{"hash":"1bdad7a90f7d03e2b317644dd047b776f805af20","messageTitle":"Fix unable to read from existing data file bug","messageBody":"","fileTypesAndContributionMap":{"java":{"insertions":42,"deletions":27}}},{"hash":"7bc8cd09be519b5d2f8473dc79007f076d3d205f","messageTitle":"Make Kermit use Ui class","messageBody":"","fileTypesAndContributionMap":{"java":{"insertions":20,"deletions":54}}},{"hash":"90b388760ffa969ab2abee10a4f1f45c6faa19e6","messageTitle":"Add loadingError text option to Ui","messageBody":"","fileTypesAndContributionMap":{"java":{"insertions":5,"deletions":0}}},{"hash":"4f573598508a6a29c8c1159ef877d6a368683030","messageTitle":"Add constructor for ToDo that accepts lists","messageBody":"","fileTypesAndContributionMap":{"java":{"insertions":5,"deletions":0}}},{"hash":"bbc3854d859c4d1d553f8c2a2a03a629c5446263","messageTitle":"Change Storage to return an array of tasks after load","messageBody":"","fileTypesAndContributionMap":{"java":{"insertions":54,"deletions":54}}},{"hash":"0889cd5fdaf6387fb2ba53e38268994a33e380ad","messageTitle":"Compartmentalise code to use instance of Kermit","messageBody":"","fileTypesAndContributionMap":{"java":{"insertions":35,"deletions":21}}},{"hash":"7d6cf20fdf2c920ed9d650b44eb5939799e2083b","messageTitle":"Remove comment in Storage class","messageBody":"","fileTypesAndContributionMap":{"java":{"insertions":0,"deletions":3}}},{"hash":"4f8d876acc47659b613ea22b24d77e800f7123ff","messageTitle":"Change file loading error text","messageBody":"","fileTypesAndContributionMap":{"java":{"insertions":1,"deletions":1}}},{"hash":"ab6c4670cfe2bfd6716cef5fcd5b2be01a97b96b","messageTitle":"Catch exception if data file does not follow format","messageBody":"","fileTypesAndContributionMap":{"java":{"insertions":1,"deletions":1}}},{"hash":"ce11e0a3f397bdcd282fd412bd9dc7e5416b08c9","messageTitle":"Move scan user input into Ui","messageBody":"","fileTypesAndContributionMap":{"java":{"insertions":7,"deletions":0}}},{"hash":"370c81a77b42e658e59c8c510b2de19953c548f7","messageTitle":"Add Command class","messageBody":"","fileTypesAndContributionMap":{"java":{"insertions":4,"deletions":0}}},{"hash":"7ea5a564d386be5d41a6ac972ad8dbfea06bbbce","messageTitle":"Add execute abstract method","messageBody":"","fileTypesAndContributionMap":{"java":{"insertions":1,"deletions":0}}},{"hash":"a03ef176583c735e9f28ce05855415296fbc0bef","messageTitle":"Change execute parameters","messageBody":"","fileTypesAndContributionMap":{"java":{"insertions":1,"deletions":1}}},{"hash":"cdaaa42904cc8f7bc6637eebddd9639aa2e71bc8","messageTitle":"Add KermitException throw to execute method signature","messageBody":"","fileTypesAndContributionMap":{"java":{"insertions":1,"deletions":1}}},{"hash":"47e9f29d9313a49912bfd2758c69c993e8e0ac22","messageTitle":"Add Exit command","messageBody":"","fileTypesAndContributionMap":{"java":{"insertions":13,"deletions":0}}},{"hash":"91a2e2765ce9acb98bc3b0f11ff8d3dd6fb44d73","messageTitle":"Add ListTask command","messageBody":"","fileTypesAndContributionMap":{"java":{"insertions":14,"deletions":0}}},{"hash":"aa23df2b34309d462ad0ffbfcf16ac565414dfc3","messageTitle":"Remove thrown exception from overridden execute signature","messageBody":"","fileTypesAndContributionMap":{"java":{"insertions":1,"deletions":1}}},{"hash":"4380421d0021046520e5636b4065ff5ac9e2009f","messageTitle":"Add complete task command","messageBody":"","fileTypesAndContributionMap":{"java":{"insertions":24,"deletions":0}}},{"hash":"39eff525c26ba44f3b86d6b2444c6c09bf18f6f7","messageTitle":"Add delete task command","messageBody":"","fileTypesAndContributionMap":{"java":{"insertions":24,"deletions":0}}},{"hash":"703fc6028b77fbd58d8c10fb38b6a3035b9314ed","messageTitle":"Add \"Add todo\" command","messageBody":"","fileTypesAndContributionMap":{"java":{"insertions":18,"deletions":0}}},{"hash":"e690e7e69a6311b0eb08860f2118042ee97288cb","messageTitle":"Add \"add date dependent task\" command","messageBody":"","fileTypesAndContributionMap":{"java":{"insertions":30,"deletions":0}}},{"hash":"1536704f0c07f63f12d05b2286ea01152a9d5bbf","messageTitle":"Change Ui argument to be string","messageBody":"","fileTypesAndContributionMap":{"java":{"insertions":2,"deletions":2}}},{"hash":"c12a7697bb88c905b31bb8f02440964f4c079f28","messageTitle":"Change structure Kermit to be more OOP","messageBody":"","fileTypesAndContributionMap":{"java":{"insertions":7,"deletions":122}}},{"hash":"3c83aebc1d9a01e8abe03de12f8e12ba831a1c3e","messageTitle":"Change constructor to take in one-indexed task numbers and change error","messageBody":"","fileTypesAndContributionMap":{"java":{"insertions":6,"deletions":4}}},{"hash":"094b54183426c7ede1cc9aed2639ca4051ff1edb","messageTitle":"Add parser class","messageBody":"","tags":["A-MoreOOP"],"fileTypesAndContributionMap":{"java":{"insertions":114,"deletions":0}}},{"hash":"6917e430209c413c9a34224118f20f6e82a2e85b","messageTitle":"Internalise argument checking into commands","messageBody":"","fileTypesAndContributionMap":{"java":{"insertions":64,"deletions":89}}},{"hash":"e4a03506dd97939f98d537bbfffd7f9dcb5b7861","messageTitle":"Fix date parsing","messageBody":"","fileTypesAndContributionMap":{"java":{"insertions":16,"deletions":2}}},{"hash":"c5c753f42c5427a954513584b52edf2fda51e42b","messageTitle":"Rename command classes to have command in name","messageBody":"","fileTypesAndContributionMap":{"java":{"insertions":17,"deletions":18}}},{"hash":"d6bca5b9f8c3d00425d22a4d580e57fbda0d4810","messageTitle":"Package command files","messageBody":"","fileTypesAndContributionMap":{"java":{"insertions":54,"deletions":7}}},{"hash":"9fc39f0c14b3056887a1b6d6622b60acd50c6118","messageTitle":"Package task files","messageBody":"","fileTypesAndContributionMap":{"java":{"insertions":15,"deletions":6}}},{"hash":"0648d4b5beb3f4a4f426d1460ae410b054cbc9aa","messageTitle":"Package Kermit related files","messageBody":"","fileTypesAndContributionMap":{"java":{"insertions":30,"deletions":12}}},{"hash":"448e871d6a94c2debb87f3bf5c344b5949c23fef","messageTitle":"Fix incorrect access modifier","messageBody":"","fileTypesAndContributionMap":{"java":{"insertions":8,"deletions":8}}},{"hash":"5effabe9a14ff0166a1ad623daa5e64a0f40ea92","messageTitle":"Fix IDE renaming error","messageBody":"","fileTypesAndContributionMap":{"java":{"insertions":2,"deletions":2}}},{"hash":"f76bbdab73abe67b93092d6896a9f3a4e586ac2a","messageTitle":"Fix IDE renaming error","messageBody":"","fileTypesAndContributionMap":{"java":{"insertions":1,"deletions":1}}},{"hash":"779d2f1666deaa2770f03db473ef7d3439303668","messageTitle":"Change testing file to run on packaged files","messageBody":"","tags":["A-Packages"],"fileTypesAndContributionMap":{"sh":{"insertions":4,"deletions":2}}},{"hash":"0795c3685d141e34fb36577a652fa982d0b3ec3a","messageTitle":"Add ToDo Test","messageBody":"","fileTypesAndContributionMap":{"java":{"insertions":13,"deletions":0}}},{"hash":"7f5effd4ca5c861115714889e9cdcab1af3a6d62","messageTitle":"Add getShortForm test","messageBody":"","fileTypesAndContributionMap":{"java":{"insertions":2,"deletions":2}}},{"hash":"c1868d82e075a411c1455ccb0c5a9beddbb8d6e6","messageTitle":"Add Event test file","messageBody":"","fileTypesAndContributionMap":{"java":{"insertions":12,"deletions":0}}},{"hash":"a092684d289ffb3dc605bdcf2e88972e10f61995","messageTitle":"Fix GetShortForm test","messageBody":"","fileTypesAndContributionMap":{"java":{"insertions":3,"deletions":1}}},{"hash":"1fbb93b5ee94c7bed26e11150b6ff8d299940de6","messageTitle":"Add event toString test","messageBody":"","fileTypesAndContributionMap":{"java":{"insertions":12,"deletions":2}}},{"hash":"51143fad3a01e4d3b46d0c8a815c8cd2c8ddd698","messageTitle":"Add deadline test","messageBody":"","tags":["A-Jar","A-JUnit"],"fileTypesAndContributionMap":{"java":{"insertions":25,"deletions":0}}},{"hash":"af32c9b9b21903527c609db489b401d5655a2313","messageTitle":"Add javadocs for Kermit","messageBody":"","fileTypesAndContributionMap":{"java":{"insertions":24,"deletions":0}}},{"hash":"db1020da45cd64d6052a9ad5fbac7ae39201fc86","messageTitle":"Add javadocs for KermitException","messageBody":"","fileTypesAndContributionMap":{"java":{"insertions":8,"deletions":0}}},{"hash":"095616020ecdbe61ec66d3e535f07bd0eac76aa6","messageTitle":"Add javadocs for Parser","messageBody":"","fileTypesAndContributionMap":{"java":{"insertions":10,"deletions":0}}},{"hash":"6739694680a2e6b9ce8acf4d9491d4fe86145a47","messageTitle":"Remove redundant command check","messageBody":"","fileTypesAndContributionMap":{"java":{"insertions":0,"deletions":7}}},{"hash":"08397a003dc57d81f8f390ff0d38e7c68b7d875a","messageTitle":"Remove wildcard import and import classes","messageBody":"","fileTypesAndContributionMap":{"java":{"insertions":9,"deletions":3}}},{"hash":"3370d74f27435836be123e5334a6bad63e2f14c5","messageTitle":"Add javadocs to storage class","messageBody":"","fileTypesAndContributionMap":{"java":{"insertions":31,"deletions":0}}},{"hash":"5b1959f4e34567a3f88dd1020630159cd2267d36","messageTitle":"Add javadocs to ToDo class","messageBody":"","fileTypesAndContributionMap":{"java":{"insertions":18,"deletions":2}}},{"hash":"e62a4a5a7b765f13a38d5cf0d939561d5e6898b0","messageTitle":"Add periods at end of javadoc headers.","messageBody":"","fileTypesAndContributionMap":{"java":{"insertions":3,"deletions":3}}},{"hash":"97e18fd9f13649259130ec277148160384f0aec0","messageTitle":"Add javadocs to Ui","messageBody":"","fileTypesAndContributionMap":{"java":{"insertions":31,"deletions":4}}},{"hash":"7f51bd150236b61c846c1957ea332ef0d95a263e","messageTitle":"Add javadocs to DateDependentTask","messageBody":"","fileTypesAndContributionMap":{"java":{"insertions":28,"deletions":0}}},{"hash":"f115b43accd1e7aaa6091691c7cb6191726f6b15","messageTitle":"Add period at end of javadoc header","messageBody":"","fileTypesAndContributionMap":{"java":{"insertions":1,"deletions":1}}},{"hash":"4cd01a3023a2c623df6055982183f78d69f646e1","messageTitle":"Add javadocs to deadline","messageBody":"","fileTypesAndContributionMap":{"java":{"insertions":32,"deletions":0}}},{"hash":"203311e7f3ed631610a2ca7e2495f836125dde10","messageTitle":"Remove redundant getDateString","messageBody":"getDateString is deleted as it is inherited from DateDependantTask,\n","fileTypesAndContributionMap":{"java":{"insertions":0,"deletions":9}}},{"hash":"847ad5dc50247b532c380ad78344d39f230724e8","messageTitle":"Add javadocs to event","messageBody":"","fileTypesAndContributionMap":{"java":{"insertions":27,"deletions":0}}},{"hash":"0a37d5235647fd538712b5110ff5fa367b701e40","messageTitle":"Add override tag to methods","messageBody":"","fileTypesAndContributionMap":{"java":{"insertions":2,"deletions":0}}},{"hash":"a86d8636bc54c4b5ecdbf416c61e104ec6dd741b","messageTitle":"Add javadocs to ToDo","messageBody":"","fileTypesAndContributionMap":{"java":{"insertions":21,"deletions":0}}},{"hash":"d8180844cf8e7b0aff4a1e090133c2cf0c3764c1","messageTitle":"Add override tag to method","messageBody":"","fileTypesAndContributionMap":{"java":{"insertions":1,"deletions":0}}},{"hash":"77da7caefe43729a9921a6b874cf348168b71cf2","messageTitle":"Add periods at end of javadoc header","messageBody":"","fileTypesAndContributionMap":{"java":{"insertions":2,"deletions":2}}},{"hash":"e0beafba041f0068d15c8bc5a24b4c29e2a11890","messageTitle":"Add javadocs to Task","messageBody":"","fileTypesAndContributionMap":{"java":{"insertions":31,"deletions":5}}}]},{"date":"2021-08-26","commitResults":[{"hash":"6c8ea34d18ada5282f657708a189c12ee210b10a","messageTitle":"Add javadocs for Command","messageBody":"","fileTypesAndContributionMap":{"java":{"insertions":17,"deletions":0}}},{"hash":"126eab8c2920d5ca29f165e06bb7af31d160eb90","messageTitle":"Add javadocs for exit command","messageBody":"","fileTypesAndContributionMap":{"java":{"insertions":20,"deletions":0}}},{"hash":"23833da7869d55d5352e3a20c89b3442e2bf5f23","messageTitle":"Add javadocs for complete task command","messageBody":"","fileTypesAndContributionMap":{"java":{"insertions":23,"deletions":0}}},{"hash":"66c845abe730ad1572e2414c4d2d4c6d28565f84","messageTitle":"Add override annotation","messageBody":"","fileTypesAndContributionMap":{"java":{"insertions":2,"deletions":0}}},{"hash":"8d8a065779cec8ac20e7a5b2c805052a4890d2d0","messageTitle":"Remove comment","messageBody":"","fileTypesAndContributionMap":{"java":{"insertions":0,"deletions":1}}},{"hash":"efee3c5bb98bb32129499610e31040af41ea69a7","messageTitle":"Make javadoc less ambiguous","messageBody":"","fileTypesAndContributionMap":{"java":{"insertions":1,"deletions":1}}},{"hash":"056829658b40e355337f66e55bbc939f19ce9224","messageTitle":"Add javadocs for delete task command.","messageBody":"","fileTypesAndContributionMap":{"java":{"insertions":23,"deletions":1}}},{"hash":"c92b6ce812bfe52734dba95166804107f8511b5c","messageTitle":"Add javadocs for list tasks command.","messageBody":"","fileTypesAndContributionMap":{"java":{"insertions":18,"deletions":0}}},{"hash":"3f251a395255351ef5b80059ca8077c35049d344","messageTitle":"Add javadocs for add tasks command.","messageBody":"","fileTypesAndContributionMap":{"java":{"insertions":33,"deletions":1}}},{"hash":"c29661990d1fa861326ed990e2105cb54a09c576","messageTitle":"Properly indent switch cases","messageBody":"","fileTypesAndContributionMap":{"java":{"insertions":8,"deletions":8}}},{"hash":"562b34e7c4b765c8d14b4aa1fc61113a7dcaf17a","messageTitle":"Add proper access modifier","messageBody":"","fileTypesAndContributionMap":{"java":{"insertions":1,"deletions":1}}},{"hash":"9f75d05234bde6ec0de03c9e66e9b005b7074a73","messageTitle":"Add proper access modifier","messageBody":"","fileTypesAndContributionMap":{"java":{"insertions":1,"deletions":1}}},{"hash":"7a3fe0bf3be7f39f12290e674c8b8ed1a9c28c8f","messageTitle":"Add missing override annotation","messageBody":"","fileTypesAndContributionMap":{"java":{"insertions":2,"deletions":0}}},{"hash":"9b7c59a20839d3cfa274bbf806af8ed7f32f4995","messageTitle":"Add proper access modifer","messageBody":"","fileTypesAndContributionMap":{"java":{"insertions":1,"deletions":1}}},{"hash":"9c02b7a7d40910b0d8a7bf4894441b2b1a85ca61","messageTitle":"Rename getDate and getDatestring methods","messageBody":"Renamed getDate method to getDateString. Renamed getDateString to getFormattedDateString\n","fileTypesAndContributionMap":{"java":{"insertions":8,"deletions":7}}},{"hash":"408e255ccfc64c32f5cd0a2f59b63b83a3ad3d05","messageTitle":"Add override annotation","messageBody":"","fileTypesAndContributionMap":{"java":{"insertions":1,"deletions":0}}},{"hash":"d1246ea6bafe19d7f5ecccfc69de65d441e259f4","messageTitle":"Add override annotation","messageBody":"","fileTypesAndContributionMap":{"java":{"insertions":2,"deletions":0}}},{"hash":"bf03926747af041a7bd1e34fef4054d5dc7cd406","messageTitle":"Remove unnecessary method","messageBody":"Removed getFormattedDateString() in Deadline as it calls the parent function without any changes\n","fileTypesAndContributionMap":{"java":{"insertions":0,"deletions":5}}},{"hash":"ccc6b00e39a8f10d350bc2c6319ba852b5f9814e","messageTitle":"Rename ToDo to TaskList","messageBody":"","fileTypesAndContributionMap":{"java":{"insertions":23,"deletions":23}}},{"hash":"6607c9431be8e966689d6c0b7cc263b2b7fdb4f1","messageTitle":"Rename completeTask to markTaskAsComplete","messageBody":"","fileTypesAndContributionMap":{"java":{"insertions":1,"deletions":1}}},{"hash":"e833f5c1de288f610eb982ea440ed11650b51dbc","messageTitle":"Delete formatUserDateFormat function","messageBody":"formatUserDateFormat is deleted from Kermit.\n\nformatUserDateFormat is superseded by Parser class and does not handle date parsing by user.\n","fileTypesAndContributionMap":{"java":{"insertions":0,"deletions":13}}},{"hash":"8ad4ae2358939e3090c1448f949d7d4279fba8b2","messageTitle":"Indent switch case","messageBody":"","fileTypesAndContributionMap":{"java":{"insertions":16,"deletions":16}}},{"hash":"b6d7de0c614b8315b0f18777bd23d28f13238e8b","messageTitle":"Change variable assigned from flag to dateString","messageBody":"Assigned value to dateString instead of flag.\n\nflag is meant to be the keyword after the description e.g /by or /at and the dateString is the date that follows.\n","fileTypesAndContributionMap":{"java":{"insertions":4,"deletions":5}}},{"hash":"7a2406927cbce1825eb6824b979efe1f5d6024fd","messageTitle":"Change method name completeTask to markTaskAsComplete","messageBody":"Method name was changed in all files a few commits ago, but the method name in TaskList did not change\n","fileTypesAndContributionMap":{"java":{"insertions":1,"deletions":1}}},{"hash":"4cae64eef4a99794dc11e1a5b74304ae043c2c92","messageTitle":"Indent switch case","messageBody":"","fileTypesAndContributionMap":{"java":{"insertions":12,"deletions":12}}},{"hash":"50ad7c614c6bbf18c4eb945972a0e31da01ef63a","messageTitle":"Add missing constructor method","messageBody":"","fileTypesAndContributionMap":{"java":{"insertions":4,"deletions":1}}},{"hash":"fb28a953363966fa555beb03228df325cd03566a","messageTitle":"Reduce line length to less than 120","messageBody":"","fileTypesAndContributionMap":{"java":{"insertions":2,"deletions":1}}},{"hash":"358eb8db5631869be98af926da4c1958dbad217c","messageTitle":"Rename ToDos to ToDo","messageBody":"","fileTypesAndContributionMap":{"java":{"insertions":7,"deletions":7}}},{"hash":"8f814213b93853c8d676fbc632c4675c45e5b95f","messageTitle":"Add missing javadocs","messageBody":"","fileTypesAndContributionMap":{"java":{"insertions":12,"deletions":0}}}]},{"date":"2021-08-30","commitResults":[{"hash":"5f58c7a986a088d373c2971ebe82502c969cb834","messageTitle":"Change main class name for gradle to build project","messageBody":"","fileTypesAndContributionMap":{"gradle":{"insertions":1,"deletions":1}}},{"hash":"771c3a835da68758edaddb815f0a72849b5273af","messageTitle":"Change base archive name, to use shadowJar","messageBody":"","tags":["A-Gradle"],"fileTypesAndContributionMap":{"gradle":{"insertions":1,"deletions":1}}},{"hash":"07badb58452c092ec3d4e85353f58b33633f2188","messageTitle":"Fix checkstyle violations","messageBody":"","fileTypesAndContributionMap":{"java":{"insertions":2,"deletions":5}}},{"hash":"54fbe3f7d884ce4c90d23faaabe7d3f63b8721aa","messageTitle":"Fix checkstyle violations","messageBody":"","tags":["A-Checkstyle"],"fileTypesAndContributionMap":{"java":{"insertions":72,"deletions":63}}}]},{"date":"2021-09-01","commitResults":[{"hash":"0d0cd03edf899f9e8d37dadc8b7e62dea4d186ea","messageTitle":"Add JavaFX as a dependency","messageBody":"","fileTypesAndContributionMap":{"gradle":{"insertions":15,"deletions":0}}}]},{"date":"2021-09-02","commitResults":[{"hash":"105bec18ac79ea799969d17f0ec24528b9f31655","messageTitle":"Add initial GUI from SeEdu tutorial","messageBody":"","fileTypesAndContributionMap":{"java":{"insertions":188,"deletions":0}}},{"hash":"326780f7e40af21b317832717e76273b4132f19c","messageTitle":"Convert GUI to use FXML","messageBody":"","fileTypesAndContributionMap":{"fxml":{"insertions":35,"deletions":0},"java":{"insertions":118,"deletions":47}}},{"hash":"c2b877498a4a06ab79df7ae90300cd3a472b0d3c","messageTitle":"Fix font and replace it with Times New Roman","messageBody":"","fileTypesAndContributionMap":{"fxml":{"insertions":7,"deletions":7}}},{"hash":"df38ce4a342bdd0f892749091903641ba9ebcfca","messageTitle":"Change JavaFX version from 16 to 11","messageBody":"","fileTypesAndContributionMap":{"fxml":{"insertions":2,"deletions":2}}},{"hash":"a343811e6e7f5933b7d49d3bdcffa20413cf25a1","messageTitle":"Move getResponse into kermit class","messageBody":"","fileTypesAndContributionMap":{"java":{"insertions":7,"deletions":109}}},{"hash":"b7c4f4308f774f9305f782a09acfba450a36a780","messageTitle":"Amend code structure to be used in the GUI","messageBody":"","fileTypesAndContributionMap":{"java":{"insertions":47,"deletions":61}}},{"hash":"5a3429115edb34a53d205bc698f8d43cf0a1bf46","messageTitle":"Amend javadocs for UI class and delete unnecessary methods","messageBody":"","fileTypesAndContributionMap":{"java":{"insertions":24,"deletions":36}}},{"hash":"dad60c4ed38428afb761f670d27c446c65cc15bb","messageTitle":"Add new line according to checkstyle","messageBody":"","fileTypesAndContributionMap":{"java":{"insertions":1,"deletions":1}}},{"hash":"3be15357f49f4b6513b8d93c0d001b32795248c8","messageTitle":"Delete un-used run method","messageBody":"","fileTypesAndContributionMap":{"java":{"insertions":0,"deletions":8}}},{"hash":"3ecf07e40398f092823591db1a7ad23062561b79","messageTitle":"Add title to window","messageBody":"","fileTypesAndContributionMap":{"java":{"insertions":1,"deletions":0}}},{"hash":"e6456731eebee67aa12f59f75679602a796aeff4","messageTitle":"Add intro message","messageBody":"","tags":["Level-10"],"fileTypesAndContributionMap":{"java":{"insertions":4,"deletions":0}}}]},{"date":"2021-09-03","commitResults":[{"hash":"14aac987ab100d6591799bf18c6269314e5a3d56","messageTitle":"Close window after bye command","messageBody":"","tags":["v1.1"],"fileTypesAndContributionMap":{"java":{"insertions":18,"deletions":0}}}]}]},"authorFileTypeContributionMap":{"NicolasCwy":{"java":1369,"md":0,"fxml":35,"sh":4,"bat":0,"gradle":17,"txt":24}},"authorContributionVariance":{"NicolasCwy":118976.37},"authorDisplayNameMap":{"NicolasCwy":"CS2103T-W12-3 CHAN..OLAS"}}
