[{"path":"src/main/java/Deadline.java","fileType":"java","lines":[{"lineNumber":1,"author":{"gitId":"Cyn7hius"},"content":"import java.time.LocalDate;","lastModifiedDate":"2021-08-23"},{"lineNumber":2,"author":{"gitId":"Cyn7hius"},"content":"import java.time.LocalTime;","lastModifiedDate":"2021-08-23"},{"lineNumber":3,"author":{"gitId":"Cyn7hius"},"content":"","lastModifiedDate":"2021-08-23"},{"lineNumber":4,"author":{"gitId":"Cyn7hius"},"content":"public class Deadline extends Task {","lastModifiedDate":"2021-08-16"},{"lineNumber":5,"author":{"gitId":"Cyn7hius"},"content":"","lastModifiedDate":"2021-08-16"},{"lineNumber":6,"author":{"gitId":"Cyn7hius"},"content":"    protected LocalDate deadlineDate;","lastModifiedDate":"2021-08-23"},{"lineNumber":7,"author":{"gitId":"Cyn7hius"},"content":"    protected LocalTime deadlineTime;","lastModifiedDate":"2021-08-23"},{"lineNumber":8,"author":{"gitId":"Cyn7hius"},"content":"","lastModifiedDate":"2021-08-16"},{"lineNumber":9,"author":{"gitId":"Cyn7hius"},"content":"    public Deadline(String description, LocalDate date, LocalTime time) {","lastModifiedDate":"2021-08-23"},{"lineNumber":10,"author":{"gitId":"Cyn7hius"},"content":"        super(description);","lastModifiedDate":"2021-08-16"},{"lineNumber":11,"author":{"gitId":"Cyn7hius"},"content":"        this.deadlineDate \u003d date;","lastModifiedDate":"2021-08-23"},{"lineNumber":12,"author":{"gitId":"Cyn7hius"},"content":"        this.deadlineTime \u003d time;","lastModifiedDate":"2021-08-23"},{"lineNumber":13,"author":{"gitId":"Cyn7hius"},"content":"        this.dueDate \u003d date.toString() + \" \" + time.toString();","lastModifiedDate":"2021-08-23"},{"lineNumber":14,"author":{"gitId":"Cyn7hius"},"content":"        this.taskType \u003d \"D\";","lastModifiedDate":"2021-08-23"},{"lineNumber":15,"author":{"gitId":"Cyn7hius"},"content":"    }","lastModifiedDate":"2021-08-23"},{"lineNumber":16,"author":{"gitId":"Cyn7hius"},"content":"","lastModifiedDate":"2021-08-23"},{"lineNumber":17,"author":{"gitId":"Cyn7hius"},"content":"    public Deadline(String description, LocalDate date, LocalTime time, Boolean isDone) {","lastModifiedDate":"2021-08-23"},{"lineNumber":18,"author":{"gitId":"Cyn7hius"},"content":"        super(description);","lastModifiedDate":"2021-08-23"},{"lineNumber":19,"author":{"gitId":"Cyn7hius"},"content":"        this.deadlineDate \u003d date;","lastModifiedDate":"2021-08-23"},{"lineNumber":20,"author":{"gitId":"Cyn7hius"},"content":"        this.deadlineTime \u003d time;","lastModifiedDate":"2021-08-23"},{"lineNumber":21,"author":{"gitId":"Cyn7hius"},"content":"        this.dueDate \u003d date.toString() + \" \" + time.toString();","lastModifiedDate":"2021-08-23"},{"lineNumber":22,"author":{"gitId":"Cyn7hius"},"content":"        this.taskType \u003d \"D\";","lastModifiedDate":"2021-08-23"},{"lineNumber":23,"author":{"gitId":"Cyn7hius"},"content":"        this.isDone \u003d isDone;","lastModifiedDate":"2021-08-23"},{"lineNumber":24,"author":{"gitId":"Cyn7hius"},"content":"","lastModifiedDate":"2021-08-23"},{"lineNumber":25,"author":{"gitId":"Cyn7hius"},"content":"    }","lastModifiedDate":"2021-08-16"},{"lineNumber":26,"author":{"gitId":"Cyn7hius"},"content":"","lastModifiedDate":"2021-08-16"},{"lineNumber":27,"author":{"gitId":"Cyn7hius"},"content":"    @Override","lastModifiedDate":"2021-08-16"},{"lineNumber":28,"author":{"gitId":"Cyn7hius"},"content":"    public String toString() {","lastModifiedDate":"2021-08-16"},{"lineNumber":29,"author":{"gitId":"Cyn7hius"},"content":"        return \"[\" + taskType + \"]\" + super.toString() + \" (by: \" + deadlineDate.getDayOfMonth() + \" \" +","lastModifiedDate":"2021-08-23"},{"lineNumber":30,"author":{"gitId":"Cyn7hius"},"content":"                deadlineDate.getMonth() + \" \" + deadlineDate.getYear() + \" \" +","lastModifiedDate":"2021-08-23"},{"lineNumber":31,"author":{"gitId":"Cyn7hius"},"content":"                deadlineTime.toString() + \")\";","lastModifiedDate":"2021-08-23"},{"lineNumber":32,"author":{"gitId":"Cyn7hius"},"content":"    }","lastModifiedDate":"2021-08-16"},{"lineNumber":33,"author":{"gitId":"Cyn7hius"},"content":"}","lastModifiedDate":"2021-08-16"}],"authorContributionMap":{"Cyn7hius":33}},{"path":"src/main/java/Duke.java","fileType":"java","lines":[{"lineNumber":1,"author":{"gitId":"Cyn7hius"},"content":"import java.io.File;","lastModifiedDate":"2021-08-23"},{"lineNumber":2,"author":{"gitId":"Cyn7hius"},"content":"import java.io.FileWriter;","lastModifiedDate":"2021-08-23"},{"lineNumber":3,"author":{"gitId":"Cyn7hius"},"content":"import java.io.IOException;","lastModifiedDate":"2021-08-23"},{"lineNumber":4,"author":{"gitId":"Cyn7hius"},"content":"import java.time.LocalTime;","lastModifiedDate":"2021-08-23"},{"lineNumber":5,"author":{"gitId":"Cyn7hius"},"content":"import java.time.format.DateTimeParseException;","lastModifiedDate":"2021-08-23"},{"lineNumber":6,"author":{"gitId":"Cyn7hius"},"content":"import java.util.Scanner;","lastModifiedDate":"2021-08-16"},{"lineNumber":7,"author":{"gitId":"Cyn7hius"},"content":"import java.util.ArrayList;","lastModifiedDate":"2021-08-16"},{"lineNumber":8,"author":{"gitId":"Cyn7hius"},"content":"import java.time.LocalDate;","lastModifiedDate":"2021-08-23"},{"lineNumber":9,"author":{"gitId":"Cyn7hius"},"content":"","lastModifiedDate":"2021-08-23"},{"lineNumber":10,"author":{"gitId":"-"},"content":"public class Duke {","lastModifiedDate":"2019-07-29"},{"lineNumber":11,"author":{"gitId":"Cyn7hius"},"content":"","lastModifiedDate":"2021-08-16"},{"lineNumber":12,"author":{"gitId":"Cyn7hius"},"content":"    private Storage storage;","lastModifiedDate":"2021-08-23"},{"lineNumber":13,"author":{"gitId":"Cyn7hius"},"content":"    private TaskList tasks;","lastModifiedDate":"2021-08-23"},{"lineNumber":14,"author":{"gitId":"Cyn7hius"},"content":"    private Ui ui;","lastModifiedDate":"2021-08-23"},{"lineNumber":15,"author":{"gitId":"Cyn7hius"},"content":"","lastModifiedDate":"2021-08-16"},{"lineNumber":16,"author":{"gitId":"Cyn7hius"},"content":"    public Duke(String filePath) {","lastModifiedDate":"2021-08-23"},{"lineNumber":17,"author":{"gitId":"Cyn7hius"},"content":"        storage \u003d new Storage(\"data/Duke.txt\");","lastModifiedDate":"2021-08-23"},{"lineNumber":18,"author":{"gitId":"Cyn7hius"},"content":"        tasks \u003d new TaskList(storage.loadFromFile());","lastModifiedDate":"2021-08-23"},{"lineNumber":19,"author":{"gitId":"Cyn7hius"},"content":"        ui \u003d new Ui();","lastModifiedDate":"2021-08-23"},{"lineNumber":20,"author":{"gitId":"Cyn7hius"},"content":"","lastModifiedDate":"2021-08-23"},{"lineNumber":21,"author":{"gitId":"Cyn7hius"},"content":"    }","lastModifiedDate":"2021-08-23"},{"lineNumber":22,"author":{"gitId":"Cyn7hius"},"content":"","lastModifiedDate":"2021-08-23"},{"lineNumber":23,"author":{"gitId":"Cyn7hius"},"content":"    public void run() {","lastModifiedDate":"2021-08-23"},{"lineNumber":24,"author":{"gitId":"Cyn7hius"},"content":"        boolean taskListIsUpdated \u003d false;","lastModifiedDate":"2021-08-23"},{"lineNumber":25,"author":{"gitId":"Cyn7hius"},"content":"        boolean taskListIsAddedTo \u003d false;","lastModifiedDate":"2021-08-23"},{"lineNumber":26,"author":{"gitId":"Cyn7hius"},"content":"","lastModifiedDate":"2021-08-16"},{"lineNumber":27,"author":{"gitId":"Cyn7hius"},"content":"        // Init the scanner","lastModifiedDate":"2021-08-16"},{"lineNumber":28,"author":{"gitId":"Cyn7hius"},"content":"        Scanner in \u003d new Scanner(System.in);","lastModifiedDate":"2021-08-16"},{"lineNumber":29,"author":{"gitId":"Cyn7hius"},"content":"","lastModifiedDate":"2021-08-16"},{"lineNumber":30,"author":{"gitId":"Cyn7hius"},"content":"        // user inputs will go to parser","lastModifiedDate":"2021-08-23"},{"lineNumber":31,"author":{"gitId":"Cyn7hius"},"content":"        Parser parser \u003d new Parser(tasks);","lastModifiedDate":"2021-08-23"},{"lineNumber":32,"author":{"gitId":"Cyn7hius"},"content":"","lastModifiedDate":"2021-08-16"},{"lineNumber":33,"author":{"gitId":"Cyn7hius"},"content":"        while (true) {","lastModifiedDate":"2021-08-16"},{"lineNumber":34,"author":{"gitId":"Cyn7hius"},"content":"","lastModifiedDate":"2021-08-16"},{"lineNumber":35,"author":{"gitId":"Cyn7hius"},"content":"                String nextTask \u003d in.nextLine();  // Read user input","lastModifiedDate":"2021-08-23"},{"lineNumber":36,"author":{"gitId":"Cyn7hius"},"content":"","lastModifiedDate":"2021-08-17"},{"lineNumber":37,"author":{"gitId":"Cyn7hius"},"content":"                try {","lastModifiedDate":"2021-08-17"},{"lineNumber":38,"author":{"gitId":"Cyn7hius"},"content":"                    String[] parsedInputString \u003d parser.checkInput(nextTask);","lastModifiedDate":"2021-08-23"},{"lineNumber":39,"author":{"gitId":"Cyn7hius"},"content":"                    String command \u003d parsedInputString[0];","lastModifiedDate":"2021-08-23"},{"lineNumber":40,"author":{"gitId":"Cyn7hius"},"content":"","lastModifiedDate":"2021-08-16"},{"lineNumber":41,"author":{"gitId":"Cyn7hius"},"content":"                    // Case where user marks a task as done","lastModifiedDate":"2021-08-23"},{"lineNumber":42,"author":{"gitId":"Cyn7hius"},"content":"","lastModifiedDate":"2021-08-16"},{"lineNumber":43,"author":{"gitId":"Cyn7hius"},"content":"                    if (command.equals(\"done\")) {","lastModifiedDate":"2021-08-23"},{"lineNumber":44,"author":{"gitId":"Cyn7hius"},"content":"                        Task current \u003d tasks.getTask(Integer.parseInt(parsedInputString[1]));","lastModifiedDate":"2021-08-23"},{"lineNumber":45,"author":{"gitId":"Cyn7hius"},"content":"                        current.markAsDone();","lastModifiedDate":"2021-08-23"},{"lineNumber":46,"author":{"gitId":"Cyn7hius"},"content":"                        System.out.println(ui.doneTaskMessage(current.toString()));","lastModifiedDate":"2021-08-23"},{"lineNumber":47,"author":{"gitId":"Cyn7hius"},"content":"                        taskListIsUpdated \u003d true;","lastModifiedDate":"2021-08-23"},{"lineNumber":48,"author":{"gitId":"Cyn7hius"},"content":"                        continue;","lastModifiedDate":"2021-08-23"},{"lineNumber":49,"author":{"gitId":"Cyn7hius"},"content":"","lastModifiedDate":"2021-08-16"},{"lineNumber":50,"author":{"gitId":"Cyn7hius"},"content":"                        // case where user wants to delete a task item, similar to done","lastModifiedDate":"2021-08-16"},{"lineNumber":51,"author":{"gitId":"Cyn7hius"},"content":"                    } else if (command.equals(\"delete\")) {","lastModifiedDate":"2021-08-23"},{"lineNumber":52,"author":{"gitId":"Cyn7hius"},"content":"                        Task current \u003d tasks.getTask(Integer.parseInt(parsedInputString[1]));","lastModifiedDate":"2021-08-23"},{"lineNumber":53,"author":{"gitId":"Cyn7hius"},"content":"                        System.out.println(ui.deletedTaskMessage(current.toString(), tasks.getLength()));","lastModifiedDate":"2021-08-23"},{"lineNumber":54,"author":{"gitId":"Cyn7hius"},"content":"                        tasks.removeTask(current);","lastModifiedDate":"2021-08-23"},{"lineNumber":55,"author":{"gitId":"Cyn7hius"},"content":"                        taskListIsUpdated \u003d true;","lastModifiedDate":"2021-08-23"},{"lineNumber":56,"author":{"gitId":"Cyn7hius"},"content":"                        continue;","lastModifiedDate":"2021-08-23"},{"lineNumber":57,"author":{"gitId":"Cyn7hius"},"content":"","lastModifiedDate":"2021-08-16"},{"lineNumber":58,"author":{"gitId":"Cyn7hius"},"content":"                        // Case where user wants to see the entire task list","lastModifiedDate":"2021-08-23"},{"lineNumber":59,"author":{"gitId":"Cyn7hius"},"content":"                    } else if (command.equals(\"list\")) {","lastModifiedDate":"2021-08-23"},{"lineNumber":60,"author":{"gitId":"Cyn7hius"},"content":"                        System.out.println(ui.listMessage(tasks));","lastModifiedDate":"2021-08-23"},{"lineNumber":61,"author":{"gitId":"Cyn7hius"},"content":"                        continue;","lastModifiedDate":"2021-08-16"},{"lineNumber":62,"author":{"gitId":"Cyn7hius"},"content":"","lastModifiedDate":"2021-08-16"},{"lineNumber":63,"author":{"gitId":"Cyn7hius"},"content":"                        // Case where user exits the program","lastModifiedDate":"2021-08-16"},{"lineNumber":64,"author":{"gitId":"Cyn7hius"},"content":"                    } else if (command.equals(\"bye\")) {","lastModifiedDate":"2021-08-23"},{"lineNumber":65,"author":{"gitId":"Cyn7hius"},"content":"                        System.out.println(ui.byeMessage());","lastModifiedDate":"2021-08-23"},{"lineNumber":66,"author":{"gitId":"Cyn7hius"},"content":"                        break;","lastModifiedDate":"2021-08-16"},{"lineNumber":67,"author":{"gitId":"Cyn7hius"},"content":"","lastModifiedDate":"2021-08-23"},{"lineNumber":68,"author":{"gitId":"Cyn7hius"},"content":"","lastModifiedDate":"2021-08-16"},{"lineNumber":69,"author":{"gitId":"Cyn7hius"},"content":"                        // Case where user wants to add a new to do task","lastModifiedDate":"2021-08-16"},{"lineNumber":70,"author":{"gitId":"Cyn7hius"},"content":"                    } else if (command.equals(\"todo\")) {","lastModifiedDate":"2021-08-23"},{"lineNumber":71,"author":{"gitId":"Cyn7hius"},"content":"                        tasks.addTask(new Todo(parsedInputString[1]));","lastModifiedDate":"2021-08-23"},{"lineNumber":72,"author":{"gitId":"Cyn7hius"},"content":"                        taskListIsAddedTo \u003d true;","lastModifiedDate":"2021-08-23"},{"lineNumber":73,"author":{"gitId":"Cyn7hius"},"content":"","lastModifiedDate":"2021-08-16"},{"lineNumber":74,"author":{"gitId":"Cyn7hius"},"content":"                        // Case where user wants to add a new event task","lastModifiedDate":"2021-08-16"},{"lineNumber":75,"author":{"gitId":"Cyn7hius"},"content":"                    } else if (nextTask.startsWith(\"event\")) {","lastModifiedDate":"2021-08-23"},{"lineNumber":76,"author":{"gitId":"Cyn7hius"},"content":"//                        for (String i : parsedInputString) {","lastModifiedDate":"2021-08-23"},{"lineNumber":77,"author":{"gitId":"Cyn7hius"},"content":"//                        System.out.println(i);}","lastModifiedDate":"2021-08-23"},{"lineNumber":78,"author":{"gitId":"Cyn7hius"},"content":"                        tasks.addTask(new Event(parsedInputString[1], parsedInputString[2]));","lastModifiedDate":"2021-08-23"},{"lineNumber":79,"author":{"gitId":"Cyn7hius"},"content":"                        taskListIsAddedTo \u003d true;","lastModifiedDate":"2021-08-23"},{"lineNumber":80,"author":{"gitId":"Cyn7hius"},"content":"","lastModifiedDate":"2021-08-16"},{"lineNumber":81,"author":{"gitId":"Cyn7hius"},"content":"                        // Case where user wants to add a new deadline task","lastModifiedDate":"2021-08-16"},{"lineNumber":82,"author":{"gitId":"Cyn7hius"},"content":"                    } else if (nextTask.startsWith(\"deadline\")) {","lastModifiedDate":"2021-08-23"},{"lineNumber":83,"author":{"gitId":"Cyn7hius"},"content":"                        LocalDate date \u003d LocalDate.parse(parsedInputString[2]);","lastModifiedDate":"2021-08-23"},{"lineNumber":84,"author":{"gitId":"Cyn7hius"},"content":"                        LocalTime time \u003d LocalTime.parse(parsedInputString[3]);","lastModifiedDate":"2021-08-23"},{"lineNumber":85,"author":{"gitId":"Cyn7hius"},"content":"                        String deadlineDesc \u003d parsedInputString[1]; //skip the \"deadline \"","lastModifiedDate":"2021-08-23"},{"lineNumber":86,"author":{"gitId":"Cyn7hius"},"content":"                        tasks.addTask(new Deadline(deadlineDesc, date, time));","lastModifiedDate":"2021-08-23"},{"lineNumber":87,"author":{"gitId":"Cyn7hius"},"content":"                        taskListIsAddedTo \u003d true;","lastModifiedDate":"2021-08-23"},{"lineNumber":88,"author":{"gitId":"Cyn7hius"},"content":"","lastModifiedDate":"2021-08-16"},{"lineNumber":89,"author":{"gitId":"Cyn7hius"},"content":"                    // Else case for all non-recognised user inputs","lastModifiedDate":"2021-08-16"},{"lineNumber":90,"author":{"gitId":"Cyn7hius"},"content":"                } else{","lastModifiedDate":"2021-08-16"},{"lineNumber":91,"author":{"gitId":"Cyn7hius"},"content":"                    throw new DukeException(\"Please enter a valid command\");","lastModifiedDate":"2021-08-16"},{"lineNumber":92,"author":{"gitId":"Cyn7hius"},"content":"                }","lastModifiedDate":"2021-08-16"},{"lineNumber":93,"author":{"gitId":"Cyn7hius"},"content":"","lastModifiedDate":"2021-08-16"},{"lineNumber":94,"author":{"gitId":"Cyn7hius"},"content":"                if (taskListIsUpdated || taskListIsAddedTo) {","lastModifiedDate":"2021-08-23"},{"lineNumber":95,"author":{"gitId":"Cyn7hius"},"content":"","lastModifiedDate":"2021-08-23"},{"lineNumber":96,"author":{"gitId":"Cyn7hius"},"content":"                    storage.saveToFile();","lastModifiedDate":"2021-08-23"},{"lineNumber":97,"author":{"gitId":"Cyn7hius"},"content":"","lastModifiedDate":"2021-08-23"},{"lineNumber":98,"author":{"gitId":"Cyn7hius"},"content":"                    if (taskListIsAddedTo) {","lastModifiedDate":"2021-08-23"},{"lineNumber":99,"author":{"gitId":"Cyn7hius"},"content":"                        // When adding a new task, this message be printed","lastModifiedDate":"2021-08-16"},{"lineNumber":100,"author":{"gitId":"Cyn7hius"},"content":"                        System.out.println(ui.addTaskMessage(tasks));","lastModifiedDate":"2021-08-23"},{"lineNumber":101,"author":{"gitId":"Cyn7hius"},"content":"                    }","lastModifiedDate":"2021-08-23"},{"lineNumber":102,"author":{"gitId":"Cyn7hius"},"content":"                }","lastModifiedDate":"2021-08-23"},{"lineNumber":103,"author":{"gitId":"Cyn7hius"},"content":"","lastModifiedDate":"2021-08-23"},{"lineNumber":104,"author":{"gitId":"Cyn7hius"},"content":"","lastModifiedDate":"2021-08-16"},{"lineNumber":105,"author":{"gitId":"Cyn7hius"},"content":"                // catch all the custom exceptions and displays the message","lastModifiedDate":"2021-08-16"},{"lineNumber":106,"author":{"gitId":"Cyn7hius"},"content":"            } catch (DukeException e) {","lastModifiedDate":"2021-08-16"},{"lineNumber":107,"author":{"gitId":"Cyn7hius"},"content":"                System.out.println(ui.dukeExceptionMessage(e));","lastModifiedDate":"2021-08-23"},{"lineNumber":108,"author":{"gitId":"Cyn7hius"},"content":"","lastModifiedDate":"2021-08-16"},{"lineNumber":109,"author":{"gitId":"Cyn7hius"},"content":"                // catch the remaining exceptions","lastModifiedDate":"2021-08-16"},{"lineNumber":110,"author":{"gitId":"Cyn7hius"},"content":"            } catch (Exception e) {","lastModifiedDate":"2021-08-16"},{"lineNumber":111,"author":{"gitId":"Cyn7hius"},"content":"                System.out.println(ui.exceptionMessage(e));","lastModifiedDate":"2021-08-23"},{"lineNumber":112,"author":{"gitId":"Cyn7hius"},"content":"            }","lastModifiedDate":"2021-08-23"},{"lineNumber":113,"author":{"gitId":"Cyn7hius"},"content":"        }","lastModifiedDate":"2021-08-16"},{"lineNumber":114,"author":{"gitId":"Cyn7hius"},"content":"    }","lastModifiedDate":"2021-08-16"},{"lineNumber":115,"author":{"gitId":"Cyn7hius"},"content":"","lastModifiedDate":"2021-08-23"},{"lineNumber":116,"author":{"gitId":"Cyn7hius"},"content":"    public static void main (String[]args){","lastModifiedDate":"2021-08-23"},{"lineNumber":117,"author":{"gitId":"Cyn7hius"},"content":"        new Duke(\"data/Duke.txt\").run();","lastModifiedDate":"2021-08-23"},{"lineNumber":118,"author":{"gitId":"-"},"content":"    }","lastModifiedDate":"2019-07-29"},{"lineNumber":119,"author":{"gitId":"-"},"content":"}","lastModifiedDate":"2019-07-29"}],"authorContributionMap":{"Cyn7hius":116,"-":3}},{"path":"src/main/java/DukeException.java","fileType":"java","lines":[{"lineNumber":1,"author":{"gitId":"Cyn7hius"},"content":"public class DukeException extends Exception {","lastModifiedDate":"2021-08-16"},{"lineNumber":2,"author":{"gitId":"Cyn7hius"},"content":"    public DukeException () {","lastModifiedDate":"2021-08-16"},{"lineNumber":3,"author":{"gitId":"Cyn7hius"},"content":"        super(\" ☹ OOPS!!! I\u0027m sorry, but I don\u0027t know what that means :-(\");","lastModifiedDate":"2021-08-16"},{"lineNumber":4,"author":{"gitId":"Cyn7hius"},"content":"    }","lastModifiedDate":"2021-08-16"},{"lineNumber":5,"author":{"gitId":"Cyn7hius"},"content":"","lastModifiedDate":"2021-08-16"},{"lineNumber":6,"author":{"gitId":"Cyn7hius"},"content":"    public DukeException (String message) {","lastModifiedDate":"2021-08-16"},{"lineNumber":7,"author":{"gitId":"Cyn7hius"},"content":"        super(message);","lastModifiedDate":"2021-08-16"},{"lineNumber":8,"author":{"gitId":"Cyn7hius"},"content":"    }","lastModifiedDate":"2021-08-16"},{"lineNumber":9,"author":{"gitId":"Cyn7hius"},"content":"}","lastModifiedDate":"2021-08-16"}],"authorContributionMap":{"Cyn7hius":9}},{"path":"src/main/java/Event.java","fileType":"java","lines":[{"lineNumber":1,"author":{"gitId":"Cyn7hius"},"content":"public class Event extends Task {","lastModifiedDate":"2021-08-16"},{"lineNumber":2,"author":{"gitId":"Cyn7hius"},"content":"","lastModifiedDate":"2021-08-16"},{"lineNumber":3,"author":{"gitId":"Cyn7hius"},"content":"    public Event(String desc, String at) {","lastModifiedDate":"2021-08-16"},{"lineNumber":4,"author":{"gitId":"Cyn7hius"},"content":"        super(desc);","lastModifiedDate":"2021-08-16"},{"lineNumber":5,"author":{"gitId":"Cyn7hius"},"content":"        this.dueDate \u003d at;","lastModifiedDate":"2021-08-23"},{"lineNumber":6,"author":{"gitId":"Cyn7hius"},"content":"        this.taskType \u003d \"E\";","lastModifiedDate":"2021-08-23"},{"lineNumber":7,"author":{"gitId":"Cyn7hius"},"content":"    }","lastModifiedDate":"2021-08-23"},{"lineNumber":8,"author":{"gitId":"Cyn7hius"},"content":"","lastModifiedDate":"2021-08-23"},{"lineNumber":9,"author":{"gitId":"Cyn7hius"},"content":"    public Event(String desc, String at, Boolean isDone) {","lastModifiedDate":"2021-08-23"},{"lineNumber":10,"author":{"gitId":"Cyn7hius"},"content":"        super(desc);","lastModifiedDate":"2021-08-23"},{"lineNumber":11,"author":{"gitId":"Cyn7hius"},"content":"        this.dueDate \u003d at;","lastModifiedDate":"2021-08-23"},{"lineNumber":12,"author":{"gitId":"Cyn7hius"},"content":"        this.taskType \u003d \"E\";","lastModifiedDate":"2021-08-23"},{"lineNumber":13,"author":{"gitId":"Cyn7hius"},"content":"        this.isDone \u003d isDone;","lastModifiedDate":"2021-08-23"},{"lineNumber":14,"author":{"gitId":"Cyn7hius"},"content":"    }","lastModifiedDate":"2021-08-16"},{"lineNumber":15,"author":{"gitId":"Cyn7hius"},"content":"","lastModifiedDate":"2021-08-16"},{"lineNumber":16,"author":{"gitId":"Cyn7hius"},"content":"    @Override","lastModifiedDate":"2021-08-16"},{"lineNumber":17,"author":{"gitId":"Cyn7hius"},"content":"    public String toString() {","lastModifiedDate":"2021-08-16"},{"lineNumber":18,"author":{"gitId":"Cyn7hius"},"content":"        return \"[\" + taskType + \"]\" + super.toString() + \" (at: \" + dueDate + \")\";","lastModifiedDate":"2021-08-23"},{"lineNumber":19,"author":{"gitId":"Cyn7hius"},"content":"    }","lastModifiedDate":"2021-08-16"},{"lineNumber":20,"author":{"gitId":"Cyn7hius"},"content":"}","lastModifiedDate":"2021-08-16"}],"authorContributionMap":{"Cyn7hius":20}},{"path":"src/main/java/Parser.java","fileType":"java","lines":[{"lineNumber":1,"author":{"gitId":"Cyn7hius"},"content":"import java.time.LocalDate;","lastModifiedDate":"2021-08-23"},{"lineNumber":2,"author":{"gitId":"Cyn7hius"},"content":"import java.time.LocalTime;","lastModifiedDate":"2021-08-23"},{"lineNumber":3,"author":{"gitId":"Cyn7hius"},"content":"import java.time.format.DateTimeParseException;","lastModifiedDate":"2021-08-23"},{"lineNumber":4,"author":{"gitId":"Cyn7hius"},"content":"","lastModifiedDate":"2021-08-23"},{"lineNumber":5,"author":{"gitId":"Cyn7hius"},"content":"public class Parser {","lastModifiedDate":"2021-08-23"},{"lineNumber":6,"author":{"gitId":"Cyn7hius"},"content":"","lastModifiedDate":"2021-08-23"},{"lineNumber":7,"author":{"gitId":"Cyn7hius"},"content":"    TaskList taskList;","lastModifiedDate":"2021-08-23"},{"lineNumber":8,"author":{"gitId":"Cyn7hius"},"content":"","lastModifiedDate":"2021-08-23"},{"lineNumber":9,"author":{"gitId":"Cyn7hius"},"content":"    public Parser(TaskList taskList) {","lastModifiedDate":"2021-08-23"},{"lineNumber":10,"author":{"gitId":"Cyn7hius"},"content":"        this.taskList \u003d taskList;","lastModifiedDate":"2021-08-23"},{"lineNumber":11,"author":{"gitId":"Cyn7hius"},"content":"    }","lastModifiedDate":"2021-08-23"},{"lineNumber":12,"author":{"gitId":"Cyn7hius"},"content":"","lastModifiedDate":"2021-08-23"},{"lineNumber":13,"author":{"gitId":"Cyn7hius"},"content":"    public String[] checkInput(String input) throws DukeException {","lastModifiedDate":"2021-08-23"},{"lineNumber":14,"author":{"gitId":"Cyn7hius"},"content":"","lastModifiedDate":"2021-08-23"},{"lineNumber":15,"author":{"gitId":"Cyn7hius"},"content":"        String command \u003d input.split(\" \")[0];","lastModifiedDate":"2021-08-23"},{"lineNumber":16,"author":{"gitId":"Cyn7hius"},"content":"        String[] output;","lastModifiedDate":"2021-08-23"},{"lineNumber":17,"author":{"gitId":"Cyn7hius"},"content":"        String parsedInput;","lastModifiedDate":"2021-08-23"},{"lineNumber":18,"author":{"gitId":"Cyn7hius"},"content":"","lastModifiedDate":"2021-08-23"},{"lineNumber":19,"author":{"gitId":"Cyn7hius"},"content":"        switch (command) {","lastModifiedDate":"2021-08-23"},{"lineNumber":20,"author":{"gitId":"Cyn7hius"},"content":"            case \"done\":","lastModifiedDate":"2021-08-23"},{"lineNumber":21,"author":{"gitId":"Cyn7hius"},"content":"                parsedInput \u003d doneCheck(input);","lastModifiedDate":"2021-08-23"},{"lineNumber":22,"author":{"gitId":"Cyn7hius"},"content":"                output \u003d new String[]{command, parsedInput};","lastModifiedDate":"2021-08-23"},{"lineNumber":23,"author":{"gitId":"Cyn7hius"},"content":"                return output;","lastModifiedDate":"2021-08-23"},{"lineNumber":24,"author":{"gitId":"Cyn7hius"},"content":"","lastModifiedDate":"2021-08-23"},{"lineNumber":25,"author":{"gitId":"Cyn7hius"},"content":"            case \"delete\":","lastModifiedDate":"2021-08-23"},{"lineNumber":26,"author":{"gitId":"Cyn7hius"},"content":"                parsedInput \u003d deleteCheck(input);","lastModifiedDate":"2021-08-23"},{"lineNumber":27,"author":{"gitId":"Cyn7hius"},"content":"                output \u003d new String[]{command, parsedInput};","lastModifiedDate":"2021-08-23"},{"lineNumber":28,"author":{"gitId":"Cyn7hius"},"content":"                return output;","lastModifiedDate":"2021-08-23"},{"lineNumber":29,"author":{"gitId":"Cyn7hius"},"content":"","lastModifiedDate":"2021-08-23"},{"lineNumber":30,"author":{"gitId":"Cyn7hius"},"content":"            case \"todo\":","lastModifiedDate":"2021-08-23"},{"lineNumber":31,"author":{"gitId":"Cyn7hius"},"content":"                parsedInput \u003d todoCheck(input);","lastModifiedDate":"2021-08-23"},{"lineNumber":32,"author":{"gitId":"Cyn7hius"},"content":"                output \u003d new String[]{command, parsedInput};","lastModifiedDate":"2021-08-23"},{"lineNumber":33,"author":{"gitId":"Cyn7hius"},"content":"                return output;","lastModifiedDate":"2021-08-23"},{"lineNumber":34,"author":{"gitId":"Cyn7hius"},"content":"","lastModifiedDate":"2021-08-23"},{"lineNumber":35,"author":{"gitId":"Cyn7hius"},"content":"            case \"event\":","lastModifiedDate":"2021-08-23"},{"lineNumber":36,"author":{"gitId":"Cyn7hius"},"content":"                parsedInput \u003d eventCheck(input);","lastModifiedDate":"2021-08-23"},{"lineNumber":37,"author":{"gitId":"Cyn7hius"},"content":"                output \u003d new String[]{command, parsedInput.split(\" \\\\| \")[0], parsedInput.split(\" \\\\| \")[1]};","lastModifiedDate":"2021-08-23"},{"lineNumber":38,"author":{"gitId":"Cyn7hius"},"content":"                return output;","lastModifiedDate":"2021-08-23"},{"lineNumber":39,"author":{"gitId":"Cyn7hius"},"content":"","lastModifiedDate":"2021-08-23"},{"lineNumber":40,"author":{"gitId":"Cyn7hius"},"content":"            case \"deadline\":","lastModifiedDate":"2021-08-23"},{"lineNumber":41,"author":{"gitId":"Cyn7hius"},"content":"                parsedInput \u003d deadlineCheck(input);","lastModifiedDate":"2021-08-23"},{"lineNumber":42,"author":{"gitId":"Cyn7hius"},"content":"                output \u003d new String[] {command, parsedInput.split(\" \\\\| \")[0],","lastModifiedDate":"2021-08-23"},{"lineNumber":43,"author":{"gitId":"Cyn7hius"},"content":"                        parsedInput.split(\" \\\\| \")[1], parsedInput.split(\" \\\\| \")[2]};","lastModifiedDate":"2021-08-23"},{"lineNumber":44,"author":{"gitId":"Cyn7hius"},"content":"                return output;","lastModifiedDate":"2021-08-23"},{"lineNumber":45,"author":{"gitId":"Cyn7hius"},"content":"","lastModifiedDate":"2021-08-23"},{"lineNumber":46,"author":{"gitId":"Cyn7hius"},"content":"            case \"bye\":","lastModifiedDate":"2021-08-23"},{"lineNumber":47,"author":{"gitId":"Cyn7hius"},"content":"","lastModifiedDate":"2021-08-23"},{"lineNumber":48,"author":{"gitId":"Cyn7hius"},"content":"            case \"list\":","lastModifiedDate":"2021-08-23"},{"lineNumber":49,"author":{"gitId":"Cyn7hius"},"content":"                return new String[]{command};","lastModifiedDate":"2021-08-23"},{"lineNumber":50,"author":{"gitId":"Cyn7hius"},"content":"","lastModifiedDate":"2021-08-23"},{"lineNumber":51,"author":{"gitId":"Cyn7hius"},"content":"","lastModifiedDate":"2021-08-23"},{"lineNumber":52,"author":{"gitId":"Cyn7hius"},"content":"            default:","lastModifiedDate":"2021-08-23"},{"lineNumber":53,"author":{"gitId":"Cyn7hius"},"content":"                throw new DukeException(\"Please enter a valid command\");","lastModifiedDate":"2021-08-23"},{"lineNumber":54,"author":{"gitId":"Cyn7hius"},"content":"        }","lastModifiedDate":"2021-08-23"},{"lineNumber":55,"author":{"gitId":"Cyn7hius"},"content":"    }","lastModifiedDate":"2021-08-23"},{"lineNumber":56,"author":{"gitId":"Cyn7hius"},"content":"","lastModifiedDate":"2021-08-23"},{"lineNumber":57,"author":{"gitId":"Cyn7hius"},"content":"    public String doneCheck(String input) throws DukeException {","lastModifiedDate":"2021-08-23"},{"lineNumber":58,"author":{"gitId":"Cyn7hius"},"content":"        if (input.length() \u003d\u003d 4) {","lastModifiedDate":"2021-08-23"},{"lineNumber":59,"author":{"gitId":"Cyn7hius"},"content":"            throw new DukeException(\"Please use this format: \u0027done (task number)\u0027\");","lastModifiedDate":"2021-08-23"},{"lineNumber":60,"author":{"gitId":"Cyn7hius"},"content":"        } else if (Integer.parseInt(input.split(\" \")[1]) \u003c 0 ||","lastModifiedDate":"2021-08-23"},{"lineNumber":61,"author":{"gitId":"Cyn7hius"},"content":"                Integer.parseInt(input.split(\" \")[1]) \u003e taskList.getLength()) {","lastModifiedDate":"2021-08-23"},{"lineNumber":62,"author":{"gitId":"Cyn7hius"},"content":"            throw new DukeException(\"Invalid task number!\");","lastModifiedDate":"2021-08-23"},{"lineNumber":63,"author":{"gitId":"Cyn7hius"},"content":"        }","lastModifiedDate":"2021-08-23"},{"lineNumber":64,"author":{"gitId":"Cyn7hius"},"content":"        return input.split(\" \")[1];","lastModifiedDate":"2021-08-23"},{"lineNumber":65,"author":{"gitId":"Cyn7hius"},"content":"    }","lastModifiedDate":"2021-08-23"},{"lineNumber":66,"author":{"gitId":"Cyn7hius"},"content":"","lastModifiedDate":"2021-08-23"},{"lineNumber":67,"author":{"gitId":"Cyn7hius"},"content":"    public String deleteCheck(String input) throws DukeException {","lastModifiedDate":"2021-08-23"},{"lineNumber":68,"author":{"gitId":"Cyn7hius"},"content":"        if (input.length() \u003d\u003d 6) {","lastModifiedDate":"2021-08-23"},{"lineNumber":69,"author":{"gitId":"Cyn7hius"},"content":"            throw new DukeException(\"Please use this format: \u0027delete (task number)\u0027\");","lastModifiedDate":"2021-08-23"},{"lineNumber":70,"author":{"gitId":"Cyn7hius"},"content":"        } else if (Integer.parseInt(input.split(\" \")[1]) \u003c 0 ||","lastModifiedDate":"2021-08-23"},{"lineNumber":71,"author":{"gitId":"Cyn7hius"},"content":"                Integer.parseInt(input.split(\" \")[1]) \u003e taskList.getLength()) {","lastModifiedDate":"2021-08-23"},{"lineNumber":72,"author":{"gitId":"Cyn7hius"},"content":"            throw new DukeException(\"Invalid task number!\");","lastModifiedDate":"2021-08-23"},{"lineNumber":73,"author":{"gitId":"Cyn7hius"},"content":"        }","lastModifiedDate":"2021-08-23"},{"lineNumber":74,"author":{"gitId":"Cyn7hius"},"content":"        return input.split(\" \")[1];","lastModifiedDate":"2021-08-23"},{"lineNumber":75,"author":{"gitId":"Cyn7hius"},"content":"    }","lastModifiedDate":"2021-08-23"},{"lineNumber":76,"author":{"gitId":"Cyn7hius"},"content":"","lastModifiedDate":"2021-08-23"},{"lineNumber":77,"author":{"gitId":"Cyn7hius"},"content":"    public String todoCheck(String input) throws DukeException {","lastModifiedDate":"2021-08-23"},{"lineNumber":78,"author":{"gitId":"Cyn7hius"},"content":"        if (input.length() \u003d\u003d 4) {","lastModifiedDate":"2021-08-23"},{"lineNumber":79,"author":{"gitId":"Cyn7hius"},"content":"            throw new DukeException(\"☹ OOPS!!! The description of a todo cannot be empty.\");","lastModifiedDate":"2021-08-23"},{"lineNumber":80,"author":{"gitId":"Cyn7hius"},"content":"        }","lastModifiedDate":"2021-08-23"},{"lineNumber":81,"author":{"gitId":"Cyn7hius"},"content":"        String todoDesc \u003d input.substring(5);","lastModifiedDate":"2021-08-23"},{"lineNumber":82,"author":{"gitId":"Cyn7hius"},"content":"        return todoDesc;","lastModifiedDate":"2021-08-23"},{"lineNumber":83,"author":{"gitId":"Cyn7hius"},"content":"    }","lastModifiedDate":"2021-08-23"},{"lineNumber":84,"author":{"gitId":"Cyn7hius"},"content":"","lastModifiedDate":"2021-08-23"},{"lineNumber":85,"author":{"gitId":"Cyn7hius"},"content":"    public String eventCheck(String input) throws DukeException {","lastModifiedDate":"2021-08-23"},{"lineNumber":86,"author":{"gitId":"Cyn7hius"},"content":"        // need to check that for event they use the /at properly else reject","lastModifiedDate":"2021-08-23"},{"lineNumber":87,"author":{"gitId":"Cyn7hius"},"content":"        if (!input.contains(\"/at \")) {","lastModifiedDate":"2021-08-23"},{"lineNumber":88,"author":{"gitId":"Cyn7hius"},"content":"            throw new DukeException(\"Please use this format: \u0027event \u003ctask\u003e /at \u003cdate and time\u003e\u0027 to specify the date and time!\");","lastModifiedDate":"2021-08-23"},{"lineNumber":89,"author":{"gitId":"Cyn7hius"},"content":"        }","lastModifiedDate":"2021-08-23"},{"lineNumber":90,"author":{"gitId":"Cyn7hius"},"content":"        int eventDateIndex \u003d input.indexOf(\"/at \") + 4;","lastModifiedDate":"2021-08-23"},{"lineNumber":91,"author":{"gitId":"Cyn7hius"},"content":"        String eventDesc \u003d input.substring(6, eventDateIndex - 4);","lastModifiedDate":"2021-08-23"},{"lineNumber":92,"author":{"gitId":"Cyn7hius"},"content":"        String eventDate \u003d input.substring(eventDateIndex);","lastModifiedDate":"2021-08-23"},{"lineNumber":93,"author":{"gitId":"Cyn7hius"},"content":"        return eventDesc + \" | \" + eventDate;","lastModifiedDate":"2021-08-23"},{"lineNumber":94,"author":{"gitId":"Cyn7hius"},"content":"    }","lastModifiedDate":"2021-08-23"},{"lineNumber":95,"author":{"gitId":"Cyn7hius"},"content":"","lastModifiedDate":"2021-08-23"},{"lineNumber":96,"author":{"gitId":"Cyn7hius"},"content":"    public String deadlineCheck(String input) throws DukeException {","lastModifiedDate":"2021-08-23"},{"lineNumber":97,"author":{"gitId":"Cyn7hius"},"content":"        // need to check that for deadline they use the /by properly else reject","lastModifiedDate":"2021-08-23"},{"lineNumber":98,"author":{"gitId":"Cyn7hius"},"content":"        if (!input.contains(\"/by \")) {","lastModifiedDate":"2021-08-23"},{"lineNumber":99,"author":{"gitId":"Cyn7hius"},"content":"            throw new DukeException(\"Please use this format: \u0027deadline \u003ctask\u003e /by \u003cdate and time\u003e\u0027 to specify the date and time!\");","lastModifiedDate":"2021-08-23"},{"lineNumber":100,"author":{"gitId":"Cyn7hius"},"content":"        }","lastModifiedDate":"2021-08-23"},{"lineNumber":101,"author":{"gitId":"Cyn7hius"},"content":"        int deadlineDateIndex \u003d input.indexOf(\"/by \") + 4;","lastModifiedDate":"2021-08-23"},{"lineNumber":102,"author":{"gitId":"Cyn7hius"},"content":"        int deadlineTimeIndex \u003d deadlineDateIndex + 11;","lastModifiedDate":"2021-08-23"},{"lineNumber":103,"author":{"gitId":"Cyn7hius"},"content":"","lastModifiedDate":"2021-08-23"},{"lineNumber":104,"author":{"gitId":"Cyn7hius"},"content":"        String date \u003d input.substring(deadlineDateIndex, deadlineDateIndex + 10);","lastModifiedDate":"2021-08-23"},{"lineNumber":105,"author":{"gitId":"Cyn7hius"},"content":"        String time \u003d input.substring(deadlineTimeIndex);","lastModifiedDate":"2021-08-23"},{"lineNumber":106,"author":{"gitId":"Cyn7hius"},"content":"        String deadlineDesc \u003d input.substring(9, deadlineDateIndex - 4); //skip the \"deadline \"","lastModifiedDate":"2021-08-23"},{"lineNumber":107,"author":{"gitId":"Cyn7hius"},"content":"        return deadlineDesc + \" | \" + date + \" | \" + time;","lastModifiedDate":"2021-08-23"},{"lineNumber":108,"author":{"gitId":"Cyn7hius"},"content":"","lastModifiedDate":"2021-08-23"},{"lineNumber":109,"author":{"gitId":"Cyn7hius"},"content":"    }","lastModifiedDate":"2021-08-23"},{"lineNumber":110,"author":{"gitId":"Cyn7hius"},"content":"","lastModifiedDate":"2021-08-23"},{"lineNumber":111,"author":{"gitId":"Cyn7hius"},"content":"","lastModifiedDate":"2021-08-23"},{"lineNumber":112,"author":{"gitId":"Cyn7hius"},"content":"}","lastModifiedDate":"2021-08-23"}],"authorContributionMap":{"Cyn7hius":112}},{"path":"src/main/java/Storage.java","fileType":"java","lines":[{"lineNumber":1,"author":{"gitId":"Cyn7hius"},"content":"import java.io.File;","lastModifiedDate":"2021-08-23"},{"lineNumber":2,"author":{"gitId":"Cyn7hius"},"content":"import java.io.FileWriter;","lastModifiedDate":"2021-08-23"},{"lineNumber":3,"author":{"gitId":"Cyn7hius"},"content":"import java.io.IOException;","lastModifiedDate":"2021-08-23"},{"lineNumber":4,"author":{"gitId":"Cyn7hius"},"content":"import java.time.LocalDate;","lastModifiedDate":"2021-08-23"},{"lineNumber":5,"author":{"gitId":"Cyn7hius"},"content":"import java.time.LocalTime;","lastModifiedDate":"2021-08-23"},{"lineNumber":6,"author":{"gitId":"Cyn7hius"},"content":"import java.util.ArrayList;","lastModifiedDate":"2021-08-23"},{"lineNumber":7,"author":{"gitId":"Cyn7hius"},"content":"import java.util.Scanner;","lastModifiedDate":"2021-08-23"},{"lineNumber":8,"author":{"gitId":"Cyn7hius"},"content":"","lastModifiedDate":"2021-08-23"},{"lineNumber":9,"author":{"gitId":"Cyn7hius"},"content":"public class Storage {","lastModifiedDate":"2021-08-23"},{"lineNumber":10,"author":{"gitId":"Cyn7hius"},"content":"","lastModifiedDate":"2021-08-23"},{"lineNumber":11,"author":{"gitId":"Cyn7hius"},"content":"    File dataFile;","lastModifiedDate":"2021-08-23"},{"lineNumber":12,"author":{"gitId":"Cyn7hius"},"content":"    ArrayList\u003cTask\u003e taskList \u003d new ArrayList\u003c\u003e();","lastModifiedDate":"2021-08-23"},{"lineNumber":13,"author":{"gitId":"Cyn7hius"},"content":"","lastModifiedDate":"2021-08-23"},{"lineNumber":14,"author":{"gitId":"Cyn7hius"},"content":"","lastModifiedDate":"2021-08-23"},{"lineNumber":15,"author":{"gitId":"Cyn7hius"},"content":"    public Storage(String fileName) {","lastModifiedDate":"2021-08-23"},{"lineNumber":16,"author":{"gitId":"Cyn7hius"},"content":"        this.dataFile \u003d new File(fileName);","lastModifiedDate":"2021-08-23"},{"lineNumber":17,"author":{"gitId":"Cyn7hius"},"content":"    }","lastModifiedDate":"2021-08-23"},{"lineNumber":18,"author":{"gitId":"Cyn7hius"},"content":"","lastModifiedDate":"2021-08-23"},{"lineNumber":19,"author":{"gitId":"Cyn7hius"},"content":"    // save to txt file after each change","lastModifiedDate":"2021-08-23"},{"lineNumber":20,"author":{"gitId":"Cyn7hius"},"content":"    public void saveToFile() {","lastModifiedDate":"2021-08-23"},{"lineNumber":21,"author":{"gitId":"Cyn7hius"},"content":"        try {","lastModifiedDate":"2021-08-23"},{"lineNumber":22,"author":{"gitId":"Cyn7hius"},"content":"            FileWriter myWriter \u003d new FileWriter(dataFile, false);","lastModifiedDate":"2021-08-23"},{"lineNumber":23,"author":{"gitId":"Cyn7hius"},"content":"            for (Task current : taskList) {","lastModifiedDate":"2021-08-23"},{"lineNumber":24,"author":{"gitId":"Cyn7hius"},"content":"                myWriter.write(current.getTaskType() + \" | \" + current.getDoneStatus() + \" | \" +","lastModifiedDate":"2021-08-23"},{"lineNumber":25,"author":{"gitId":"Cyn7hius"},"content":"                        current.getDescription() + \" | \" + current.getDueDate() + \"\\n\");","lastModifiedDate":"2021-08-23"},{"lineNumber":26,"author":{"gitId":"Cyn7hius"},"content":"            }","lastModifiedDate":"2021-08-23"},{"lineNumber":27,"author":{"gitId":"Cyn7hius"},"content":"            myWriter.close();","lastModifiedDate":"2021-08-23"},{"lineNumber":28,"author":{"gitId":"Cyn7hius"},"content":"","lastModifiedDate":"2021-08-23"},{"lineNumber":29,"author":{"gitId":"Cyn7hius"},"content":"            System.out.println(\"Successfully wrote to the file.\");","lastModifiedDate":"2021-08-23"},{"lineNumber":30,"author":{"gitId":"Cyn7hius"},"content":"        } catch (IOException e) {","lastModifiedDate":"2021-08-23"},{"lineNumber":31,"author":{"gitId":"Cyn7hius"},"content":"            System.out.println(\"An error occurred.\");","lastModifiedDate":"2021-08-23"},{"lineNumber":32,"author":{"gitId":"Cyn7hius"},"content":"            e.printStackTrace();","lastModifiedDate":"2021-08-23"},{"lineNumber":33,"author":{"gitId":"Cyn7hius"},"content":"        }","lastModifiedDate":"2021-08-23"},{"lineNumber":34,"author":{"gitId":"Cyn7hius"},"content":"    }","lastModifiedDate":"2021-08-23"},{"lineNumber":35,"author":{"gitId":"Cyn7hius"},"content":"","lastModifiedDate":"2021-08-23"},{"lineNumber":36,"author":{"gitId":"Cyn7hius"},"content":"    public ArrayList\u003cTask\u003e loadFromFile() {","lastModifiedDate":"2021-08-23"},{"lineNumber":37,"author":{"gitId":"Cyn7hius"},"content":"        try {","lastModifiedDate":"2021-08-23"},{"lineNumber":38,"author":{"gitId":"Cyn7hius"},"content":"            dataFile.getParentFile().mkdirs();","lastModifiedDate":"2021-08-23"},{"lineNumber":39,"author":{"gitId":"Cyn7hius"},"content":"            if (dataFile.createNewFile()) {","lastModifiedDate":"2021-08-23"},{"lineNumber":40,"author":{"gitId":"Cyn7hius"},"content":"                System.out.println(\"New task list saved at: \" + dataFile.getName());","lastModifiedDate":"2021-08-23"},{"lineNumber":41,"author":{"gitId":"Cyn7hius"},"content":"            } else {","lastModifiedDate":"2021-08-23"},{"lineNumber":42,"author":{"gitId":"Cyn7hius"},"content":"                System.out.println(\"Loading your previous task list...\");","lastModifiedDate":"2021-08-23"},{"lineNumber":43,"author":{"gitId":"Cyn7hius"},"content":"                // Read the txt into the taskList arrayList","lastModifiedDate":"2021-08-23"},{"lineNumber":44,"author":{"gitId":"Cyn7hius"},"content":"                Scanner taskListReader \u003d new Scanner(dataFile);","lastModifiedDate":"2021-08-23"},{"lineNumber":45,"author":{"gitId":"Cyn7hius"},"content":"                while (taskListReader.hasNext()) {","lastModifiedDate":"2021-08-23"},{"lineNumber":46,"author":{"gitId":"Cyn7hius"},"content":"                    String taskDetails \u003d taskListReader.nextLine();","lastModifiedDate":"2021-08-23"},{"lineNumber":47,"author":{"gitId":"Cyn7hius"},"content":"                    if (taskDetails.startsWith(\"D \")) {","lastModifiedDate":"2021-08-23"},{"lineNumber":48,"author":{"gitId":"Cyn7hius"},"content":"                        // [0] is the Task category, [1] is the isDone boolean, [2] is the task desc, [3] is the task dueDate","lastModifiedDate":"2021-08-23"},{"lineNumber":49,"author":{"gitId":"Cyn7hius"},"content":"                        if (taskDetails.split(\" \\\\| \")[1].equals(\"0\")) {","lastModifiedDate":"2021-08-23"},{"lineNumber":50,"author":{"gitId":"Cyn7hius"},"content":"                            //System.out.println(taskDetails.split(\" \\\\| \")[3]);","lastModifiedDate":"2021-08-23"},{"lineNumber":51,"author":{"gitId":"Cyn7hius"},"content":"                            taskList.add(new Deadline(taskDetails.split(\" \\\\| \")[2],","lastModifiedDate":"2021-08-23"},{"lineNumber":52,"author":{"gitId":"Cyn7hius"},"content":"                                    LocalDate.parse(taskDetails.split(\" \\\\| \")[3].split(\" \")[0]),","lastModifiedDate":"2021-08-23"},{"lineNumber":53,"author":{"gitId":"Cyn7hius"},"content":"                                    LocalTime.parse(taskDetails.split(\" \\\\| \")[3].split(\" \")[1])));","lastModifiedDate":"2021-08-23"},{"lineNumber":54,"author":{"gitId":"Cyn7hius"},"content":"                        } else {","lastModifiedDate":"2021-08-23"},{"lineNumber":55,"author":{"gitId":"Cyn7hius"},"content":"                            //taskList.add(new Deadline(taskDetails.split(\" \\\\| \")[2], taskDetails.split(\" \\\\| \")[3], true));","lastModifiedDate":"2021-08-23"},{"lineNumber":56,"author":{"gitId":"Cyn7hius"},"content":"                            taskList.add(new Deadline(taskDetails.split(\" \\\\| \")[2],","lastModifiedDate":"2021-08-23"},{"lineNumber":57,"author":{"gitId":"Cyn7hius"},"content":"                                    LocalDate.parse(taskDetails.split(\" \\\\| \")[3].split(\" \")[0]),","lastModifiedDate":"2021-08-23"},{"lineNumber":58,"author":{"gitId":"Cyn7hius"},"content":"                                    LocalTime.parse(taskDetails.split(\" \\\\| \")[3].split(\" \")[1]),","lastModifiedDate":"2021-08-23"},{"lineNumber":59,"author":{"gitId":"Cyn7hius"},"content":"                                    true));","lastModifiedDate":"2021-08-23"},{"lineNumber":60,"author":{"gitId":"Cyn7hius"},"content":"                        }","lastModifiedDate":"2021-08-23"},{"lineNumber":61,"author":{"gitId":"Cyn7hius"},"content":"                    } else if (taskDetails.startsWith(\"E \")) {","lastModifiedDate":"2021-08-23"},{"lineNumber":62,"author":{"gitId":"Cyn7hius"},"content":"                        if (taskDetails.split(\" \\\\| \")[1].equals(\"0\")) {","lastModifiedDate":"2021-08-23"},{"lineNumber":63,"author":{"gitId":"Cyn7hius"},"content":"                            taskList.add(new Event(taskDetails.split(\" \\\\| \")[2], taskDetails.split(\" \\\\| \")[3]));","lastModifiedDate":"2021-08-23"},{"lineNumber":64,"author":{"gitId":"Cyn7hius"},"content":"                        } else {","lastModifiedDate":"2021-08-23"},{"lineNumber":65,"author":{"gitId":"Cyn7hius"},"content":"                            taskList.add(new Event(taskDetails.split(\" \\\\| \")[2], taskDetails.split(\" \\\\| \")[3], true));","lastModifiedDate":"2021-08-23"},{"lineNumber":66,"author":{"gitId":"Cyn7hius"},"content":"                        }","lastModifiedDate":"2021-08-23"},{"lineNumber":67,"author":{"gitId":"Cyn7hius"},"content":"","lastModifiedDate":"2021-08-23"},{"lineNumber":68,"author":{"gitId":"Cyn7hius"},"content":"                    } else {","lastModifiedDate":"2021-08-23"},{"lineNumber":69,"author":{"gitId":"Cyn7hius"},"content":"                        if (taskDetails.split(\" \\\\| \")[1].equals(\"0\")) {","lastModifiedDate":"2021-08-23"},{"lineNumber":70,"author":{"gitId":"Cyn7hius"},"content":"                            taskList.add(new Todo(taskDetails.split(\" \\\\| \")[2]));","lastModifiedDate":"2021-08-23"},{"lineNumber":71,"author":{"gitId":"Cyn7hius"},"content":"                        } else {","lastModifiedDate":"2021-08-23"},{"lineNumber":72,"author":{"gitId":"Cyn7hius"},"content":"                            taskList.add(new Todo(taskDetails.split(\" \\\\| \")[2], true));","lastModifiedDate":"2021-08-23"},{"lineNumber":73,"author":{"gitId":"Cyn7hius"},"content":"                        }","lastModifiedDate":"2021-08-23"},{"lineNumber":74,"author":{"gitId":"Cyn7hius"},"content":"                    }","lastModifiedDate":"2021-08-23"},{"lineNumber":75,"author":{"gitId":"Cyn7hius"},"content":"                }","lastModifiedDate":"2021-08-23"},{"lineNumber":76,"author":{"gitId":"Cyn7hius"},"content":"            }","lastModifiedDate":"2021-08-23"},{"lineNumber":77,"author":{"gitId":"Cyn7hius"},"content":"        } catch (IOException e) {","lastModifiedDate":"2021-08-23"},{"lineNumber":78,"author":{"gitId":"Cyn7hius"},"content":"            System.out.println(\"An error occurred.\");","lastModifiedDate":"2021-08-23"},{"lineNumber":79,"author":{"gitId":"Cyn7hius"},"content":"            e.printStackTrace();","lastModifiedDate":"2021-08-23"},{"lineNumber":80,"author":{"gitId":"Cyn7hius"},"content":"        }","lastModifiedDate":"2021-08-23"},{"lineNumber":81,"author":{"gitId":"Cyn7hius"},"content":"        return taskList;","lastModifiedDate":"2021-08-23"},{"lineNumber":82,"author":{"gitId":"Cyn7hius"},"content":"    }","lastModifiedDate":"2021-08-23"},{"lineNumber":83,"author":{"gitId":"Cyn7hius"},"content":"}","lastModifiedDate":"2021-08-23"}],"authorContributionMap":{"Cyn7hius":83}},{"path":"src/main/java/Task.java","fileType":"java","lines":[{"lineNumber":1,"author":{"gitId":"Cyn7hius"},"content":"public class Task {","lastModifiedDate":"2021-08-16"},{"lineNumber":2,"author":{"gitId":"Cyn7hius"},"content":"    protected String description;","lastModifiedDate":"2021-08-16"},{"lineNumber":3,"author":{"gitId":"Cyn7hius"},"content":"    protected boolean isDone;","lastModifiedDate":"2021-08-16"},{"lineNumber":4,"author":{"gitId":"Cyn7hius"},"content":"    protected String taskType;","lastModifiedDate":"2021-08-23"},{"lineNumber":5,"author":{"gitId":"Cyn7hius"},"content":"    protected String dueDate;","lastModifiedDate":"2021-08-23"},{"lineNumber":6,"author":{"gitId":"Cyn7hius"},"content":"","lastModifiedDate":"2021-08-16"},{"lineNumber":7,"author":{"gitId":"Cyn7hius"},"content":"    public Task(String description) {","lastModifiedDate":"2021-08-16"},{"lineNumber":8,"author":{"gitId":"Cyn7hius"},"content":"        this.description \u003d description;","lastModifiedDate":"2021-08-16"},{"lineNumber":9,"author":{"gitId":"Cyn7hius"},"content":"        this.isDone \u003d false;","lastModifiedDate":"2021-08-16"},{"lineNumber":10,"author":{"gitId":"Cyn7hius"},"content":"    }","lastModifiedDate":"2021-08-16"},{"lineNumber":11,"author":{"gitId":"Cyn7hius"},"content":"","lastModifiedDate":"2021-08-16"},{"lineNumber":12,"author":{"gitId":"Cyn7hius"},"content":"    public String getStatusIcon() {","lastModifiedDate":"2021-08-16"},{"lineNumber":13,"author":{"gitId":"Cyn7hius"},"content":"        return (isDone ? \"X\" : \" \"); // mark done task with X","lastModifiedDate":"2021-08-16"},{"lineNumber":14,"author":{"gitId":"Cyn7hius"},"content":"    }","lastModifiedDate":"2021-08-16"},{"lineNumber":15,"author":{"gitId":"Cyn7hius"},"content":"","lastModifiedDate":"2021-08-16"},{"lineNumber":16,"author":{"gitId":"Cyn7hius"},"content":"    public void markAsDone() {","lastModifiedDate":"2021-08-16"},{"lineNumber":17,"author":{"gitId":"Cyn7hius"},"content":"        this.isDone \u003d true;","lastModifiedDate":"2021-08-16"},{"lineNumber":18,"author":{"gitId":"Cyn7hius"},"content":"    }","lastModifiedDate":"2021-08-16"},{"lineNumber":19,"author":{"gitId":"Cyn7hius"},"content":"","lastModifiedDate":"2021-08-16"},{"lineNumber":20,"author":{"gitId":"Cyn7hius"},"content":"    public String getDescription() {","lastModifiedDate":"2021-08-23"},{"lineNumber":21,"author":{"gitId":"Cyn7hius"},"content":"        return this.description;","lastModifiedDate":"2021-08-23"},{"lineNumber":22,"author":{"gitId":"Cyn7hius"},"content":"    }","lastModifiedDate":"2021-08-23"},{"lineNumber":23,"author":{"gitId":"Cyn7hius"},"content":"","lastModifiedDate":"2021-08-23"},{"lineNumber":24,"author":{"gitId":"Cyn7hius"},"content":"    public String getTaskType() {","lastModifiedDate":"2021-08-23"},{"lineNumber":25,"author":{"gitId":"Cyn7hius"},"content":"        return this.taskType;","lastModifiedDate":"2021-08-23"},{"lineNumber":26,"author":{"gitId":"Cyn7hius"},"content":"    }","lastModifiedDate":"2021-08-23"},{"lineNumber":27,"author":{"gitId":"Cyn7hius"},"content":"","lastModifiedDate":"2021-08-23"},{"lineNumber":28,"author":{"gitId":"Cyn7hius"},"content":"    public String getDueDate() {","lastModifiedDate":"2021-08-23"},{"lineNumber":29,"author":{"gitId":"Cyn7hius"},"content":"        return this.dueDate;","lastModifiedDate":"2021-08-23"},{"lineNumber":30,"author":{"gitId":"Cyn7hius"},"content":"    }","lastModifiedDate":"2021-08-23"},{"lineNumber":31,"author":{"gitId":"Cyn7hius"},"content":"","lastModifiedDate":"2021-08-23"},{"lineNumber":32,"author":{"gitId":"Cyn7hius"},"content":"    public int getDoneStatus() {","lastModifiedDate":"2021-08-23"},{"lineNumber":33,"author":{"gitId":"Cyn7hius"},"content":"        return this.isDone ? 1 : 0;","lastModifiedDate":"2021-08-23"},{"lineNumber":34,"author":{"gitId":"Cyn7hius"},"content":"    }","lastModifiedDate":"2021-08-23"},{"lineNumber":35,"author":{"gitId":"Cyn7hius"},"content":"","lastModifiedDate":"2021-08-23"},{"lineNumber":36,"author":{"gitId":"Cyn7hius"},"content":"","lastModifiedDate":"2021-08-23"},{"lineNumber":37,"author":{"gitId":"Cyn7hius"},"content":"    @Override","lastModifiedDate":"2021-08-16"},{"lineNumber":38,"author":{"gitId":"Cyn7hius"},"content":"    public String toString() {","lastModifiedDate":"2021-08-16"},{"lineNumber":39,"author":{"gitId":"Cyn7hius"},"content":"        return \"[\" + this.getStatusIcon() + \"] \" + this.description;","lastModifiedDate":"2021-08-16"},{"lineNumber":40,"author":{"gitId":"Cyn7hius"},"content":"    }","lastModifiedDate":"2021-08-16"},{"lineNumber":41,"author":{"gitId":"Cyn7hius"},"content":"}","lastModifiedDate":"2021-08-16"}],"authorContributionMap":{"Cyn7hius":41}},{"path":"src/main/java/TaskList.java","fileType":"java","lines":[{"lineNumber":1,"author":{"gitId":"Cyn7hius"},"content":"import java.util.ArrayList;","lastModifiedDate":"2021-08-23"},{"lineNumber":2,"author":{"gitId":"Cyn7hius"},"content":"","lastModifiedDate":"2021-08-23"},{"lineNumber":3,"author":{"gitId":"Cyn7hius"},"content":"public class TaskList {","lastModifiedDate":"2021-08-23"},{"lineNumber":4,"author":{"gitId":"Cyn7hius"},"content":"","lastModifiedDate":"2021-08-23"},{"lineNumber":5,"author":{"gitId":"Cyn7hius"},"content":"    private ArrayList\u003cTask\u003e taskList;","lastModifiedDate":"2021-08-23"},{"lineNumber":6,"author":{"gitId":"Cyn7hius"},"content":"","lastModifiedDate":"2021-08-23"},{"lineNumber":7,"author":{"gitId":"Cyn7hius"},"content":"    public TaskList(ArrayList\u003cTask\u003e taskList) {","lastModifiedDate":"2021-08-23"},{"lineNumber":8,"author":{"gitId":"Cyn7hius"},"content":"        this.taskList \u003d taskList;","lastModifiedDate":"2021-08-23"},{"lineNumber":9,"author":{"gitId":"Cyn7hius"},"content":"    }","lastModifiedDate":"2021-08-23"},{"lineNumber":10,"author":{"gitId":"Cyn7hius"},"content":"","lastModifiedDate":"2021-08-23"},{"lineNumber":11,"author":{"gitId":"Cyn7hius"},"content":"    public TaskList() {","lastModifiedDate":"2021-08-23"},{"lineNumber":12,"author":{"gitId":"Cyn7hius"},"content":"        this.taskList \u003d new ArrayList\u003c\u003e();","lastModifiedDate":"2021-08-23"},{"lineNumber":13,"author":{"gitId":"Cyn7hius"},"content":"    }","lastModifiedDate":"2021-08-23"},{"lineNumber":14,"author":{"gitId":"Cyn7hius"},"content":"","lastModifiedDate":"2021-08-23"},{"lineNumber":15,"author":{"gitId":"Cyn7hius"},"content":"    public int getLength() {","lastModifiedDate":"2021-08-23"},{"lineNumber":16,"author":{"gitId":"Cyn7hius"},"content":"        return this.taskList.size();","lastModifiedDate":"2021-08-23"},{"lineNumber":17,"author":{"gitId":"Cyn7hius"},"content":"    }","lastModifiedDate":"2021-08-23"},{"lineNumber":18,"author":{"gitId":"Cyn7hius"},"content":"","lastModifiedDate":"2021-08-23"},{"lineNumber":19,"author":{"gitId":"Cyn7hius"},"content":"    public Task getTask(int index) {","lastModifiedDate":"2021-08-23"},{"lineNumber":20,"author":{"gitId":"Cyn7hius"},"content":"        return this.taskList.get(index);","lastModifiedDate":"2021-08-23"},{"lineNumber":21,"author":{"gitId":"Cyn7hius"},"content":"    }","lastModifiedDate":"2021-08-23"},{"lineNumber":22,"author":{"gitId":"Cyn7hius"},"content":"","lastModifiedDate":"2021-08-23"},{"lineNumber":23,"author":{"gitId":"Cyn7hius"},"content":"    public void removeTask(Task task) {","lastModifiedDate":"2021-08-23"},{"lineNumber":24,"author":{"gitId":"Cyn7hius"},"content":"        this.taskList.remove(this.taskList.indexOf(task));","lastModifiedDate":"2021-08-23"},{"lineNumber":25,"author":{"gitId":"Cyn7hius"},"content":"    }","lastModifiedDate":"2021-08-23"},{"lineNumber":26,"author":{"gitId":"Cyn7hius"},"content":"","lastModifiedDate":"2021-08-23"},{"lineNumber":27,"author":{"gitId":"Cyn7hius"},"content":"    public void addTask(Task task) {","lastModifiedDate":"2021-08-23"},{"lineNumber":28,"author":{"gitId":"Cyn7hius"},"content":"        this.taskList.add(task);","lastModifiedDate":"2021-08-23"},{"lineNumber":29,"author":{"gitId":"Cyn7hius"},"content":"    }","lastModifiedDate":"2021-08-23"},{"lineNumber":30,"author":{"gitId":"Cyn7hius"},"content":"","lastModifiedDate":"2021-08-23"},{"lineNumber":31,"author":{"gitId":"Cyn7hius"},"content":"}","lastModifiedDate":"2021-08-23"}],"authorContributionMap":{"Cyn7hius":31}},{"path":"src/main/java/Todo.java","fileType":"java","lines":[{"lineNumber":1,"author":{"gitId":"Cyn7hius"},"content":"public class Todo extends Task {","lastModifiedDate":"2021-08-16"},{"lineNumber":2,"author":{"gitId":"Cyn7hius"},"content":"","lastModifiedDate":"2021-08-16"},{"lineNumber":3,"author":{"gitId":"Cyn7hius"},"content":"    public Todo(String desc) {","lastModifiedDate":"2021-08-16"},{"lineNumber":4,"author":{"gitId":"Cyn7hius"},"content":"        super(desc);","lastModifiedDate":"2021-08-16"},{"lineNumber":5,"author":{"gitId":"Cyn7hius"},"content":"        this.taskType \u003d \"T\";","lastModifiedDate":"2021-08-23"},{"lineNumber":6,"author":{"gitId":"Cyn7hius"},"content":"        this.dueDate \u003d \"\";","lastModifiedDate":"2021-08-23"},{"lineNumber":7,"author":{"gitId":"Cyn7hius"},"content":"    }","lastModifiedDate":"2021-08-23"},{"lineNumber":8,"author":{"gitId":"Cyn7hius"},"content":"","lastModifiedDate":"2021-08-23"},{"lineNumber":9,"author":{"gitId":"Cyn7hius"},"content":"    public Todo(String desc, Boolean isDone) {","lastModifiedDate":"2021-08-23"},{"lineNumber":10,"author":{"gitId":"Cyn7hius"},"content":"        super(desc);","lastModifiedDate":"2021-08-23"},{"lineNumber":11,"author":{"gitId":"Cyn7hius"},"content":"        this.taskType \u003d \"T\";","lastModifiedDate":"2021-08-23"},{"lineNumber":12,"author":{"gitId":"Cyn7hius"},"content":"        this.dueDate \u003d \"\";","lastModifiedDate":"2021-08-23"},{"lineNumber":13,"author":{"gitId":"Cyn7hius"},"content":"        this.isDone \u003d isDone;","lastModifiedDate":"2021-08-23"},{"lineNumber":14,"author":{"gitId":"Cyn7hius"},"content":"    }","lastModifiedDate":"2021-08-16"},{"lineNumber":15,"author":{"gitId":"Cyn7hius"},"content":"","lastModifiedDate":"2021-08-16"},{"lineNumber":16,"author":{"gitId":"Cyn7hius"},"content":"    @Override","lastModifiedDate":"2021-08-16"},{"lineNumber":17,"author":{"gitId":"Cyn7hius"},"content":"    public String toString() {","lastModifiedDate":"2021-08-16"},{"lineNumber":18,"author":{"gitId":"Cyn7hius"},"content":"        return \"[\" + taskType + \"]\" + super.toString();","lastModifiedDate":"2021-08-23"},{"lineNumber":19,"author":{"gitId":"Cyn7hius"},"content":"    }","lastModifiedDate":"2021-08-16"},{"lineNumber":20,"author":{"gitId":"Cyn7hius"},"content":"}","lastModifiedDate":"2021-08-16"}],"authorContributionMap":{"Cyn7hius":20}},{"path":"src/main/java/Ui.java","fileType":"java","lines":[{"lineNumber":1,"author":{"gitId":"Cyn7hius"},"content":"public class Ui {","lastModifiedDate":"2021-08-23"},{"lineNumber":2,"author":{"gitId":"Cyn7hius"},"content":"","lastModifiedDate":"2021-08-23"},{"lineNumber":3,"author":{"gitId":"Cyn7hius"},"content":"    // ASCII DIVIDER to clean up the output","lastModifiedDate":"2021-08-23"},{"lineNumber":4,"author":{"gitId":"Cyn7hius"},"content":"    final String DIVIDER \u003d \"---------------------------\";","lastModifiedDate":"2021-08-23"},{"lineNumber":5,"author":{"gitId":"Cyn7hius"},"content":"","lastModifiedDate":"2021-08-23"},{"lineNumber":6,"author":{"gitId":"Cyn7hius"},"content":"    public Ui() {","lastModifiedDate":"2021-08-23"},{"lineNumber":7,"author":{"gitId":"Cyn7hius"},"content":"        // Intro message","lastModifiedDate":"2021-08-23"},{"lineNumber":8,"author":{"gitId":"Cyn7hius"},"content":"        System.out.println(","lastModifiedDate":"2021-08-23"},{"lineNumber":9,"author":{"gitId":"Cyn7hius"},"content":"                \"Hello! I\u0027m Duke\" + \"\\n\" +","lastModifiedDate":"2021-08-23"},{"lineNumber":10,"author":{"gitId":"Cyn7hius"},"content":"                        \"What can I do for you?\" + \"\\n\" +","lastModifiedDate":"2021-08-23"},{"lineNumber":11,"author":{"gitId":"Cyn7hius"},"content":"                        DIVIDER);","lastModifiedDate":"2021-08-23"},{"lineNumber":12,"author":{"gitId":"Cyn7hius"},"content":"    }","lastModifiedDate":"2021-08-23"},{"lineNumber":13,"author":{"gitId":"Cyn7hius"},"content":"","lastModifiedDate":"2021-08-23"},{"lineNumber":14,"author":{"gitId":"Cyn7hius"},"content":"    public void showLoadingError() {","lastModifiedDate":"2021-08-23"},{"lineNumber":15,"author":{"gitId":"Cyn7hius"},"content":"        System.out.println(\"An error occurred.\");","lastModifiedDate":"2021-08-23"},{"lineNumber":16,"author":{"gitId":"Cyn7hius"},"content":"    }","lastModifiedDate":"2021-08-23"},{"lineNumber":17,"author":{"gitId":"Cyn7hius"},"content":"","lastModifiedDate":"2021-08-23"},{"lineNumber":18,"author":{"gitId":"Cyn7hius"},"content":"    public String doneTaskMessage(String task) {","lastModifiedDate":"2021-08-23"},{"lineNumber":19,"author":{"gitId":"Cyn7hius"},"content":"        return (DIVIDER + \"\\n\" + \"Nice! I\u0027ve marked this task as done: \" + \"\\n\" +","lastModifiedDate":"2021-08-23"},{"lineNumber":20,"author":{"gitId":"Cyn7hius"},"content":"                task + \"\\n\" +","lastModifiedDate":"2021-08-23"},{"lineNumber":21,"author":{"gitId":"Cyn7hius"},"content":"                DIVIDER);","lastModifiedDate":"2021-08-23"},{"lineNumber":22,"author":{"gitId":"Cyn7hius"},"content":"    }","lastModifiedDate":"2021-08-23"},{"lineNumber":23,"author":{"gitId":"Cyn7hius"},"content":"","lastModifiedDate":"2021-08-23"},{"lineNumber":24,"author":{"gitId":"Cyn7hius"},"content":"    public String deletedTaskMessage(String task, int taskListSize) {","lastModifiedDate":"2021-08-23"},{"lineNumber":25,"author":{"gitId":"Cyn7hius"},"content":"        return (DIVIDER + \"\\n\" + \"Nice! Noted. I\u0027ve removed this task: \" + \"\\n\" +","lastModifiedDate":"2021-08-23"},{"lineNumber":26,"author":{"gitId":"Cyn7hius"},"content":"                task + \"\\n\" +","lastModifiedDate":"2021-08-23"},{"lineNumber":27,"author":{"gitId":"Cyn7hius"},"content":"                \"You now have \" + taskListSize + \" tasks remaining!\" + \"\\n\" +","lastModifiedDate":"2021-08-23"},{"lineNumber":28,"author":{"gitId":"Cyn7hius"},"content":"                DIVIDER);","lastModifiedDate":"2021-08-23"},{"lineNumber":29,"author":{"gitId":"Cyn7hius"},"content":"    }","lastModifiedDate":"2021-08-23"},{"lineNumber":30,"author":{"gitId":"Cyn7hius"},"content":"","lastModifiedDate":"2021-08-23"},{"lineNumber":31,"author":{"gitId":"Cyn7hius"},"content":"    public String listMessage(TaskList tasks) {","lastModifiedDate":"2021-08-23"},{"lineNumber":32,"author":{"gitId":"Cyn7hius"},"content":"        String output \u003d \"\";","lastModifiedDate":"2021-08-23"},{"lineNumber":33,"author":{"gitId":"Cyn7hius"},"content":"        output +\u003d DIVIDER + \"\\n\" + \"Here are the items in your task list: \" + \"\\n\";","lastModifiedDate":"2021-08-23"},{"lineNumber":34,"author":{"gitId":"Cyn7hius"},"content":"        for (int i \u003d 0; i \u003c tasks.getLength(); i++) {","lastModifiedDate":"2021-08-23"},{"lineNumber":35,"author":{"gitId":"Cyn7hius"},"content":"            output +\u003d (i + 1 + \". \" + tasks.getTask(i) + \"\\n\");","lastModifiedDate":"2021-08-23"},{"lineNumber":36,"author":{"gitId":"Cyn7hius"},"content":"        }","lastModifiedDate":"2021-08-23"},{"lineNumber":37,"author":{"gitId":"Cyn7hius"},"content":"        output +\u003d (DIVIDER) + \"\\n\";","lastModifiedDate":"2021-08-23"},{"lineNumber":38,"author":{"gitId":"Cyn7hius"},"content":"        return output;","lastModifiedDate":"2021-08-23"},{"lineNumber":39,"author":{"gitId":"Cyn7hius"},"content":"    }","lastModifiedDate":"2021-08-23"},{"lineNumber":40,"author":{"gitId":"Cyn7hius"},"content":"","lastModifiedDate":"2021-08-23"},{"lineNumber":41,"author":{"gitId":"Cyn7hius"},"content":"    public String byeMessage() {","lastModifiedDate":"2021-08-23"},{"lineNumber":42,"author":{"gitId":"Cyn7hius"},"content":"        return DIVIDER + \"\\n\" + \"Bye. Hope to see you again soon!\" + \"\\n\" + DIVIDER;","lastModifiedDate":"2021-08-23"},{"lineNumber":43,"author":{"gitId":"Cyn7hius"},"content":"    }","lastModifiedDate":"2021-08-23"},{"lineNumber":44,"author":{"gitId":"Cyn7hius"},"content":"","lastModifiedDate":"2021-08-23"},{"lineNumber":45,"author":{"gitId":"Cyn7hius"},"content":"    public String addTaskMessage(TaskList tasks) {","lastModifiedDate":"2021-08-23"},{"lineNumber":46,"author":{"gitId":"Cyn7hius"},"content":"        return DIVIDER + \"\\n\" + \"added: \" + tasks.getTask(tasks.getLength() - 1) + \"\\n\" +","lastModifiedDate":"2021-08-23"},{"lineNumber":47,"author":{"gitId":"Cyn7hius"},"content":"                \"now you have: \" + tasks.getLength() + \" tasks! type \u0027list\u0027 to see them!\" + \"\\n\" + DIVIDER;","lastModifiedDate":"2021-08-23"},{"lineNumber":48,"author":{"gitId":"Cyn7hius"},"content":"    }","lastModifiedDate":"2021-08-23"},{"lineNumber":49,"author":{"gitId":"Cyn7hius"},"content":"","lastModifiedDate":"2021-08-23"},{"lineNumber":50,"author":{"gitId":"Cyn7hius"},"content":"    public String dukeExceptionMessage(DukeException e) {","lastModifiedDate":"2021-08-23"},{"lineNumber":51,"author":{"gitId":"Cyn7hius"},"content":"        return DIVIDER + \"\\n\" + e.getMessage() + \"\\n\" + DIVIDER;","lastModifiedDate":"2021-08-23"},{"lineNumber":52,"author":{"gitId":"Cyn7hius"},"content":"    }","lastModifiedDate":"2021-08-23"},{"lineNumber":53,"author":{"gitId":"Cyn7hius"},"content":"","lastModifiedDate":"2021-08-23"},{"lineNumber":54,"author":{"gitId":"Cyn7hius"},"content":"    public String exceptionMessage(Exception e) {","lastModifiedDate":"2021-08-23"},{"lineNumber":55,"author":{"gitId":"Cyn7hius"},"content":"        return DIVIDER + \"\\n\" + e.getMessage() + \"\\n\" + DIVIDER;","lastModifiedDate":"2021-08-23"},{"lineNumber":56,"author":{"gitId":"Cyn7hius"},"content":"    }","lastModifiedDate":"2021-08-23"},{"lineNumber":57,"author":{"gitId":"Cyn7hius"},"content":"}","lastModifiedDate":"2021-08-23"}],"authorContributionMap":{"Cyn7hius":57}},{"path":"text-ui-test/input.txt","fileType":"txt","lines":[{"lineNumber":1,"author":{"gitId":"Cyn7hius"},"content":"todo 2103T individual project","lastModifiedDate":"2021-08-17"},{"lineNumber":2,"author":{"gitId":"Cyn7hius"},"content":"event Welcome Tea /at at SoC","lastModifiedDate":"2021-08-17"},{"lineNumber":3,"author":{"gitId":"Cyn7hius"},"content":"list","lastModifiedDate":"2021-08-17"},{"lineNumber":4,"author":{"gitId":"Cyn7hius"},"content":"delete 1","lastModifiedDate":"2021-08-17"},{"lineNumber":5,"author":{"gitId":"Cyn7hius"},"content":"delete 0","lastModifiedDate":"2021-08-17"},{"lineNumber":6,"author":{"gitId":"Cyn7hius"},"content":"delete 10","lastModifiedDate":"2021-08-17"},{"lineNumber":7,"author":{"gitId":"Cyn7hius"},"content":"list","lastModifiedDate":"2021-08-17"},{"lineNumber":8,"author":{"gitId":"Cyn7hius"},"content":"todo","lastModifiedDate":"2021-08-17"},{"lineNumber":9,"author":{"gitId":"Cyn7hius"},"content":"todo done delete 1","lastModifiedDate":"2021-08-17"},{"lineNumber":10,"author":{"gitId":"Cyn7hius"},"content":"event Music Concert at Stadium","lastModifiedDate":"2021-08-17"},{"lineNumber":11,"author":{"gitId":"Cyn7hius"},"content":"done 1","lastModifiedDate":"2021-08-17"},{"lineNumber":12,"author":{"gitId":"Cyn7hius"},"content":"deadline do homework /by tonight","lastModifiedDate":"2021-08-17"},{"lineNumber":13,"author":{"gitId":"Cyn7hius"},"content":"deadline do Orbital /by 16th Aug 2359","lastModifiedDate":"2021-08-17"},{"lineNumber":14,"author":{"gitId":"Cyn7hius"},"content":"done 2","lastModifiedDate":"2021-08-17"},{"lineNumber":15,"author":{"gitId":"Cyn7hius"},"content":"delete 2","lastModifiedDate":"2021-08-17"},{"lineNumber":16,"author":{"gitId":"Cyn7hius"},"content":"list","lastModifiedDate":"2021-08-17"},{"lineNumber":17,"author":{"gitId":"Cyn7hius"},"content":"bye","lastModifiedDate":"2021-08-17"}],"authorContributionMap":{"Cyn7hius":17}}]
