{"authorDailyContributionsMap":{"lethiciars":[{"date":"2021-08-18","commitResults":[{"hash":"6c165d52b479f1b740b1dd23d366f9f4a33b2788","messageTitle":"Add Greet,Echo,Exit","messageBody":"","tags":["Level-1"],"fileTypesAndContributionMap":{"java":{"insertions":16,"deletions":0}}},{"hash":"20714dd637d8605f233d11e3ea81407667fbf6e2","messageTitle":"Add add,list","messageBody":"","tags":["Level-2"],"fileTypesAndContributionMap":{"java":{"insertions":24,"deletions":8}}},{"hash":"57649a1560b836d05d47b6f1af804bbd5120f4d2","messageTitle":"Add mark done","messageBody":"","tags":["Level-3"],"fileTypesAndContributionMap":{"java":{"insertions":40,"deletions":4}}},{"hash":"dc89a7120b6c19efe364c5b7892afef0e9b35851","messageTitle":"Add todo,event,deadline","messageBody":"","tags":["Level-4"],"fileTypesAndContributionMap":{"java":{"insertions":69,"deletions":14}}},{"hash":"78f5ffa36cb8e140bb22a3416aab9bada8188103","messageTitle":"Add Testing","messageBody":"","tags":["A-TextUiTesting"],"fileTypesAndContributionMap":{"txt":{"insertions":7,"deletions":0},"java":{"insertions":1,"deletions":1}}}]},{"date":"2021-08-19","commitResults":[{"hash":"811717aa594493175dcc5b0365bced9994cfee20","messageTitle":"Add error handling","messageBody":"","tags":["Level-5"],"fileTypesAndContributionMap":{"java":{"insertions":50,"deletions":34}}},{"hash":"bebfb2f5c596f93abc49ffb2f93ab92140046efc","messageTitle":"Add Delete","messageBody":"","fileTypesAndContributionMap":{"java":{"insertions":34,"deletions":19}}},{"hash":"8ef860bb65c5ea42f45dc828a32eec4233f956c7","messageTitle":"Add methods in Duke","messageBody":"","tags":["Level-6"],"fileTypesAndContributionMap":{"java":{"insertions":105,"deletions":72}}},{"hash":"85e10dac44600989db25376ff13241c4e43e53e9","messageTitle":"Add documentations","messageBody":"","fileTypesAndContributionMap":{"java":{"insertions":109,"deletions":3}}},{"hash":"4810c3470c5887e9abc398d509216fac2eb7df44","messageTitle":"Update test cases","messageBody":"","fileTypesAndContributionMap":{"txt":{"insertions":13,"deletions":5}}}]},{"date":"2021-08-25","commitResults":[{"hash":"d5e8670f46d74c8718e4bc07ceb82b50d72d96ed","messageTitle":"Add saving and writing to file, enums","messageBody":"","fileTypesAndContributionMap":{"java":{"insertions":177,"deletions":24}}},{"hash":"643883fb733913cf610935be47d76e9da2ef1a57","messageTitle":"Fix bugs for todo command","messageBody":"","fileTypesAndContributionMap":{"java":{"insertions":2,"deletions":1}}},{"hash":"c2237ed30677b8adf26bce9805f454d793c7e9b5","messageTitle":"Add javadocs","messageBody":"","tags":["Level-7","A-Enums"],"fileTypesAndContributionMap":{"java":{"insertions":21,"deletions":4}}},{"hash":"35ddd6e236c5d2a682f12e76bead11a59f24f650","messageTitle":"Add javadocs","messageBody":"","fileTypesAndContributionMap":{"java":{"insertions":4,"deletions":4}}},{"hash":"c6bd970c900671829e0a967031bf716dcd8f04b5","messageTitle":"Add dates for deadline","messageBody":"","fileTypesAndContributionMap":{"java":{"insertions":29,"deletions":8}}}]},{"date":"2021-08-26","commitResults":[{"hash":"c4b45dee80a6fc8c0eed237f4606cbf27ac95688","messageTitle":"Refactoring Duke to include more oop","messageBody":"","fileTypesAndContributionMap":{"java":{"insertions":334,"deletions":238}}},{"hash":"9a9aa0fca98fb7b1a26174aefd9fb58666a6f0d3","messageTitle":"Add Command class","messageBody":"","tags":["A-MoreOOP"],"fileTypesAndContributionMap":{"java":{"insertions":194,"deletions":103}}},{"hash":"059d296770fdc0bc8a59e9906dee82fd39f64928","messageTitle":"Divide classes into packages","messageBody":"","fileTypesAndContributionMap":{"java":{"insertions":112,"deletions":24}}},{"hash":"532d7a6809af1264155aefb6d1a835c9733e08d4","messageTitle":"Delete unecessary method","messageBody":"","tags":["A-Packages","A-Jar"],"fileTypesAndContributionMap":{"java":{"insertions":0,"deletions":11}}},{"hash":"46e68e2ef74cfdc4d5437f6c6bbf1012d3414205","messageTitle":"Add JUnit Tests","messageBody":"","tags":["A-JUnit"],"fileTypesAndContributionMap":{"java":{"insertions":27,"deletions":0}}},{"hash":"cdb40237e57931ffb76acad3ff6b00dc05adeaf1","messageTitle":"Add javadoc","messageBody":"","fileTypesAndContributionMap":{"java":{"insertions":229,"deletions":1}}},{"hash":"7e9cd46282fa8b5c5e59f82d80b8b0d474a6c52c","messageTitle":"Edit to match coding standard","messageBody":"","fileTypesAndContributionMap":{"java":{"insertions":18,"deletions":12}}}]},{"date":"2021-08-27","commitResults":[{"hash":"d8cab5f8c4ef48a8c8ecb4cb683d6c0746f3347f","messageTitle":"Add find feature","messageBody":"","fileTypesAndContributionMap":{"java":{"insertions":88,"deletions":2}}},{"hash":"9006596aeae9c2052e2db5fb507c20fd91ec246b","messageTitle":"Fix parser bugs","messageBody":"","fileTypesAndContributionMap":{"java":{"insertions":16,"deletions":6}}},{"hash":"cd97df800a28d03c69882e9b749b1516b9c9f974","messageTitle":"Update find method","messageBody":"","tags":["Level-9"],"fileTypesAndContributionMap":{"java":{"insertions":1,"deletions":1}}}]},{"date":"2021-08-31","commitResults":[{"hash":"a20dcfb729106c47f67eb392d09d9b9ba62401dd","messageTitle":"Add GUI","messageBody":"","fileTypesAndContributionMap":{"gradle":{"insertions":15,"deletions":0},"java":{"insertions":154,"deletions":89}}},{"hash":"a2a8232680408528f2ee1625b2979c7b0b632555","messageTitle":"Add GUI","messageBody":"","fileTypesAndContributionMap":{"java":{"insertions":55,"deletions":0}}},{"hash":"358f085c2704ee3d25c53d582ae7aa51d8cdbd02","messageTitle":"Edit return statements","messageBody":"","fileTypesAndContributionMap":{"java":{"insertions":8,"deletions":14}}}]},{"date":"2021-09-01","commitResults":[{"hash":"f7b836c6ff3a2710883f87c3ad1b94d434c0fc52","messageTitle":"Update GUI","messageBody":"","fileTypesAndContributionMap":{"java":{"insertions":39,"deletions":14}}}]},{"date":"2021-09-05","commitResults":[{"hash":"a12350096adfaec5f4cce832be7b2297a1dc676e","messageTitle":"Change GUI font","messageBody":"","fileTypesAndContributionMap":{"java":{"insertions":24,"deletions":27}}}]},{"date":"2021-09-06","commitResults":[{"hash":"cdad7d5d71eaadf25c3570605fa80e6ebc1b2e4c","messageTitle":"Add assertions","messageBody":"","fileTypesAndContributionMap":{"java":{"insertions":37,"deletions":4}}},{"hash":"eea26f628080323683c95156c5c94727cfdb9624","messageTitle":"Add Assertions to classes","messageBody":"Added assertions where necessary so that the runtime can verify certain\nassumptions about the program state.\n\nClasses where assertions were added:\n1. Duke\n2. Storage\n3. Parser\n4. TaskList\n","tags":["A-FullCommitMessage","A-Assertions"],"fileTypesAndContributionMap":{"java":{"insertions":0,"deletions":9}}}]},{"date":"2021-09-07","commitResults":[{"hash":"57f7824643eb07569e5b25d3d2a06ac5482a2b6f","messageTitle":"Resolved checkstyle","messageBody":"","fileTypesAndContributionMap":{"txt":{"insertions":6,"deletions":0},"java":{"insertions":78,"deletions":43}}},{"hash":"7aa27cf0e04ce21182440648214ad80b0f064bbe","messageTitle":"Fix code to improve code quality","messageBody":"Refactor some classes to improve readability and to remove coding\nstandards violations.\n\nSome of the changes include:\n1. Refactor Parser getCommand method to separate methods\n2. Add default branch in case statements\n","fileTypesAndContributionMap":{"java":{"insertions":138,"deletions":66}}}]}]},"authorFileTypeContributionMap":{"lethiciars":{"java":1382,"md":0,"fxml":0,"sh":0,"bat":0,"gradle":15,"txt":21}},"authorContributionVariance":{"lethiciars":63937.496},"authorDisplayNameMap":{"lethiciars":"CS2103T-T12-2 LETH..TOSO"}}
