{"authorDailyContributionsMap":{"Domszy":[{"date":"2021-08-18","commitResults":[{"hash":"b164747cdbdb7e73510bcddfd2fff0e7c815db0c","messageTitle":"Level-1","messageBody":"","tags":["Level-1"],"fileTypesAndContributionMap":{"java":{"insertions":19,"deletions":0}}},{"hash":"ea30b5440ca7625bdb12eb103acf00352797c659","messageTitle":"Level-2","messageBody":"","fileTypesAndContributionMap":{"java":{"insertions":4,"deletions":0}}},{"hash":"f09b89da100849ff5338ef50826370db79378110","messageTitle":"Level-2","messageBody":"","tags":["Level-2"],"fileTypesAndContributionMap":{"java":{"insertions":38,"deletions":4}}},{"hash":"0a7c2af24dc0715b33f2017eba7d9aa3773e106d","messageTitle":"Level-3","messageBody":"","tags":["Level-3"],"fileTypesAndContributionMap":{"java":{"insertions":30,"deletions":2}}},{"hash":"a0f4191c86f060b1c8f255a7e35b9fd21ca64073","messageTitle":"Level-4","messageBody":"","tags":["Level-4"],"fileTypesAndContributionMap":{"java":{"insertions":72,"deletions":3}}},{"hash":"35f416f9369e8bf654b8149178693b5d3da3528a","messageTitle":"Level-5","messageBody":"","tags":["Level-5"],"fileTypesAndContributionMap":{"txt":{"insertions":8,"deletions":0},"java":{"insertions":29,"deletions":9},"sh":{"insertions":1,"deletions":1}}},{"hash":"c33fe30a16a529e180dfdaec289cfca2f94e0ca3","messageTitle":"Level-6","messageBody":"","fileTypesAndContributionMap":{"java":{"insertions":11,"deletions":0}}},{"hash":"11d2b8b7cb052250b7dd3f3ffc6be51e5e0d7656","messageTitle":"A-TextUiTesting","messageBody":"","tags":["A-TextUiTesting"],"fileTypesAndContributionMap":{"txt":{"insertions":1,"deletions":1},"java":{"insertions":27,"deletions":0}}}]},{"date":"2021-08-19","commitResults":[{"hash":"77397bb0f7851fe2006e91022074037d095c76a0","messageTitle":"Level-6","messageBody":"","tags":["Level-6"],"fileTypesAndContributionMap":{"java":{"insertions":134,"deletions":5}}},{"hash":"15599ba4e522bab4ba9603187f93da4d685394e5","messageTitle":"Level-6","messageBody":"","fileTypesAndContributionMap":{"java":{"insertions":1,"deletions":1}}}]},{"date":"2021-08-25","commitResults":[{"hash":"5612d5c133ed3a055f62926b8fc98a1728282dbd","messageTitle":"Level-7","messageBody":"","fileTypesAndContributionMap":{"txt":{"insertions":2,"deletions":0},"java":{"insertions":194,"deletions":25}}},{"hash":"98df2b67c3e9c740324599ba2ee1e6355f34e405","messageTitle":"no message","messageBody":"","tags":["Level-7"],"fileTypesAndContributionMap":{"txt":{"insertions":4,"deletions":1},"java":{"insertions":26,"deletions":22}}},{"hash":"c1b744589d068596363faa244523ade5fd77e15c","messageTitle":"Level-8","messageBody":"","tags":["Level-8"],"fileTypesAndContributionMap":{"java":{"insertions":5,"deletions":1}}}]},{"date":"2021-08-26","commitResults":[{"hash":"a74036268a131510a4b1ff98e95f185d645974b4","messageTitle":"A-MoreOOP","messageBody":"","tags":["A-MoreOOP"],"fileTypesAndContributionMap":{"txt":{"insertions":3,"deletions":5},"java":{"insertions":241,"deletions":36}}}]}]},"authorFileTypeContributionMap":{"Domszy":{"java":725,"md":0,"fxml":0,"sh":1,"bat":0,"gradle":0,"txt":11}},"authorContributionVariance":{"Domszy":10847.999},"authorDisplayNameMap":{"Domszy":"CS2103T-T17-3 DOMI..N YU"}}
