{"authorDailyContributionsMap":{"aryagiat":[{"date":"2021-08-17","commitResults":[{"hash":"acf836b4177884e267bfd4a5dd0427d0aed3240e","messageTitle":"Feat: Todos, Events, Deadlines","messageBody":"","tags":["Level-4"],"fileTypesAndContributionMap":{"java":{"insertions":125,"deletions":17}}},{"hash":"62753b7ed6c13fc30cb8a8a3c3979a3725b26e2e","messageTitle":"Feat: Automated Text UI Testing","messageBody":"","tags":["A-TextUiTesting"],"fileTypesAndContributionMap":{"txt":{"insertions":11,"deletions":0}}},{"hash":"8e190b0ef68dccffc48f165d8243b62c59a4b3ba","messageTitle":"Feat: add exception handling","messageBody":"","tags":["Level-5"],"fileTypesAndContributionMap":{"java":{"insertions":147,"deletions":44}}},{"hash":"e8f4e1b2b8bfcb6ffed53935e2a28fa4eea835fd","messageTitle":"Feat: Delete functionality","messageBody":"","tags":["Level-6"],"fileTypesAndContributionMap":{"java":{"insertions":51,"deletions":20}}},{"hash":"d0306452aa53c8b72fe800e55e607246eab6bffe","messageTitle":"Feat: enums","messageBody":"","tags":["A-Enums"],"fileTypesAndContributionMap":{"java":{"insertions":30,"deletions":16}}}]},{"date":"2021-08-21","commitResults":[{"hash":"15abd5c27728b026613eef9f2d8f9cab78bd6e2b","messageTitle":"Feat: read from saved file and parse it","messageBody":"","fileTypesAndContributionMap":{"txt":{"insertions":4,"deletions":0},"java":{"insertions":65,"deletions":0}}},{"hash":"2c73a12548dff9ff4e0b15a5466f438c614a04ca","messageTitle":"Feat: Update the saved data on updates","messageBody":"","fileTypesAndContributionMap":{"java":{"insertions":51,"deletions":16}}},{"hash":"cd50677b204dd02bcd730c60d89c37a68ec8bfb6","messageTitle":"Chore: clean saved data","messageBody":"","fileTypesAndContributionMap":{"txt":{"insertions":0,"deletions":4}}},{"hash":"da803acb814629ce869cf9a5e40553cd4596086f","messageTitle":"Feat: Add a help function to show all available commands","messageBody":"","tags":["Level-7"],"fileTypesAndContributionMap":{"java":{"insertions":52,"deletions":5}}},{"hash":"764bd7cc2fe28afa7909eee562fdfd28d7e54059","messageTitle":"Chore: change date from string to java Date","messageBody":"","fileTypesAndContributionMap":{"java":{"insertions":10,"deletions":6}}},{"hash":"c92492e1ec7f55687650d11af8c7459d26c6daf3","messageTitle":"Feat: add date parser","messageBody":"","fileTypesAndContributionMap":{"java":{"insertions":162,"deletions":2}}}]},{"date":"2021-08-22","commitResults":[{"hash":"9bb2db3a383372f544c9311b76e3042e82e2ec7d","messageTitle":"Chore: encapsulate DukeException messages to an enum","messageBody":"","tags":["Level-8"],"fileTypesAndContributionMap":{"java":{"insertions":124,"deletions":56}}}]},{"date":"2021-08-26","commitResults":[{"hash":"aa5d19601e0fbfcb6a8e20a082bff778b8f59266","messageTitle":"Add Constants class to hold enums and Ui to deal with ui stuff","messageBody":"","fileTypesAndContributionMap":{"java":{"insertions":162,"deletions":156}}},{"hash":"b604c5a988fbb77e74d4d448e89b8a6b942c29b5","messageTitle":"Add Storage class","messageBody":"","fileTypesAndContributionMap":{"java":{"insertions":163,"deletions":87}}},{"hash":"9be6e15d894d6ce73c4eb97ce2844a54037c21b9","messageTitle":"Add Parser class","messageBody":"","fileTypesAndContributionMap":{"java":{"insertions":273,"deletions":0}}},{"hash":"dc8f838f7f90f7a3146e9a6360b8a5cf4483aa40","messageTitle":"add comments","messageBody":"","tags":["A-MoreOOP"],"fileTypesAndContributionMap":{"java":{"insertions":66,"deletions":298}}},{"hash":"6033b64882be63dcb97ec73279d9307841767db8","messageTitle":"Add all to duke package","messageBody":"","tags":["A-Packages"],"fileTypesAndContributionMap":{"java":{"insertions":22,"deletions":1}}},{"hash":"a2c182b325cc443190aac302b4657166f6114dee","messageTitle":"Add jUnit Tests","messageBody":"","tags":["v0.1","A-Jar","A-JUnit"],"fileTypesAndContributionMap":{"java":{"insertions":46,"deletions":0}}},{"hash":"67cdd5fa6d902eadc7197f3ecf72fe475bf77c73","messageTitle":"Add javadocs","messageBody":"","tags":["A-JavaDoc"],"fileTypesAndContributionMap":{"java":{"insertions":24,"deletions":3}}},{"hash":"b3fb9ff6460ef3ed2e0c56f606307dc83854837d","messageTitle":"Fix tab spacing","messageBody":"","fileTypesAndContributionMap":{"java":{"insertions":5,"deletions":5}}},{"hash":"e1e8fa8986cead1134e3614a9a36f41635fe6a00","messageTitle":"Add feature to find tasks based on a given keyword","messageBody":"","fileTypesAndContributionMap":{"java":{"insertions":29,"deletions":0}}}]},{"date":"2021-08-31","commitResults":[{"hash":"b7bbb0f5528345ac85e2588c8d2a5234760b722b","messageTitle":"Fix: comply to java coding standards","messageBody":"","fileTypesAndContributionMap":{"java":{"insertions":506,"deletions":452}}}]},{"date":"2021-09-02","commitResults":[{"hash":"100b803672e2c474fdb0d512b2f94912cf955b0d","messageTitle":"Update main class name","messageBody":"","tags":["A-Gradle"],"fileTypesAndContributionMap":{"gradle":{"insertions":1,"deletions":1}}},{"hash":"1eb2143c369e3286217c732bd871d67a8b9ea74f","messageTitle":"Fix to match checkstyle","messageBody":"","tags":["A-Checkstyle"],"fileTypesAndContributionMap":{"java":{"insertions":73,"deletions":71}}},{"hash":"d4e655a91a76d28b15cc67cc2ef911501cf2941b","messageTitle":"Add missing space","messageBody":"","fileTypesAndContributionMap":{"java":{"insertions":2,"deletions":3}}},{"hash":"22b91f174b3e1dabbe199da3cc7c6e020406462b","messageTitle":"Add javaFx","messageBody":"","fileTypesAndContributionMap":{"gradle":{"insertions":14,"deletions":0}}},{"hash":"2ce6277d1cdea719a814f84bd8ff32e1a1b8b200","messageTitle":"Add GUI","messageBody":"","tags":["Level-10"],"fileTypesAndContributionMap":{"fxml":{"insertions":35,"deletions":0},"java":{"insertions":298,"deletions":94}}}]},{"date":"2021-09-08","commitResults":[{"hash":"dec6c109e32aeb5daf48f5c34771238fe759a412","messageTitle":"Update main entry point for gradle build","messageBody":"","fileTypesAndContributionMap":{"gradle":{"insertions":2,"deletions":2}}},{"hash":"c09b5568af02af65f4413cbbe6b43f87759f2cc3","messageTitle":"Add Java Assert","messageBody":"Add Java Assert to all class methods which takes in a nullable argument.\nIf the parameter is a null, it will raise an unchecked error.\nThis assertion is to make sure that no arguments are null.\n","tags":["A-Assertions"],"fileTypesAndContributionMap":{"java":{"insertions":32,"deletions":27}}},{"hash":"c3e3b5ae48fba6dd589a11878ff16a6bba3d4297","messageTitle":"Remove extra empty lines for better spacing","messageBody":"","fileTypesAndContributionMap":{"java":{"insertions":15,"deletions":11}}},{"hash":"2a4c9cdd61c824257aed8cb448faacb16c7c7b71","messageTitle":"Add javadocs to the public method","messageBody":"","fileTypesAndContributionMap":{"java":{"insertions":4,"deletions":0}}},{"hash":"c2977cc5e0000e95f6f62a8961d9d6165f8bf7b3","messageTitle":"Change variable name to be more meaningful","messageBody":"","fileTypesAndContributionMap":{"java":{"insertions":7,"deletions":7}}},{"hash":"eb5d4cad31344d31a8fe0d5d54ae056e87185188","messageTitle":"Replace variables with a more meaningful name","messageBody":"","fileTypesAndContributionMap":{"java":{"insertions":56,"deletions":14}}}]},{"date":"2021-09-09","commitResults":[{"hash":"c3022a553b9d4aa9883e0949990f0f5d09866dd1","messageTitle":"ParseInput now returns a hashmap instead of a list.","messageBody":"Previously, parseInput returns a list of String from the parsed input.\nThis method works but is difficult to read and modify.\nNow a HashMap is used to read the parsed input.\n","tags":["A-CodeQuality"],"fileTypesAndContributionMap":{"java":{"insertions":46,"deletions":22}}},{"hash":"d0ceeeb8ea0a9641f6fb3ee340f2df658affbecb","messageTitle":"Add a feature to accept a more natural date.","messageBody":"Previously, the accepted dates are \u0027today\u0027, \u0027tomorrow\u0027, and a\n\u0027yyyy-mm-dd\u0027.\nNow, commands such as \u0027mon\u0027 or \u0027monday\u0027 can be accepted.\nAll other days are also accepted.\nWhen a day is written, it will pick the next closest date for that day.\n","tags":["BCD-Extension"],"fileTypesAndContributionMap":{"java":{"insertions":99,"deletions":32}}},{"hash":"0b2265bff7a8125b693994c61554b15197b3ff86","messageTitle":"Merge with latest changes from master branch","messageBody":"","fileTypesAndContributionMap":{"java":{"insertions":1,"deletions":1}}}]}]},"authorFileTypeContributionMap":{"aryagiat":{"java":1440,"md":0,"fxml":35,"sh":0,"bat":0,"gradle":16,"txt":11}},"authorContributionVariance":{"aryagiat":92142.25},"authorDisplayNameMap":{"aryagiat":"CS2103T-F12-1 ARYA..GIAT"}}
