{"authorDailyContributionsMap":{"tau-bar":[{"date":"2021-08-16","commitResults":[{"hash":"00f99ab2667d6aa54cebaf4b90d2e334c031ef1e","messageTitle":"Added ability to echo commands given to chatbot.","messageBody":"","tags":["Level-1"],"fileTypesAndContributionMap":{"java":{"insertions":20,"deletions":1}}}]},{"date":"2021-08-17","commitResults":[{"hash":"81958958b07a4eae7fa75349f7d0249b9a505ab1","messageTitle":"Added Task and TaskList classes, ability to add and list tasks.","messageBody":"","tags":["Level-2"],"fileTypesAndContributionMap":{"java":{"insertions":101,"deletions":3}}},{"hash":"b49ce58ac3f5aaaf68cf3e8026e8ee837eb8bf1a","messageTitle":"Added ability to mark tasks as done.","messageBody":"","tags":["Level-3"],"fileTypesAndContributionMap":{"java":{"insertions":80,"deletions":7}}},{"hash":"6adb1227b2a2b8b4b2f32f55bac0accd93c36a93","messageTitle":"Changed the way tasks are listed by using toString() method.","messageBody":"","fileTypesAndContributionMap":{"java":{"insertions":9,"deletions":24}}},{"hash":"0d51b0051334c0d4da96fdd4e1fe30375b345f68","messageTitle":"Created new classes to support multiple task types.","messageBody":"","tags":["A-Inheritance"],"fileTypesAndContributionMap":{"java":{"insertions":38,"deletions":1}}},{"hash":"f62f3127f8491d4e3ad9c2893766c12515fedf6b","messageTitle":"Added support for tracking todos, deadlines, events.","messageBody":"","tags":["Level-4"],"fileTypesAndContributionMap":{"java":{"insertions":80,"deletions":20}}},{"hash":"334114bc64b74375e636c3ea9e5fe90e075fc28b","messageTitle":"Added javadocs for Todo, Event and Deadline.","messageBody":"","fileTypesAndContributionMap":{"java":{"insertions":32,"deletions":0}}},{"hash":"d06475a563769d4f6c506c01243260cccdb72443","messageTitle":"Use the input/output redirection technique to semi-automate the testing of Duke.","messageBody":"","tags":["A-TextUiTesting"],"fileTypesAndContributionMap":{"txt":{"insertions":11,"deletions":0},"java":{"insertions":4,"deletions":5},"sh":{"insertions":0,"deletions":0}}},{"hash":"1f7f40d1273e80470811ba979fdeabf0365afa10","messageTitle":"Teach Duke to deal with errors such as incorrect inputs entered by the user.","messageBody":"","tags":["Level-5"],"fileTypesAndContributionMap":{"txt":{"insertions":12,"deletions":0},"java":{"insertions":43,"deletions":20}}},{"hash":"1f8c5dc010e5fe35495cd5eef3e959291c08ab5a","messageTitle":"Added error for out of range done command.","messageBody":"","fileTypesAndContributionMap":{"txt":{"insertions":1,"deletions":0},"java":{"insertions":8,"deletions":4}}},{"hash":"1d9c93aa6b03205e8537a4bc0d35cb8b73ec949a","messageTitle":"Changed tasks to be stored in ArrayList.","messageBody":"","tags":["A-Collections"],"fileTypesAndContributionMap":{"java":{"insertions":10,"deletions":9}}},{"hash":"797fec783888e9aeba15f797b154a38b471ae805","messageTitle":"Added support for deleting tasks from the list.","messageBody":"","tags":["Level-6"],"fileTypesAndContributionMap":{"txt":{"insertions":5,"deletions":0},"java":{"insertions":14,"deletions":0}}},{"hash":"c311b5d922239a5388cadc153f70435c7655f1ca","messageTitle":"Added use of enums for TaskType.","messageBody":"","tags":["A-Enums"],"fileTypesAndContributionMap":{"java":{"insertions":40,"deletions":6}}}]},{"date":"2021-08-18","commitResults":[{"hash":"d059849375ab85caf6a647a1276bd6040f1d1e60","messageTitle":"Changed from if-else to using switch block for Duke commands.","messageBody":"","fileTypesAndContributionMap":{"java":{"insertions":54,"deletions":42}}},{"hash":"6a08ba1bbf1bfde3b1f3acee48a6179d0cc1bcf5","messageTitle":"Put each command into separate functions, and made tasks a static field in Duke class.","messageBody":"","fileTypesAndContributionMap":{"java":{"insertions":62,"deletions":35}}}]},{"date":"2021-08-23","commitResults":[{"hash":"83fd7b633dd8f2fe5962f7e22fa09b5b99f49fb7","messageTitle":"Add ability to save tasks in hard disk and read from hard disk","messageBody":"","tags":["Level-7"],"fileTypesAndContributionMap":{"java":{"insertions":127,"deletions":11}}},{"hash":"3edb6e8bea31da9fc4a7528b099c616202b3b3a1","messageTitle":"Teach Duke how to understand dates and times","messageBody":"","tags":["Level-8"],"fileTypesAndContributionMap":{"txt":{"insertions":4,"deletions":2},"java":{"insertions":53,"deletions":21}}},{"hash":"2f964f9a8774305f989a7ac0042e55efb943f24d","messageTitle":"Make code more OOP","messageBody":"","tags":["A-MoreOOP"],"fileTypesAndContributionMap":{"java":{"insertions":264,"deletions":182}}},{"hash":"1a04f2ed99b1e5b9bde08f947d3c0494d7124b9e","messageTitle":"Organize classes into duke package","messageBody":"","tags":["A-Packages"],"fileTypesAndContributionMap":{"java":{"insertions":41,"deletions":25},"bat":{"insertions":1,"deletions":1},"sh":{"insertions":1,"deletions":1},"md":{"insertions":2,"deletions":2}}}]},{"date":"2021-08-24","commitResults":[{"hash":"07b6659e98046c42164be7c88bbd5c2fb158acdd","messageTitle":"Add JUnit tests to test behavior of code","messageBody":"","tags":["A-JUnit"],"fileTypesAndContributionMap":{"java":{"insertions":90,"deletions":3}}},{"hash":"3bbdc816ee215908313e374e09eddca0c83f0d32","messageTitle":"Add JavaDoc comments to code","messageBody":"","tags":["A-JavaDoc"],"fileTypesAndContributionMap":{"java":{"insertions":152,"deletions":99}}},{"hash":"24b9fc3d84230f8f44027868547981b5228055a6","messageTitle":"Tweak the code to comply with a coding standard","messageBody":"","tags":["A-CodingStandard"],"fileTypesAndContributionMap":{"java":{"insertions":79,"deletions":55}}},{"hash":"4ecbe8b52780c63ad919e3850ac42a448eda197b","messageTitle":"Add feature allowing users to find a task by searching for a keyword","messageBody":"","tags":["Level-9"],"fileTypesAndContributionMap":{"java":{"insertions":63,"deletions":41}}},{"hash":"94a830062c4e01f52cb0734b3766dc891d042d23","messageTitle":"Update README.md","messageBody":"","fileTypesAndContributionMap":{"md":{"insertions":1,"deletions":1}}}]}]},"authorFileTypeContributionMap":{"tau-bar":{"java":885,"md":1,"fxml":0,"sh":1,"bat":1,"gradle":0,"txt":31}},"authorContributionVariance":{"tau-bar":61641.465},"authorDisplayNameMap":{"tau-bar":"CS2103T-W13-4 TAUF..HMAN"}}
