{"authorDailyContributionsMap":{"xiangjunn":[{"date":"2021-08-15","commitResults":[{"hash":"660142f618d61607c91ca991a94b7e8eeacdb040","messageTitle":"Add greeting","messageBody":"","fileTypesAndContributionMap":{"java":{"insertions":17,"deletions":6}}},{"hash":"3d085bc8aeb80be99873636ea4fbdd676d4413ac","messageTitle":"Add echo feature that exits program when user types bye","messageBody":"","tags":["Level-1"],"fileTypesAndContributionMap":{"java":{"insertions":21,"deletions":0}}},{"hash":"9280cb59a0f51b236eb7be1959313fb81d76a6b9","messageTitle":"Add the ability to store text entered by the user","messageBody":"","fileTypesAndContributionMap":{"java":{"insertions":5,"deletions":1}}},{"hash":"7fab1474978d39b60b8aa7a84640e08a396455a1","messageTitle":"Display tasks to user when requested","messageBody":"","tags":["Level-2"],"fileTypesAndContributionMap":{"java":{"insertions":17,"deletions":2}}},{"hash":"ecaaa53cf78f78d7efd1fda58bd15920d1926287","messageTitle":"Create a task class to represent tasks","messageBody":"","tags":["A-Collections","A-Classes"],"fileTypesAndContributionMap":{"java":{"insertions":27,"deletions":4}}},{"hash":"60136211875f011316363e0d6b206390a2a0b7fc","messageTitle":"Improve code logic","messageBody":"","fileTypesAndContributionMap":{"java":{"insertions":13,"deletions":15}}},{"hash":"b5ebafeff5af2efdf700923e7108eee9dd8084cf","messageTitle":"Add the ability to mark tasks as done","messageBody":"","tags":["Level-3"],"fileTypesAndContributionMap":{"java":{"insertions":17,"deletions":1}}},{"hash":"ac89350fb3f5313b309e2c3389d4303369acd2e0","messageTitle":"Add support for tracking three types of tasks","messageBody":"","tags":["Level-4","A-Inheritance"],"fileTypesAndContributionMap":{"java":{"insertions":61,"deletions":3}}}]},{"date":"2021-08-16","commitResults":[{"hash":"84f0fa202b46c568144bdcbc9aeda8d8d57fa74b","messageTitle":"Remove unnecessary print statement in Duke.java","messageBody":"","fileTypesAndContributionMap":{"java":{"insertions":0,"deletions":1}}},{"hash":"5ed3874012345b4a27d9f8e6f1bbfe97dacdc6ff","messageTitle":"Implement automated text ui testing","messageBody":"","tags":["A-TextUiTesting"],"fileTypesAndContributionMap":{"txt":{"insertions":9,"deletions":0}}}]},{"date":"2021-08-18","commitResults":[{"hash":"0f0542ef2bab86b0b28099b101f4a96329d641f5","messageTitle":"Handle errors when user enters incorrect input","messageBody":"","tags":["Level-5","A-Exceptions"],"fileTypesAndContributionMap":{"java":{"insertions":62,"deletions":21}}},{"hash":"01b7570ce3ca63337d293b851fc20a75a620a19a","messageTitle":"Update test case","messageBody":"","fileTypesAndContributionMap":{"txt":{"insertions":3,"deletions":0}}},{"hash":"9b5e948444489e2a86697cf0a7bdfe6cf2f574a3","messageTitle":"Add support for deleting tasks from the list","messageBody":"","tags":["Level-6"],"fileTypesAndContributionMap":{"java":{"insertions":15,"deletions":0}}},{"hash":"793227ad5c4cf07e877bca00d961bd87e80ccd54","messageTitle":"Improve logic for adding task","messageBody":"","fileTypesAndContributionMap":{"java":{"insertions":20,"deletions":19}}},{"hash":"a977f4ac832ced2660e38fa6a8ee4ab5439e0449","messageTitle":"Update test case to check for delete","messageBody":"","fileTypesAndContributionMap":{"txt":{"insertions":2,"deletions":0}}}]},{"date":"2021-08-19","commitResults":[{"hash":"7a14a468224156f39ba7f9bd5686195e5af581ec","messageTitle":"Update code to work with Command enum","messageBody":"","tags":["A-Enums"],"fileTypesAndContributionMap":{"java":{"insertions":94,"deletions":53}}}]}]},"authorFileTypeContributionMap":{"xiangjunn":{"java":249,"md":0,"fxml":0,"sh":0,"bat":0,"gradle":0,"txt":14}},"authorContributionVariance":{"xiangjunn":5674.562},"authorDisplayNameMap":{"xiangjunn":"NG X.. JUN"}}
