{"authorDailyContributionsMap":{"xiangjunn":[{"date":"2021-08-15","commitResults":[{"hash":"660142f618d61607c91ca991a94b7e8eeacdb040","messageTitle":"Add greeting","messageBody":"","fileTypesAndContributionMap":{"java":{"insertions":17,"deletions":6}}},{"hash":"3d085bc8aeb80be99873636ea4fbdd676d4413ac","messageTitle":"Add echo feature that exits program when user types bye","messageBody":"","tags":["Level-1"],"fileTypesAndContributionMap":{"java":{"insertions":21,"deletions":0}}},{"hash":"9280cb59a0f51b236eb7be1959313fb81d76a6b9","messageTitle":"Add the ability to store text entered by the user","messageBody":"","fileTypesAndContributionMap":{"java":{"insertions":5,"deletions":1}}},{"hash":"7fab1474978d39b60b8aa7a84640e08a396455a1","messageTitle":"Display tasks to user when requested","messageBody":"","tags":["Level-2"],"fileTypesAndContributionMap":{"java":{"insertions":17,"deletions":2}}},{"hash":"ecaaa53cf78f78d7efd1fda58bd15920d1926287","messageTitle":"Create a task class to represent tasks","messageBody":"","tags":["A-Collections","A-Classes"],"fileTypesAndContributionMap":{"java":{"insertions":27,"deletions":4}}},{"hash":"60136211875f011316363e0d6b206390a2a0b7fc","messageTitle":"Improve code logic","messageBody":"","fileTypesAndContributionMap":{"java":{"insertions":13,"deletions":15}}},{"hash":"b5ebafeff5af2efdf700923e7108eee9dd8084cf","messageTitle":"Add the ability to mark tasks as done","messageBody":"","tags":["Level-3"],"fileTypesAndContributionMap":{"java":{"insertions":17,"deletions":1}}},{"hash":"ac89350fb3f5313b309e2c3389d4303369acd2e0","messageTitle":"Add support for tracking three types of tasks","messageBody":"","tags":["Level-4","A-Inheritance"],"fileTypesAndContributionMap":{"java":{"insertions":61,"deletions":3}}}]},{"date":"2021-08-16","commitResults":[{"hash":"84f0fa202b46c568144bdcbc9aeda8d8d57fa74b","messageTitle":"Remove unnecessary print statement in Duke.java","messageBody":"","fileTypesAndContributionMap":{"java":{"insertions":0,"deletions":1}}},{"hash":"5ed3874012345b4a27d9f8e6f1bbfe97dacdc6ff","messageTitle":"Implement automated text ui testing","messageBody":"","tags":["A-TextUiTesting"],"fileTypesAndContributionMap":{"txt":{"insertions":9,"deletions":0}}}]},{"date":"2021-08-18","commitResults":[{"hash":"0f0542ef2bab86b0b28099b101f4a96329d641f5","messageTitle":"Handle errors when user enters incorrect input","messageBody":"","tags":["Level-5","A-Exceptions"],"fileTypesAndContributionMap":{"java":{"insertions":62,"deletions":21}}},{"hash":"01b7570ce3ca63337d293b851fc20a75a620a19a","messageTitle":"Update test case","messageBody":"","fileTypesAndContributionMap":{"txt":{"insertions":3,"deletions":0}}},{"hash":"9b5e948444489e2a86697cf0a7bdfe6cf2f574a3","messageTitle":"Add support for deleting tasks from the list","messageBody":"","tags":["Level-6"],"fileTypesAndContributionMap":{"java":{"insertions":15,"deletions":0}}},{"hash":"793227ad5c4cf07e877bca00d961bd87e80ccd54","messageTitle":"Improve logic for adding task","messageBody":"","fileTypesAndContributionMap":{"java":{"insertions":20,"deletions":19}}},{"hash":"a977f4ac832ced2660e38fa6a8ee4ab5439e0449","messageTitle":"Update test case to check for delete","messageBody":"","fileTypesAndContributionMap":{"txt":{"insertions":2,"deletions":0}}}]},{"date":"2021-08-19","commitResults":[{"hash":"7a14a468224156f39ba7f9bd5686195e5af581ec","messageTitle":"Update code to work with Command enum","messageBody":"","tags":["A-Enums"],"fileTypesAndContributionMap":{"java":{"insertions":94,"deletions":53}}}]},{"date":"2021-08-22","commitResults":[{"hash":"ceed3e80cc1021d08a36aae3af03033c29c92817","messageTitle":"Ensure duke.txt exists when Duke starts up","messageBody":"","fileTypesAndContributionMap":{"java":{"insertions":39,"deletions":0}}},{"hash":"79af7ed6359df847d9d016319bb75b7db41a7bb5","messageTitle":"Save the task to duke.txt when adding task","messageBody":"","fileTypesAndContributionMap":{"java":{"insertions":81,"deletions":10}}},{"hash":"feb7b1d00e93eb16c85f594401d0eda48c13e1ac","messageTitle":"Change implementation for storing tasks","messageBody":"","fileTypesAndContributionMap":{"java":{"insertions":27,"deletions":49}}},{"hash":"b4c64c6ca2939814f36d4826657590bb6847b955","messageTitle":"Load data from hard disk when Duke starts up","messageBody":"","fileTypesAndContributionMap":{"java":{"insertions":48,"deletions":7}}},{"hash":"d23b6c8c21515157619c454af864a7c2c3746772","messageTitle":"Store dates as LocalDate instead of String in deadline and event","messageBody":"","fileTypesAndContributionMap":{"java":{"insertions":42,"deletions":14}}}]},{"date":"2021-08-23","commitResults":[{"hash":"5b3f27eae82f8d6c524f3029ca94e6b3024f1dea","messageTitle":"Make code neater","messageBody":"","fileTypesAndContributionMap":{"java":{"insertions":3,"deletions":2}}},{"hash":"8210e8fd0a5ecf8ec4d1950058dfaa314ebf53e6","messageTitle":"Rename Command enum to CommandKeyword","messageBody":"","fileTypesAndContributionMap":{"java":{"insertions":1,"deletions":1}}},{"hash":"d39862568c85b101a0c0ec4e571a590427584832","messageTitle":"Create Command class to manage commands","messageBody":"","fileTypesAndContributionMap":{"java":{"insertions":17,"deletions":1}}},{"hash":"c39d8107f94d113aa2694dfd31a7beb9df728286","messageTitle":"Create Ui class to deal with interactions with user","messageBody":"","fileTypesAndContributionMap":{"java":{"insertions":81,"deletions":0}}},{"hash":"36f0bb61c7a5a6950ba5a4eb911add7e1bc37cad","messageTitle":"Implement Storage class to deal with loading/saving tasks in file","messageBody":"","fileTypesAndContributionMap":{"java":{"insertions":86,"deletions":1}}},{"hash":"22a9624ae8b336b474626f74e2f423b580af6d79","messageTitle":"Create Parser class to deal with making sense of the user command","messageBody":"","fileTypesAndContributionMap":{"java":{"insertions":61,"deletions":0}}},{"hash":"5a17d4b6284d3451883bb0d067aa5ccc313f5a2e","messageTitle":"Create Tasklist class with operations to change the list","messageBody":"","fileTypesAndContributionMap":{"java":{"insertions":97,"deletions":0}}},{"hash":"ee0ee744b4c9e599bbd02906e34967b1fe74e723","messageTitle":"Update Duke.java to work with refactored code","messageBody":"","tags":["A-MoreOOP"],"fileTypesAndContributionMap":{"java":{"insertions":16,"deletions":251}}},{"hash":"86d9ad4bfc1500d101458527dc47c9356d0df9bb","messageTitle":"Divide classes into packages","messageBody":"","tags":["A-Packages"],"fileTypesAndContributionMap":{"java":{"insertions":53,"deletions":5}}},{"hash":"ecd0035ff52d2199f1f5481c3a6dd8ea75905afe","messageTitle":"Update runtest.bat to work with new package","messageBody":"","fileTypesAndContributionMap":{"bat":{"insertions":1,"deletions":1}}},{"hash":"2002a52d1657b44a6edca9e5e1156df813cecc7d","messageTitle":"Add JUnit tests","messageBody":"","tags":["v0.1","A-JUnit"],"fileTypesAndContributionMap":{"java":{"insertions":70,"deletions":0}}}]},{"date":"2021-08-25","commitResults":[{"hash":"f9d582edb44081536afc7e67977fae1a1fe8c1e5","messageTitle":"Add JavaDoc comments","messageBody":"","fileTypesAndContributionMap":{"java":{"insertions":312,"deletions":8}}},{"hash":"d3cb59e27e88288bc14d89e38a6edcfe58ac68c1","messageTitle":"Tweak the code to comply with coding standard","messageBody":"","fileTypesAndContributionMap":{"java":{"insertions":149,"deletions":149}}},{"hash":"6b35c7cf5822208c43669d9ddee9f0ef8a66a285","messageTitle":"Add command to find a task by searching for keyword","messageBody":"","fileTypesAndContributionMap":{"java":{"insertions":22,"deletions":2}}},{"hash":"8144b635d136f1dc15f0a6ad8564ee74b854ca5a","messageTitle":"Revert \"Add JavaDoc comments\"","messageBody":"This reverts commit f9d582edb44081536afc7e67977fae1a1fe8c1e5.\n","fileTypesAndContributionMap":{"java":{"insertions":8,"deletions":312}}},{"hash":"4bca0ec6118e5218ed58670bb06f3060488664a0","messageTitle":"Update all constructors\u0027 documentation","messageBody":"","fileTypesAndContributionMap":{"java":{"insertions":14,"deletions":14}}}]}]},"authorFileTypeContributionMap":{"xiangjunn":{"java":732,"md":0,"fxml":0,"sh":0,"bat":1,"gradle":0,"txt":14}},"authorContributionVariance":{"xiangjunn":78785.555},"authorDisplayNameMap":{"xiangjunn":"CS2103T-W15-3 NG X.. JUN"}}
