{"authorDailyContributionsMap":{"rushilramesh":[{"date":"2021-08-17","commitResults":[{"hash":"63f28d0e8d690222e53a3a3a98b13925b7757da7","messageTitle":"Level-1","messageBody":"","tags":["Level-2","Level-1"],"fileTypesAndContributionMap":{"java":{"insertions":19,"deletions":1}}}]},{"date":"2021-08-18","commitResults":[{"hash":"a61404e5134b19678d5af045ca69862e7a22b620","messageTitle":"Level-2","messageBody":"","tags":["Level-3"],"fileTypesAndContributionMap":{"java":{"insertions":37,"deletions":4}}},{"hash":"3587e8a2395c812b33d50e6f614e926bf59b0c07","messageTitle":"Level-3","messageBody":"","tags":["Level-4"],"fileTypesAndContributionMap":{"java":{"insertions":70,"deletions":29}}}]},{"date":"2021-08-19","commitResults":[{"hash":"6cc3a5177f9b59f470de28265a53d0c408b46ef1","messageTitle":"Level-4","messageBody":"","fileTypesAndContributionMap":{"java":{"insertions":103,"deletions":17}}},{"hash":"4b9ff592423bfd0bda1925acfa3ed41ff5de8a7a","messageTitle":"A-TextUiTesting","messageBody":"","tags":["A-TextUiTesting"],"fileTypesAndContributionMap":{"txt":{"insertions":12,"deletions":0},"sh":{"insertions":1,"deletions":0}}},{"hash":"b905b45cc252be6d8e7f11db5b5232f0508cca10","messageTitle":"Level-5","messageBody":"","tags":["Level-5"],"fileTypesAndContributionMap":{"java":{"insertions":2,"deletions":0}}},{"hash":"eda46776657f469cc7069a306e99a5c3f4f7f482","messageTitle":"Level-6","messageBody":"","tags":["Level-6"],"fileTypesAndContributionMap":{"java":{"insertions":110,"deletions":58}}}]}]},"authorFileTypeContributionMap":{"rushilramesh":{"java":232,"md":0,"fxml":0,"sh":1,"bat":0,"gradle":0,"txt":12}},"authorContributionVariance":{"rushilramesh":8392.81},"authorDisplayNameMap":{"rushilramesh":"RUSH..MESH"}}
