{"authorDailyContributionsMap":{"marcusc55":[{"date":"2021-08-14","commitResults":[{"hash":"c078f154eded1452d1c252c4389e8b096d484aa5","messageTitle":"Add greet, echo, exit functionality","messageBody":"","tags":["Level-1"],"fileTypesAndContributionMap":{"java":{"insertions":25,"deletions":6}}}]},{"date":"2021-08-16","commitResults":[{"hash":"03d9bd12125a69225407423134fd72438f97bc53","messageTitle":"Add tasks and list functionality","messageBody":"- Duke now stores user tasks and displays tasks when given \"list\" command.\n- Duke is now instanced.","tags":["Level-2"],"fileTypesAndContributionMap":{"java":{"insertions":66,"deletions":16}}},{"hash":"bc7e2114f82298ed9f217a0803d10306e16f9cd6","messageTitle":"Added Task class","messageBody":"Task class represents a user\u0027s tasks.","tags":["A-Collections","A-Classes"],"fileTypesAndContributionMap":{"java":{"insertions":49,"deletions":0}}}]},{"date":"2021-08-18","commitResults":[{"hash":"8e319ae7525ba80cc5df6c803452877b750a2bda","messageTitle":"Added ability to mark tasks as done","messageBody":"Duke now marks a task as done when user inputs \"done X\", where X is the task number to be marked as done.","tags":["Level-3"],"fileTypesAndContributionMap":{"java":{"insertions":35,"deletions":16}}},{"hash":"ddf8351a73d2ff0c728220a08865e5041dbe9fe9","messageTitle":"Add todo, deadline and event classes","messageBody":"- Todo class represents a task without any date/time\n- Deadline class represents a task that needs to be done before a specific date/time\n- Event class represents a task that starts and ends at a specific time","tags":["A-Inheritance"],"fileTypesAndContributionMap":{"java":{"insertions":47,"deletions":0}}},{"hash":"9115c144c6328c3ec72ecd93e7537572fea30dea","messageTitle":"Add support for tracking todos, events, deadlines","messageBody":"- Add todos using the command \"todo\"\n- Add deadlines using the command \"deadline\". Deadlines must include a due date after the \"/by\" keyword.\n- Add events using the command \"event\". Events must include a time after the \"/at\" keyword.","tags":["Level-4"],"fileTypesAndContributionMap":{"java":{"insertions":17,"deletions":2}}},{"hash":"b9ef55c1b3add1bec7f568fe4a6fe8650ce08f11","messageTitle":"Add automated text-UI testing","messageBody":"","tags":["A-TextUiTesting"],"fileTypesAndContributionMap":{"txt":{"insertions":9,"deletions":0},"java":{"insertions":11,"deletions":5}}},{"hash":"6f566955e88a9341ccb3fef3e8b4ab8ac8a3c6ba","messageTitle":"Add error handling","messageBody":"Duke now handles these errors: \n- Invalid command\n- Done command without providing task number/invalid task number\n- Any task command without providing a task description\n- Deadline or event command without providing due date or time respectively\n\nTest cases for automated text-UI testing updated ","tags":["Level-5"],"fileTypesAndContributionMap":{"txt":{"insertions":5,"deletions":0},"java":{"insertions":78,"deletions":29}}},{"hash":"bc814a23fe4d5804d243a1ee81655a7a6e2a767f","messageTitle":"Add delete functionality","messageBody":"- Duke now deletes tasks with the keyword \"delete\" followed by the number of the task to be deleted.\n- Automated text-UI tests updated.","tags":["Level-6"],"fileTypesAndContributionMap":{"txt":{"insertions":3,"deletions":0},"java":{"insertions":29,"deletions":1}}}]},{"date":"2021-08-21","commitResults":[{"hash":"a5a2e584c2e6838332dc85f5b3c99aea9199d6a2","messageTitle":"Add basic GUI support","messageBody":"Currently, GUI only supports echoing user\u0027s commands.","fileTypesAndContributionMap":{"gradle":{"insertions":14,"deletions":0},"fxml":{"insertions":33,"deletions":0},"java":{"insertions":165,"deletions":1}}},{"hash":"eb58eabd88e3b8530a9330bdb339f407739ecb72","messageTitle":"Add GUI and remove text UI","messageBody":"Duke commands now work properly in GUI","fileTypesAndContributionMap":{"gradle":{"insertions":1,"deletions":1},"fxml":{"insertions":1,"deletions":1},"java":{"insertions":175,"deletions":199}}}]},{"date":"2021-08-24","commitResults":[{"hash":"d15fd584be581873a7bd94a56b6bdf21698aa273","messageTitle":"Refactor Duke into packages","messageBody":"- Added packages for Duke and Duke.Task\n- Refactor Main function into Main.java file","tags":["A-Packages"],"fileTypesAndContributionMap":{"java":{"insertions":31,"deletions":11},"bat":{"insertions":1,"deletions":1}}},{"hash":"b14026a37b78bf47abfeec759b26b02b89c84b37","messageTitle":"Abstract TaskList into separate class","messageBody":"Abstracted task list and related functions (e.g. add, delete, setDone) into separate TaskList class.","fileTypesAndContributionMap":{"java":{"insertions":74,"deletions":54}}},{"hash":"f8a5efc61ad88ebfb42dfe8df56d4716741cab73","messageTitle":"Add storage","messageBody":"- Duke now saves tasks to a text file whenever changes are made to the task list.\n- Storage is abstracted into its own class.","tags":["Level-7"],"fileTypesAndContributionMap":{"java":{"insertions":192,"deletions":20}}}]},{"date":"2021-08-25","commitResults":[{"hash":"fca0934c95fa844a3d1d3849f506bf9ba1ffd6b4","messageTitle":"Extract parser into Parser class","messageBody":"","fileTypesAndContributionMap":{"java":{"insertions":87,"deletions":0}}},{"hash":"4ed136a7b9892b332c0522f41019fc622494c3ff","messageTitle":"Extract commands into Command classes","messageBody":"All commands now inherit from a parent Command class.","fileTypesAndContributionMap":{"java":{"insertions":202,"deletions":0}}},{"hash":"534682ee2e9a7b364fd60010dba9a95dcc062e62","messageTitle":"Add date and times","messageBody":"Dates are now represented using LocalDateTime objects.","tags":["Level-8"],"fileTypesAndContributionMap":{"java":{"insertions":30,"deletions":104}}},{"hash":"158cfbd4bf86f64c43a174129592518f65346caa","messageTitle":"Update Storage class to use date objects","messageBody":"Storage class now works with LocalDateTime objects.","fileTypesAndContributionMap":{"java":{"insertions":41,"deletions":14}}},{"hash":"723ffb97385153662265203aa9d3843f87a7fd7a","messageTitle":"Merge branch \u0027branch-Level-8\u0027","messageBody":"","fileTypesAndContributionMap":{"java":{"insertions":308,"deletions":101}}},{"hash":"dbc9d33f8ef2d73ef3620acfd05cf7f19612a6ac","messageTitle":"Extract user interaction into Ui class","messageBody":"","tags":["A-MoreOOP"],"fileTypesAndContributionMap":{"java":{"insertions":116,"deletions":99}}},{"hash":"12d7bacc82596d445c0be07a5bdc9caa41889a0e","messageTitle":"Add JUnit tests","messageBody":"","tags":["A-Jar","A-JUnit"],"fileTypesAndContributionMap":{"txt":{"insertions":2,"deletions":2},"java":{"insertions":57,"deletions":0}}},{"hash":"7ce0229313b1eb1cf94a94fbb85f2bf1bcc389c7","messageTitle":"Add JavaDoc comments","messageBody":"","tags":["A-JavaDoc"],"fileTypesAndContributionMap":{"java":{"insertions":294,"deletions":20}}},{"hash":"9bd9131d0da1921d5c7573ef6a16e55722af374b","messageTitle":"Edit code to follow coding standard","messageBody":"","tags":["A-CodingStandard"],"fileTypesAndContributionMap":{"java":{"insertions":32,"deletions":26}}},{"hash":"e198f437a2f311674be117e4a555a04bfda9c1b8","messageTitle":"Add find command","messageBody":"Users can now search their task lists using the \u0027find\u0027 command.","tags":["Level-9"],"fileTypesAndContributionMap":{"java":{"insertions":108,"deletions":28}}}]},{"date":"2021-08-28","commitResults":[{"hash":"1bc7638ada0dee6c02b9fb2176e23fba5b522a59","messageTitle":"Fix command imports","messageBody":"","fileTypesAndContributionMap":{"java":{"insertions":372,"deletions":76}}},{"hash":"a5b2bc7a09ffdf32d5a3b54006292573ae91c708","messageTitle":"Use assertions","messageBody":"","tags":["A-Assertions"],"fileTypesAndContributionMap":{"gradle":{"insertions":1,"deletions":0},"java":{"insertions":4,"deletions":0}}}]},{"date":"2021-08-29","commitResults":[{"hash":"8327fab6a20e71111b7e087f3f2696f656965dfa","messageTitle":"Refactor Main class into duke package","messageBody":"","fileTypesAndContributionMap":{"gradle":{"insertions":1,"deletions":1},"java":{"insertions":1,"deletions":1},"bat":{"insertions":2,"deletions":2}}},{"hash":"90322ba86a0e53948e9de76127852480ac401606","messageTitle":"Implement checkstyle suggestions","messageBody":"","fileTypesAndContributionMap":{"java":{"insertions":42,"deletions":25}}}]},{"date":"2021-08-31","commitResults":[{"hash":"8d5a07231d67a236b848cd0a214d45dc36ec4a23","messageTitle":"Replace Duke GUI photos","messageBody":"- Changed Duke GUI photos from template photos\n- Removed text-ui-test files","tags":["Level-10"],"fileTypesAndContributionMap":{"txt":{"insertions":0,"deletions":17},"java":{"insertions":8,"deletions":2},"bat":{"insertions":0,"deletions":21},"sh":{"insertions":0,"deletions":38}}},{"hash":"e59872fc963913b4a7483399df8763bd015c3e5c","messageTitle":"Edit README","messageBody":"","fileTypesAndContributionMap":{"md":{"insertions":33,"deletions":20}}}]},{"date":"2021-09-03","commitResults":[{"hash":"10211dfda40d55eea028b8d4319397ad6295920b","messageTitle":"Fix bug in ParserTest","messageBody":"","fileTypesAndContributionMap":{"java":{"insertions":3,"deletions":3}}}]},{"date":"2021-09-07","commitResults":[{"hash":"91aa1620dde2c9bf74b072fa5320ce7ef0762806","messageTitle":"Improve code quality","messageBody":"","tags":["A-CodeQuality"],"fileTypesAndContributionMap":{"java":{"insertions":48,"deletions":70}}},{"hash":"0c239ff4c783a6a53a95e7beca9075f768e12136","messageTitle":"Add help command","messageBody":"Duke does not show what commands it accepts and what formats users should use to give commands.\n\nIt is difficult for user to know what commands Duke accepts.\n\nBy adding a \"help\" command that lists all of Duke\u0027s commands and parameters for its commands, users are able to easily see a list of Duke\u0027s commands and how to use them.","tags":["BCD-Extension","A-FullCommitMessage"],"fileTypesAndContributionMap":{"java":{"insertions":37,"deletions":2}}}]}]},"authorFileTypeContributionMap":{"marcusc55":{"java":1323,"md":32,"fxml":33,"sh":0,"bat":0,"gradle":16,"txt":0}},"authorContributionVariance":{"marcusc55":104359.57},"authorDisplayNameMap":{"marcusc55":"CS2103-W14-3 MARC.. JUN"}}
