{"authorDailyContributionsMap":{"EltonGohJH":[{"date":"2021-08-15","commitResults":[{"hash":"19e7774f95ac98ff1436414293f8d6ef415c926e","messageTitle":"Complete Level-1","messageBody":"","tags":["Level-1"],"fileTypesAndContributionMap":{"java":{"insertions":46,"deletions":6}}},{"hash":"d010f2f90e47a4df1f652dd6e3828d15c82c1226","messageTitle":"Complete level 2","messageBody":"","tags":["Level-2"],"fileTypesAndContributionMap":{"java":{"insertions":28,"deletions":2}}},{"hash":"06855b7d1680b63707d59dd665fa90cafd7e8624","messageTitle":"Complete level 3","messageBody":"","tags":["Level-3"],"fileTypesAndContributionMap":{"java":{"insertions":73,"deletions":11}}},{"hash":"a3130fd177ec0ecb2f66eae017835c5346153c37","messageTitle":"Complete level 4","messageBody":"","tags":["Level-4"],"fileTypesAndContributionMap":{"java":{"insertions":165,"deletions":45}}},{"hash":"a275cc93ae12df30b5162e8ffd42256601aa1972","messageTitle":"Complete A-TextUiTesting","messageBody":"","tags":["A-TextUiTesting"],"fileTypesAndContributionMap":{"txt":{"insertions":7,"deletions":0}}}]},{"date":"2021-08-16","commitResults":[{"hash":"55ce5dcffbe5e97a258aec89aea5aa679c61211f","messageTitle":"Complete level 5 and refactor some parts of the code","messageBody":"","tags":["Level-5","A-Enums"],"fileTypesAndContributionMap":{"txt":{"insertions":14,"deletions":1},"java":{"insertions":182,"deletions":33}}},{"hash":"db0110912f14b93b48c94e158d50bd59457cdbb3","messageTitle":"Complete level 6 and fix some minor styling issues","messageBody":"","tags":["Level-6"],"fileTypesAndContributionMap":{"txt":{"insertions":5,"deletions":0},"java":{"insertions":51,"deletions":24}}}]},{"date":"2021-08-22","commitResults":[{"hash":"6274ad4f0de3b726040ffb4a90e8a21b4403576d","messageTitle":"Complete Level-7","messageBody":"","tags":["Level-7"],"fileTypesAndContributionMap":{"java":{"insertions":31,"deletions":0}}},{"hash":"03d0d711cc1db4044cb16739284ba7cbd82614c8","messageTitle":"Complete Level-8","messageBody":"","tags":["Level-8"],"fileTypesAndContributionMap":{"txt":{"insertions":6,"deletions":6},"java":{"insertions":52,"deletions":14}}},{"hash":"93d84effb45398c06d6f775865ce89b75e7a8384","messageTitle":"Correct the implementation of Level-7","messageBody":"","fileTypesAndContributionMap":{"java":{"insertions":127,"deletions":10}}},{"hash":"5d8a764cc9aaa7a21e2ebebabf54cc0e59a2fb36","messageTitle":"Resolve merge conflicts","messageBody":"","fileTypesAndContributionMap":{"java":{"insertions":148,"deletions":13}}}]},{"date":"2021-08-23","commitResults":[{"hash":"acb6ad449751d89232cfbbc72840d9027368660a","messageTitle":"Refactor code to extract out closely related code as classes","messageBody":"","tags":["A-MoreOOP"],"fileTypesAndContributionMap":{"java":{"insertions":350,"deletions":398}}},{"hash":"8760554c8818fdd4f7ce079626aed1048415ed17","messageTitle":"Divide classes into packages","messageBody":"","tags":["A-Packages"],"fileTypesAndContributionMap":{"java":{"insertions":156,"deletions":70},"md":{"insertions":2,"deletions":2}}}]}]},"authorFileTypeContributionMap":{"EltonGohJH":{"java":695,"md":2,"fxml":0,"sh":0,"bat":0,"gradle":0,"txt":25}},"authorContributionVariance":{"EltonGohJH":71803.32},"authorDisplayNameMap":{"EltonGohJH":"CS2103T-W08-1 ELTO.. HAO"}}
