{"authorDailyContributionsMap":{"lingshanng":[{"date":"2021-08-18","commitResults":[{"hash":"7c6199dcf79ad6cc603adffc9572a075f20f0613","messageTitle":"Level 1 Greet Echo Exit","messageBody":"","tags":["Level-1"],"fileTypesAndContributionMap":{"java":{"insertions":26,"deletions":1}}},{"hash":"06bc0f5f37b740b89656d6a1750c1cb623c8633c","messageTitle":"Level 2. Add, List","messageBody":"","tags":["Level-2"],"fileTypesAndContributionMap":{"java":{"insertions":21,"deletions":2}}},{"hash":"59f441e71740d2e2265bbc07a9dde480f5d86e9c","messageTitle":"Level 3. Mark as Done","messageBody":"","tags":["Level-3"],"fileTypesAndContributionMap":{"java":{"insertions":46,"deletions":10}}},{"hash":"2a8a4334ef60d7135045f2193d2fd73dab4bb707","messageTitle":"Level 4. ToDos, Events, Deadlines","messageBody":"","tags":["Level-4"],"fileTypesAndContributionMap":{"java":{"insertions":69,"deletions":11}}},{"hash":"6c1ef2c654d00f636dbbd5d16f46520545f95578","messageTitle":"add Text UI Tests","messageBody":"","tags":["A-TextUiTesting"],"fileTypesAndContributionMap":{"txt":{"insertions":9,"deletions":0}}},{"hash":"54f918e9f3994ac0ee27374d087c266e5759d5f0","messageTitle":"add DukeException and handle errors for task details","messageBody":"","fileTypesAndContributionMap":{"java":{"insertions":72,"deletions":28}}},{"hash":"a227ed946b2c48e8ecb18092217b263b4cd9f1a6","messageTitle":"handle error for incorrect commands","messageBody":"","fileTypesAndContributionMap":{"java":{"insertions":2,"deletions":0}}},{"hash":"0737d28a08b7c63a66844402187b278b897ac126","messageTitle":"handle task number validation","messageBody":"","tags":["Level-5"],"fileTypesAndContributionMap":{"java":{"insertions":21,"deletions":3}}},{"hash":"934b286695bc0bec9ca30fa13fc91a9b44d47bee","messageTitle":"tweak validateTaskNumber and add deleteTask","messageBody":"","tags":["Level-6"],"fileTypesAndContributionMap":{"java":{"insertions":24,"deletions":11}}},{"hash":"a3d90b060a6fd0be2f6bd7972831869f019a925a","messageTitle":"fix failed test","messageBody":"","fileTypesAndContributionMap":{"java":{"insertions":0,"deletions":1}}},{"hash":"78b7bfb01b4d9101ecd042d7e19dcdd2bb82d405","messageTitle":"add TaskType enum","messageBody":"","tags":["A-Enums"],"fileTypesAndContributionMap":{"java":{"insertions":13,"deletions":7}}},{"hash":"5e5d0d341c99c3febfdd719079d7fbcc8dbab374","messageTitle":"add documentation","messageBody":"","fileTypesAndContributionMap":{"java":{"insertions":7,"deletions":1}}}]},{"date":"2021-08-25","commitResults":[{"hash":"e44a639b2d0cc331d5267ca2bcb015b888ba4250","messageTitle":"make Task abstract and add toDataString method to subclasses","messageBody":"","fileTypesAndContributionMap":{"java":{"insertions":25,"deletions":1}}},{"hash":"cba2cc7b52cb29b2c3a9f614b0c06d829fd00899","messageTitle":"add database methods for init, read and write","messageBody":"","fileTypesAndContributionMap":{"java":{"insertions":74,"deletions":4}}},{"hash":"a29eddcae6c6acfe43f8d8f939b429c7c300a270","messageTitle":"store and display deadline date and time as LocalDateTime","messageBody":"","fileTypesAndContributionMap":{"java":{"insertions":17,"deletions":3}}},{"hash":"9e1e2cc109de790892fc11118d97de2a7f096031","messageTitle":"update tests for deadline task","messageBody":"","fileTypesAndContributionMap":{"txt":{"insertions":1,"deletions":1}}},{"hash":"9496ec0af59888a9c4fb7674e6303c83abe41e6c","messageTitle":"fix errors for deadline task","messageBody":"","fileTypesAndContributionMap":{"java":{"insertions":4,"deletions":3}}},{"hash":"d377ed9a7efaf677c4c0aea49b6b70a438c4f8cd","messageTitle":"refactor - extract Storage","messageBody":"","fileTypesAndContributionMap":{"java":{"insertions":80,"deletions":64}}},{"hash":"9012db3cc51530811b31e75c8db1eaef51c09a9d","messageTitle":"Refactor - extract TaskList","messageBody":"","fileTypesAndContributionMap":{"java":{"insertions":102,"deletions":86}}},{"hash":"0a2880d9b949d01dddefc371e9b9b5b793bcaf07","messageTitle":"make deadline time AM and PM lowercase","messageBody":"","fileTypesAndContributionMap":{"java":{"insertions":1,"deletions":1}}},{"hash":"3c7fa1202a3efd76a4a62be3dc26c5dcdfe50a40","messageTitle":"refactor ui displays (wip)","messageBody":"","fileTypesAndContributionMap":{"java":{"insertions":61,"deletions":24}}},{"hash":"67f72c743f4a70d54d57ede90427e64f47092cd4","messageTitle":"update and fix UI tests","messageBody":"","fileTypesAndContributionMap":{"txt":{"insertions":4,"deletions":0},"java":{"insertions":1,"deletions":0}}},{"hash":"61d27d23ba32211379310b889f21b6113af0122e","messageTitle":"Refactor Parser and Commands, move ui display from TaskList to Commands","messageBody":"","fileTypesAndContributionMap":{"java":{"insertions":165,"deletions":89}}},{"hash":"55d5f3bad8f5d5d31a4a50073b066fb1df26f697","messageTitle":"add concat method to DukeException","messageBody":"","fileTypesAndContributionMap":{"java":{"insertions":7,"deletions":4}}},{"hash":"6a0b9fa1f8c9ed9a89ed43a632d9eee8ec048018","messageTitle":"add documentation","messageBody":"","tags":["A-MoreOOP"],"fileTypesAndContributionMap":{"java":{"insertions":26,"deletions":11}}},{"hash":"f4e2620b3a427382de06e3569a23f8a04c6bdec3","messageTitle":"divide classes into packages","messageBody":"","tags":["A-Packages"],"fileTypesAndContributionMap":{"java":{"insertions":85,"deletions":0}}},{"hash":"a03909b1e7cef5f3a013a41bd3c80d6229a2b8e8","messageTitle":"add JUnit tests","messageBody":"","tags":["A-Jar","A-JUnit"],"fileTypesAndContributionMap":{"java":{"insertions":373,"deletions":0}}}]},{"date":"2021-08-26","commitResults":[{"hash":"16fe75ea2734cfbef7540f64ff340c512a81142c","messageTitle":"add find task function \u0026 add tests","messageBody":"","fileTypesAndContributionMap":{"java":{"insertions":78,"deletions":0}}},{"hash":"21c0e3ecf5f5c204d5627bedceab1878c489e146","messageTitle":"capitalise final constants in Deadline","messageBody":"","fileTypesAndContributionMap":{"java":{"insertions":8,"deletions":5}}},{"hash":"4f905caaa13600d19757bdb95f0af35475f4274e","messageTitle":"reformat code to adhere to coding standard","messageBody":"","fileTypesAndContributionMap":{"java":{"insertions":97,"deletions":95}}},{"hash":"a56cb54e2f4142e78492c2def615ec4995a98e15","messageTitle":"Add JavaDocs","messageBody":"","fileTypesAndContributionMap":{"java":{"insertions":406,"deletions":59}}},{"hash":"e13ad0acc817e38f479bcab0ba709717ad852538","messageTitle":"use Ui for displayList","messageBody":"","fileTypesAndContributionMap":{"java":{"insertions":5,"deletions":4}}}]},{"date":"2021-09-02","commitResults":[{"hash":"2507ca3c311402ae0790ca530879f4506c497a35","messageTitle":"ise checkStyle to detect coding style violations","messageBody":"","tags":["A-CheckStyle"],"fileTypesAndContributionMap":{"java":{"insertions":183,"deletions":126}}},{"hash":"a732451d5263661bbb928c7b777f2997a831afd1","messageTitle":"set up javaFx and create gui","messageBody":"","fileTypesAndContributionMap":{"gradle":{"insertions":15,"deletions":0},"java":{"insertions":206,"deletions":2}}},{"hash":"8b521a0024bc54db161ce9888088e59281288029","messageTitle":"implement gui with fxml","messageBody":"","fileTypesAndContributionMap":{"fxml":{"insertions":41,"deletions":0},"java":{"insertions":172,"deletions":222}}},{"hash":"0221ede9e2bd3f988f85ce1c7f4da7b8fd721242","messageTitle":"refactor code to use GUI","messageBody":"","fileTypesAndContributionMap":{"java":{"insertions":51,"deletions":118}}}]},{"date":"2021-09-07","commitResults":[{"hash":"e795882d01262c2bad461e0a6bb3cba180ce501f","messageTitle":"update UI","messageBody":"","fileTypesAndContributionMap":{"fxml":{"insertions":22,"deletions":7},"java":{"insertions":4,"deletions":2}}},{"hash":"4d497ebac7f34cde6c8c9d4f49c04dcfe9dd06af","messageTitle":"update build.gradle","messageBody":"","tags":["v2.0"],"fileTypesAndContributionMap":{"gradle":{"insertions":1,"deletions":1}}}]},{"date":"2021-09-08","commitResults":[{"hash":"34c3830fcc4bfe3557668531bd64a0c341c88953","messageTitle":"Add assertions in Storage.load() and TaskList methods.","messageBody":"* For TaskList methods markTaskDone() and deleteTask(), todoList\nshould have at least 1 task to work correctly.\n* For Storage.load(), the task data parsed into details is\nassumed to be formatted correctly containing 3 fields for ToDo\nand 4 fields for Deadline and Event.\n\nThe assumptions may cause bugs and errors if not met.\n\nAdding assertions will allow assumptions to be verified in runtime\nand surface bugs if any.\n\nUsing assertions in TaskList is preferable over Exceptions as\nthe failed validation of taskNum should have already thrown\nan Exception in Command before calling the methods in TaskList.\n","tags":["A-FullCommitMessage"],"fileTypesAndContributionMap":{"java":{"insertions":7,"deletions":0}}},{"hash":"3743c2bbb034f29e0744a7779c4d65093f2bd3e8","messageTitle":"Extract and consolidate duplicate code for conditional fragments.","messageBody":"","fileTypesAndContributionMap":{"java":{"insertions":29,"deletions":22}}},{"hash":"c8efc71d98dd0c9fb21c1f0f08a2d70b58746465","messageTitle":"fix incorrect error message","messageBody":"","fileTypesAndContributionMap":{"java":{"insertions":1,"deletions":1}}},{"hash":"6d305fc3133d8f7e9cc876a27a92264458c0ae56","messageTitle":"use stream to filter todoList for tasks matching the key","messageBody":"","fileTypesAndContributionMap":{"java":{"insertions":3,"deletions":8}}},{"hash":"a0610acfc62cfa5e204039569818534cb5688134","messageTitle":"fix checkstyle errors and tests","messageBody":"","fileTypesAndContributionMap":{"java":{"insertions":79,"deletions":42}}},{"hash":"d3623564ed75ff5109be10c5fba13b5aeb8fac5e","messageTitle":"fix checkstyle error with line length","messageBody":"","fileTypesAndContributionMap":{"java":{"insertions":2,"deletions":1}}},{"hash":"4ca66b1a316721dd29fa8f845660d76033c7717b","messageTitle":"fix checkstyle error with trailing spaces","messageBody":"","fileTypesAndContributionMap":{"java":{"insertions":1,"deletions":1}}}]},{"date":"2021-09-09","commitResults":[{"hash":"6ed4e48284bfcfa56eba51bc449816dea6300dbe","messageTitle":"tweak ui and add a help window","messageBody":"","fileTypesAndContributionMap":{"txt":{"insertions":73,"deletions":0},"fxml":{"insertions":28,"deletions":4},"java":{"insertions":136,"deletions":2}}},{"hash":"2058434474cff64fa879fd147a700776369430d4","messageTitle":"add a help command to show list of available commands","messageBody":"","fileTypesAndContributionMap":{"txt":{"insertions":10,"deletions":0},"java":{"insertions":62,"deletions":0}}}]},{"date":"2021-09-14","commitResults":[{"hash":"76aaf00b05afc72f008db91fb16ed83d7c575e59","messageTitle":"hide windows on exit","messageBody":"","fileTypesAndContributionMap":{"java":{"insertions":22,"deletions":5}}},{"hash":"a3dba8bc5a480fe5da8cf340d8bd3a9c75e58f94","messageTitle":"improve UI and change welcome message","messageBody":"","fileTypesAndContributionMap":{"fxml":{"insertions":12,"deletions":8},"java":{"insertions":12,"deletions":6}}},{"hash":"cfd318b868c3d28c5d487162b45023a162c360b0","messageTitle":"Use Textflow and Text instead of Label, add copy text feature","messageBody":"","fileTypesAndContributionMap":{"fxml":{"insertions":17,"deletions":13},"java":{"insertions":41,"deletions":4}}}]},{"date":"2021-09-16","commitResults":[{"hash":"76c3b7b2b6133c6ff4806842326a7229347f1a1b","messageTitle":"add monospace font for code block, use code block for command list","messageBody":"","fileTypesAndContributionMap":{"java":{"insertions":51,"deletions":8}}},{"hash":"0bf0fd2ba22d636219ebc970d0105592c6746ce4","messageTitle":"fix javadoc for isShowing method","messageBody":"","fileTypesAndContributionMap":{"java":{"insertions":1,"deletions":1}}},{"hash":"8c4f5c6df21e1bf54821397157c7ada98a3d9802","messageTitle":"Update Features","messageBody":"","fileTypesAndContributionMap":{"md":{"insertions":107,"deletions":5}}},{"hash":"8c39fc41f12f4422119bf63784175681ff5d9a45","messageTitle":"Update User Guide","messageBody":"","fileTypesAndContributionMap":{"md":{"insertions":34,"deletions":14}}},{"hash":"d0553c96ad637d9397f172f20271ea6bc91859cf","messageTitle":"Update User Guide","messageBody":"","fileTypesAndContributionMap":{"md":{"insertions":3,"deletions":1}}},{"hash":"c1ff2caedf027ea64b8031ecd249e8f1df2d7d9f","messageTitle":"Update note","messageBody":"","fileTypesAndContributionMap":{"md":{"insertions":1,"deletions":3}}},{"hash":"bc399dedada7a9a8f550e036e1af4179beec777b","messageTitle":"Update note","messageBody":"","fileTypesAndContributionMap":{"md":{"insertions":1,"deletions":1}}},{"hash":"edc9ab17c3473e07f3cb986af285460f535d2890","messageTitle":"Add content list","messageBody":"","fileTypesAndContributionMap":{"md":{"insertions":33,"deletions":20}}},{"hash":"3b51dfc2a5bba9cac70452ed0c93a3c0e6e6dd6f","messageTitle":"Update README.md","messageBody":"","fileTypesAndContributionMap":{"md":{"insertions":1,"deletions":1}}},{"hash":"db871fcf16992101ae5c87a28bb14cbaff793a1b","messageTitle":"Update README.md","messageBody":"","tags":["A-UserGuide"],"fileTypesAndContributionMap":{"md":{"insertions":2,"deletions":2}}},{"hash":"4fe8b752c6c052cebf2a81e4d812a1c91d479907","messageTitle":"update help documentation with find","messageBody":"","fileTypesAndContributionMap":{"txt":{"insertions":14,"deletions":0}}},{"hash":"ec144c7cf6083b23f3c6b5e60a5c2d62cf58f70c","messageTitle":"Update README.md","messageBody":"","fileTypesAndContributionMap":{"md":{"insertions":1,"deletions":0}}}]}]},"authorFileTypeContributionMap":{"lingshanng":{"java":1899,"md":141,"fxml":88,"sh":0,"bat":0,"gradle":16,"txt":110}},"authorContributionVariance":{"lingshanng":88674.75},"authorDisplayNameMap":{"lingshanng":"CS2103T-F13-3 NG L..SHAN"}}
