{"authorDailyContributionsMap":{"Harry-Gao-H":[{"date":"2021-08-16","commitResults":[{"hash":"a85fbc1ca44581062409585ef9d6153dc9832612","messageTitle":"t:","messageBody":"","tags":["level1","Level-1"],"fileTypesAndContributionMap":{"java":{"insertions":39,"deletions":6}}}]},{"date":"2021-08-17","commitResults":[{"hash":"baf23ed85a5a595bd9a67db7c489e090ac4c10d9","messageTitle":"Add list function","messageBody":"","tags":["level2","Level-2"],"fileTypesAndContributionMap":{"java":{"insertions":23,"deletions":4}}},{"hash":"43b70c8f1791b640f3c1d82de5d470de03c17180","messageTitle":"add Task class and mark as done functionality","messageBody":"","tags":["level3","Level-3"],"fileTypesAndContributionMap":{"java":{"insertions":52,"deletions":9}}},{"hash":"846b4b8dd7170f5930dd0ec54150e02f5af53418","messageTitle":"Add support for tracking three types of tasks","messageBody":"","tags":["level4","Level-4"],"fileTypesAndContributionMap":{"java":{"insertions":60,"deletions":8}}},{"hash":"39b57bccc21c075e47562ef04a7da038d1ded9b3","messageTitle":"Semi-automate the testing of Duke","messageBody":"","tags":["A-TextUiTesting"],"fileTypesAndContributionMap":{"txt":{"insertions":6,"deletions":0}}},{"hash":"12bc6deb78fa466cddc5c9e6266275052bcdee19","messageTitle":"Handle some invalid format","messageBody":"","tags":["Level-5"],"fileTypesAndContributionMap":{"java":{"insertions":18,"deletions":2}}},{"hash":"42e6616fe803fcf763145c36b4c124bda7dde456","messageTitle":"Add javadoc","messageBody":"","fileTypesAndContributionMap":{"java":{"insertions":25,"deletions":2}}},{"hash":"6e5baea7bbc3b415a644f23db34532a668ac8f40","messageTitle":"Add delete functionality","messageBody":"","tags":["Level-6"],"fileTypesAndContributionMap":{"txt":{"insertions":2,"deletions":0},"java":{"insertions":25,"deletions":1}}}]},{"date":"2021-08-18","commitResults":[{"hash":"3e86eb8d75c9c40eedbbc0bf5339dabd2289f4f0","messageTitle":"Formalize the coding conventions.","messageBody":"","fileTypesAndContributionMap":{"java":{"insertions":22,"deletions":19}}}]},{"date":"2021-08-23","commitResults":[{"hash":"b46e4d53ddcceefb85ebf7889b5b153e8c4bb9ed","messageTitle":"Implement record export","messageBody":"","fileTypesAndContributionMap":{"txt":{"insertions":3,"deletions":0},"java":{"insertions":72,"deletions":6}}},{"hash":"146cff20c943e6b77f1b21c148ba1e67ce1ca156","messageTitle":"Implement Save functionality","messageBody":"","fileTypesAndContributionMap":{"txt":{"insertions":3,"deletions":3},"java":{"insertions":40,"deletions":9}}},{"hash":"df957e045e6378293e4b11cae24929743ccd88db","messageTitle":"Implement Dates functionality","messageBody":"","fileTypesAndContributionMap":{"java":{"insertions":71,"deletions":2}}},{"hash":"732b8c9a5818376c3350bf2ac3f6e6ec9a9be3d4","messageTitle":"(Uncompleted) Improve OOP","messageBody":"","fileTypesAndContributionMap":{"java":{"insertions":321,"deletions":172}}}]},{"date":"2021-08-24","commitResults":[{"hash":"4a514e84444780b6a6fe1b2277dc4129fec7a2a2","messageTitle":"Make the code more OOP","messageBody":"","tags":["A-MoreOOP"],"fileTypesAndContributionMap":{"java":{"insertions":71,"deletions":101}}},{"hash":"bebd0de4688128dc8b9ecde96b3e561ff5d283c1","messageTitle":"Divide classes into packages","messageBody":"","tags":["A-Packages"],"fileTypesAndContributionMap":{"txt":{"insertions":10,"deletions":0},"java":{"insertions":38,"deletions":17}}},{"hash":"ee9b34932e705e7d82167bf2f33fa72acab6ea7d","messageTitle":"Add JUnit tests to test the behavior of the code.","messageBody":"","tags":["A-JUnit"],"fileTypesAndContributionMap":{"java":{"insertions":68,"deletions":2}}},{"hash":"178701de6f45154bbe51f91a3d590408cbea7475","messageTitle":"Fix the bug that cannot exit.","messageBody":"","tags":["A-Jar"],"fileTypesAndContributionMap":{"java":{"insertions":2,"deletions":1}}},{"hash":"8d7b510ead718e0dafb074ad3853bb10d550fcc0","messageTitle":"Enable \"Find a task by searching for a keyword\"","messageBody":"","fileTypesAndContributionMap":{"java":{"insertions":26,"deletions":0}}},{"hash":"a0aa0330ca5653f51c82e5b691f678af147094a4","messageTitle":"Add JavaDoc comments to the code","messageBody":"","fileTypesAndContributionMap":{"java":{"insertions":28,"deletions":5}}}]},{"date":"2021-08-25","commitResults":[{"hash":"e412a40816718ef3493a2b2fbbab82a6a91e1605","messageTitle":"Tweak the code to comply with a coding standard","messageBody":"","fileTypesAndContributionMap":{"java":{"insertions":12,"deletions":17}}}]},{"date":"2021-08-31","commitResults":[{"hash":"c0be02a559584dc0601bf4ac33631e55c4e06e03","messageTitle":"Install gradle","messageBody":"","tags":["A-Gradle"],"fileTypesAndContributionMap":{"gradle":{"insertions":1,"deletions":1},"java":{"insertions":8,"deletions":4}}},{"hash":"4897b25351341e130041d3a8985585115b6148b9","messageTitle":"Improve code quality","messageBody":"","tags":["A-CheckStyle"],"fileTypesAndContributionMap":{"java":{"insertions":109,"deletions":90}}},{"hash":"e89e778e1ac322a1e1f8b5247cfcc069fbcb31c6","messageTitle":"Add JavaFX basics","messageBody":"","fileTypesAndContributionMap":{"gradle":{"insertions":16,"deletions":0},"java":{"insertions":188,"deletions":1}}}]},{"date":"2021-09-01","commitResults":[{"hash":"83583af06f35fca081120dad6584ac705fd02eb5","messageTitle":"Add a GUI to Duke","messageBody":"","tags":["Level-10"],"fileTypesAndContributionMap":{"fxml":{"insertions":35,"deletions":0},"java":{"insertions":298,"deletions":183}}}]},{"date":"2021-09-02","commitResults":[{"hash":"7d013af713dd3601d060575ea50b672a1ac21f37","messageTitle":"Add javadoc","messageBody":"","fileTypesAndContributionMap":{"java":{"insertions":7,"deletions":0}}}]},{"date":"2021-09-06","commitResults":[{"hash":"03150dca33da74298d0f079fa91d0420ae10e604","messageTitle":"Use assert feature to document important assumptions that should hold at various points in the code.","messageBody":"","fileTypesAndContributionMap":{"java":{"insertions":2,"deletions":0}}},{"hash":"a87327a7c4d91638cfdf05b7348de7001adfc7ad","messageTitle":"Restructure the packages","messageBody":"","fileTypesAndContributionMap":{"fxml":{"insertions":1,"deletions":1},"java":{"insertions":103,"deletions":74},"bat":{"insertions":1,"deletions":1},"md":{"insertions":2,"deletions":2}}},{"hash":"6a33f3f7b651d85e8f6847a805bd7650873f31c2","messageTitle":"Improve code quality (imcompleted)","messageBody":"","fileTypesAndContributionMap":{"java":{"insertions":268,"deletions":240}}}]},{"date":"2021-09-07","commitResults":[{"hash":"165312d73acf1787e6d62b7b9dd755c3c7b5421e","messageTitle":"Some functionality of Parser is moved to Command to improve Code Quality.","messageBody":"The methods in Parser was very long.\n\nCommand interface and a series of classes implementing the interface is added.\nThe parser now passes command to Duke.\n\nShorter methods with clear naming is more understandable and easier to maintain.\n","fileTypesAndContributionMap":{"txt":{"insertions":0,"deletions":1},"java":{"insertions":171,"deletions":141}}},{"hash":"e69209525ba6205581df265cdbb7843be8ff8575","messageTitle":"Add help extension","messageBody":"","tags":["C-Help","BCD-Extension"],"fileTypesAndContributionMap":{"java":{"insertions":19,"deletions":21}}}]},{"date":"2021-09-08","commitResults":[{"hash":"930aaa81b1ebe62a06dc645b74dc3cdf2f921c3a","messageTitle":"Improve code quality","messageBody":"","fileTypesAndContributionMap":{"gradle":{"insertions":1,"deletions":1},"txt":{"insertions":1,"deletions":2},"fxml":{"insertions":1,"deletions":1},"java":{"insertions":84,"deletions":63}}},{"hash":"c46d7fdaaaa262539727f6683dc5b6d1ca65c7f1","messageTitle":"Use the Streams feature","messageBody":"","tags":["A-Streams"],"fileTypesAndContributionMap":{"txt":{"insertions":1,"deletions":0},"java":{"insertions":31,"deletions":22}}}]},{"date":"2021-09-13","commitResults":[{"hash":"f168d13e3346053db34163207394965ed580c038","messageTitle":"Improve the GUI","messageBody":"","tags":["A-BetterGui"],"fileTypesAndContributionMap":{"txt":{"insertions":1,"deletions":7},"fxml":{"insertions":5,"deletions":5},"java":{"insertions":1,"deletions":1}}},{"hash":"4b2cb4352f47f7ff6e425190d8d2bea0b34fe165","messageTitle":"Improve the error message","messageBody":"","fileTypesAndContributionMap":{"txt":{"insertions":4,"deletions":0},"java":{"insertions":12,"deletions":10}}},{"hash":"36e6dc26238eae3a8aab5d1f007fd451903adb82","messageTitle":"Add a User Guide to the project","messageBody":"","tags":["A-UserGuide"],"fileTypesAndContributionMap":{"txt":{"insertions":4,"deletions":1},"java":{"insertions":8,"deletions":7},"md":{"insertions":213,"deletions":10}}}]},{"date":"2021-09-14","commitResults":[{"hash":"11ec291406c543189a7d82fd34e9af22d496be94","messageTitle":"Modify user guide and create jar file","messageBody":"","tags":["A-Release"],"fileTypesAndContributionMap":{"gradle":{"insertions":1,"deletions":1},"txt":{"insertions":1,"deletions":0},"java":{"insertions":22,"deletions":11},"md":{"insertions":8,"deletions":1}}}]}]},"authorFileTypeContributionMap":{"Harry-Gao-H":{"java":1113,"md":221,"fxml":35,"sh":0,"bat":1,"gradle":17,"txt":27}},"authorContributionVariance":{"Harry-Gao-H":39043.535},"authorDisplayNameMap":{"Harry-Gao-H":"CS2103-F10-1 GAO ..CHUN"}}
