{"authorDailyContributionsMap":{"TohWeiJie01":[{"date":"2021-08-18","commitResults":[{"hash":"e4d2e844865ee4f1485363ae424e9d877de2d780","messageTitle":"Improved Logo for Duke.java and added private fields and constructor to initialise Duke in Duke.java","messageBody":"","fileTypesAndContributionMap":{"java":{"insertions":9,"deletions":1}}},{"hash":"6d4ede8e0254d5d5bf3e5d1e190b7dd8819b2d14","messageTitle":"added method: commanding() to Duke.java and also initialised Duke in the main method and called upon the commanding method","messageBody":"","tags":["Level-1"],"fileTypesAndContributionMap":{"java":{"insertions":20,"deletions":0}}},{"hash":"af8b017bc08216cff2e72ad2412d64bb2222d57c","messageTitle":"added javadocs for the commanding method","messageBody":"","fileTypesAndContributionMap":{"java":{"insertions":3,"deletions":0}}},{"hash":"4642733c7fe3b4ad4b566b856bdf389cbe1a563c","messageTitle":"changed the private field of Duke to be an array of size 100 to act as the to-do list","messageBody":"","fileTypesAndContributionMap":{"java":{"insertions":4,"deletions":4}}},{"hash":"b480293b0e7b5352d2ebfe390e51ddcb1427f68c","messageTitle":"added the store method to Duke.java and also added a pointer nextSpaceToStore, along with more javadocs updating","messageBody":"","fileTypesAndContributionMap":{"java":{"insertions":17,"deletions":1}}},{"hash":"34b02626275287f915076ba8c3daedfa3738d44c","messageTitle":"added the list method to Duke.java, edited the commanding method to check for the command \"list\" and updated javadocs","messageBody":"","tags":["Level-2"],"fileTypesAndContributionMap":{"java":{"insertions":21,"deletions":3}}},{"hash":"635db182a99560214cf7caf6455ff83ccd1fc758","messageTitle":"added Task.java to encapsulate a task","messageBody":"","tags":["A-Classes"],"fileTypesAndContributionMap":{"java":{"insertions":30,"deletions":0}}},{"hash":"5992fd0e08b14ac54b74921c9b95e1bfe6ea9d92","messageTitle":"Added TaskList.java to encapsulate a list of tasks and edited Duke.java to fit the logic of a TaskList (for OOP)","messageBody":"","fileTypesAndContributionMap":{"java":{"insertions":57,"deletions":33}}},{"hash":"8e8d0bec2551ec5b122b4f93b78d412475633f0d","messageTitle":"added the feature of done task","messageBody":"","tags":["Level-3"],"fileTypesAndContributionMap":{"java":{"insertions":36,"deletions":9}}},{"hash":"a4e50578fb0607f4ba8214ba366323c7b07e7950","messageTitle":"Added Todo.java, Deadline.java and Event.java","messageBody":"","tags":["A-Inheritance"],"fileTypesAndContributionMap":{"java":{"insertions":87,"deletions":6}}},{"hash":"2dd8b0daf6b68dbda42ac74846759d58d7b9af3d","messageTitle":"Edited in Duke.java to look for the \"todo\", \"deadline\" and \"event\" commands and initialise the specific type of tasks","messageBody":"","tags":["Level-4"],"fileTypesAndContributionMap":{"java":{"insertions":34,"deletions":6}}},{"hash":"a9caf8227788ced5c14c72973dc6aa1f5aba5205","messageTitle":"added Automated Text UI Testing and adjusted code to meet expected","messageBody":"","tags":["A-TextUiTesting"],"fileTypesAndContributionMap":{"txt":{"insertions":8,"deletions":0},"java":{"insertions":45,"deletions":4}}},{"hash":"941786e48d710f8d051b517c9eaee472321df19b","messageTitle":"Deleted unnecessary code","messageBody":"","fileTypesAndContributionMap":{"java":{"insertions":0,"deletions":42}}},{"hash":"b93ecad5b228bbfe06e0b891c33aba90d2edd7f6","messageTitle":"Added DukeException.java to handle Duke specific exceptions","messageBody":"","tags":["A-Exceptions"],"fileTypesAndContributionMap":{"java":{"insertions":12,"deletions":0}}}]},{"date":"2021-08-19","commitResults":[{"hash":"b3a75894eb0cd70cface3b63176120a4395e0c8b","messageTitle":"Handled unrecognised command","messageBody":"","fileTypesAndContributionMap":{"java":{"insertions":48,"deletions":38}}},{"hash":"f09f6ff123d32e332b64b2914888ccfc36876735","messageTitle":"Handled empty todo, deadline and event commands and updated testing files","messageBody":"","tags":["Level-5"],"fileTypesAndContributionMap":{"txt":{"insertions":2,"deletions":0},"java":{"insertions":9,"deletions":0}}},{"hash":"ce5e35ed5eaa5c00e03fc3ac8e1afc14493e8831","messageTitle":"Utillised Java Collections - ArrayList instead of a normal array","messageBody":"","tags":["A-Collections"],"fileTypesAndContributionMap":{"java":{"insertions":9,"deletions":8}}},{"hash":"8dfb055579de23e71ba9582f55c3945cdb927c31","messageTitle":"Added the method to delete tasks from the TaskList","messageBody":"","tags":["Level-6"],"fileTypesAndContributionMap":{"java":{"insertions":21,"deletions":5}}},{"hash":"a706b4f4c4c9d0476c96957a45204d2940f6e7eb","messageTitle":"Edited the input and expected testing","messageBody":"","fileTypesAndContributionMap":{"txt":{"insertions":1,"deletions":0}}}]},{"date":"2021-08-24","commitResults":[{"hash":"643ebdd548fed2dd82ea9bc8fef008ede5147b79","messageTitle":"Edit the names of variables, methods and Javadoc","messageBody":"","fileTypesAndContributionMap":{"java":{"insertions":27,"deletions":25}}}]},{"date":"2021-08-25","commitResults":[{"hash":"0ab65189fe5f1707b800890530e0aae84d9bb7ab","messageTitle":"Add Storage.java","messageBody":"","fileTypesAndContributionMap":{"java":{"insertions":117,"deletions":0}}},{"hash":"b0e62e8e6a1eb115bd48c557d88ffe4081e2cc69","messageTitle":"Update Duke.java to have the load and save function","messageBody":"","fileTypesAndContributionMap":{"txt":{"insertions":4,"deletions":0},"java":{"insertions":22,"deletions":10}}},{"hash":"ef4754eadd139ee3136f79545e348b9780cc3f64","messageTitle":"Refactor code","messageBody":"","fileTypesAndContributionMap":{"java":{"insertions":23,"deletions":3}}},{"hash":"18c864634931d2b02a82d7164a4b2757f654a385","messageTitle":"Update Deadline.java and Event.java with DateTime feature","messageBody":"","fileTypesAndContributionMap":{"java":{"insertions":14,"deletions":6}}},{"hash":"77fd4da884ea4846659039897731b0dd365c366e","messageTitle":"Update Duke.java with the Date and Time feature","messageBody":"","fileTypesAndContributionMap":{"java":{"insertions":8,"deletions":2}}},{"hash":"21610290d522d65ac53f25d17c66f67e5bd08ad3","messageTitle":"Update code to have Date and Time functionality","messageBody":"","fileTypesAndContributionMap":{"java":{"insertions":9,"deletions":4}}}]},{"date":"2021-08-26","commitResults":[{"hash":"3a9f4bcdd30886e43a2a816f4209d72b6614af66","messageTitle":"Add more OOP","messageBody":"","tags":["A-MoreOOP"],"fileTypesAndContributionMap":{"txt":{"insertions":12,"deletions":6},"java":{"insertions":499,"deletions":101}}},{"hash":"4445a42df53054909a41477c64c9148ac8435459","messageTitle":"Divide classes into packages","messageBody":"","tags":["A-Packages"],"fileTypesAndContributionMap":{"txt":{"insertions":1,"deletions":0},"java":{"insertions":114,"deletions":2}}}]}]},"authorFileTypeContributionMap":{"TohWeiJie01":{"java":988,"md":0,"fxml":0,"sh":0,"bat":0,"gradle":0,"txt":22}},"authorContributionVariance":{"TohWeiJie01":39131.73},"authorDisplayNameMap":{"TohWeiJie01":"CS2103T-F11-2 TOH .. JIE"}}
