{"authorDailyContributionsMap":{"squeakysquak":[{"date":"2021-08-17","commitResults":[{"hash":"7f4b9a7e627f502103e916e505373b3e92b0bbe7","messageTitle":"Level-1","messageBody":"","tags":["Level-1"],"fileTypesAndContributionMap":{"java":{"insertions":16,"deletions":0}}},{"hash":"acee24d415b55c67f60b5e365ad80d78340b68f3","messageTitle":"Level-2","messageBody":"","tags":["Level-2"],"fileTypesAndContributionMap":{"java":{"insertions":57,"deletions":5}}},{"hash":"bb545a7fb3fad506ce60f26ab888ddb48894b652","messageTitle":"Level-3","messageBody":"","tags":["Level-3"],"fileTypesAndContributionMap":{"java":{"insertions":23,"deletions":3}}},{"hash":"42b6c98be7b5cb86ffdd252c281999d5f89e023f","messageTitle":"added ToDo,Deadline and Event subclasses","messageBody":"","fileTypesAndContributionMap":{"java":{"insertions":46,"deletions":0}}},{"hash":"7dedde8483e2197d1f6ad1518b6bd7a9eca3b80e","messageTitle":"Level-4","messageBody":"","tags":["Level-4"],"fileTypesAndContributionMap":{"java":{"insertions":98,"deletions":13}}},{"hash":"1748c1f473d2cf4e76ee40c2c9c297a88a607326","messageTitle":"Level-5","messageBody":"","tags":["Level-5"],"fileTypesAndContributionMap":{"txt":{"insertions":2,"deletions":0},"java":{"insertions":21,"deletions":1},"bat":{"insertions":2,"deletions":2}}},{"hash":"e7eca2376e222c071dc54a2111902822866ab17e","messageTitle":"Level-6","messageBody":"","tags":["Level-6"],"fileTypesAndContributionMap":{"java":{"insertions":26,"deletions":3}}},{"hash":"72c32af7fa898f916ca7bf338ca3c5c937f4174d","messageTitle":"A-TextUiTesting","messageBody":"","tags":["A-TextUiTesting","A-Jar"],"fileTypesAndContributionMap":{"txt":{"insertions":12,"deletions":2},"java":{"insertions":3,"deletions":1},"bat":{"insertions":2,"deletions":2}}}]},{"date":"2021-08-24","commitResults":[{"hash":"5152490ab2906ccd40d96ad24cd7a92f8516a723","messageTitle":"separate classes into their own files","messageBody":"","fileTypesAndContributionMap":{"java":{"insertions":118,"deletions":122}}},{"hash":"a477deaf3df3cd7f22ff46d12edc8ceb8a9c969c","messageTitle":"add file functionality for list, todo, deadline and event","messageBody":"","fileTypesAndContributionMap":{"java":{"insertions":124,"deletions":24}}},{"hash":"f899141425484d175d1caf8e9a761cac39a2ab87","messageTitle":"add file functionality for done and delete","messageBody":"","fileTypesAndContributionMap":{"java":{"insertions":38,"deletions":42}}},{"hash":"c2e0a2b1d6aa16f756831ca018e5968babfdd71b","messageTitle":"add LocalDate support to Event and Deadline class","messageBody":"","fileTypesAndContributionMap":{"java":{"insertions":87,"deletions":8}}},{"hash":"d968c42f348f99352f79c4757dd363b3eee7a0cf","messageTitle":"add duke package","messageBody":"","tags":["A-Packages"],"fileTypesAndContributionMap":{"java":{"insertions":10,"deletions":0}}},{"hash":"2c874599201e26774395bacd5394c51eb44429b2","messageTitle":"update deadline, event and todo to use their classes, include a remove command which does the same thing as delete","messageBody":"","fileTypesAndContributionMap":{"java":{"insertions":28,"deletions":7}}},{"hash":"c7e447302de78f86a55e898d1c6a91e9f8e49985","messageTitle":"add new classes","messageBody":"","fileTypesAndContributionMap":{"java":{"insertions":239,"deletions":82}}},{"hash":"1b5a1df0cd6b8f42e60fbc6ce89aee0d5d004cca","messageTitle":"implement ui, storage and tasklist","messageBody":"","fileTypesAndContributionMap":{"java":{"insertions":47,"deletions":46}}},{"hash":"28a59b6637f30ca243d2187e197ba1dc5494ffd9","messageTitle":"implement parser","messageBody":"","tags":["A-MoreOOP"],"fileTypesAndContributionMap":{"java":{"insertions":27,"deletions":218}}}]},{"date":"2021-08-25","commitResults":[{"hash":"46d3f6b2c10e0a3a0fafa71121fa2bf4dbc489f5","messageTitle":"implement JUnit tests","messageBody":"","tags":["A-JUnit"],"fileTypesAndContributionMap":{"txt":{"insertions":0,"deletions":0},"java":{"insertions":207,"deletions":3}}},{"hash":"8e258d650805decfbe06f3f9a8ea563466865a19","messageTitle":"add Javadoc comments","messageBody":"","tags":["A-JavaDoc"],"fileTypesAndContributionMap":{"java":{"insertions":179,"deletions":3}}},{"hash":"5772c99d913bdb27cc895dff7e7f7485f3c05527","messageTitle":"fix formatting","messageBody":"","tags":["A-CodingStandard"],"fileTypesAndContributionMap":{"java":{"insertions":183,"deletions":166}}},{"hash":"9755ac89075960567a2c126531c7a6ae41d74963","messageTitle":"implement find function","messageBody":"","tags":["Level-9"],"fileTypesAndContributionMap":{"java":{"insertions":15,"deletions":0}}}]},{"date":"2021-08-27","commitResults":[{"hash":"0e000e7efd293f01214739d3d3c2d8b222e44d7c","messageTitle":"change some Ui messages","messageBody":"","fileTypesAndContributionMap":{"java":{"insertions":1,"deletions":1}}},{"hash":"ddfcf94c4f180584df75255fe660ed7fe4df5cc4","messageTitle":"add some more comments","messageBody":"","fileTypesAndContributionMap":{"java":{"insertions":5,"deletions":0}}},{"hash":"8dfdc6e4285df20d1f0b977da24c98921770c067","messageTitle":"change the display message for searching","messageBody":"","fileTypesAndContributionMap":{"java":{"insertions":1,"deletions":1}}},{"hash":"704a7439cd351bf55407d7f7b34638ac4062102a","messageTitle":"fix some formatting in Ui","messageBody":"","fileTypesAndContributionMap":{"java":{"insertions":6,"deletions":5}}}]},{"date":"2021-08-31","commitResults":[{"hash":"2f781a423597589e5c50a9340de6ce5f699b5e02","messageTitle":"add GUI","messageBody":"","fileTypesAndContributionMap":{"fxml":{"insertions":215,"deletions":0},"java":{"insertions":333,"deletions":7}}},{"hash":"0d44621637724c9c1c035b8ec709c6636e1f50a4","messageTitle":"fix formatting","messageBody":"","fileTypesAndContributionMap":{"java":{"insertions":14,"deletions":17}}}]},{"date":"2021-09-06","commitResults":[{"hash":"44480168ffb85db36b553db5540051a58962f271","messageTitle":"add assertions for wipe, list and find commands.","messageBody":"","fileTypesAndContributionMap":{"java":{"insertions":17,"deletions":1}}},{"hash":"2798fbcf15bcdcc4006c53450ccfbf8d014f69ae","messageTitle":"improve readability","messageBody":"","fileTypesAndContributionMap":{"java":{"insertions":167,"deletions":120}}},{"hash":"f0937e21e2f30d3d71ec03f16133b720b1a96b8d","messageTitle":"add javadoc comments to new extracted methods and improve javadoc comments for TaskListInternal","messageBody":"","fileTypesAndContributionMap":{"java":{"insertions":87,"deletions":8}}}]},{"date":"2021-09-07","commitResults":[{"hash":"dece4f0b1d5ccf8f9f747ddf7c73d3870559ee14","messageTitle":"implement friendlier syntax and bug fixes","messageBody":"","fileTypesAndContributionMap":{"java":{"insertions":42,"deletions":21}}},{"hash":"3af00010407b2e64dbde24209c56aea779cad073","messageTitle":"Add JavaFX dependencies to build.gradle file","messageBody":"Gradle can bundle the JavaFX third-party library into the jar file. If\nJavaFX is not bundled with the JAR file, the application will not work\nin computers that don\u0027t have JavaFX installed.\n\nAs a step towards preventing this, let\u0027s add JavaFX dependencies\nto the build.gradle file. Doing so will allow us to bundle the\nJavaFX third-party library into the jar file.\n","tags":["A-FullCommitMessage"],"fileTypesAndContributionMap":{"gradle":{"insertions":16,"deletions":0}}}]},{"date":"2021-09-13","commitResults":[{"hash":"42e5429849ce1770dd7ccc1016df134a14353fbd","messageTitle":"add multiple facial expressions for Duke and a welcome message.","messageBody":"","tags":["A-BetterGui"],"fileTypesAndContributionMap":{"java":{"insertions":94,"deletions":1}}},{"hash":"466b4620420135e07c9d30c52a5192b9fc06e5de","messageTitle":"fix a bug and make userguide","messageBody":"","fileTypesAndContributionMap":{"java":{"insertions":1,"deletions":1},"md":{"insertions":42,"deletions":14}}},{"hash":"59299ef6613a251955aab3b2968384353fc835cc","messageTitle":"improve code quality","messageBody":"","fileTypesAndContributionMap":{"java":{"insertions":8,"deletions":9}}},{"hash":"673c1cbfc2943c19e11173b2ca15ae085992c591","messageTitle":"Update README.md","messageBody":"","fileTypesAndContributionMap":{"md":{"insertions":7,"deletions":7}}},{"hash":"8fbe2a52d30d2f0214b4a66afc964c022ec50465","messageTitle":"update README.md","messageBody":"","fileTypesAndContributionMap":{"md":{"insertions":13,"deletions":13}}},{"hash":"789eba6c4680b95ad3ec5f1278b06acafd6f8bfe","messageTitle":"update README.md and fix Ui.png again","messageBody":"","tags":["A-UserGuide"],"fileTypesAndContributionMap":{"md":{"insertions":1,"deletions":1}}},{"hash":"734e608c8299ea31a95e7354d54c670e36952ce5","messageTitle":"fix build.gradle","messageBody":"","tags":["A-Release-outdated"],"fileTypesAndContributionMap":{"gradle":{"insertions":1,"deletions":1}}}]},{"date":"2021-10-12","commitResults":[{"hash":"ceb33261cd24a65aeda2f38c2fccaf0a9bfd01be","messageTitle":"fix file problem, fix bye command to exit program","messageBody":"","fileTypesAndContributionMap":{"java":{"insertions":8,"deletions":0}}},{"hash":"b26539a5693a5714c1cd63dcd5557ca2268fd59a","messageTitle":"update UG","messageBody":"","fileTypesAndContributionMap":{"md":{"insertions":80,"deletions":5}}},{"hash":"b647b01ede94438d01c92bdf0a1403e9c6331357","messageTitle":"update UG","messageBody":"","fileTypesAndContributionMap":{"md":{"insertions":2,"deletions":0}}},{"hash":"6387d9c919eab5f53cca6493dfe80cfcca747f80","messageTitle":"update UG","messageBody":"","fileTypesAndContributionMap":{"md":{"insertions":6,"deletions":2}}}]}]},"authorFileTypeContributionMap":{"squeakysquak":{"java":1474,"md":110,"fxml":215,"sh":0,"bat":0,"gradle":17,"txt":12}},"authorContributionVariance":{"squeakysquak":40627.44},"authorDisplayNameMap":{"squeakysquak":"CS2103T-T09-4 KHOR..THAN"}}
