[{"path":"data/taskList.txt","fileType":"txt","lines":[{"lineNumber":1,"author":{"gitId":"VimuthM"},"content":"1. | T | 0 | wah","lastModifiedDate":"2021-08-22"}],"authorContributionMap":{"VimuthM":1}},{"path":"src/main/java/Action.java","fileType":"java","lines":[{"lineNumber":1,"author":{"gitId":"VimuthM"},"content":"public class Action extends Command {","lastModifiedDate":"2021-08-22"},{"lineNumber":2,"author":{"gitId":"VimuthM"},"content":"","lastModifiedDate":"2021-08-22"},{"lineNumber":3,"author":{"gitId":"VimuthM"},"content":"    private final Parser.Type type;","lastModifiedDate":"2021-08-22"},{"lineNumber":4,"author":{"gitId":"VimuthM"},"content":"    private final String[] words;","lastModifiedDate":"2021-08-22"},{"lineNumber":5,"author":{"gitId":"VimuthM"},"content":"","lastModifiedDate":"2021-08-22"},{"lineNumber":6,"author":{"gitId":"VimuthM"},"content":"    Action(Parser.Type type, String[] words) {","lastModifiedDate":"2021-08-22"},{"lineNumber":7,"author":{"gitId":"VimuthM"},"content":"        this.type \u003d type;","lastModifiedDate":"2021-08-22"},{"lineNumber":8,"author":{"gitId":"VimuthM"},"content":"        this.words \u003d words;","lastModifiedDate":"2021-08-22"},{"lineNumber":9,"author":{"gitId":"VimuthM"},"content":"    }","lastModifiedDate":"2021-08-22"},{"lineNumber":10,"author":{"gitId":"VimuthM"},"content":"","lastModifiedDate":"2021-08-22"},{"lineNumber":11,"author":{"gitId":"VimuthM"},"content":"    @Override","lastModifiedDate":"2021-08-22"},{"lineNumber":12,"author":{"gitId":"VimuthM"},"content":"    public void execute(TaskList taskList, Ui ui, Storage storage) throws DukeException {","lastModifiedDate":"2021-08-22"},{"lineNumber":13,"author":{"gitId":"VimuthM"},"content":"        if (this.words.length !\u003d 2) {","lastModifiedDate":"2021-08-22"},{"lineNumber":14,"author":{"gitId":"VimuthM"},"content":"            throw new InvalidFormatException(\"`\" + this.type.toString().toLowerCase() + \" ${i}`\");","lastModifiedDate":"2021-08-22"},{"lineNumber":15,"author":{"gitId":"VimuthM"},"content":"        } else {","lastModifiedDate":"2021-08-22"},{"lineNumber":16,"author":{"gitId":"VimuthM"},"content":"            int index;","lastModifiedDate":"2021-08-22"},{"lineNumber":17,"author":{"gitId":"VimuthM"},"content":"            try {","lastModifiedDate":"2021-08-22"},{"lineNumber":18,"author":{"gitId":"VimuthM"},"content":"                index \u003d Integer.parseInt(this.words[1]);","lastModifiedDate":"2021-08-22"},{"lineNumber":19,"author":{"gitId":"VimuthM"},"content":"            } catch (NumberFormatException ex) {","lastModifiedDate":"2021-08-22"},{"lineNumber":20,"author":{"gitId":"VimuthM"},"content":"                throw new InvalidIntegerException();","lastModifiedDate":"2021-08-22"},{"lineNumber":21,"author":{"gitId":"VimuthM"},"content":"            }","lastModifiedDate":"2021-08-22"},{"lineNumber":22,"author":{"gitId":"VimuthM"},"content":"            if (index \u003c 1 || index \u003e taskList.size()) {","lastModifiedDate":"2021-08-22"},{"lineNumber":23,"author":{"gitId":"VimuthM"},"content":"                throw new InvalidTaskNumberException();","lastModifiedDate":"2021-08-22"},{"lineNumber":24,"author":{"gitId":"VimuthM"},"content":"            } else {","lastModifiedDate":"2021-08-22"},{"lineNumber":25,"author":{"gitId":"VimuthM"},"content":"                if (this.type \u003d\u003d Parser.Type.DONE) {","lastModifiedDate":"2021-08-22"},{"lineNumber":26,"author":{"gitId":"VimuthM"},"content":"                    Task t \u003d taskList.get(index - 1);","lastModifiedDate":"2021-08-22"},{"lineNumber":27,"author":{"gitId":"VimuthM"},"content":"                    t.markAsDone();","lastModifiedDate":"2021-08-22"},{"lineNumber":28,"author":{"gitId":"VimuthM"},"content":"                    ui.print(\"Nice, I\u0027ve marked this task as done!\\n   \" +","lastModifiedDate":"2021-08-22"},{"lineNumber":29,"author":{"gitId":"VimuthM"},"content":"                            t.toString());","lastModifiedDate":"2021-08-22"},{"lineNumber":30,"author":{"gitId":"VimuthM"},"content":"                } else if (this.type \u003d\u003d Parser.Type.DELETE) {","lastModifiedDate":"2021-08-22"},{"lineNumber":31,"author":{"gitId":"VimuthM"},"content":"                    Task t \u003d taskList.remove(index - 1);","lastModifiedDate":"2021-08-22"},{"lineNumber":32,"author":{"gitId":"VimuthM"},"content":"","lastModifiedDate":"2021-08-22"},{"lineNumber":33,"author":{"gitId":"VimuthM"},"content":"                    String plurality \u003d \" task\";","lastModifiedDate":"2021-08-22"},{"lineNumber":34,"author":{"gitId":"VimuthM"},"content":"                    if (taskList.size() !\u003d 1) {","lastModifiedDate":"2021-08-22"},{"lineNumber":35,"author":{"gitId":"VimuthM"},"content":"                        plurality +\u003d \"s\";","lastModifiedDate":"2021-08-22"},{"lineNumber":36,"author":{"gitId":"VimuthM"},"content":"                    }","lastModifiedDate":"2021-08-22"},{"lineNumber":37,"author":{"gitId":"VimuthM"},"content":"","lastModifiedDate":"2021-08-22"},{"lineNumber":38,"author":{"gitId":"VimuthM"},"content":"                    ui.print(\"Noted, I\u0027ve removed this task:\\n   \" +","lastModifiedDate":"2021-08-22"},{"lineNumber":39,"author":{"gitId":"VimuthM"},"content":"                            t.toString() + \"\\nNow you have \" + taskList.size()","lastModifiedDate":"2021-08-22"},{"lineNumber":40,"author":{"gitId":"VimuthM"},"content":"                            + plurality + \" in the list.\");","lastModifiedDate":"2021-08-22"},{"lineNumber":41,"author":{"gitId":"VimuthM"},"content":"                }","lastModifiedDate":"2021-08-22"},{"lineNumber":42,"author":{"gitId":"VimuthM"},"content":"            }","lastModifiedDate":"2021-08-22"},{"lineNumber":43,"author":{"gitId":"VimuthM"},"content":"        }","lastModifiedDate":"2021-08-22"},{"lineNumber":44,"author":{"gitId":"VimuthM"},"content":"    }","lastModifiedDate":"2021-08-22"},{"lineNumber":45,"author":{"gitId":"VimuthM"},"content":"","lastModifiedDate":"2021-08-22"},{"lineNumber":46,"author":{"gitId":"VimuthM"},"content":"    @Override","lastModifiedDate":"2021-08-22"},{"lineNumber":47,"author":{"gitId":"VimuthM"},"content":"    public boolean isExit() {","lastModifiedDate":"2021-08-22"},{"lineNumber":48,"author":{"gitId":"VimuthM"},"content":"        return false;","lastModifiedDate":"2021-08-22"},{"lineNumber":49,"author":{"gitId":"VimuthM"},"content":"    }","lastModifiedDate":"2021-08-22"},{"lineNumber":50,"author":{"gitId":"VimuthM"},"content":"","lastModifiedDate":"2021-08-22"},{"lineNumber":51,"author":{"gitId":"VimuthM"},"content":"}","lastModifiedDate":"2021-08-22"}],"authorContributionMap":{"VimuthM":51}},{"path":"src/main/java/Add.java","fileType":"java","lines":[{"lineNumber":1,"author":{"gitId":"VimuthM"},"content":"public class Add extends Command {","lastModifiedDate":"2021-08-22"},{"lineNumber":2,"author":{"gitId":"VimuthM"},"content":"","lastModifiedDate":"2021-08-22"},{"lineNumber":3,"author":{"gitId":"VimuthM"},"content":"    private final Task t;","lastModifiedDate":"2021-08-22"},{"lineNumber":4,"author":{"gitId":"VimuthM"},"content":"","lastModifiedDate":"2021-08-22"},{"lineNumber":5,"author":{"gitId":"VimuthM"},"content":"    Add(Task t) {","lastModifiedDate":"2021-08-22"},{"lineNumber":6,"author":{"gitId":"VimuthM"},"content":"        this.t \u003d t;","lastModifiedDate":"2021-08-22"},{"lineNumber":7,"author":{"gitId":"VimuthM"},"content":"    }","lastModifiedDate":"2021-08-22"},{"lineNumber":8,"author":{"gitId":"VimuthM"},"content":"","lastModifiedDate":"2021-08-22"},{"lineNumber":9,"author":{"gitId":"VimuthM"},"content":"    @Override","lastModifiedDate":"2021-08-22"},{"lineNumber":10,"author":{"gitId":"VimuthM"},"content":"    public void execute(TaskList taskList, Ui ui, Storage storage) throws DukeException {","lastModifiedDate":"2021-08-22"},{"lineNumber":11,"author":{"gitId":"VimuthM"},"content":"        taskList.add(t);","lastModifiedDate":"2021-08-22"},{"lineNumber":12,"author":{"gitId":"VimuthM"},"content":"        String plurality \u003d \" task\";","lastModifiedDate":"2021-08-22"},{"lineNumber":13,"author":{"gitId":"VimuthM"},"content":"        if (taskList.size() !\u003d 1) {","lastModifiedDate":"2021-08-22"},{"lineNumber":14,"author":{"gitId":"VimuthM"},"content":"            plurality +\u003d \"s\";","lastModifiedDate":"2021-08-22"},{"lineNumber":15,"author":{"gitId":"VimuthM"},"content":"        }","lastModifiedDate":"2021-08-22"},{"lineNumber":16,"author":{"gitId":"VimuthM"},"content":"","lastModifiedDate":"2021-08-22"},{"lineNumber":17,"author":{"gitId":"VimuthM"},"content":"        ui.print(\"Got it! I\u0027ve added this task:\\n   \"","lastModifiedDate":"2021-08-22"},{"lineNumber":18,"author":{"gitId":"VimuthM"},"content":"                + t.toString() + \"\\nNow you have \" + taskList.size()","lastModifiedDate":"2021-08-22"},{"lineNumber":19,"author":{"gitId":"VimuthM"},"content":"                + plurality + \" in the list.\");","lastModifiedDate":"2021-08-22"},{"lineNumber":20,"author":{"gitId":"VimuthM"},"content":"    }","lastModifiedDate":"2021-08-22"},{"lineNumber":21,"author":{"gitId":"VimuthM"},"content":"","lastModifiedDate":"2021-08-22"},{"lineNumber":22,"author":{"gitId":"VimuthM"},"content":"    @Override","lastModifiedDate":"2021-08-22"},{"lineNumber":23,"author":{"gitId":"VimuthM"},"content":"    public boolean isExit() {","lastModifiedDate":"2021-08-22"},{"lineNumber":24,"author":{"gitId":"VimuthM"},"content":"        return false;","lastModifiedDate":"2021-08-22"},{"lineNumber":25,"author":{"gitId":"VimuthM"},"content":"    }","lastModifiedDate":"2021-08-22"},{"lineNumber":26,"author":{"gitId":"VimuthM"},"content":"}","lastModifiedDate":"2021-08-22"}],"authorContributionMap":{"VimuthM":26}},{"path":"src/main/java/Command.java","fileType":"java","lines":[{"lineNumber":1,"author":{"gitId":"VimuthM"},"content":"public abstract class Command {","lastModifiedDate":"2021-08-22"},{"lineNumber":2,"author":{"gitId":"VimuthM"},"content":"","lastModifiedDate":"2021-08-22"},{"lineNumber":3,"author":{"gitId":"VimuthM"},"content":"    public abstract void execute(TaskList taskList, Ui ui, Storage storage) throws DukeException;","lastModifiedDate":"2021-08-22"},{"lineNumber":4,"author":{"gitId":"VimuthM"},"content":"    public abstract boolean isExit();","lastModifiedDate":"2021-08-22"},{"lineNumber":5,"author":{"gitId":"VimuthM"},"content":"","lastModifiedDate":"2021-08-22"},{"lineNumber":6,"author":{"gitId":"VimuthM"},"content":"}","lastModifiedDate":"2021-08-22"},{"lineNumber":7,"author":{"gitId":"VimuthM"},"content":"","lastModifiedDate":"2021-08-22"}],"authorContributionMap":{"VimuthM":7}},{"path":"src/main/java/Deadline.java","fileType":"java","lines":[{"lineNumber":1,"author":{"gitId":"VimuthM"},"content":"import java.time.LocalDate;","lastModifiedDate":"2021-08-22"},{"lineNumber":2,"author":{"gitId":"VimuthM"},"content":"import java.time.LocalTime;","lastModifiedDate":"2021-08-22"},{"lineNumber":3,"author":{"gitId":"VimuthM"},"content":"import java.time.format.DateTimeFormatter;","lastModifiedDate":"2021-08-22"},{"lineNumber":4,"author":{"gitId":"VimuthM"},"content":"","lastModifiedDate":"2021-08-22"},{"lineNumber":5,"author":{"gitId":"VimuthM"},"content":"public class Deadline extends Task {","lastModifiedDate":"2021-08-14"},{"lineNumber":6,"author":{"gitId":"VimuthM"},"content":"","lastModifiedDate":"2021-08-14"},{"lineNumber":7,"author":{"gitId":"VimuthM"},"content":"    protected LocalDate date;","lastModifiedDate":"2021-08-22"},{"lineNumber":8,"author":{"gitId":"VimuthM"},"content":"    protected LocalTime time;","lastModifiedDate":"2021-08-22"},{"lineNumber":9,"author":{"gitId":"VimuthM"},"content":"","lastModifiedDate":"2021-08-14"},{"lineNumber":10,"author":{"gitId":"VimuthM"},"content":"    public Deadline(String description, LocalDate date) {","lastModifiedDate":"2021-08-22"},{"lineNumber":11,"author":{"gitId":"VimuthM"},"content":"        super(description);","lastModifiedDate":"2021-08-14"},{"lineNumber":12,"author":{"gitId":"VimuthM"},"content":"        this.date \u003d date;","lastModifiedDate":"2021-08-22"},{"lineNumber":13,"author":{"gitId":"VimuthM"},"content":"        this.time \u003d null;","lastModifiedDate":"2021-08-22"},{"lineNumber":14,"author":{"gitId":"VimuthM"},"content":"","lastModifiedDate":"2021-08-22"},{"lineNumber":15,"author":{"gitId":"VimuthM"},"content":"    }","lastModifiedDate":"2021-08-22"},{"lineNumber":16,"author":{"gitId":"VimuthM"},"content":"","lastModifiedDate":"2021-08-14"},{"lineNumber":17,"author":{"gitId":"VimuthM"},"content":"    public Deadline(String description, LocalDate date, LocalTime time) {","lastModifiedDate":"2021-08-22"},{"lineNumber":18,"author":{"gitId":"VimuthM"},"content":"        super(description);","lastModifiedDate":"2021-08-14"},{"lineNumber":19,"author":{"gitId":"VimuthM"},"content":"        this.date \u003d date;","lastModifiedDate":"2021-08-22"},{"lineNumber":20,"author":{"gitId":"VimuthM"},"content":"        this.time \u003d time;","lastModifiedDate":"2021-08-22"},{"lineNumber":21,"author":{"gitId":"VimuthM"},"content":"    }","lastModifiedDate":"2021-08-14"},{"lineNumber":22,"author":{"gitId":"VimuthM"},"content":"","lastModifiedDate":"2021-08-14"},{"lineNumber":23,"author":{"gitId":"VimuthM"},"content":"    @Override","lastModifiedDate":"2021-08-14"},{"lineNumber":24,"author":{"gitId":"VimuthM"},"content":"    public String toString() {","lastModifiedDate":"2021-08-14"},{"lineNumber":25,"author":{"gitId":"VimuthM"},"content":"        String dateString \u003d this.date.format(DateTimeFormatter.ofPattern(\"MMM d yyyy\"));","lastModifiedDate":"2021-08-22"},{"lineNumber":26,"author":{"gitId":"VimuthM"},"content":"        if (this.time \u003d\u003d null) {","lastModifiedDate":"2021-08-22"},{"lineNumber":27,"author":{"gitId":"VimuthM"},"content":"            return \"[D]\" + super.toString() + \" (by: \" + dateString + \")\";","lastModifiedDate":"2021-08-22"},{"lineNumber":28,"author":{"gitId":"VimuthM"},"content":"        } else {","lastModifiedDate":"2021-08-22"},{"lineNumber":29,"author":{"gitId":"VimuthM"},"content":"            String timeString \u003d this.time.format(DateTimeFormatter.ofPattern(\"hh:mm a\"));","lastModifiedDate":"2021-08-22"},{"lineNumber":30,"author":{"gitId":"VimuthM"},"content":"            return \"[D]\" + super.toString() + \" (by: \" + dateString + \" \" + timeString + \")\";","lastModifiedDate":"2021-08-22"},{"lineNumber":31,"author":{"gitId":"VimuthM"},"content":"        }","lastModifiedDate":"2021-08-22"},{"lineNumber":32,"author":{"gitId":"VimuthM"},"content":"    }","lastModifiedDate":"2021-08-21"},{"lineNumber":33,"author":{"gitId":"VimuthM"},"content":"","lastModifiedDate":"2021-08-21"},{"lineNumber":34,"author":{"gitId":"VimuthM"},"content":"    @Override","lastModifiedDate":"2021-08-21"},{"lineNumber":35,"author":{"gitId":"VimuthM"},"content":"    public String toSaveString() {","lastModifiedDate":"2021-08-21"},{"lineNumber":36,"author":{"gitId":"VimuthM"},"content":"        String dateString \u003d this.date.format(DateTimeFormatter.ISO_LOCAL_DATE);","lastModifiedDate":"2021-08-22"},{"lineNumber":37,"author":{"gitId":"VimuthM"},"content":"        if (this.time \u003d\u003d null) {","lastModifiedDate":"2021-08-22"},{"lineNumber":38,"author":{"gitId":"VimuthM"},"content":"            return \"| D | \" + super.toSaveString() + \" | \" + dateString;","lastModifiedDate":"2021-08-22"},{"lineNumber":39,"author":{"gitId":"VimuthM"},"content":"        } else {","lastModifiedDate":"2021-08-22"},{"lineNumber":40,"author":{"gitId":"VimuthM"},"content":"            String timeString \u003d this.time.format(DateTimeFormatter.ofPattern(\"HH:mm\"));","lastModifiedDate":"2021-08-22"},{"lineNumber":41,"author":{"gitId":"VimuthM"},"content":"            return \"| D | \" + super.toSaveString() + \" | \" + dateString + \" | \" + timeString;","lastModifiedDate":"2021-08-22"},{"lineNumber":42,"author":{"gitId":"VimuthM"},"content":"        }","lastModifiedDate":"2021-08-22"},{"lineNumber":43,"author":{"gitId":"VimuthM"},"content":"    }","lastModifiedDate":"2021-08-14"},{"lineNumber":44,"author":{"gitId":"VimuthM"},"content":"}","lastModifiedDate":"2021-08-14"}],"authorContributionMap":{"VimuthM":44}},{"path":"src/main/java/Duke.java","fileType":"java","lines":[{"lineNumber":1,"author":{"gitId":"-"},"content":"public class Duke {","lastModifiedDate":"2019-07-29"},{"lineNumber":2,"author":{"gitId":"VimuthM"},"content":"","lastModifiedDate":"2021-08-14"},{"lineNumber":3,"author":{"gitId":"VimuthM"},"content":"    private final Storage storage;","lastModifiedDate":"2021-08-22"},{"lineNumber":4,"author":{"gitId":"VimuthM"},"content":"    private final Ui ui;","lastModifiedDate":"2021-08-22"},{"lineNumber":5,"author":{"gitId":"VimuthM"},"content":"    private TaskList taskList;","lastModifiedDate":"2021-08-22"},{"lineNumber":6,"author":{"gitId":"VimuthM"},"content":"","lastModifiedDate":"2021-08-14"},{"lineNumber":7,"author":{"gitId":"VimuthM"},"content":"    public Duke(String filePath) {","lastModifiedDate":"2021-08-22"},{"lineNumber":8,"author":{"gitId":"VimuthM"},"content":"        ui \u003d new Ui();","lastModifiedDate":"2021-08-22"},{"lineNumber":9,"author":{"gitId":"VimuthM"},"content":"        storage \u003d new Storage(filePath);","lastModifiedDate":"2021-08-22"},{"lineNumber":10,"author":{"gitId":"VimuthM"},"content":"        try {","lastModifiedDate":"2021-08-21"},{"lineNumber":11,"author":{"gitId":"VimuthM"},"content":"            taskList \u003d new TaskList(storage.load());","lastModifiedDate":"2021-08-22"},{"lineNumber":12,"author":{"gitId":"VimuthM"},"content":"        } catch (DukeException e) {","lastModifiedDate":"2021-08-22"},{"lineNumber":13,"author":{"gitId":"VimuthM"},"content":"            ui.showLoadingError(e.getMessage());","lastModifiedDate":"2021-08-22"},{"lineNumber":14,"author":{"gitId":"VimuthM"},"content":"            taskList \u003d new TaskList();","lastModifiedDate":"2021-08-22"},{"lineNumber":15,"author":{"gitId":"VimuthM"},"content":"        }","lastModifiedDate":"2021-08-21"},{"lineNumber":16,"author":{"gitId":"VimuthM"},"content":"    }","lastModifiedDate":"2021-08-21"},{"lineNumber":17,"author":{"gitId":"VimuthM"},"content":"","lastModifiedDate":"2021-08-21"},{"lineNumber":18,"author":{"gitId":"VimuthM"},"content":"    public void run() {","lastModifiedDate":"2021-08-22"},{"lineNumber":19,"author":{"gitId":"VimuthM"},"content":"        ui.showWelcome();","lastModifiedDate":"2021-08-22"},{"lineNumber":20,"author":{"gitId":"VimuthM"},"content":"        boolean isExit \u003d false;","lastModifiedDate":"2021-08-22"},{"lineNumber":21,"author":{"gitId":"VimuthM"},"content":"        while (!isExit) {","lastModifiedDate":"2021-08-22"},{"lineNumber":22,"author":{"gitId":"VimuthM"},"content":"            try {","lastModifiedDate":"2021-08-14"},{"lineNumber":23,"author":{"gitId":"VimuthM"},"content":"                String fullCommand \u003d ui.readCommand();","lastModifiedDate":"2021-08-22"},{"lineNumber":24,"author":{"gitId":"VimuthM"},"content":"                Command c \u003d Parser.parse(fullCommand);","lastModifiedDate":"2021-08-22"},{"lineNumber":25,"author":{"gitId":"VimuthM"},"content":"                c.execute(taskList, ui, storage);","lastModifiedDate":"2021-08-22"},{"lineNumber":26,"author":{"gitId":"VimuthM"},"content":"                isExit \u003d c.isExit();","lastModifiedDate":"2021-08-22"},{"lineNumber":27,"author":{"gitId":"VimuthM"},"content":"                storage.save(taskList);","lastModifiedDate":"2021-08-22"},{"lineNumber":28,"author":{"gitId":"VimuthM"},"content":"            } catch (DukeException e) {","lastModifiedDate":"2021-08-22"},{"lineNumber":29,"author":{"gitId":"VimuthM"},"content":"                ui.showError(e.getMessage());","lastModifiedDate":"2021-08-22"},{"lineNumber":30,"author":{"gitId":"VimuthM"},"content":"            }","lastModifiedDate":"2021-08-15"},{"lineNumber":31,"author":{"gitId":"VimuthM"},"content":"        }","lastModifiedDate":"2021-08-15"},{"lineNumber":32,"author":{"gitId":"VimuthM"},"content":"    }","lastModifiedDate":"2021-08-15"},{"lineNumber":33,"author":{"gitId":"VimuthM"},"content":"","lastModifiedDate":"2021-08-15"},{"lineNumber":34,"author":{"gitId":"-"},"content":"    public static void main(String[] args) {","lastModifiedDate":"2019-07-29"},{"lineNumber":35,"author":{"gitId":"VimuthM"},"content":"        new Duke(\"data/tasklist.txt\").run();","lastModifiedDate":"2021-08-22"},{"lineNumber":36,"author":{"gitId":"-"},"content":"    }","lastModifiedDate":"2019-07-29"},{"lineNumber":37,"author":{"gitId":"-"},"content":"}","lastModifiedDate":"2019-07-29"}],"authorContributionMap":{"-":4,"VimuthM":33}},{"path":"src/main/java/DukeException.java","fileType":"java","lines":[{"lineNumber":1,"author":{"gitId":"VimuthM"},"content":"public class DukeException extends Exception {","lastModifiedDate":"2021-08-15"},{"lineNumber":2,"author":{"gitId":"VimuthM"},"content":"    DukeException(String errorMsg) {","lastModifiedDate":"2021-08-15"},{"lineNumber":3,"author":{"gitId":"VimuthM"},"content":"        super(errorMsg);","lastModifiedDate":"2021-08-15"},{"lineNumber":4,"author":{"gitId":"VimuthM"},"content":"    }","lastModifiedDate":"2021-08-15"},{"lineNumber":5,"author":{"gitId":"VimuthM"},"content":"}","lastModifiedDate":"2021-08-15"},{"lineNumber":6,"author":{"gitId":"VimuthM"},"content":"","lastModifiedDate":"2021-08-15"},{"lineNumber":7,"author":{"gitId":"VimuthM"},"content":"class InvalidFormatException extends DukeException {","lastModifiedDate":"2021-08-15"},{"lineNumber":8,"author":{"gitId":"VimuthM"},"content":"    InvalidFormatException(String format) {","lastModifiedDate":"2021-08-15"},{"lineNumber":9,"author":{"gitId":"VimuthM"},"content":"        super(\"Invalid format! Try \" + format);","lastModifiedDate":"2021-08-15"},{"lineNumber":10,"author":{"gitId":"VimuthM"},"content":"    }","lastModifiedDate":"2021-08-15"},{"lineNumber":11,"author":{"gitId":"VimuthM"},"content":"}","lastModifiedDate":"2021-08-15"},{"lineNumber":12,"author":{"gitId":"VimuthM"},"content":"","lastModifiedDate":"2021-08-15"},{"lineNumber":13,"author":{"gitId":"VimuthM"},"content":"class InvalidIntegerException extends DukeException {","lastModifiedDate":"2021-08-15"},{"lineNumber":14,"author":{"gitId":"VimuthM"},"content":"    InvalidIntegerException() {","lastModifiedDate":"2021-08-15"},{"lineNumber":15,"author":{"gitId":"VimuthM"},"content":"        super(\"Enter valid integer!\");","lastModifiedDate":"2021-08-15"},{"lineNumber":16,"author":{"gitId":"VimuthM"},"content":"    }","lastModifiedDate":"2021-08-15"},{"lineNumber":17,"author":{"gitId":"VimuthM"},"content":"}","lastModifiedDate":"2021-08-15"},{"lineNumber":18,"author":{"gitId":"VimuthM"},"content":"","lastModifiedDate":"2021-08-15"},{"lineNumber":19,"author":{"gitId":"VimuthM"},"content":"class InvalidTaskNumberException extends DukeException {","lastModifiedDate":"2021-08-15"},{"lineNumber":20,"author":{"gitId":"VimuthM"},"content":"    InvalidTaskNumberException() {","lastModifiedDate":"2021-08-15"},{"lineNumber":21,"author":{"gitId":"VimuthM"},"content":"        super(\"Not a valid task number!\");","lastModifiedDate":"2021-08-15"},{"lineNumber":22,"author":{"gitId":"VimuthM"},"content":"    }","lastModifiedDate":"2021-08-15"},{"lineNumber":23,"author":{"gitId":"VimuthM"},"content":"}","lastModifiedDate":"2021-08-15"},{"lineNumber":24,"author":{"gitId":"VimuthM"},"content":"","lastModifiedDate":"2021-08-15"},{"lineNumber":25,"author":{"gitId":"VimuthM"},"content":"class UnknownCommandException extends DukeException {","lastModifiedDate":"2021-08-15"},{"lineNumber":26,"author":{"gitId":"VimuthM"},"content":"    UnknownCommandException() {","lastModifiedDate":"2021-08-15"},{"lineNumber":27,"author":{"gitId":"VimuthM"},"content":"        super(\"I\u0027m not too sure what you mean :(\");","lastModifiedDate":"2021-08-15"},{"lineNumber":28,"author":{"gitId":"VimuthM"},"content":"    }","lastModifiedDate":"2021-08-15"},{"lineNumber":29,"author":{"gitId":"VimuthM"},"content":"}","lastModifiedDate":"2021-08-15"},{"lineNumber":30,"author":{"gitId":"VimuthM"},"content":"","lastModifiedDate":"2021-08-15"},{"lineNumber":31,"author":{"gitId":"VimuthM"},"content":"class MissingDescriptionException extends DukeException {","lastModifiedDate":"2021-08-15"},{"lineNumber":32,"author":{"gitId":"VimuthM"},"content":"    MissingDescriptionException() {","lastModifiedDate":"2021-08-15"},{"lineNumber":33,"author":{"gitId":"VimuthM"},"content":"        super(\"A task requires a description following it!\");","lastModifiedDate":"2021-08-15"},{"lineNumber":34,"author":{"gitId":"VimuthM"},"content":"    }","lastModifiedDate":"2021-08-15"},{"lineNumber":35,"author":{"gitId":"VimuthM"},"content":"}","lastModifiedDate":"2021-08-15"},{"lineNumber":36,"author":{"gitId":"VimuthM"},"content":"","lastModifiedDate":"2021-08-22"},{"lineNumber":37,"author":{"gitId":"VimuthM"},"content":"class InvalidDateTimeException extends DukeException {","lastModifiedDate":"2021-08-22"},{"lineNumber":38,"author":{"gitId":"VimuthM"},"content":"    InvalidDateTimeException() {","lastModifiedDate":"2021-08-22"},{"lineNumber":39,"author":{"gitId":"VimuthM"},"content":"        super(\"Incorrect date/time format given!\");","lastModifiedDate":"2021-08-22"},{"lineNumber":40,"author":{"gitId":"VimuthM"},"content":"    }","lastModifiedDate":"2021-08-22"},{"lineNumber":41,"author":{"gitId":"VimuthM"},"content":"}","lastModifiedDate":"2021-08-22"},{"lineNumber":42,"author":{"gitId":"VimuthM"},"content":"","lastModifiedDate":"2021-08-22"},{"lineNumber":43,"author":{"gitId":"VimuthM"},"content":"class LoadingError extends DukeException {","lastModifiedDate":"2021-08-22"},{"lineNumber":44,"author":{"gitId":"VimuthM"},"content":"    LoadingError(String message) {","lastModifiedDate":"2021-08-22"},{"lineNumber":45,"author":{"gitId":"VimuthM"},"content":"        super(\"Loading Error: \" + message);","lastModifiedDate":"2021-08-22"},{"lineNumber":46,"author":{"gitId":"VimuthM"},"content":"    }","lastModifiedDate":"2021-08-22"},{"lineNumber":47,"author":{"gitId":"VimuthM"},"content":"}","lastModifiedDate":"2021-08-22"}],"authorContributionMap":{"VimuthM":47}},{"path":"src/main/java/End.java","fileType":"java","lines":[{"lineNumber":1,"author":{"gitId":"VimuthM"},"content":"public class End extends Command {","lastModifiedDate":"2021-08-22"},{"lineNumber":2,"author":{"gitId":"VimuthM"},"content":"","lastModifiedDate":"2021-08-22"},{"lineNumber":3,"author":{"gitId":"VimuthM"},"content":"    @Override","lastModifiedDate":"2021-08-22"},{"lineNumber":4,"author":{"gitId":"VimuthM"},"content":"    public void execute(TaskList taskList, Ui ui, Storage storage) {","lastModifiedDate":"2021-08-22"},{"lineNumber":5,"author":{"gitId":"VimuthM"},"content":"        ui.sayBye();","lastModifiedDate":"2021-08-22"},{"lineNumber":6,"author":{"gitId":"VimuthM"},"content":"    }","lastModifiedDate":"2021-08-22"},{"lineNumber":7,"author":{"gitId":"VimuthM"},"content":"","lastModifiedDate":"2021-08-22"},{"lineNumber":8,"author":{"gitId":"VimuthM"},"content":"    @Override","lastModifiedDate":"2021-08-22"},{"lineNumber":9,"author":{"gitId":"VimuthM"},"content":"    public boolean isExit() {","lastModifiedDate":"2021-08-22"},{"lineNumber":10,"author":{"gitId":"VimuthM"},"content":"        return true;","lastModifiedDate":"2021-08-22"},{"lineNumber":11,"author":{"gitId":"VimuthM"},"content":"    }","lastModifiedDate":"2021-08-22"},{"lineNumber":12,"author":{"gitId":"VimuthM"},"content":"}","lastModifiedDate":"2021-08-22"}],"authorContributionMap":{"VimuthM":12}},{"path":"src/main/java/Event.java","fileType":"java","lines":[{"lineNumber":1,"author":{"gitId":"VimuthM"},"content":"import java.time.LocalDate;","lastModifiedDate":"2021-08-22"},{"lineNumber":2,"author":{"gitId":"VimuthM"},"content":"import java.time.LocalTime;","lastModifiedDate":"2021-08-22"},{"lineNumber":3,"author":{"gitId":"VimuthM"},"content":"import java.time.format.DateTimeFormatter;","lastModifiedDate":"2021-08-22"},{"lineNumber":4,"author":{"gitId":"VimuthM"},"content":"","lastModifiedDate":"2021-08-22"},{"lineNumber":5,"author":{"gitId":"VimuthM"},"content":"public class Event extends Task {","lastModifiedDate":"2021-08-14"},{"lineNumber":6,"author":{"gitId":"VimuthM"},"content":"","lastModifiedDate":"2021-08-14"},{"lineNumber":7,"author":{"gitId":"VimuthM"},"content":"    protected LocalDate date;","lastModifiedDate":"2021-08-22"},{"lineNumber":8,"author":{"gitId":"VimuthM"},"content":"    protected LocalTime time;","lastModifiedDate":"2021-08-22"},{"lineNumber":9,"author":{"gitId":"VimuthM"},"content":"","lastModifiedDate":"2021-08-14"},{"lineNumber":10,"author":{"gitId":"VimuthM"},"content":"    public Event(String description, LocalDate date) {","lastModifiedDate":"2021-08-22"},{"lineNumber":11,"author":{"gitId":"VimuthM"},"content":"        super(description);","lastModifiedDate":"2021-08-14"},{"lineNumber":12,"author":{"gitId":"VimuthM"},"content":"        this.date \u003d date;","lastModifiedDate":"2021-08-22"},{"lineNumber":13,"author":{"gitId":"VimuthM"},"content":"        this.time \u003d null;","lastModifiedDate":"2021-08-22"},{"lineNumber":14,"author":{"gitId":"VimuthM"},"content":"    }","lastModifiedDate":"2021-08-22"},{"lineNumber":15,"author":{"gitId":"VimuthM"},"content":"","lastModifiedDate":"2021-08-14"},{"lineNumber":16,"author":{"gitId":"VimuthM"},"content":"    public Event(String description, LocalDate date, LocalTime time) {","lastModifiedDate":"2021-08-22"},{"lineNumber":17,"author":{"gitId":"VimuthM"},"content":"        super(description);","lastModifiedDate":"2021-08-14"},{"lineNumber":18,"author":{"gitId":"VimuthM"},"content":"        this.date \u003d date;","lastModifiedDate":"2021-08-22"},{"lineNumber":19,"author":{"gitId":"VimuthM"},"content":"        this.time \u003d time;","lastModifiedDate":"2021-08-22"},{"lineNumber":20,"author":{"gitId":"VimuthM"},"content":"    }","lastModifiedDate":"2021-08-14"},{"lineNumber":21,"author":{"gitId":"VimuthM"},"content":"","lastModifiedDate":"2021-08-14"},{"lineNumber":22,"author":{"gitId":"VimuthM"},"content":"    @Override","lastModifiedDate":"2021-08-14"},{"lineNumber":23,"author":{"gitId":"VimuthM"},"content":"    public String toString() {","lastModifiedDate":"2021-08-14"},{"lineNumber":24,"author":{"gitId":"VimuthM"},"content":"        String dateString \u003d this.date.format(DateTimeFormatter.ofPattern(\"MMM d yyyy\"));","lastModifiedDate":"2021-08-22"},{"lineNumber":25,"author":{"gitId":"VimuthM"},"content":"        if (this.time \u003d\u003d null) {","lastModifiedDate":"2021-08-22"},{"lineNumber":26,"author":{"gitId":"VimuthM"},"content":"            return \"[E]\" + super.toString() + \" (at: \" + dateString + \")\";","lastModifiedDate":"2021-08-22"},{"lineNumber":27,"author":{"gitId":"VimuthM"},"content":"        } else {","lastModifiedDate":"2021-08-22"},{"lineNumber":28,"author":{"gitId":"VimuthM"},"content":"            String timeString \u003d this.time.format(DateTimeFormatter.ofPattern(\"hh:mm a\"));","lastModifiedDate":"2021-08-22"},{"lineNumber":29,"author":{"gitId":"VimuthM"},"content":"            return \"[E]\" + super.toString() + \" (at: \" + dateString + \" \" + timeString + \")\";","lastModifiedDate":"2021-08-22"},{"lineNumber":30,"author":{"gitId":"VimuthM"},"content":"        }","lastModifiedDate":"2021-08-22"},{"lineNumber":31,"author":{"gitId":"VimuthM"},"content":"    }","lastModifiedDate":"2021-08-21"},{"lineNumber":32,"author":{"gitId":"VimuthM"},"content":"","lastModifiedDate":"2021-08-21"},{"lineNumber":33,"author":{"gitId":"VimuthM"},"content":"    @Override","lastModifiedDate":"2021-08-21"},{"lineNumber":34,"author":{"gitId":"VimuthM"},"content":"    public String toSaveString() {","lastModifiedDate":"2021-08-21"},{"lineNumber":35,"author":{"gitId":"VimuthM"},"content":"        String dateString \u003d this.date.format(DateTimeFormatter.ISO_LOCAL_DATE);","lastModifiedDate":"2021-08-22"},{"lineNumber":36,"author":{"gitId":"VimuthM"},"content":"        if (this.time \u003d\u003d null) {","lastModifiedDate":"2021-08-22"},{"lineNumber":37,"author":{"gitId":"VimuthM"},"content":"            return \"| E | \" + super.toSaveString() + \" | \" + dateString;","lastModifiedDate":"2021-08-22"},{"lineNumber":38,"author":{"gitId":"VimuthM"},"content":"        } else {","lastModifiedDate":"2021-08-22"},{"lineNumber":39,"author":{"gitId":"VimuthM"},"content":"            String timeString \u003d this.time.format(DateTimeFormatter.ofPattern(\"HH:mm\"));","lastModifiedDate":"2021-08-22"},{"lineNumber":40,"author":{"gitId":"VimuthM"},"content":"            return \"| E | \" + super.toSaveString() + \" | \" + dateString + \" | \" + timeString;","lastModifiedDate":"2021-08-22"},{"lineNumber":41,"author":{"gitId":"VimuthM"},"content":"        }","lastModifiedDate":"2021-08-22"},{"lineNumber":42,"author":{"gitId":"VimuthM"},"content":"    }","lastModifiedDate":"2021-08-14"},{"lineNumber":43,"author":{"gitId":"VimuthM"},"content":"}","lastModifiedDate":"2021-08-14"}],"authorContributionMap":{"VimuthM":43}},{"path":"src/main/java/List.java","fileType":"java","lines":[{"lineNumber":1,"author":{"gitId":"VimuthM"},"content":"public class List extends Command {","lastModifiedDate":"2021-08-22"},{"lineNumber":2,"author":{"gitId":"VimuthM"},"content":"","lastModifiedDate":"2021-08-22"},{"lineNumber":3,"author":{"gitId":"VimuthM"},"content":"    @Override","lastModifiedDate":"2021-08-22"},{"lineNumber":4,"author":{"gitId":"VimuthM"},"content":"    public void execute(TaskList taskList, Ui ui, Storage storage) {","lastModifiedDate":"2021-08-22"},{"lineNumber":5,"author":{"gitId":"VimuthM"},"content":"        ui.print(taskList.stringifyTasksForList());","lastModifiedDate":"2021-08-22"},{"lineNumber":6,"author":{"gitId":"VimuthM"},"content":"    }","lastModifiedDate":"2021-08-22"},{"lineNumber":7,"author":{"gitId":"VimuthM"},"content":"","lastModifiedDate":"2021-08-22"},{"lineNumber":8,"author":{"gitId":"VimuthM"},"content":"    @Override","lastModifiedDate":"2021-08-22"},{"lineNumber":9,"author":{"gitId":"VimuthM"},"content":"    public boolean isExit() {","lastModifiedDate":"2021-08-22"},{"lineNumber":10,"author":{"gitId":"VimuthM"},"content":"        return false;","lastModifiedDate":"2021-08-22"},{"lineNumber":11,"author":{"gitId":"VimuthM"},"content":"    }","lastModifiedDate":"2021-08-22"},{"lineNumber":12,"author":{"gitId":"VimuthM"},"content":"}","lastModifiedDate":"2021-08-22"}],"authorContributionMap":{"VimuthM":12}},{"path":"src/main/java/Parser.java","fileType":"java","lines":[{"lineNumber":1,"author":{"gitId":"VimuthM"},"content":"import java.time.LocalDate;","lastModifiedDate":"2021-08-22"},{"lineNumber":2,"author":{"gitId":"VimuthM"},"content":"import java.time.LocalTime;","lastModifiedDate":"2021-08-22"},{"lineNumber":3,"author":{"gitId":"VimuthM"},"content":"","lastModifiedDate":"2021-08-22"},{"lineNumber":4,"author":{"gitId":"VimuthM"},"content":"public class Parser {","lastModifiedDate":"2021-08-22"},{"lineNumber":5,"author":{"gitId":"VimuthM"},"content":"","lastModifiedDate":"2021-08-22"},{"lineNumber":6,"author":{"gitId":"VimuthM"},"content":"    public enum Type {","lastModifiedDate":"2021-08-22"},{"lineNumber":7,"author":{"gitId":"VimuthM"},"content":"        DONE,","lastModifiedDate":"2021-08-22"},{"lineNumber":8,"author":{"gitId":"VimuthM"},"content":"        DELETE,","lastModifiedDate":"2021-08-22"},{"lineNumber":9,"author":{"gitId":"VimuthM"},"content":"        DEADLINE,","lastModifiedDate":"2021-08-22"},{"lineNumber":10,"author":{"gitId":"VimuthM"},"content":"        EVENT","lastModifiedDate":"2021-08-22"},{"lineNumber":11,"author":{"gitId":"VimuthM"},"content":"    }","lastModifiedDate":"2021-08-22"},{"lineNumber":12,"author":{"gitId":"VimuthM"},"content":"","lastModifiedDate":"2021-08-22"},{"lineNumber":13,"author":{"gitId":"VimuthM"},"content":"    public static Command parse(String command) throws DukeException {","lastModifiedDate":"2021-08-22"},{"lineNumber":14,"author":{"gitId":"VimuthM"},"content":"        Command c;","lastModifiedDate":"2021-08-22"},{"lineNumber":15,"author":{"gitId":"VimuthM"},"content":"","lastModifiedDate":"2021-08-22"},{"lineNumber":16,"author":{"gitId":"VimuthM"},"content":"        if (command.equals(\"bye\")) {","lastModifiedDate":"2021-08-22"},{"lineNumber":17,"author":{"gitId":"VimuthM"},"content":"            c \u003d new End();","lastModifiedDate":"2021-08-22"},{"lineNumber":18,"author":{"gitId":"VimuthM"},"content":"        } else if (command.equals(\"list\")) {","lastModifiedDate":"2021-08-22"},{"lineNumber":19,"author":{"gitId":"VimuthM"},"content":"            c \u003d new List();","lastModifiedDate":"2021-08-22"},{"lineNumber":20,"author":{"gitId":"VimuthM"},"content":"        } else {","lastModifiedDate":"2021-08-22"},{"lineNumber":21,"author":{"gitId":"VimuthM"},"content":"            String[] words \u003d command.split(\" \");","lastModifiedDate":"2021-08-22"},{"lineNumber":22,"author":{"gitId":"VimuthM"},"content":"            String mainCommand \u003d words[0];","lastModifiedDate":"2021-08-22"},{"lineNumber":23,"author":{"gitId":"VimuthM"},"content":"","lastModifiedDate":"2021-08-22"},{"lineNumber":24,"author":{"gitId":"VimuthM"},"content":"            switch (mainCommand) {","lastModifiedDate":"2021-08-22"},{"lineNumber":25,"author":{"gitId":"VimuthM"},"content":"                case \"done\":","lastModifiedDate":"2021-08-22"},{"lineNumber":26,"author":{"gitId":"VimuthM"},"content":"                    c \u003d new Action(Type.DONE, words);","lastModifiedDate":"2021-08-22"},{"lineNumber":27,"author":{"gitId":"VimuthM"},"content":"                    break;","lastModifiedDate":"2021-08-22"},{"lineNumber":28,"author":{"gitId":"VimuthM"},"content":"                case \"delete\":","lastModifiedDate":"2021-08-22"},{"lineNumber":29,"author":{"gitId":"VimuthM"},"content":"                    c \u003d new Action(Type.DELETE, words);","lastModifiedDate":"2021-08-22"},{"lineNumber":30,"author":{"gitId":"VimuthM"},"content":"                    break;","lastModifiedDate":"2021-08-22"},{"lineNumber":31,"author":{"gitId":"VimuthM"},"content":"                case \"todo\": {","lastModifiedDate":"2021-08-22"},{"lineNumber":32,"author":{"gitId":"VimuthM"},"content":"                    String[] split \u003d command.split(\" \");","lastModifiedDate":"2021-08-22"},{"lineNumber":33,"author":{"gitId":"VimuthM"},"content":"                    if (split.length \u003c 2) {","lastModifiedDate":"2021-08-22"},{"lineNumber":34,"author":{"gitId":"VimuthM"},"content":"                        throw new MissingDescriptionException();","lastModifiedDate":"2021-08-22"},{"lineNumber":35,"author":{"gitId":"VimuthM"},"content":"                    }","lastModifiedDate":"2021-08-22"},{"lineNumber":36,"author":{"gitId":"VimuthM"},"content":"                    c \u003d new Add(new ToDo(command.substring(5).trim()));","lastModifiedDate":"2021-08-22"},{"lineNumber":37,"author":{"gitId":"VimuthM"},"content":"                    break;","lastModifiedDate":"2021-08-22"},{"lineNumber":38,"author":{"gitId":"VimuthM"},"content":"                }","lastModifiedDate":"2021-08-22"},{"lineNumber":39,"author":{"gitId":"VimuthM"},"content":"                case \"deadline\": {","lastModifiedDate":"2021-08-22"},{"lineNumber":40,"author":{"gitId":"VimuthM"},"content":"                    c \u003d new Add(handleFormat(command.split(\"/by\"),","lastModifiedDate":"2021-08-22"},{"lineNumber":41,"author":{"gitId":"VimuthM"},"content":"                            \"`deadline ${item} /by ${time}`\", Type.DEADLINE));","lastModifiedDate":"2021-08-22"},{"lineNumber":42,"author":{"gitId":"VimuthM"},"content":"                    break;","lastModifiedDate":"2021-08-22"},{"lineNumber":43,"author":{"gitId":"VimuthM"},"content":"                }","lastModifiedDate":"2021-08-22"},{"lineNumber":44,"author":{"gitId":"VimuthM"},"content":"                case \"event\": {","lastModifiedDate":"2021-08-22"},{"lineNumber":45,"author":{"gitId":"VimuthM"},"content":"                    c \u003d new Add(handleFormat(command.split(\"/at \"),","lastModifiedDate":"2021-08-22"},{"lineNumber":46,"author":{"gitId":"VimuthM"},"content":"                            \"`event ${item} /at ${time}`\", Type.EVENT));","lastModifiedDate":"2021-08-22"},{"lineNumber":47,"author":{"gitId":"VimuthM"},"content":"                    break;","lastModifiedDate":"2021-08-22"},{"lineNumber":48,"author":{"gitId":"VimuthM"},"content":"                }","lastModifiedDate":"2021-08-22"},{"lineNumber":49,"author":{"gitId":"VimuthM"},"content":"                default:","lastModifiedDate":"2021-08-22"},{"lineNumber":50,"author":{"gitId":"VimuthM"},"content":"                    throw new UnknownCommandException();","lastModifiedDate":"2021-08-22"},{"lineNumber":51,"author":{"gitId":"VimuthM"},"content":"            }","lastModifiedDate":"2021-08-22"},{"lineNumber":52,"author":{"gitId":"VimuthM"},"content":"        }","lastModifiedDate":"2021-08-22"},{"lineNumber":53,"author":{"gitId":"VimuthM"},"content":"","lastModifiedDate":"2021-08-22"},{"lineNumber":54,"author":{"gitId":"VimuthM"},"content":"        return c;","lastModifiedDate":"2021-08-22"},{"lineNumber":55,"author":{"gitId":"VimuthM"},"content":"    }","lastModifiedDate":"2021-08-22"},{"lineNumber":56,"author":{"gitId":"VimuthM"},"content":"","lastModifiedDate":"2021-08-22"},{"lineNumber":57,"author":{"gitId":"VimuthM"},"content":"    private static Task handleFormat(String[] split, String message, Type type) throws DukeException {","lastModifiedDate":"2021-08-22"},{"lineNumber":58,"author":{"gitId":"VimuthM"},"content":"        Task t;","lastModifiedDate":"2021-08-22"},{"lineNumber":59,"author":{"gitId":"VimuthM"},"content":"        if (split.length \u003c 2) {","lastModifiedDate":"2021-08-22"},{"lineNumber":60,"author":{"gitId":"VimuthM"},"content":"            throw new InvalidFormatException(message);","lastModifiedDate":"2021-08-22"},{"lineNumber":61,"author":{"gitId":"VimuthM"},"content":"        }","lastModifiedDate":"2021-08-22"},{"lineNumber":62,"author":{"gitId":"VimuthM"},"content":"        String[] datetime \u003d split[1].trim().split(\" \");","lastModifiedDate":"2021-08-22"},{"lineNumber":63,"author":{"gitId":"VimuthM"},"content":"        if (datetime.length \u003d\u003d 1) {","lastModifiedDate":"2021-08-22"},{"lineNumber":64,"author":{"gitId":"VimuthM"},"content":"            try {","lastModifiedDate":"2021-08-22"},{"lineNumber":65,"author":{"gitId":"VimuthM"},"content":"                LocalDate date \u003d LocalDate.parse(datetime[0].replace(\"/\", \"-\"));","lastModifiedDate":"2021-08-22"},{"lineNumber":66,"author":{"gitId":"VimuthM"},"content":"                if (type \u003d\u003d Type.DEADLINE) {","lastModifiedDate":"2021-08-22"},{"lineNumber":67,"author":{"gitId":"VimuthM"},"content":"                    t \u003d new Deadline(split[0].substring(9).trim(), date);","lastModifiedDate":"2021-08-22"},{"lineNumber":68,"author":{"gitId":"VimuthM"},"content":"                } else {","lastModifiedDate":"2021-08-22"},{"lineNumber":69,"author":{"gitId":"VimuthM"},"content":"                    t \u003d new Event(split[0].substring(5).trim(), date);","lastModifiedDate":"2021-08-22"},{"lineNumber":70,"author":{"gitId":"VimuthM"},"content":"                }","lastModifiedDate":"2021-08-22"},{"lineNumber":71,"author":{"gitId":"VimuthM"},"content":"            } catch (Exception e) {","lastModifiedDate":"2021-08-22"},{"lineNumber":72,"author":{"gitId":"VimuthM"},"content":"                throw new InvalidDateTimeException();","lastModifiedDate":"2021-08-22"},{"lineNumber":73,"author":{"gitId":"VimuthM"},"content":"            }","lastModifiedDate":"2021-08-22"},{"lineNumber":74,"author":{"gitId":"VimuthM"},"content":"        } else if (datetime.length \u003d\u003d 2) {","lastModifiedDate":"2021-08-22"},{"lineNumber":75,"author":{"gitId":"VimuthM"},"content":"            try {","lastModifiedDate":"2021-08-22"},{"lineNumber":76,"author":{"gitId":"VimuthM"},"content":"                LocalDate date \u003d LocalDate.parse(datetime[0].replace(\"/\", \"-\"));","lastModifiedDate":"2021-08-22"},{"lineNumber":77,"author":{"gitId":"VimuthM"},"content":"                String hour \u003d datetime[1].replace(\":\", \"\").substring(0, 2);","lastModifiedDate":"2021-08-22"},{"lineNumber":78,"author":{"gitId":"VimuthM"},"content":"                String minute \u003d datetime[1].replace(\":\", \"\").substring(2, 4);","lastModifiedDate":"2021-08-22"},{"lineNumber":79,"author":{"gitId":"VimuthM"},"content":"                LocalTime time \u003d LocalTime.of(Integer.parseInt(hour), Integer.parseInt(minute));","lastModifiedDate":"2021-08-22"},{"lineNumber":80,"author":{"gitId":"VimuthM"},"content":"","lastModifiedDate":"2021-08-22"},{"lineNumber":81,"author":{"gitId":"VimuthM"},"content":"                if (type \u003d\u003d Type.DEADLINE) {","lastModifiedDate":"2021-08-22"},{"lineNumber":82,"author":{"gitId":"VimuthM"},"content":"                    t \u003d new Deadline(split[0].substring(9).trim(), date, time);","lastModifiedDate":"2021-08-22"},{"lineNumber":83,"author":{"gitId":"VimuthM"},"content":"                } else {","lastModifiedDate":"2021-08-22"},{"lineNumber":84,"author":{"gitId":"VimuthM"},"content":"                    t \u003d new Event(split[0].substring(5).trim(), date, time);","lastModifiedDate":"2021-08-22"},{"lineNumber":85,"author":{"gitId":"VimuthM"},"content":"                }","lastModifiedDate":"2021-08-22"},{"lineNumber":86,"author":{"gitId":"VimuthM"},"content":"            } catch (Exception e) {","lastModifiedDate":"2021-08-22"},{"lineNumber":87,"author":{"gitId":"VimuthM"},"content":"                throw new InvalidDateTimeException();","lastModifiedDate":"2021-08-22"},{"lineNumber":88,"author":{"gitId":"VimuthM"},"content":"            }","lastModifiedDate":"2021-08-22"},{"lineNumber":89,"author":{"gitId":"VimuthM"},"content":"        } else {","lastModifiedDate":"2021-08-22"},{"lineNumber":90,"author":{"gitId":"VimuthM"},"content":"            throw new InvalidDateTimeException();","lastModifiedDate":"2021-08-22"},{"lineNumber":91,"author":{"gitId":"VimuthM"},"content":"        }","lastModifiedDate":"2021-08-22"},{"lineNumber":92,"author":{"gitId":"VimuthM"},"content":"        return t;","lastModifiedDate":"2021-08-22"},{"lineNumber":93,"author":{"gitId":"VimuthM"},"content":"    }","lastModifiedDate":"2021-08-22"},{"lineNumber":94,"author":{"gitId":"VimuthM"},"content":"}","lastModifiedDate":"2021-08-22"}],"authorContributionMap":{"VimuthM":94}},{"path":"src/main/java/Storage.java","fileType":"java","lines":[{"lineNumber":1,"author":{"gitId":"VimuthM"},"content":"import java.io.IOException;","lastModifiedDate":"2021-08-22"},{"lineNumber":2,"author":{"gitId":"VimuthM"},"content":"import java.nio.file.Files;","lastModifiedDate":"2021-08-22"},{"lineNumber":3,"author":{"gitId":"VimuthM"},"content":"import java.nio.file.Path;","lastModifiedDate":"2021-08-22"},{"lineNumber":4,"author":{"gitId":"VimuthM"},"content":"import java.nio.file.Paths;","lastModifiedDate":"2021-08-22"},{"lineNumber":5,"author":{"gitId":"VimuthM"},"content":"import java.time.LocalDate;","lastModifiedDate":"2021-08-22"},{"lineNumber":6,"author":{"gitId":"VimuthM"},"content":"import java.time.LocalTime;","lastModifiedDate":"2021-08-22"},{"lineNumber":7,"author":{"gitId":"VimuthM"},"content":"import java.util.ArrayList;","lastModifiedDate":"2021-08-22"},{"lineNumber":8,"author":{"gitId":"VimuthM"},"content":"import java.util.List;","lastModifiedDate":"2021-08-22"},{"lineNumber":9,"author":{"gitId":"VimuthM"},"content":"import java.util.regex.Pattern;","lastModifiedDate":"2021-08-22"},{"lineNumber":10,"author":{"gitId":"VimuthM"},"content":"","lastModifiedDate":"2021-08-22"},{"lineNumber":11,"author":{"gitId":"VimuthM"},"content":"public class Storage {","lastModifiedDate":"2021-08-22"},{"lineNumber":12,"author":{"gitId":"VimuthM"},"content":"","lastModifiedDate":"2021-08-22"},{"lineNumber":13,"author":{"gitId":"VimuthM"},"content":"    private final String filepath;","lastModifiedDate":"2021-08-22"},{"lineNumber":14,"author":{"gitId":"VimuthM"},"content":"","lastModifiedDate":"2021-08-22"},{"lineNumber":15,"author":{"gitId":"VimuthM"},"content":"    Storage(String filepath) {","lastModifiedDate":"2021-08-22"},{"lineNumber":16,"author":{"gitId":"VimuthM"},"content":"        this.filepath \u003d filepath;","lastModifiedDate":"2021-08-22"},{"lineNumber":17,"author":{"gitId":"VimuthM"},"content":"    }","lastModifiedDate":"2021-08-22"},{"lineNumber":18,"author":{"gitId":"VimuthM"},"content":"","lastModifiedDate":"2021-08-22"},{"lineNumber":19,"author":{"gitId":"VimuthM"},"content":"    public ArrayList\u003cTask\u003e load() throws DukeException {","lastModifiedDate":"2021-08-22"},{"lineNumber":20,"author":{"gitId":"VimuthM"},"content":"        String home \u003d System.getProperty(\"user.dir\");","lastModifiedDate":"2021-08-22"},{"lineNumber":21,"author":{"gitId":"VimuthM"},"content":"        Path path \u003d Paths.get(home, this.filepath);","lastModifiedDate":"2021-08-22"},{"lineNumber":22,"author":{"gitId":"VimuthM"},"content":"        boolean directoryExists \u003d Files.exists(path);","lastModifiedDate":"2021-08-22"},{"lineNumber":23,"author":{"gitId":"VimuthM"},"content":"","lastModifiedDate":"2021-08-22"},{"lineNumber":24,"author":{"gitId":"VimuthM"},"content":"        if (directoryExists) {","lastModifiedDate":"2021-08-22"},{"lineNumber":25,"author":{"gitId":"VimuthM"},"content":"            try {","lastModifiedDate":"2021-08-22"},{"lineNumber":26,"author":{"gitId":"VimuthM"},"content":"                List\u003cString\u003e text \u003d Files.readAllLines(path);","lastModifiedDate":"2021-08-22"},{"lineNumber":27,"author":{"gitId":"VimuthM"},"content":"                ArrayList\u003cTask\u003e taskList \u003d new ArrayList\u003c\u003e();","lastModifiedDate":"2021-08-22"},{"lineNumber":28,"author":{"gitId":"VimuthM"},"content":"                for (String x: text) {","lastModifiedDate":"2021-08-22"},{"lineNumber":29,"author":{"gitId":"VimuthM"},"content":"                    String[] data \u003d x.split(Pattern.quote(\" | \"));","lastModifiedDate":"2021-08-22"},{"lineNumber":30,"author":{"gitId":"VimuthM"},"content":"                    Task t;","lastModifiedDate":"2021-08-22"},{"lineNumber":31,"author":{"gitId":"VimuthM"},"content":"                    if (data.length \u003c 2) {","lastModifiedDate":"2021-08-22"},{"lineNumber":32,"author":{"gitId":"VimuthM"},"content":"                        continue;","lastModifiedDate":"2021-08-22"},{"lineNumber":33,"author":{"gitId":"VimuthM"},"content":"                    }","lastModifiedDate":"2021-08-22"},{"lineNumber":34,"author":{"gitId":"VimuthM"},"content":"                    switch (data[1]) {","lastModifiedDate":"2021-08-22"},{"lineNumber":35,"author":{"gitId":"VimuthM"},"content":"                        case \"T\":","lastModifiedDate":"2021-08-22"},{"lineNumber":36,"author":{"gitId":"VimuthM"},"content":"                            t \u003d new ToDo(data[3]);","lastModifiedDate":"2021-08-22"},{"lineNumber":37,"author":{"gitId":"VimuthM"},"content":"                            break;","lastModifiedDate":"2021-08-22"},{"lineNumber":38,"author":{"gitId":"VimuthM"},"content":"                        case \"E\":","lastModifiedDate":"2021-08-22"},{"lineNumber":39,"author":{"gitId":"VimuthM"},"content":"                            LocalDate date \u003d LocalDate.parse(data[4]);","lastModifiedDate":"2021-08-22"},{"lineNumber":40,"author":{"gitId":"VimuthM"},"content":"                            if (data.length \u003d\u003d 5) {","lastModifiedDate":"2021-08-22"},{"lineNumber":41,"author":{"gitId":"VimuthM"},"content":"                                t \u003d new Event(data[3], date);","lastModifiedDate":"2021-08-22"},{"lineNumber":42,"author":{"gitId":"VimuthM"},"content":"                            } else {","lastModifiedDate":"2021-08-22"},{"lineNumber":43,"author":{"gitId":"VimuthM"},"content":"                                String hour \u003d data[5].replace(\":\", \"\").substring(0, 2);","lastModifiedDate":"2021-08-22"},{"lineNumber":44,"author":{"gitId":"VimuthM"},"content":"                                String minute \u003d data[5].replace(\":\", \"\").substring(2, 4);","lastModifiedDate":"2021-08-22"},{"lineNumber":45,"author":{"gitId":"VimuthM"},"content":"                                LocalTime time \u003d LocalTime.of(Integer.parseInt(hour), Integer.parseInt(minute));","lastModifiedDate":"2021-08-22"},{"lineNumber":46,"author":{"gitId":"VimuthM"},"content":"                                t \u003d new Event(data[3], date, time);","lastModifiedDate":"2021-08-22"},{"lineNumber":47,"author":{"gitId":"VimuthM"},"content":"                            }","lastModifiedDate":"2021-08-22"},{"lineNumber":48,"author":{"gitId":"VimuthM"},"content":"                            break;","lastModifiedDate":"2021-08-22"},{"lineNumber":49,"author":{"gitId":"VimuthM"},"content":"                        case \"D\":","lastModifiedDate":"2021-08-22"},{"lineNumber":50,"author":{"gitId":"VimuthM"},"content":"                            LocalDate date2 \u003d LocalDate.parse(data[4]);","lastModifiedDate":"2021-08-22"},{"lineNumber":51,"author":{"gitId":"VimuthM"},"content":"                            if (data.length \u003d\u003d 5) {","lastModifiedDate":"2021-08-22"},{"lineNumber":52,"author":{"gitId":"VimuthM"},"content":"                                t \u003d new Deadline(data[3], date2);","lastModifiedDate":"2021-08-22"},{"lineNumber":53,"author":{"gitId":"VimuthM"},"content":"                            } else {","lastModifiedDate":"2021-08-22"},{"lineNumber":54,"author":{"gitId":"VimuthM"},"content":"                                String hour \u003d data[5].replace(\":\", \"\").substring(0, 2);","lastModifiedDate":"2021-08-22"},{"lineNumber":55,"author":{"gitId":"VimuthM"},"content":"                                String minute \u003d data[5].replace(\":\", \"\").substring(2, 4);","lastModifiedDate":"2021-08-22"},{"lineNumber":56,"author":{"gitId":"VimuthM"},"content":"                                LocalTime time \u003d LocalTime.of(Integer.parseInt(hour), Integer.parseInt(minute));","lastModifiedDate":"2021-08-22"},{"lineNumber":57,"author":{"gitId":"VimuthM"},"content":"                                t \u003d new Deadline(data[3], date2, time);","lastModifiedDate":"2021-08-22"},{"lineNumber":58,"author":{"gitId":"VimuthM"},"content":"                            }","lastModifiedDate":"2021-08-22"},{"lineNumber":59,"author":{"gitId":"VimuthM"},"content":"                            break;","lastModifiedDate":"2021-08-22"},{"lineNumber":60,"author":{"gitId":"VimuthM"},"content":"                        default:","lastModifiedDate":"2021-08-22"},{"lineNumber":61,"author":{"gitId":"VimuthM"},"content":"//                            Invalid task found when loading, skipped!","lastModifiedDate":"2021-08-22"},{"lineNumber":62,"author":{"gitId":"VimuthM"},"content":"                            continue;","lastModifiedDate":"2021-08-22"},{"lineNumber":63,"author":{"gitId":"VimuthM"},"content":"                    }","lastModifiedDate":"2021-08-22"},{"lineNumber":64,"author":{"gitId":"VimuthM"},"content":"","lastModifiedDate":"2021-08-22"},{"lineNumber":65,"author":{"gitId":"VimuthM"},"content":"                    if (data[2].equals(\"1\")) {","lastModifiedDate":"2021-08-22"},{"lineNumber":66,"author":{"gitId":"VimuthM"},"content":"                        t.markAsDone();","lastModifiedDate":"2021-08-22"},{"lineNumber":67,"author":{"gitId":"VimuthM"},"content":"                    }","lastModifiedDate":"2021-08-22"},{"lineNumber":68,"author":{"gitId":"VimuthM"},"content":"                    taskList.add(t);","lastModifiedDate":"2021-08-22"},{"lineNumber":69,"author":{"gitId":"VimuthM"},"content":"                }","lastModifiedDate":"2021-08-22"},{"lineNumber":70,"author":{"gitId":"VimuthM"},"content":"                return taskList;","lastModifiedDate":"2021-08-22"},{"lineNumber":71,"author":{"gitId":"VimuthM"},"content":"            } catch (IOException e) {","lastModifiedDate":"2021-08-22"},{"lineNumber":72,"author":{"gitId":"VimuthM"},"content":"                throw new LoadingError(\"Couldn\u0027t load file :(\");","lastModifiedDate":"2021-08-22"},{"lineNumber":73,"author":{"gitId":"VimuthM"},"content":"            }","lastModifiedDate":"2021-08-22"},{"lineNumber":74,"author":{"gitId":"VimuthM"},"content":"        } else {","lastModifiedDate":"2021-08-22"},{"lineNumber":75,"author":{"gitId":"VimuthM"},"content":"            throw new LoadingError(\"File not found :(\");","lastModifiedDate":"2021-08-22"},{"lineNumber":76,"author":{"gitId":"VimuthM"},"content":"        }","lastModifiedDate":"2021-08-22"},{"lineNumber":77,"author":{"gitId":"VimuthM"},"content":"    }","lastModifiedDate":"2021-08-22"},{"lineNumber":78,"author":{"gitId":"VimuthM"},"content":"","lastModifiedDate":"2021-08-22"},{"lineNumber":79,"author":{"gitId":"VimuthM"},"content":"    public void save(TaskList taskList) {","lastModifiedDate":"2021-08-22"},{"lineNumber":80,"author":{"gitId":"VimuthM"},"content":"        String home \u003d System.getProperty(\"user.dir\");","lastModifiedDate":"2021-08-22"},{"lineNumber":81,"author":{"gitId":"VimuthM"},"content":"        String text \u003d taskList.stringifyTasksForSave();","lastModifiedDate":"2021-08-22"},{"lineNumber":82,"author":{"gitId":"VimuthM"},"content":"        Path path \u003d Paths.get(home, \"data\");","lastModifiedDate":"2021-08-22"},{"lineNumber":83,"author":{"gitId":"VimuthM"},"content":"        boolean directoryExists \u003d Files.exists(path);","lastModifiedDate":"2021-08-22"},{"lineNumber":84,"author":{"gitId":"VimuthM"},"content":"","lastModifiedDate":"2021-08-22"},{"lineNumber":85,"author":{"gitId":"VimuthM"},"content":"        if (!directoryExists) {","lastModifiedDate":"2021-08-22"},{"lineNumber":86,"author":{"gitId":"VimuthM"},"content":"            try {","lastModifiedDate":"2021-08-22"},{"lineNumber":87,"author":{"gitId":"VimuthM"},"content":"                Files.createDirectory(path);","lastModifiedDate":"2021-08-22"},{"lineNumber":88,"author":{"gitId":"VimuthM"},"content":"            } catch (IOException e) {","lastModifiedDate":"2021-08-22"},{"lineNumber":89,"author":{"gitId":"VimuthM"},"content":"                e.printStackTrace();","lastModifiedDate":"2021-08-22"},{"lineNumber":90,"author":{"gitId":"VimuthM"},"content":"            }","lastModifiedDate":"2021-08-22"},{"lineNumber":91,"author":{"gitId":"VimuthM"},"content":"        }","lastModifiedDate":"2021-08-22"},{"lineNumber":92,"author":{"gitId":"VimuthM"},"content":"","lastModifiedDate":"2021-08-22"},{"lineNumber":93,"author":{"gitId":"VimuthM"},"content":"        try {","lastModifiedDate":"2021-08-22"},{"lineNumber":94,"author":{"gitId":"VimuthM"},"content":"            Files.write(Paths.get(home,\"data\", \"taskList.txt\"), text.getBytes());","lastModifiedDate":"2021-08-22"},{"lineNumber":95,"author":{"gitId":"VimuthM"},"content":"        } catch (IOException e) {","lastModifiedDate":"2021-08-22"},{"lineNumber":96,"author":{"gitId":"VimuthM"},"content":"            e.printStackTrace();","lastModifiedDate":"2021-08-22"},{"lineNumber":97,"author":{"gitId":"VimuthM"},"content":"        }","lastModifiedDate":"2021-08-22"},{"lineNumber":98,"author":{"gitId":"VimuthM"},"content":"    }","lastModifiedDate":"2021-08-22"},{"lineNumber":99,"author":{"gitId":"VimuthM"},"content":"}","lastModifiedDate":"2021-08-22"}],"authorContributionMap":{"VimuthM":99}},{"path":"src/main/java/Task.java","fileType":"java","lines":[{"lineNumber":1,"author":{"gitId":"VimuthM"},"content":"public class Task {","lastModifiedDate":"2021-08-14"},{"lineNumber":2,"author":{"gitId":"VimuthM"},"content":"    protected String description;","lastModifiedDate":"2021-08-14"},{"lineNumber":3,"author":{"gitId":"VimuthM"},"content":"    protected boolean isDone;","lastModifiedDate":"2021-08-14"},{"lineNumber":4,"author":{"gitId":"VimuthM"},"content":"","lastModifiedDate":"2021-08-14"},{"lineNumber":5,"author":{"gitId":"VimuthM"},"content":"    public Task(String description) {","lastModifiedDate":"2021-08-14"},{"lineNumber":6,"author":{"gitId":"VimuthM"},"content":"        this.description \u003d description;","lastModifiedDate":"2021-08-14"},{"lineNumber":7,"author":{"gitId":"VimuthM"},"content":"        this.isDone \u003d false;","lastModifiedDate":"2021-08-14"},{"lineNumber":8,"author":{"gitId":"VimuthM"},"content":"    }","lastModifiedDate":"2021-08-14"},{"lineNumber":9,"author":{"gitId":"VimuthM"},"content":"","lastModifiedDate":"2021-08-14"},{"lineNumber":10,"author":{"gitId":"VimuthM"},"content":"    public String getStatusIcon() {","lastModifiedDate":"2021-08-14"},{"lineNumber":11,"author":{"gitId":"VimuthM"},"content":"        return (isDone ? \"X\" : \" \"); // mark done task with X","lastModifiedDate":"2021-08-14"},{"lineNumber":12,"author":{"gitId":"VimuthM"},"content":"    }","lastModifiedDate":"2021-08-14"},{"lineNumber":13,"author":{"gitId":"VimuthM"},"content":"","lastModifiedDate":"2021-08-14"},{"lineNumber":14,"author":{"gitId":"VimuthM"},"content":"    public String getSaveIcon() {","lastModifiedDate":"2021-08-21"},{"lineNumber":15,"author":{"gitId":"VimuthM"},"content":"        return (isDone ? \"1\" : \"0\");","lastModifiedDate":"2021-08-21"},{"lineNumber":16,"author":{"gitId":"VimuthM"},"content":"    }","lastModifiedDate":"2021-08-21"},{"lineNumber":17,"author":{"gitId":"VimuthM"},"content":"","lastModifiedDate":"2021-08-21"},{"lineNumber":18,"author":{"gitId":"VimuthM"},"content":"    @Override","lastModifiedDate":"2021-08-14"},{"lineNumber":19,"author":{"gitId":"VimuthM"},"content":"    public String toString() {","lastModifiedDate":"2021-08-14"},{"lineNumber":20,"author":{"gitId":"VimuthM"},"content":"        return \"[\" + this.getStatusIcon() + \"] \" + this.description;","lastModifiedDate":"2021-08-14"},{"lineNumber":21,"author":{"gitId":"VimuthM"},"content":"    }","lastModifiedDate":"2021-08-14"},{"lineNumber":22,"author":{"gitId":"VimuthM"},"content":"","lastModifiedDate":"2021-08-14"},{"lineNumber":23,"author":{"gitId":"VimuthM"},"content":"    public void markAsDone() {","lastModifiedDate":"2021-08-14"},{"lineNumber":24,"author":{"gitId":"VimuthM"},"content":"        this.isDone \u003d true;","lastModifiedDate":"2021-08-14"},{"lineNumber":25,"author":{"gitId":"VimuthM"},"content":"    }","lastModifiedDate":"2021-08-14"},{"lineNumber":26,"author":{"gitId":"VimuthM"},"content":"","lastModifiedDate":"2021-08-21"},{"lineNumber":27,"author":{"gitId":"VimuthM"},"content":"    public String toSaveString() {","lastModifiedDate":"2021-08-21"},{"lineNumber":28,"author":{"gitId":"VimuthM"},"content":"        return this.getSaveIcon() + \" | \" + this.description;","lastModifiedDate":"2021-08-21"},{"lineNumber":29,"author":{"gitId":"VimuthM"},"content":"    }","lastModifiedDate":"2021-08-21"},{"lineNumber":30,"author":{"gitId":"VimuthM"},"content":"}","lastModifiedDate":"2021-08-14"}],"authorContributionMap":{"VimuthM":30}},{"path":"src/main/java/TaskList.java","fileType":"java","lines":[{"lineNumber":1,"author":{"gitId":"VimuthM"},"content":"import java.util.ArrayList;","lastModifiedDate":"2021-08-22"},{"lineNumber":2,"author":{"gitId":"VimuthM"},"content":"","lastModifiedDate":"2021-08-22"},{"lineNumber":3,"author":{"gitId":"VimuthM"},"content":"public class TaskList {","lastModifiedDate":"2021-08-22"},{"lineNumber":4,"author":{"gitId":"VimuthM"},"content":"","lastModifiedDate":"2021-08-22"},{"lineNumber":5,"author":{"gitId":"VimuthM"},"content":"    private ArrayList\u003cTask\u003e taskList;","lastModifiedDate":"2021-08-22"},{"lineNumber":6,"author":{"gitId":"VimuthM"},"content":"","lastModifiedDate":"2021-08-22"},{"lineNumber":7,"author":{"gitId":"VimuthM"},"content":"    private enum Format {","lastModifiedDate":"2021-08-22"},{"lineNumber":8,"author":{"gitId":"VimuthM"},"content":"        LIST,","lastModifiedDate":"2021-08-22"},{"lineNumber":9,"author":{"gitId":"VimuthM"},"content":"        SAVE","lastModifiedDate":"2021-08-22"},{"lineNumber":10,"author":{"gitId":"VimuthM"},"content":"    }","lastModifiedDate":"2021-08-22"},{"lineNumber":11,"author":{"gitId":"VimuthM"},"content":"","lastModifiedDate":"2021-08-22"},{"lineNumber":12,"author":{"gitId":"VimuthM"},"content":"    TaskList() {","lastModifiedDate":"2021-08-22"},{"lineNumber":13,"author":{"gitId":"VimuthM"},"content":"        this.taskList \u003d new ArrayList\u003c\u003e();","lastModifiedDate":"2021-08-22"},{"lineNumber":14,"author":{"gitId":"VimuthM"},"content":"    }","lastModifiedDate":"2021-08-22"},{"lineNumber":15,"author":{"gitId":"VimuthM"},"content":"","lastModifiedDate":"2021-08-22"},{"lineNumber":16,"author":{"gitId":"VimuthM"},"content":"    TaskList(ArrayList\u003cTask\u003e taskList) {","lastModifiedDate":"2021-08-22"},{"lineNumber":17,"author":{"gitId":"VimuthM"},"content":"        this.taskList \u003d taskList;","lastModifiedDate":"2021-08-22"},{"lineNumber":18,"author":{"gitId":"VimuthM"},"content":"    }","lastModifiedDate":"2021-08-22"},{"lineNumber":19,"author":{"gitId":"VimuthM"},"content":"","lastModifiedDate":"2021-08-22"},{"lineNumber":20,"author":{"gitId":"VimuthM"},"content":"    public String stringifyTasksForList() {","lastModifiedDate":"2021-08-22"},{"lineNumber":21,"author":{"gitId":"VimuthM"},"content":"        return this.stringify(Format.LIST);","lastModifiedDate":"2021-08-22"},{"lineNumber":22,"author":{"gitId":"VimuthM"},"content":"    }","lastModifiedDate":"2021-08-22"},{"lineNumber":23,"author":{"gitId":"VimuthM"},"content":"","lastModifiedDate":"2021-08-22"},{"lineNumber":24,"author":{"gitId":"VimuthM"},"content":"    public String stringifyTasksForSave() {","lastModifiedDate":"2021-08-22"},{"lineNumber":25,"author":{"gitId":"VimuthM"},"content":"        return this.stringify(Format.SAVE);","lastModifiedDate":"2021-08-22"},{"lineNumber":26,"author":{"gitId":"VimuthM"},"content":"    }","lastModifiedDate":"2021-08-22"},{"lineNumber":27,"author":{"gitId":"VimuthM"},"content":"","lastModifiedDate":"2021-08-22"},{"lineNumber":28,"author":{"gitId":"VimuthM"},"content":"    private String stringify(Format format) {","lastModifiedDate":"2021-08-22"},{"lineNumber":29,"author":{"gitId":"VimuthM"},"content":"        if (this.taskList.size() \u003d\u003d 0) {","lastModifiedDate":"2021-08-22"},{"lineNumber":30,"author":{"gitId":"VimuthM"},"content":"            return \"No tasks added yet!\";","lastModifiedDate":"2021-08-22"},{"lineNumber":31,"author":{"gitId":"VimuthM"},"content":"        }","lastModifiedDate":"2021-08-22"},{"lineNumber":32,"author":{"gitId":"VimuthM"},"content":"        StringBuilder res \u003d new StringBuilder();","lastModifiedDate":"2021-08-22"},{"lineNumber":33,"author":{"gitId":"VimuthM"},"content":"        for (int i \u003d 0; i \u003c this.taskList.size(); i++) {","lastModifiedDate":"2021-08-22"},{"lineNumber":34,"author":{"gitId":"VimuthM"},"content":"            Task t \u003d this.taskList.get(i);","lastModifiedDate":"2021-08-22"},{"lineNumber":35,"author":{"gitId":"VimuthM"},"content":"            res.append(i + 1).append(\". \").append(","lastModifiedDate":"2021-08-22"},{"lineNumber":36,"author":{"gitId":"VimuthM"},"content":"                    format \u003d\u003d Format.LIST ? t.toString() : t.toSaveString()","lastModifiedDate":"2021-08-22"},{"lineNumber":37,"author":{"gitId":"VimuthM"},"content":"            ).append(\"\\n\");","lastModifiedDate":"2021-08-22"},{"lineNumber":38,"author":{"gitId":"VimuthM"},"content":"        }","lastModifiedDate":"2021-08-22"},{"lineNumber":39,"author":{"gitId":"VimuthM"},"content":"        return res.substring(0, res.length() - 1);","lastModifiedDate":"2021-08-22"},{"lineNumber":40,"author":{"gitId":"VimuthM"},"content":"    }","lastModifiedDate":"2021-08-22"},{"lineNumber":41,"author":{"gitId":"VimuthM"},"content":"","lastModifiedDate":"2021-08-22"},{"lineNumber":42,"author":{"gitId":"VimuthM"},"content":"    public int size() {","lastModifiedDate":"2021-08-22"},{"lineNumber":43,"author":{"gitId":"VimuthM"},"content":"        return this.taskList.size();","lastModifiedDate":"2021-08-22"},{"lineNumber":44,"author":{"gitId":"VimuthM"},"content":"    }","lastModifiedDate":"2021-08-22"},{"lineNumber":45,"author":{"gitId":"VimuthM"},"content":"","lastModifiedDate":"2021-08-22"},{"lineNumber":46,"author":{"gitId":"VimuthM"},"content":"    public Task get(int x) {","lastModifiedDate":"2021-08-22"},{"lineNumber":47,"author":{"gitId":"VimuthM"},"content":"        return this.taskList.get(x);","lastModifiedDate":"2021-08-22"},{"lineNumber":48,"author":{"gitId":"VimuthM"},"content":"    }","lastModifiedDate":"2021-08-22"},{"lineNumber":49,"author":{"gitId":"VimuthM"},"content":"","lastModifiedDate":"2021-08-22"},{"lineNumber":50,"author":{"gitId":"VimuthM"},"content":"    public Task remove(int x) {","lastModifiedDate":"2021-08-22"},{"lineNumber":51,"author":{"gitId":"VimuthM"},"content":"        return this.taskList.remove(x);","lastModifiedDate":"2021-08-22"},{"lineNumber":52,"author":{"gitId":"VimuthM"},"content":"    }","lastModifiedDate":"2021-08-22"},{"lineNumber":53,"author":{"gitId":"VimuthM"},"content":"","lastModifiedDate":"2021-08-22"},{"lineNumber":54,"author":{"gitId":"VimuthM"},"content":"    public boolean add(Task t) {","lastModifiedDate":"2021-08-22"},{"lineNumber":55,"author":{"gitId":"VimuthM"},"content":"        return this.taskList.add(t);","lastModifiedDate":"2021-08-22"},{"lineNumber":56,"author":{"gitId":"VimuthM"},"content":"    }","lastModifiedDate":"2021-08-22"},{"lineNumber":57,"author":{"gitId":"VimuthM"},"content":"}","lastModifiedDate":"2021-08-22"}],"authorContributionMap":{"VimuthM":57}},{"path":"src/main/java/ToDo.java","fileType":"java","lines":[{"lineNumber":1,"author":{"gitId":"VimuthM"},"content":"public class ToDo extends Task {","lastModifiedDate":"2021-08-14"},{"lineNumber":2,"author":{"gitId":"VimuthM"},"content":"","lastModifiedDate":"2021-08-14"},{"lineNumber":3,"author":{"gitId":"VimuthM"},"content":"    public ToDo (String description) {","lastModifiedDate":"2021-08-14"},{"lineNumber":4,"author":{"gitId":"VimuthM"},"content":"        super(description);","lastModifiedDate":"2021-08-14"},{"lineNumber":5,"author":{"gitId":"VimuthM"},"content":"    }","lastModifiedDate":"2021-08-14"},{"lineNumber":6,"author":{"gitId":"VimuthM"},"content":"","lastModifiedDate":"2021-08-14"},{"lineNumber":7,"author":{"gitId":"VimuthM"},"content":"    @Override","lastModifiedDate":"2021-08-14"},{"lineNumber":8,"author":{"gitId":"VimuthM"},"content":"    public String toString() {","lastModifiedDate":"2021-08-14"},{"lineNumber":9,"author":{"gitId":"VimuthM"},"content":"        return \"[T]\" + super.toString();","lastModifiedDate":"2021-08-14"},{"lineNumber":10,"author":{"gitId":"VimuthM"},"content":"    }","lastModifiedDate":"2021-08-14"},{"lineNumber":11,"author":{"gitId":"VimuthM"},"content":"","lastModifiedDate":"2021-08-21"},{"lineNumber":12,"author":{"gitId":"VimuthM"},"content":"    @Override","lastModifiedDate":"2021-08-21"},{"lineNumber":13,"author":{"gitId":"VimuthM"},"content":"    public String toSaveString() {","lastModifiedDate":"2021-08-21"},{"lineNumber":14,"author":{"gitId":"VimuthM"},"content":"        return \"| T\" + \" | \" + super.toSaveString();","lastModifiedDate":"2021-08-21"},{"lineNumber":15,"author":{"gitId":"VimuthM"},"content":"    }","lastModifiedDate":"2021-08-21"},{"lineNumber":16,"author":{"gitId":"VimuthM"},"content":"}","lastModifiedDate":"2021-08-14"}],"authorContributionMap":{"VimuthM":16}},{"path":"src/main/java/Ui.java","fileType":"java","lines":[{"lineNumber":1,"author":{"gitId":"VimuthM"},"content":"import java.util.Scanner;","lastModifiedDate":"2021-08-22"},{"lineNumber":2,"author":{"gitId":"VimuthM"},"content":"","lastModifiedDate":"2021-08-22"},{"lineNumber":3,"author":{"gitId":"VimuthM"},"content":"public class Ui {","lastModifiedDate":"2021-08-22"},{"lineNumber":4,"author":{"gitId":"VimuthM"},"content":"    private static final String welcomeMessage \u003d \"\\n\\tHi! I\u0027m Herbert, you can call me Herb  ٩(˘◡˘)۶\\n\"","lastModifiedDate":"2021-08-22"},{"lineNumber":5,"author":{"gitId":"VimuthM"},"content":"            + \"\\tHow can I help you?\\n\\n\"","lastModifiedDate":"2021-08-22"},{"lineNumber":6,"author":{"gitId":"VimuthM"},"content":"            + \"\\tYou can type:\\n\"","lastModifiedDate":"2021-08-22"},{"lineNumber":7,"author":{"gitId":"VimuthM"},"content":"            + \"\\t\\t `list` to get a list of tasks\\n\"","lastModifiedDate":"2021-08-22"},{"lineNumber":8,"author":{"gitId":"VimuthM"},"content":"            + \"\\t\\t `todo ${item}` to add a todo\\n\"","lastModifiedDate":"2021-08-22"},{"lineNumber":9,"author":{"gitId":"VimuthM"},"content":"            + \"\\t\\t `deadline ${item} /by ${time}` to add a deadline\\n\"","lastModifiedDate":"2021-08-22"},{"lineNumber":10,"author":{"gitId":"VimuthM"},"content":"            + \"\\t\\t `event ${item} /at ${time}` to add an event\\n\"","lastModifiedDate":"2021-08-22"},{"lineNumber":11,"author":{"gitId":"VimuthM"},"content":"            + \"\\t\\t `done ${i}` to mark task i as completed\\n\"","lastModifiedDate":"2021-08-22"},{"lineNumber":12,"author":{"gitId":"VimuthM"},"content":"            + \"\\t\\t `delete ${i}` to delete task i\\n\"","lastModifiedDate":"2021-08-22"},{"lineNumber":13,"author":{"gitId":"VimuthM"},"content":"            + \"\\t\\t `bye` to end this chat\\n\";","lastModifiedDate":"2021-08-22"},{"lineNumber":14,"author":{"gitId":"VimuthM"},"content":"    private static final String endMessage \u003d \"\\n\\tSad to see you go :(\\n\\t...shutting down...\";","lastModifiedDate":"2021-08-22"},{"lineNumber":15,"author":{"gitId":"VimuthM"},"content":"    private final Scanner sc;","lastModifiedDate":"2021-08-22"},{"lineNumber":16,"author":{"gitId":"VimuthM"},"content":"","lastModifiedDate":"2021-08-22"},{"lineNumber":17,"author":{"gitId":"VimuthM"},"content":"    Ui () {","lastModifiedDate":"2021-08-22"},{"lineNumber":18,"author":{"gitId":"VimuthM"},"content":"        this.sc \u003d new Scanner(System.in);","lastModifiedDate":"2021-08-22"},{"lineNumber":19,"author":{"gitId":"VimuthM"},"content":"    }","lastModifiedDate":"2021-08-22"},{"lineNumber":20,"author":{"gitId":"VimuthM"},"content":"    private static String wrapOutput(String s) {","lastModifiedDate":"2021-08-22"},{"lineNumber":21,"author":{"gitId":"VimuthM"},"content":"        // Align list items properly","lastModifiedDate":"2021-08-22"},{"lineNumber":22,"author":{"gitId":"VimuthM"},"content":"        // Adapted regex from https://stackoverflow.com/questions/15888934/how-to-indent-a-multi-line-paragraph-being-written-to-the-console-in-java","lastModifiedDate":"2021-08-22"},{"lineNumber":23,"author":{"gitId":"VimuthM"},"content":"","lastModifiedDate":"2021-08-22"},{"lineNumber":24,"author":{"gitId":"VimuthM"},"content":"        String mstr \u003d s.replaceAll(\"(?m)^\", \"\\t\\t\\t \");","lastModifiedDate":"2021-08-22"},{"lineNumber":25,"author":{"gitId":"VimuthM"},"content":"        return \"\\n\\t@Herb:~$\" + mstr.substring(3) + \"\\n\";","lastModifiedDate":"2021-08-22"},{"lineNumber":26,"author":{"gitId":"VimuthM"},"content":"    }","lastModifiedDate":"2021-08-22"},{"lineNumber":27,"author":{"gitId":"VimuthM"},"content":"","lastModifiedDate":"2021-08-22"},{"lineNumber":28,"author":{"gitId":"VimuthM"},"content":"    public void showWelcome() {","lastModifiedDate":"2021-08-22"},{"lineNumber":29,"author":{"gitId":"VimuthM"},"content":"        System.out.println(wrapOutput(welcomeMessage));","lastModifiedDate":"2021-08-22"},{"lineNumber":30,"author":{"gitId":"VimuthM"},"content":"    }","lastModifiedDate":"2021-08-22"},{"lineNumber":31,"author":{"gitId":"VimuthM"},"content":"","lastModifiedDate":"2021-08-22"},{"lineNumber":32,"author":{"gitId":"VimuthM"},"content":"    public void sayBye() {","lastModifiedDate":"2021-08-22"},{"lineNumber":33,"author":{"gitId":"VimuthM"},"content":"        System.out.println(endMessage);","lastModifiedDate":"2021-08-22"},{"lineNumber":34,"author":{"gitId":"VimuthM"},"content":"    }","lastModifiedDate":"2021-08-22"},{"lineNumber":35,"author":{"gitId":"VimuthM"},"content":"","lastModifiedDate":"2021-08-22"},{"lineNumber":36,"author":{"gitId":"VimuthM"},"content":"    public void showLoadingError(String error) {","lastModifiedDate":"2021-08-22"},{"lineNumber":37,"author":{"gitId":"VimuthM"},"content":"        System.out.println(error);","lastModifiedDate":"2021-08-22"},{"lineNumber":38,"author":{"gitId":"VimuthM"},"content":"    }","lastModifiedDate":"2021-08-22"},{"lineNumber":39,"author":{"gitId":"VimuthM"},"content":"","lastModifiedDate":"2021-08-22"},{"lineNumber":40,"author":{"gitId":"VimuthM"},"content":"    public void showError(String error) {","lastModifiedDate":"2021-08-22"},{"lineNumber":41,"author":{"gitId":"VimuthM"},"content":"        System.out.println(wrapOutput(error));","lastModifiedDate":"2021-08-22"},{"lineNumber":42,"author":{"gitId":"VimuthM"},"content":"    }","lastModifiedDate":"2021-08-22"},{"lineNumber":43,"author":{"gitId":"VimuthM"},"content":"","lastModifiedDate":"2021-08-22"},{"lineNumber":44,"author":{"gitId":"VimuthM"},"content":"    public void print(String message) {","lastModifiedDate":"2021-08-22"},{"lineNumber":45,"author":{"gitId":"VimuthM"},"content":"        System.out.println(wrapOutput(message));","lastModifiedDate":"2021-08-22"},{"lineNumber":46,"author":{"gitId":"VimuthM"},"content":"    }","lastModifiedDate":"2021-08-22"},{"lineNumber":47,"author":{"gitId":"VimuthM"},"content":"","lastModifiedDate":"2021-08-22"},{"lineNumber":48,"author":{"gitId":"VimuthM"},"content":"    public String readCommand() {","lastModifiedDate":"2021-08-22"},{"lineNumber":49,"author":{"gitId":"VimuthM"},"content":"        System.out.print(\"--\u003e \");","lastModifiedDate":"2021-08-22"},{"lineNumber":50,"author":{"gitId":"VimuthM"},"content":"        return this.sc.nextLine();","lastModifiedDate":"2021-08-22"},{"lineNumber":51,"author":{"gitId":"VimuthM"},"content":"    }","lastModifiedDate":"2021-08-22"},{"lineNumber":52,"author":{"gitId":"VimuthM"},"content":"}","lastModifiedDate":"2021-08-22"}],"authorContributionMap":{"VimuthM":52}},{"path":"text-ui-test/input.txt","fileType":"txt","lines":[{"lineNumber":1,"author":{"gitId":"VimuthM"},"content":"todo complete IP","lastModifiedDate":"2021-08-15"},{"lineNumber":2,"author":{"gitId":"VimuthM"},"content":"list","lastModifiedDate":"2021-08-15"},{"lineNumber":3,"author":{"gitId":"VimuthM"},"content":"deadline presentation for hackers /by Thursday","lastModifiedDate":"2021-08-15"},{"lineNumber":4,"author":{"gitId":"VimuthM"},"content":"event meeting /at COM1 4-6pm","lastModifiedDate":"2021-08-15"},{"lineNumber":5,"author":{"gitId":"VimuthM"},"content":"todo prep for lesson 3","lastModifiedDate":"2021-08-15"},{"lineNumber":6,"author":{"gitId":"VimuthM"},"content":"todo","lastModifiedDate":"2021-08-15"},{"lineNumber":7,"author":{"gitId":"VimuthM"},"content":"todo","lastModifiedDate":"2021-08-15"},{"lineNumber":8,"author":{"gitId":"VimuthM"},"content":"event conference /at","lastModifiedDate":"2021-08-15"},{"lineNumber":9,"author":{"gitId":"VimuthM"},"content":"deadline submission friday","lastModifiedDate":"2021-08-15"},{"lineNumber":10,"author":{"gitId":"VimuthM"},"content":"Hi","lastModifiedDate":"2021-08-15"},{"lineNumber":11,"author":{"gitId":"VimuthM"},"content":"list","lastModifiedDate":"2021-08-15"},{"lineNumber":12,"author":{"gitId":"VimuthM"},"content":"done 0","lastModifiedDate":"2021-08-15"},{"lineNumber":13,"author":{"gitId":"VimuthM"},"content":"done 7","lastModifiedDate":"2021-08-15"},{"lineNumber":14,"author":{"gitId":"VimuthM"},"content":"done hehe","lastModifiedDate":"2021-08-15"},{"lineNumber":15,"author":{"gitId":"VimuthM"},"content":"done 2","lastModifiedDate":"2021-08-15"},{"lineNumber":16,"author":{"gitId":"VimuthM"},"content":"done 4","lastModifiedDate":"2021-08-15"},{"lineNumber":17,"author":{"gitId":"VimuthM"},"content":"delete him","lastModifiedDate":"2021-08-15"},{"lineNumber":18,"author":{"gitId":"VimuthM"},"content":"delete 1","lastModifiedDate":"2021-08-15"},{"lineNumber":19,"author":{"gitId":"VimuthM"},"content":"delete 100","lastModifiedDate":"2021-08-15"},{"lineNumber":20,"author":{"gitId":"VimuthM"},"content":"delete","lastModifiedDate":"2021-08-15"},{"lineNumber":21,"author":{"gitId":"VimuthM"},"content":"list","lastModifiedDate":"2021-08-15"},{"lineNumber":22,"author":{"gitId":"VimuthM"},"content":"bye","lastModifiedDate":"2021-08-15"}],"authorContributionMap":{"VimuthM":22}},{"path":"text-ui-test/runtest.bat","fileType":"bat","lines":[{"lineNumber":1,"author":{"gitId":"-"},"content":"@ECHO OFF","lastModifiedDate":"2020-05-25"},{"lineNumber":2,"author":{"gitId":"-"},"content":"","lastModifiedDate":"2020-05-25"},{"lineNumber":3,"author":{"gitId":"-"},"content":"REM create bin directory if it doesn\u0027t exist","lastModifiedDate":"2020-05-25"},{"lineNumber":4,"author":{"gitId":"-"},"content":"if not exist ..\\bin mkdir ..\\bin","lastModifiedDate":"2020-05-25"},{"lineNumber":5,"author":{"gitId":"-"},"content":"","lastModifiedDate":"2020-05-25"},{"lineNumber":6,"author":{"gitId":"-"},"content":"REM delete output from previous run","lastModifiedDate":"2020-05-25"},{"lineNumber":7,"author":{"gitId":"-"},"content":"if exist ACTUAL.TXT del ACTUAL.TXT","lastModifiedDate":"2020-08-25"},{"lineNumber":8,"author":{"gitId":"-"},"content":"","lastModifiedDate":"2020-05-25"},{"lineNumber":9,"author":{"gitId":"-"},"content":"REM compile the code into the bin folder","lastModifiedDate":"2020-05-25"},{"lineNumber":10,"author":{"gitId":"VimuthM"},"content":"javac  -cp ../src/main/java -Xlint:none -d ../bin ../src/main/java/*.java","lastModifiedDate":"2021-08-15"},{"lineNumber":11,"author":{"gitId":"-"},"content":"IF ERRORLEVEL 1 (","lastModifiedDate":"2020-05-25"},{"lineNumber":12,"author":{"gitId":"-"},"content":"    echo ********** BUILD FAILURE **********","lastModifiedDate":"2020-05-25"},{"lineNumber":13,"author":{"gitId":"-"},"content":"    exit /b 1","lastModifiedDate":"2020-05-25"},{"lineNumber":14,"author":{"gitId":"-"},"content":")","lastModifiedDate":"2020-05-25"},{"lineNumber":15,"author":{"gitId":"-"},"content":"REM no error here, errorlevel \u003d\u003d 0","lastModifiedDate":"2020-05-25"},{"lineNumber":16,"author":{"gitId":"-"},"content":"","lastModifiedDate":"2020-05-25"},{"lineNumber":17,"author":{"gitId":"-"},"content":"REM run the program, feed commands from input.txt file and redirect the output to the ACTUAL.TXT","lastModifiedDate":"2020-05-25"},{"lineNumber":18,"author":{"gitId":"-"},"content":"java -classpath ..\\bin Duke \u003c input.txt \u003e ACTUAL.TXT","lastModifiedDate":"2020-05-25"},{"lineNumber":19,"author":{"gitId":"-"},"content":"","lastModifiedDate":"2020-05-25"},{"lineNumber":20,"author":{"gitId":"-"},"content":"REM compare the output to the expected output","lastModifiedDate":"2020-05-25"},{"lineNumber":21,"author":{"gitId":"-"},"content":"FC ACTUAL.TXT EXPECTED.TXT","lastModifiedDate":"2020-05-25"}],"authorContributionMap":{"-":20,"VimuthM":1}}]
