{"authorDailyContributionsMap":{"VimuthM":[{"date":"2021-08-14","commitResults":[{"hash":"dbb8d0783a3481f57177ed6f8918b7da906b9c74","messageTitle":"Add greet, echo, exit","messageBody":"","tags":["Level-1"],"fileTypesAndContributionMap":{"java":{"insertions":23,"deletions":6}}},{"hash":"c4d0ff05f5e1f19ecfc4176668b3cd3548e6ac3f","messageTitle":"Add listing functionality","messageBody":"","tags":["Level-2"],"fileTypesAndContributionMap":{"java":{"insertions":25,"deletions":4}}},{"hash":"d634bf6a69c024247b8396daf5b6fddf959cd1c3","messageTitle":"Add task completion","messageBody":"","fileTypesAndContributionMap":{"java":{"insertions":54,"deletions":7}}},{"hash":"fc9b2ba6ed95b16f4ce716db57ee5fe34ef723e9","messageTitle":"Implement toString method for Task","messageBody":"","tags":["Level-3"],"fileTypesAndContributionMap":{"java":{"insertions":7,"deletions":6}}},{"hash":"46f485478cefe2de9241c5139108092c765b6cad","messageTitle":"Add sub tasks","messageBody":"","fileTypesAndContributionMap":{"java":{"insertions":99,"deletions":4}}}]},{"date":"2021-08-15","commitResults":[{"hash":"bbeeb54699b5153a575b3ab11909043418e39bc8","messageTitle":"Improve splitting","messageBody":"","tags":["Level-4"],"fileTypesAndContributionMap":{"java":{"insertions":4,"deletions":27}}},{"hash":"4ea43bfd60c07ab02b1621b180154cb227143b72","messageTitle":"Add input.txt and expected.txt for testing","messageBody":"","tags":["A-TextUiTesting"],"fileTypesAndContributionMap":{"txt":{"insertions":13,"deletions":0},"bat":{"insertions":1,"deletions":1}}},{"hash":"bad03ec4f2eefe3abec825fcbf16a196ac368fc9","messageTitle":"Add error handling","messageBody":"","fileTypesAndContributionMap":{"java":{"insertions":104,"deletions":53}}},{"hash":"82a8253f40a918b9217e73c4830635f12efc8ac5","messageTitle":"Add testing for errors","messageBody":"","tags":["Level-5"],"fileTypesAndContributionMap":{"txt":{"insertions":5,"deletions":0}}},{"hash":"07d6c3f5b3db0283d4e868b70568b1acec1332cb","messageTitle":"Add delete functionality","messageBody":"","tags":["Level-6"],"fileTypesAndContributionMap":{"txt":{"insertions":4,"deletions":0},"java":{"insertions":31,"deletions":0}}},{"hash":"0ee6a07ed353df1cc093e8a2a44408b6d8a08ebd","messageTitle":"Add command enum","messageBody":"","tags":["A-Enums"],"fileTypesAndContributionMap":{"java":{"insertions":39,"deletions":44}}}]},{"date":"2021-08-21","commitResults":[{"hash":"aeabba8fdaae1f652d18d9becfbd76cab436b5bd","messageTitle":"Add save and load features","messageBody":"","fileTypesAndContributionMap":{"txt":{"insertions":4,"deletions":0},"java":{"insertions":114,"deletions":10}}}]},{"date":"2021-08-22","commitResults":[{"hash":"1df2cad7a8b17158fa0f2d49f1d3b856afa754e5","messageTitle":"Add date time handling","messageBody":"","fileTypesAndContributionMap":{"java":{"insertions":94,"deletions":10}}},{"hash":"9561935099cbc7e4545534749b2fb1bfd62e24d4","messageTitle":"Add Ui, Storage, Parser, TaskList and Command Classes","messageBody":"","tags":["A-MoreOOP"],"fileTypesAndContributionMap":{"java":{"insertions":438,"deletions":274}}}]},{"date":"2021-08-23","commitResults":[{"hash":"fc40b73e9031678a4148e9de1c13a098bc3061ba","messageTitle":"Create packages","messageBody":"","tags":["A-Packages"],"fileTypesAndContributionMap":{"txt":{"insertions":8,"deletions":2},"java":{"insertions":151,"deletions":54}}}]}]},"authorFileTypeContributionMap":{"VimuthM":{"java":720,"md":0,"fxml":0,"sh":0,"bat":1,"gradle":0,"txt":29}},"authorContributionVariance":{"VimuthM":46182.617},"authorDisplayNameMap":{"VimuthM":"CS2103T-T15-4 DINA..NDIS"}}
