{"authorDailyContributionsMap":{"dt-td":[{"date":"2021-08-18","commitResults":[{"hash":"feee88c4c1f0928a4767132f8b9ef0cbc61e01eb","messageTitle":"Add Level-1","messageBody":"","tags":["Level-1"],"fileTypesAndContributionMap":{"java":{"insertions":41,"deletions":6}}},{"hash":"fc1f3e431032b53abb929a6d7c2ee49b6295bf87","messageTitle":"Add Level-2","messageBody":"","tags":["Level-2"],"fileTypesAndContributionMap":{"java":{"insertions":30,"deletions":17}}},{"hash":"d71652ba3a9390101a16ac1091308ba624af1f62","messageTitle":"Add Level-3","messageBody":"","tags":["Level-3","A-Classes"],"fileTypesAndContributionMap":{"java":{"insertions":41,"deletions":4}}},{"hash":"ace90e14181661056f12b2f67d2aef1ca7c0b3c7","messageTitle":"Add Level-4","messageBody":"","tags":["Level-4","A-Inheritance"],"fileTypesAndContributionMap":{"java":{"insertions":66,"deletions":7}}},{"hash":"d0d2e9861dc277a032bd7212763bd17ee2228fb0","messageTitle":"Add A-TextUiTesting","messageBody":"","tags":["A-TextUiTesting"],"fileTypesAndContributionMap":{"txt":{"insertions":10,"deletions":0},"java":{"insertions":1,"deletions":6}}},{"hash":"95782e8f01a8709124635bf93531091d0bdf449e","messageTitle":"Add Level-5","messageBody":"","tags":["Level-5","A-Exceptions"],"fileTypesAndContributionMap":{"java":{"insertions":32,"deletions":7}}},{"hash":"a82a68837d49cab4361be51dc64a26bdc814ca36","messageTitle":"Add Level-6","messageBody":"","tags":["Level-6","A-Collections"],"fileTypesAndContributionMap":{"java":{"insertions":49,"deletions":36}}}]},{"date":"2021-08-22","commitResults":[{"hash":"bf90d76fe3eb7196f1358444646586d7cc43f89a","messageTitle":"Add Level-7","messageBody":"","tags":["Level-7"],"fileTypesAndContributionMap":{"java":{"insertions":249,"deletions":68}}},{"hash":"8d1d8e17bfadd89ee0eb9a360568f5d0f5ce7499","messageTitle":"Add Level-8","messageBody":"","tags":["Level-8"],"fileTypesAndContributionMap":{"java":{"insertions":73,"deletions":14}}}]},{"date":"2021-08-23","commitResults":[{"hash":"525c9f0d4a2b110383d4748e4e92c910650bee40","messageTitle":"A-MoreOOP","messageBody":"","tags":["A-MoreOOP"],"fileTypesAndContributionMap":{"java":{"insertions":447,"deletions":308}}}]},{"date":"2021-08-24","commitResults":[{"hash":"9aaa29cc4089254d371a778790e8687c2fa7d3d6","messageTitle":"Add A-Packages","messageBody":"","fileTypesAndContributionMap":{"java":{"insertions":0,"deletions":566}}},{"hash":"218e777f7ee05bc74c01518fad6ad856e4f45f12","messageTitle":"Add A-Packages","messageBody":"","tags":["A-Packages"],"fileTypesAndContributionMap":{"java":{"insertions":623,"deletions":0}}}]},{"date":"2021-08-25","commitResults":[{"hash":"6888f4a53eeab52184cca7dc32d625d7cab440e7","messageTitle":"Add J-Unit","messageBody":"","tags":["A-Jar","A-JUnit"],"fileTypesAndContributionMap":{"java":{"insertions":402,"deletions":87}}},{"hash":"f95c6bc10699421e7ee1fe8b90910ee0ec173478","messageTitle":"A-JavaDoc","messageBody":"","tags":["A-JavaDoc"],"fileTypesAndContributionMap":{"java":{"insertions":6,"deletions":2}}},{"hash":"ff635cfc383953265474e6684eaf1a157246a242","messageTitle":"A-CodingStandard","messageBody":"","fileTypesAndContributionMap":{"java":{"insertions":24,"deletions":18}}},{"hash":"231e15daf0adcc4080784ae52604cff5301e43ae","messageTitle":"Add Level-9","messageBody":"","fileTypesAndContributionMap":{"txt":{"insertions":2,"deletions":0},"java":{"insertions":72,"deletions":37}}},{"hash":"7d5022a4c28d7cf19950aeee7ad44357d07d1df6","messageTitle":"Cleaned up code","messageBody":"","fileTypesAndContributionMap":{"java":{"insertions":3,"deletions":3}}}]},{"date":"2021-08-28","commitResults":[{"hash":"6317839a41cb98f64e28602189aa9714b2fecf72","messageTitle":"Cleaned up code","messageBody":"","fileTypesAndContributionMap":{"java":{"insertions":31,"deletions":31}}},{"hash":"319d491bdbe3ad8930d1eefe93535c3a10e83a65","messageTitle":"Add A-Gradle","messageBody":"","tags":["A-Gradle"],"fileTypesAndContributionMap":{"gradle":{"insertions":1,"deletions":1}}},{"hash":"d717282043e13fca5053b8a4ded4311ed5fa0e3d","messageTitle":"Add A-CheckStyle","messageBody":"","tags":["A-CheckStyle"],"fileTypesAndContributionMap":{"java":{"insertions":99,"deletions":71}}}]},{"date":"2021-08-30","commitResults":[{"hash":"443c6efc6fb8e40cacedbc2652aec13ae80ea1bf","messageTitle":"Add Level-10","messageBody":"","tags":["Level-10"],"fileTypesAndContributionMap":{"gradle":{"insertions":15,"deletions":0},"txt":{"insertions":0,"deletions":0},"fxml":{"insertions":35,"deletions":0},"java":{"insertions":211,"deletions":87}}},{"hash":"9cd172a0dbd1927271fdce8fd8eee6022565db09","messageTitle":"Cleaned up code","messageBody":"","fileTypesAndContributionMap":{"txt":{"insertions":0,"deletions":0},"java":{"insertions":85,"deletions":55}}}]},{"date":"2021-09-02","commitResults":[{"hash":"4eb0309a226e672c67e8c71abdfc5d00ac5ef89f","messageTitle":"Cleaned up code","messageBody":"Emoji shows up differently in gui.\n\nEmoji not needed.\n\nLet\u0027s remove emoji.\n","fileTypesAndContributionMap":{"java":{"insertions":17,"deletions":13}}}]},{"date":"2021-09-04","commitResults":[{"hash":"a34ef29591ebb42f8cb5007ec3873cca0ab37699","messageTitle":"Add A-Assertions","messageBody":"","tags":["A-Assertions"],"fileTypesAndContributionMap":{"java":{"insertions":39,"deletions":5}}},{"hash":"d048258f8cd9c04905f25e86b62c3a9afe6d6309","messageTitle":"Add A-CodeQuality","messageBody":"","tags":["A-CodeQuality"],"fileTypesAndContributionMap":{"java":{"insertions":5,"deletions":6}}}]},{"date":"2021-09-08","commitResults":[{"hash":"25ede0c9dce49788449391a2c6955353fdf6b952","messageTitle":"Add A-CI","messageBody":"","tags":["A-Streams","A-CI"],"fileTypesAndContributionMap":{"java":{"insertions":1,"deletions":1}}},{"hash":"df9ed5ba5743b1cbc90d5fbd420794361f02b1ee","messageTitle":"Cleaned up code","messageBody":"","fileTypesAndContributionMap":{"java":{"insertions":15,"deletions":8}}},{"hash":"a3bef33edf456577214de0655071286b86e2106b","messageTitle":"Revert \"Update TaskList.java\"","messageBody":"This reverts commit 59ea17af21ec0f67dd086b16c92da4ade3b8acb8.\n","fileTypesAndContributionMap":{"java":{"insertions":1,"deletions":1}}},{"hash":"62aa280307a484983b60cb41125fa4c58b35a1b8","messageTitle":"Revert \"Revert \"Update TaskList.java\"\"","messageBody":"This reverts commit a3bef33edf456577214de0655071286b86e2106b.\n","fileTypesAndContributionMap":{"java":{"insertions":1,"deletions":1}}}]},{"date":"2021-09-10","commitResults":[{"hash":"5f279b3e1bcb3244e017a0cae669871756a5356d","messageTitle":"Add A-BetterGui","messageBody":"","tags":["A-BetterGui"],"fileTypesAndContributionMap":{"txt":{"insertions":5,"deletions":0},"java":{"insertions":25,"deletions":21}}},{"hash":"26da3f3c5c87b0ffa8968eae8178a7d7a1fffc17","messageTitle":"Cleaned up code.","messageBody":"","fileTypesAndContributionMap":{"txt":{"insertions":0,"deletions":5},"fxml":{"insertions":3,"deletions":3},"java":{"insertions":7,"deletions":7}}},{"hash":"bf01f17ba79b78e5f4df08a9926994ed85d19ed3","messageTitle":"Modified Ui","messageBody":"","fileTypesAndContributionMap":{"java":{"insertions":3,"deletions":0}}},{"hash":"30bcccae81d01b448d6f1db83995c94f0e4816c6","messageTitle":"Add User Guide","messageBody":"","fileTypesAndContributionMap":{"md":{"insertions":24,"deletions":11}}},{"hash":"e9e72ea019cbd4cc2fd19625d6eea58521574f7f","messageTitle":"Update README.md","messageBody":"","fileTypesAndContributionMap":{"md":{"insertions":5,"deletions":2}}},{"hash":"a3a6dce2f302ab813546cf6c20b158a00eddd3b3","messageTitle":"Update README.md","messageBody":"","fileTypesAndContributionMap":{"md":{"insertions":1,"deletions":1}}},{"hash":"75cb18942da09fade4389cb5a528b6a6d7dec8da","messageTitle":"Update README.md","messageBody":"","tags":["A-UserGuide"],"fileTypesAndContributionMap":{"java":{"insertions":3,"deletions":3},"md":{"insertions":128,"deletions":22}}},{"hash":"33de1e99d598a989a2da1d591a955ad9e26e67eb","messageTitle":"Update README.md","messageBody":"","fileTypesAndContributionMap":{"md":{"insertions":2,"deletions":2}}}]},{"date":"2021-09-11","commitResults":[{"hash":"5d3e71702f60e7f63553ad6a1dd7c5fcf4c14d5d","messageTitle":"Cleaned up code","messageBody":"","fileTypesAndContributionMap":{"gradle":{"insertions":1,"deletions":1},"txt":{"insertions":2,"deletions":0},"java":{"insertions":2,"deletions":2}}},{"hash":"91edef255addbf88564a943fd1cf62f1738b337f","messageTitle":"Cleaned up header comments","messageBody":"","tags":["A-Release"],"fileTypesAndContributionMap":{"java":{"insertions":2,"deletions":2}}}]},{"date":"2021-09-12","commitResults":[{"hash":"99ebdd06cf22d8cbf411c564d12deeb639c74fc6","messageTitle":"Update README.md","messageBody":"","fileTypesAndContributionMap":{"md":{"insertions":7,"deletions":0}}},{"hash":"216ee40dbd8a801bb21f036cde6c111199661bf6","messageTitle":"Update build.gradle","messageBody":"","fileTypesAndContributionMap":{"gradle":{"insertions":1,"deletions":1}}}]}]},"authorFileTypeContributionMap":{"dt-td":{"java":1239,"md":140,"fxml":35,"sh":0,"bat":0,"gradle":16,"txt":12}},"authorContributionVariance":{"dt-td":71488.18},"authorDisplayNameMap":{"dt-td":"CS2103T-W16-3 TAN ..KSON"}}
