{"authorDailyContributionsMap":{"kevinmingtarja":[{"date":"2021-08-16","commitResults":[{"hash":"8c61f3c87bcfc400a57745f09bdde8130ae638bb","messageTitle":"Finish Level-1, created Chatbot class","messageBody":"","tags":["Level-1"],"fileTypesAndContributionMap":{"java":{"insertions":61,"deletions":10}}},{"hash":"9358126bd4f262e1ab901533975efd1981ffe4db","messageTitle":"Finish Level-2, create Storage class","messageBody":"","tags":["Level-2"],"fileTypesAndContributionMap":{"java":{"insertions":42,"deletions":10}}}]},{"date":"2021-08-17","commitResults":[{"hash":"8381d01204713d17520c6e88d9130dd706ea2c18","messageTitle":"Level-3, add Task class and renamed some classes","messageBody":"","tags":["Level-3"],"fileTypesAndContributionMap":{"java":{"insertions":87,"deletions":38}}},{"hash":"a4695c0beab916570b62af6a993dfbacf5a8361d","messageTitle":"Level-4, created ToDo, Event, and Deadline class","messageBody":"","tags":["Level-4"],"fileTypesAndContributionMap":{"java":{"insertions":95,"deletions":11}}},{"hash":"fea3660e4a6de1dc6fb2dc8d4653e8ed7db30d7f","messageTitle":"A-TextUiTesting, add semi-automated testing","messageBody":"","tags":["A-TextUiTesting"],"fileTypesAndContributionMap":{"txt":{"insertions":11,"deletions":0},"sh":{"insertions":1,"deletions":1}}},{"hash":"3c7da583b3b1a88647d8d09fdce08b4b96b42094","messageTitle":"Level-5, add several Exception classes to handle errors","messageBody":"","tags":["Level-5"],"fileTypesAndContributionMap":{"txt":{"insertions":7,"deletions":0},"java":{"insertions":72,"deletions":13}}},{"hash":"cd8e554cc4372f2a03be30476b54a34e562eee40","messageTitle":"Level-6, add functionality to delete a Task, along with its error handling","messageBody":"","tags":["Level-6"],"fileTypesAndContributionMap":{"txt":{"insertions":4,"deletions":0},"java":{"insertions":79,"deletions":51}}}]},{"date":"2021-08-22","commitResults":[{"hash":"754bb935336618921b4f91b8ed71298ea1384d55","messageTitle":"Add save and read from file functionality","messageBody":"","fileTypesAndContributionMap":{"java":{"insertions":94,"deletions":7}}}]},{"date":"2021-08-23","commitResults":[{"hash":"c30dce5b177f5e08aaea36ccc58fff02d79abb07","messageTitle":"Refactor Deadline to use LocalDate instead of string","messageBody":"","fileTypesAndContributionMap":{"txt":{"insertions":1,"deletions":1},"java":{"insertions":17,"deletions":8},"sh":{"insertions":6,"deletions":0}}},{"hash":"d2e1a484cb5be8f9bf3dee0237817d0e4ae56a97","messageTitle":"Extract Ui class","messageBody":"","fileTypesAndContributionMap":{"java":{"insertions":50,"deletions":22}}},{"hash":"541f18821d060cab2b1abdb0bd64f1b809b43ace","messageTitle":"Extract Storage class","messageBody":"","fileTypesAndContributionMap":{"java":{"insertions":83,"deletions":61}}}]},{"date":"2021-08-24","commitResults":[{"hash":"d3b2e69eeb836019c667c635db84614bbffcfc34","messageTitle":"Extract Parser class","messageBody":"","tags":["A-MoreOOP"],"fileTypesAndContributionMap":{"java":{"insertions":62,"deletions":63},"sh":{"insertions":1,"deletions":1}}},{"hash":"aaafbbfd51e6adbc9845ecae76f00ca723e4aed5","messageTitle":"Organize into Packages","messageBody":"","tags":["A-Packages"],"fileTypesAndContributionMap":{"java":{"insertions":73,"deletions":17},"sh":{"insertions":3,"deletions":1}}}]}]},"authorFileTypeContributionMap":{"kevinmingtarja":{"java":514,"md":0,"fxml":0,"sh":9,"bat":0,"gradle":0,"txt":22}},"authorContributionVariance":{"kevinmingtarja":17024.438},"authorDisplayNameMap":{"kevinmingtarja":"CS2103T-W08-4 KEVI..ARJA"}}
