{"authorDailyContributionsMap":{"Jacobnbh":[{"date":"2021-08-18","commitResults":[{"hash":"1ddcdb7b0f332e8d9b083bb609cb6f0eb4c0f9d9","messageTitle":"Implement greetings and echo message function","messageBody":"","tags":["Level-1"],"fileTypesAndContributionMap":{"java":{"insertions":33,"deletions":1}}},{"hash":"1d3d19d98da94519bfee355cbd4ead904f20b92b","messageTitle":"Add ability to store task and display list of tasks","messageBody":"","tags":["Level-2"],"fileTypesAndContributionMap":{"java":{"insertions":63,"deletions":21}}},{"hash":"915aeeebb9e561f0f0e76f8e23d74cb36fc523a6","messageTitle":"Add ability to mark tasks as done","messageBody":"","tags":["Level-3"],"fileTypesAndContributionMap":{"java":{"insertions":30,"deletions":2}}},{"hash":"742c5f7118410d04e27cdb034cda9007c70f989e","messageTitle":"Add support for tracking ToDos, Deadlines and Events","messageBody":"","tags":["Level-4"],"fileTypesAndContributionMap":{"java":{"insertions":137,"deletions":29}}},{"hash":"afd8d3d430db937670d5a6b7164962e9b6af355a","messageTitle":"Update input.txt and expected.txt for automated text UI testing","messageBody":"","tags":["A-TextUiTesting"],"fileTypesAndContributionMap":{"txt":{"insertions":13,"deletions":0},"java":{"insertions":14,"deletions":14},"bat":{"insertions":4,"deletions":2}}},{"hash":"128b354468911ffae52ed8ed5a9050bb647d675d","messageTitle":"Update Duke.java to handle errors","messageBody":"","tags":["Level-5"],"fileTypesAndContributionMap":{"java":{"insertions":26,"deletions":3}}},{"hash":"e3fc0d01c11117d7334c9fc79e22d27015a4d9b2","messageTitle":"Update TaskList.java to support deleting of tasks from list and Duke.java to handle more errors","messageBody":"","tags":["Level-6"],"fileTypesAndContributionMap":{"java":{"insertions":52,"deletions":25}}}]},{"date":"2021-08-25","commitResults":[{"hash":"020d3806c40d61b4158b198749003d0a6786bb47","messageTitle":"Add ability to save and load tasks","messageBody":"Saves the task in the hard disk automatically whenever the task lit changes. Loads the data from the hard disk when Duke starts up.\n","fileTypesAndContributionMap":{"java":{"insertions":235,"deletions":65}}},{"hash":"12f24888760f7e1159fc6510ae8d20618810dc2b","messageTitle":"Fix error-handling bugs","messageBody":"","fileTypesAndContributionMap":{"java":{"insertions":10,"deletions":6}}},{"hash":"06eea7dbdebcd529fcf2b74d0774f06ffbeb28ad","messageTitle":"Add ability to understand dates","messageBody":"","fileTypesAndContributionMap":{"java":{"insertions":113,"deletions":6}}},{"hash":"2718da8464419db2be1c47ea8a86fc787b9f6313","messageTitle":"Update ability to handle dates for Event type","messageBody":"","fileTypesAndContributionMap":{"java":{"insertions":53,"deletions":15}}},{"hash":"850427b9c0d6029f2a15916ae0645cf2248f8f2e","messageTitle":"Make the code more OOP","messageBody":"","tags":["A-MoreOOP"],"fileTypesAndContributionMap":{"java":{"insertions":288,"deletions":250}}},{"hash":"85d722da11924157fb1bdf4a75106d506e53f4c3","messageTitle":"Refactor into packages","messageBody":"","tags":["A-Packages"],"fileTypesAndContributionMap":{"java":{"insertions":37,"deletions":3}}},{"hash":"dd8e9f71263e6f8ca4256d6169d1c511b21629e5","messageTitle":"Add JUnit tests for Deadline and Event task types","messageBody":"","tags":["v0.1","A-Jar","A-JUnit"],"fileTypesAndContributionMap":{"java":{"insertions":42,"deletions":47}}},{"hash":"75cc2136c8d70b13545c9b5b554267968dc9c40a","messageTitle":"Add JavaDocs comments","messageBody":"","fileTypesAndContributionMap":{"java":{"insertions":127,"deletions":0}}},{"hash":"ba10cd6286993918e0075760a8a5b7aa37cf1f19","messageTitle":"Update code to conform to coding standards","messageBody":"","fileTypesAndContributionMap":{"java":{"insertions":13,"deletions":8}}},{"hash":"5cc416d159af84e9a5eca0ede1a4710151e60d20","messageTitle":"Add ability for users to find a task by searching for a keyword","messageBody":"","fileTypesAndContributionMap":{"java":{"insertions":24,"deletions":4}}}]},{"date":"2021-09-01","commitResults":[{"hash":"dd10e5d500df9c5edca2ded1cc0568a163a230fa","messageTitle":"Add GUI to Duke by implementing JavaFX technology","messageBody":"","fileTypesAndContributionMap":{"fxml":{"insertions":35,"deletions":0},"java":{"insertions":558,"deletions":226}}},{"hash":"4d978a9c78618ea1fc81d84eb7a0b4994a7f32b2","messageTitle":"Add Gradle to automate build tasks of the project","messageBody":"","fileTypesAndContributionMap":{"gradle":{"insertions":17,"deletions":2},"java":{"insertions":98,"deletions":58}}}]},{"date":"2021-09-08","commitResults":[{"hash":"01eeb75cc99950effaba73af361f0a626596f68b","messageTitle":"Add assertions to document important assumptions in the code","messageBody":"certain assumptions about the program state are not accounted for\n\nupdating the code with assert statements allows these assumptions\nto be raised whenever it is met in the program. For example, if the\nfile path to the text file is empty, raise an Assertion Error.\n\nhaving assertion statements raise errors indicates that there is a\npossible bug and it is safer for the execution of the program stops\nthis way\n","fileTypesAndContributionMap":{"gradle":{"insertions":1,"deletions":1},"java":{"insertions":40,"deletions":22}}},{"hash":"aa35aed7d767e93d6a928a5bf65d78fb3789ff35","messageTitle":"Improve code quality","messageBody":"Improving code quality increases readability and understandability\nfor readers.\n\nRefactoring, shortening, and simplifying the code by applying SLAP\n(Single Layer of Abstraction) and other coding quality principles.\n","fileTypesAndContributionMap":{"java":{"insertions":138,"deletions":85}}},{"hash":"140a77e179d1e5e2a3e0236b885bba9ba8a4a207","messageTitle":"Add ability to add and show snippets of notes for tasks","messageBody":"","fileTypesAndContributionMap":{"java":{"insertions":133,"deletions":35}}}]},{"date":"2021-09-19","commitResults":[{"hash":"c16d34abd5ce4f0b671bb0051efc0a6b93c78412","messageTitle":"Improve Duke GUI","messageBody":"","tags":["A-BetterGui"],"fileTypesAndContributionMap":{"fxml":{"insertions":4,"deletions":4},"java":{"insertions":11,"deletions":3}}},{"hash":"456668973fdf9f3fca38c5633024d799ac56ae12","messageTitle":"Add a brief User Guide for Duke","messageBody":"","tags":["A-UserGuide"],"fileTypesAndContributionMap":{"java":{"insertions":6,"deletions":5},"md":{"insertions":87,"deletions":13}}}]}]},"authorFileTypeContributionMap":{"Jacobnbh":{"java":1278,"md":79,"fxml":35,"sh":0,"bat":4,"gradle":18,"txt":13}},"authorContributionVariance":{"Jacobnbh":70706.54},"authorDisplayNameMap":{"Jacobnbh":"CS2103T-T11-4 NG B..ACOB"}}
