[{"path":"src/main/data/duke.txt","fileType":"txt","lines":[{"lineNumber":1,"author":{"gitId":"alyssa-savier"},"content":"0|01|todo Hi","lastModifiedDate":"2021-08-25"},{"lineNumber":2,"author":{"gitId":"alyssa-savier"},"content":"1|11|deadline shit /by 2022-11-12","lastModifiedDate":"2021-08-25"},{"lineNumber":3,"author":{"gitId":"alyssa-savier"},"content":"0|21|event /at 2021-12-21","lastModifiedDate":"2021-08-25"},{"lineNumber":4,"author":{"gitId":"alyssa-savier"},"content":"0|31|event eat /at 2022-12-02","lastModifiedDate":"2021-08-25"}],"authorContributionMap":{"alyssa-savier":4}},{"path":"src/main/java/Deadline.java","fileType":"java","lines":[{"lineNumber":1,"author":{"gitId":"alyssa-savier"},"content":"import java.time.LocalDate;","lastModifiedDate":"2021-08-25"},{"lineNumber":2,"author":{"gitId":"alyssa-savier"},"content":"import java.time.format.DateTimeFormatter;","lastModifiedDate":"2021-08-25"},{"lineNumber":3,"author":{"gitId":"alyssa-savier"},"content":"","lastModifiedDate":"2021-08-25"},{"lineNumber":4,"author":{"gitId":"alyssa-savier"},"content":"public class Deadline extends Task {","lastModifiedDate":"2021-08-19"},{"lineNumber":5,"author":{"gitId":"alyssa-savier"},"content":"    protected String dateNum;","lastModifiedDate":"2021-08-25"},{"lineNumber":6,"author":{"gitId":"alyssa-savier"},"content":"    protected LocalDate date;","lastModifiedDate":"2021-08-25"},{"lineNumber":7,"author":{"gitId":"alyssa-savier"},"content":"","lastModifiedDate":"2021-08-19"},{"lineNumber":8,"author":{"gitId":"alyssa-savier"},"content":"    public Deadline(String description, String date) {","lastModifiedDate":"2021-08-19"},{"lineNumber":9,"author":{"gitId":"alyssa-savier"},"content":"        super(description);","lastModifiedDate":"2021-08-19"},{"lineNumber":10,"author":{"gitId":"alyssa-savier"},"content":"        this.dateNum \u003d date;","lastModifiedDate":"2021-08-25"},{"lineNumber":11,"author":{"gitId":"alyssa-savier"},"content":"            this.date \u003d LocalDate.parse(date);","lastModifiedDate":"2021-08-25"},{"lineNumber":12,"author":{"gitId":"alyssa-savier"},"content":"    }","lastModifiedDate":"2021-08-19"},{"lineNumber":13,"author":{"gitId":"alyssa-savier"},"content":"","lastModifiedDate":"2021-08-19"},{"lineNumber":14,"author":{"gitId":"alyssa-savier"},"content":"    @Override","lastModifiedDate":"2021-08-19"},{"lineNumber":15,"author":{"gitId":"alyssa-savier"},"content":"    public String getTask() {","lastModifiedDate":"2021-08-19"},{"lineNumber":16,"author":{"gitId":"alyssa-savier"},"content":"        return \"D\"; // mark done task with X","lastModifiedDate":"2021-08-19"},{"lineNumber":17,"author":{"gitId":"alyssa-savier"},"content":"    }","lastModifiedDate":"2021-08-19"},{"lineNumber":18,"author":{"gitId":"alyssa-savier"},"content":"","lastModifiedDate":"2021-08-19"},{"lineNumber":19,"author":{"gitId":"alyssa-savier"},"content":"    public String getDate() {","lastModifiedDate":"2021-08-19"},{"lineNumber":20,"author":{"gitId":"alyssa-savier"},"content":"        return \"(by: \" + date.format(DateTimeFormatter.ofPattern(\"MMM d yyyy\")) + \")\";","lastModifiedDate":"2021-08-25"},{"lineNumber":21,"author":{"gitId":"alyssa-savier"},"content":"    }","lastModifiedDate":"2021-08-19"},{"lineNumber":22,"author":{"gitId":"alyssa-savier"},"content":"","lastModifiedDate":"2021-08-25"},{"lineNumber":23,"author":{"gitId":"alyssa-savier"},"content":"    public String getDateNum() {","lastModifiedDate":"2021-08-25"},{"lineNumber":24,"author":{"gitId":"alyssa-savier"},"content":"        return dateNum;","lastModifiedDate":"2021-08-25"},{"lineNumber":25,"author":{"gitId":"alyssa-savier"},"content":"    }","lastModifiedDate":"2021-08-25"},{"lineNumber":26,"author":{"gitId":"alyssa-savier"},"content":"}","lastModifiedDate":"2021-08-19"}],"authorContributionMap":{"alyssa-savier":26}},{"path":"src/main/java/Duke.java","fileType":"java","lines":[{"lineNumber":1,"author":{"gitId":"alyssa-savier"},"content":"import java.util.Objects;","lastModifiedDate":"2021-08-18"},{"lineNumber":2,"author":{"gitId":"alyssa-savier"},"content":"import java.util.Scanner;","lastModifiedDate":"2021-08-18"},{"lineNumber":3,"author":{"gitId":"alyssa-savier"},"content":"","lastModifiedDate":"2021-08-18"},{"lineNumber":4,"author":{"gitId":"alyssa-savier"},"content":"/**","lastModifiedDate":"2021-08-18"},{"lineNumber":5,"author":{"gitId":"alyssa-savier"},"content":" * This program is a chatbot that creates a task list for you and is able to mark tasks as done.","lastModifiedDate":"2021-08-18"},{"lineNumber":6,"author":{"gitId":"alyssa-savier"},"content":" */","lastModifiedDate":"2021-08-18"},{"lineNumber":7,"author":{"gitId":"-"},"content":"public class Duke {","lastModifiedDate":"2019-07-29"},{"lineNumber":8,"author":{"gitId":"-"},"content":"    public static void main(String[] args) {","lastModifiedDate":"2019-07-29"},{"lineNumber":9,"author":{"gitId":"alyssa-savier"},"content":"        String inData \u003d \"yo\";","lastModifiedDate":"2021-08-18"},{"lineNumber":10,"author":{"gitId":"alyssa-savier"},"content":"        introMessage();","lastModifiedDate":"2021-08-24"},{"lineNumber":11,"author":{"gitId":"alyssa-savier"},"content":"","lastModifiedDate":"2021-08-18"},{"lineNumber":12,"author":{"gitId":"alyssa-savier"},"content":"        TaskManager taskManager \u003d new TaskManager();","lastModifiedDate":"2021-08-24"},{"lineNumber":13,"author":{"gitId":"alyssa-savier"},"content":"","lastModifiedDate":"2021-08-18"},{"lineNumber":14,"author":{"gitId":"alyssa-savier"},"content":"        Scanner scan \u003d new Scanner(System.in);","lastModifiedDate":"2021-08-18"},{"lineNumber":15,"author":{"gitId":"alyssa-savier"},"content":"        while (!Objects.equals(inData, \"bye\")) {","lastModifiedDate":"2021-08-18"},{"lineNumber":16,"author":{"gitId":"alyssa-savier"},"content":"            inData \u003d scan.nextLine();","lastModifiedDate":"2021-08-18"},{"lineNumber":17,"author":{"gitId":"alyssa-savier"},"content":"            taskManager.executeCommand(inData);","lastModifiedDate":"2021-08-24"},{"lineNumber":18,"author":{"gitId":"alyssa-savier"},"content":"        }","lastModifiedDate":"2021-08-19"},{"lineNumber":19,"author":{"gitId":"alyssa-savier"},"content":"    }","lastModifiedDate":"2021-08-19"},{"lineNumber":20,"author":{"gitId":"alyssa-savier"},"content":"","lastModifiedDate":"2021-08-19"},{"lineNumber":21,"author":{"gitId":"alyssa-savier"},"content":"    public static void introMessage() {","lastModifiedDate":"2021-08-24"},{"lineNumber":22,"author":{"gitId":"alyssa-savier"},"content":"        System.out.println(\"____________________________________________________________ \\n\"","lastModifiedDate":"2021-08-24"},{"lineNumber":23,"author":{"gitId":"alyssa-savier"},"content":"                + \"Hello! I\u0027m Joker \\n\"","lastModifiedDate":"2021-08-24"},{"lineNumber":24,"author":{"gitId":"alyssa-savier"},"content":"                + \"What can I do for you? \\n\"","lastModifiedDate":"2021-08-24"},{"lineNumber":25,"author":{"gitId":"alyssa-savier"},"content":"                + \"____________________________________________________________\");","lastModifiedDate":"2021-08-18"},{"lineNumber":26,"author":{"gitId":"-"},"content":"    }","lastModifiedDate":"2019-07-29"},{"lineNumber":27,"author":{"gitId":"-"},"content":"}","lastModifiedDate":"2019-07-29"}],"authorContributionMap":{"alyssa-savier":23,"-":4}},{"path":"src/main/java/Event.java","fileType":"java","lines":[{"lineNumber":1,"author":{"gitId":"alyssa-savier"},"content":"import java.time.LocalDate;","lastModifiedDate":"2021-08-25"},{"lineNumber":2,"author":{"gitId":"alyssa-savier"},"content":"import java.time.format.DateTimeFormatter;","lastModifiedDate":"2021-08-25"},{"lineNumber":3,"author":{"gitId":"alyssa-savier"},"content":"","lastModifiedDate":"2021-08-25"},{"lineNumber":4,"author":{"gitId":"alyssa-savier"},"content":"public class Event extends Task {","lastModifiedDate":"2021-08-19"},{"lineNumber":5,"author":{"gitId":"alyssa-savier"},"content":"    protected String dateNum;","lastModifiedDate":"2021-08-25"},{"lineNumber":6,"author":{"gitId":"alyssa-savier"},"content":"    protected LocalDate date;","lastModifiedDate":"2021-08-25"},{"lineNumber":7,"author":{"gitId":"alyssa-savier"},"content":"","lastModifiedDate":"2021-08-19"},{"lineNumber":8,"author":{"gitId":"alyssa-savier"},"content":"    public Event(String description, String date) {","lastModifiedDate":"2021-08-19"},{"lineNumber":9,"author":{"gitId":"alyssa-savier"},"content":"        super(description);","lastModifiedDate":"2021-08-19"},{"lineNumber":10,"author":{"gitId":"alyssa-savier"},"content":"        this.dateNum \u003d date;","lastModifiedDate":"2021-08-25"},{"lineNumber":11,"author":{"gitId":"alyssa-savier"},"content":"        this.date \u003d LocalDate.parse(date);","lastModifiedDate":"2021-08-25"},{"lineNumber":12,"author":{"gitId":"alyssa-savier"},"content":"    }","lastModifiedDate":"2021-08-19"},{"lineNumber":13,"author":{"gitId":"alyssa-savier"},"content":"","lastModifiedDate":"2021-08-19"},{"lineNumber":14,"author":{"gitId":"alyssa-savier"},"content":"    @Override","lastModifiedDate":"2021-08-19"},{"lineNumber":15,"author":{"gitId":"alyssa-savier"},"content":"    public String getTask() {","lastModifiedDate":"2021-08-19"},{"lineNumber":16,"author":{"gitId":"alyssa-savier"},"content":"        return \"E\";","lastModifiedDate":"2021-08-19"},{"lineNumber":17,"author":{"gitId":"alyssa-savier"},"content":"    }","lastModifiedDate":"2021-08-19"},{"lineNumber":18,"author":{"gitId":"alyssa-savier"},"content":"","lastModifiedDate":"2021-08-19"},{"lineNumber":19,"author":{"gitId":"alyssa-savier"},"content":"    public String getDate() {","lastModifiedDate":"2021-08-19"},{"lineNumber":20,"author":{"gitId":"alyssa-savier"},"content":"        return \"(at: \" + date.format(DateTimeFormatter.ofPattern(\"MMM d yyyy\")) + \")\";","lastModifiedDate":"2021-08-25"},{"lineNumber":21,"author":{"gitId":"alyssa-savier"},"content":"    }","lastModifiedDate":"2021-08-19"},{"lineNumber":22,"author":{"gitId":"alyssa-savier"},"content":"","lastModifiedDate":"2021-08-25"},{"lineNumber":23,"author":{"gitId":"alyssa-savier"},"content":"    public String getDateNum() {","lastModifiedDate":"2021-08-25"},{"lineNumber":24,"author":{"gitId":"alyssa-savier"},"content":"        return dateNum;","lastModifiedDate":"2021-08-25"},{"lineNumber":25,"author":{"gitId":"alyssa-savier"},"content":"    }","lastModifiedDate":"2021-08-25"},{"lineNumber":26,"author":{"gitId":"alyssa-savier"},"content":"}","lastModifiedDate":"2021-08-19"}],"authorContributionMap":{"alyssa-savier":26}},{"path":"src/main/java/Task.java","fileType":"java","lines":[{"lineNumber":1,"author":{"gitId":"alyssa-savier"},"content":"import java.time.LocalDate;","lastModifiedDate":"2021-08-25"},{"lineNumber":2,"author":{"gitId":"alyssa-savier"},"content":"","lastModifiedDate":"2021-08-25"},{"lineNumber":3,"author":{"gitId":"alyssa-savier"},"content":"public class Task {","lastModifiedDate":"2021-08-18"},{"lineNumber":4,"author":{"gitId":"alyssa-savier"},"content":"    protected String description;","lastModifiedDate":"2021-08-18"},{"lineNumber":5,"author":{"gitId":"alyssa-savier"},"content":"    protected boolean isDone;","lastModifiedDate":"2021-08-18"},{"lineNumber":6,"author":{"gitId":"alyssa-savier"},"content":"","lastModifiedDate":"2021-08-18"},{"lineNumber":7,"author":{"gitId":"alyssa-savier"},"content":"    public Task(String description) {","lastModifiedDate":"2021-08-18"},{"lineNumber":8,"author":{"gitId":"alyssa-savier"},"content":"        this.description \u003d description;","lastModifiedDate":"2021-08-18"},{"lineNumber":9,"author":{"gitId":"alyssa-savier"},"content":"        this.isDone \u003d false;","lastModifiedDate":"2021-08-18"},{"lineNumber":10,"author":{"gitId":"alyssa-savier"},"content":"    }","lastModifiedDate":"2021-08-18"},{"lineNumber":11,"author":{"gitId":"alyssa-savier"},"content":"","lastModifiedDate":"2021-08-18"},{"lineNumber":12,"author":{"gitId":"alyssa-savier"},"content":"    public String getStatusIcon() {","lastModifiedDate":"2021-08-18"},{"lineNumber":13,"author":{"gitId":"alyssa-savier"},"content":"        return (isDone ? \"X\" : \" \"); // mark done task with X","lastModifiedDate":"2021-08-18"},{"lineNumber":14,"author":{"gitId":"alyssa-savier"},"content":"    }","lastModifiedDate":"2021-08-18"},{"lineNumber":15,"author":{"gitId":"alyssa-savier"},"content":"","lastModifiedDate":"2021-08-18"},{"lineNumber":16,"author":{"gitId":"alyssa-savier"},"content":"    public void markAsDone() {","lastModifiedDate":"2021-08-18"},{"lineNumber":17,"author":{"gitId":"alyssa-savier"},"content":"        this.isDone \u003d true;","lastModifiedDate":"2021-08-18"},{"lineNumber":18,"author":{"gitId":"alyssa-savier"},"content":"    }","lastModifiedDate":"2021-08-18"},{"lineNumber":19,"author":{"gitId":"alyssa-savier"},"content":"","lastModifiedDate":"2021-08-18"},{"lineNumber":20,"author":{"gitId":"alyssa-savier"},"content":"    public String getDescription() {","lastModifiedDate":"2021-08-18"},{"lineNumber":21,"author":{"gitId":"alyssa-savier"},"content":"        return this.description;","lastModifiedDate":"2021-08-18"},{"lineNumber":22,"author":{"gitId":"alyssa-savier"},"content":"    }","lastModifiedDate":"2021-08-18"},{"lineNumber":23,"author":{"gitId":"alyssa-savier"},"content":"","lastModifiedDate":"2021-08-18"},{"lineNumber":24,"author":{"gitId":"alyssa-savier"},"content":"    public String getTask() {","lastModifiedDate":"2021-08-19"},{"lineNumber":25,"author":{"gitId":"alyssa-savier"},"content":"        return \"untyped\";","lastModifiedDate":"2021-08-19"},{"lineNumber":26,"author":{"gitId":"alyssa-savier"},"content":"    }","lastModifiedDate":"2021-08-19"},{"lineNumber":27,"author":{"gitId":"alyssa-savier"},"content":"","lastModifiedDate":"2021-08-19"},{"lineNumber":28,"author":{"gitId":"alyssa-savier"},"content":"    public String getDate() {","lastModifiedDate":"2021-08-19"},{"lineNumber":29,"author":{"gitId":"alyssa-savier"},"content":"        return null;","lastModifiedDate":"2021-08-19"},{"lineNumber":30,"author":{"gitId":"alyssa-savier"},"content":"    }","lastModifiedDate":"2021-08-19"},{"lineNumber":31,"author":{"gitId":"alyssa-savier"},"content":"","lastModifiedDate":"2021-08-19"},{"lineNumber":32,"author":{"gitId":"alyssa-savier"},"content":"    public String getDateNum() {","lastModifiedDate":"2021-08-25"},{"lineNumber":33,"author":{"gitId":"alyssa-savier"},"content":"        return null;","lastModifiedDate":"2021-08-25"},{"lineNumber":34,"author":{"gitId":"alyssa-savier"},"content":"    }","lastModifiedDate":"2021-08-25"},{"lineNumber":35,"author":{"gitId":"alyssa-savier"},"content":"","lastModifiedDate":"2021-08-25"},{"lineNumber":36,"author":{"gitId":"alyssa-savier"},"content":"}","lastModifiedDate":"2021-08-18"}],"authorContributionMap":{"alyssa-savier":36}},{"path":"src/main/java/TaskManager.java","fileType":"java","lines":[{"lineNumber":1,"author":{"gitId":"alyssa-savier"},"content":"import java.io.*;","lastModifiedDate":"2021-08-25"},{"lineNumber":2,"author":{"gitId":"alyssa-savier"},"content":"import java.time.LocalDate;","lastModifiedDate":"2021-08-25"},{"lineNumber":3,"author":{"gitId":"alyssa-savier"},"content":"import java.util.Locale;","lastModifiedDate":"2021-08-24"},{"lineNumber":4,"author":{"gitId":"alyssa-savier"},"content":"import java.util.Objects;","lastModifiedDate":"2021-08-24"},{"lineNumber":5,"author":{"gitId":"alyssa-savier"},"content":"","lastModifiedDate":"2021-08-24"},{"lineNumber":6,"author":{"gitId":"alyssa-savier"},"content":"public class TaskManager {","lastModifiedDate":"2021-08-24"},{"lineNumber":7,"author":{"gitId":"alyssa-savier"},"content":"    Task[] taskList \u003d new Task[100];","lastModifiedDate":"2021-08-24"},{"lineNumber":8,"author":{"gitId":"alyssa-savier"},"content":"    int i \u003d 0;","lastModifiedDate":"2021-08-24"},{"lineNumber":9,"author":{"gitId":"alyssa-savier"},"content":"    File txtFile;","lastModifiedDate":"2021-08-25"},{"lineNumber":10,"author":{"gitId":"alyssa-savier"},"content":"    String path;","lastModifiedDate":"2021-08-25"},{"lineNumber":11,"author":{"gitId":"alyssa-savier"},"content":"","lastModifiedDate":"2021-08-24"},{"lineNumber":12,"author":{"gitId":"alyssa-savier"},"content":"    TaskManager() {","lastModifiedDate":"2021-08-24"},{"lineNumber":13,"author":{"gitId":"alyssa-savier"},"content":"        File txtFile;","lastModifiedDate":"2021-08-25"},{"lineNumber":14,"author":{"gitId":"alyssa-savier"},"content":"        System.out.println(System.getProperty(\"user.dir\"));","lastModifiedDate":"2021-08-25"},{"lineNumber":15,"author":{"gitId":"alyssa-savier"},"content":"        String path \u003d System.getProperty(\"user.dir\") + \"\\\\src\\\\main\\\\data\\\\duke.txt\";","lastModifiedDate":"2021-08-25"},{"lineNumber":16,"author":{"gitId":"alyssa-savier"},"content":"        txtFile \u003d new File(path);","lastModifiedDate":"2021-08-25"},{"lineNumber":17,"author":{"gitId":"alyssa-savier"},"content":"        this.txtFile \u003d txtFile;","lastModifiedDate":"2021-08-25"},{"lineNumber":18,"author":{"gitId":"alyssa-savier"},"content":"        this.path \u003d path;","lastModifiedDate":"2021-08-25"},{"lineNumber":19,"author":{"gitId":"alyssa-savier"},"content":"","lastModifiedDate":"2021-08-24"},{"lineNumber":20,"author":{"gitId":"alyssa-savier"},"content":"        if (!txtFile.exists()) {","lastModifiedDate":"2021-08-25"},{"lineNumber":21,"author":{"gitId":"alyssa-savier"},"content":"            //create new file","lastModifiedDate":"2021-08-25"},{"lineNumber":22,"author":{"gitId":"alyssa-savier"},"content":"            try {","lastModifiedDate":"2021-08-25"},{"lineNumber":23,"author":{"gitId":"alyssa-savier"},"content":"                txtFile.createNewFile();","lastModifiedDate":"2021-08-25"},{"lineNumber":24,"author":{"gitId":"alyssa-savier"},"content":"                this.txtFile \u003d txtFile;","lastModifiedDate":"2021-08-25"},{"lineNumber":25,"author":{"gitId":"alyssa-savier"},"content":"            } catch (IOException e) {","lastModifiedDate":"2021-08-25"},{"lineNumber":26,"author":{"gitId":"alyssa-savier"},"content":"                System.out.println(\"An error occurred.\");","lastModifiedDate":"2021-08-25"},{"lineNumber":27,"author":{"gitId":"alyssa-savier"},"content":"                e.printStackTrace();","lastModifiedDate":"2021-08-25"},{"lineNumber":28,"author":{"gitId":"alyssa-savier"},"content":"            }","lastModifiedDate":"2021-08-25"},{"lineNumber":29,"author":{"gitId":"alyssa-savier"},"content":"        } else {","lastModifiedDate":"2021-08-25"},{"lineNumber":30,"author":{"gitId":"alyssa-savier"},"content":"            try {","lastModifiedDate":"2021-08-25"},{"lineNumber":31,"author":{"gitId":"alyssa-savier"},"content":"                BufferedReader br \u003d new BufferedReader(new FileReader(txtFile));","lastModifiedDate":"2021-08-25"},{"lineNumber":32,"author":{"gitId":"alyssa-savier"},"content":"                String txtLine;","lastModifiedDate":"2021-08-25"},{"lineNumber":33,"author":{"gitId":"alyssa-savier"},"content":"                txtLine \u003d br.readLine();","lastModifiedDate":"2021-08-25"},{"lineNumber":34,"author":{"gitId":"alyssa-savier"},"content":"                while(txtLine !\u003d null) {","lastModifiedDate":"2021-08-25"},{"lineNumber":35,"author":{"gitId":"alyssa-savier"},"content":"                    String[] segments \u003d txtLine.split(\"\\\\|\");","lastModifiedDate":"2021-08-25"},{"lineNumber":36,"author":{"gitId":"alyssa-savier"},"content":"                    executeCommand(segments[2]);","lastModifiedDate":"2021-08-25"},{"lineNumber":37,"author":{"gitId":"alyssa-savier"},"content":"                    if (Objects.equals(segments[0], \"1\")) {","lastModifiedDate":"2021-08-25"},{"lineNumber":38,"author":{"gitId":"alyssa-savier"},"content":"                        String input \u003d \"done \" + segments[1];","lastModifiedDate":"2021-08-25"},{"lineNumber":39,"author":{"gitId":"alyssa-savier"},"content":"                        executeCommand(input);","lastModifiedDate":"2021-08-25"},{"lineNumber":40,"author":{"gitId":"alyssa-savier"},"content":"                    }","lastModifiedDate":"2021-08-25"},{"lineNumber":41,"author":{"gitId":"alyssa-savier"},"content":"                    txtLine \u003d br.readLine();","lastModifiedDate":"2021-08-25"},{"lineNumber":42,"author":{"gitId":"alyssa-savier"},"content":"                }","lastModifiedDate":"2021-08-25"},{"lineNumber":43,"author":{"gitId":"alyssa-savier"},"content":"            } catch (IOException e) {","lastModifiedDate":"2021-08-25"},{"lineNumber":44,"author":{"gitId":"alyssa-savier"},"content":"                System.out.println(\"ERROR OCCURRED\");","lastModifiedDate":"2021-08-25"},{"lineNumber":45,"author":{"gitId":"alyssa-savier"},"content":"            }","lastModifiedDate":"2021-08-25"},{"lineNumber":46,"author":{"gitId":"alyssa-savier"},"content":"        }","lastModifiedDate":"2021-08-25"},{"lineNumber":47,"author":{"gitId":"alyssa-savier"},"content":"    }","lastModifiedDate":"2021-08-24"},{"lineNumber":48,"author":{"gitId":"alyssa-savier"},"content":"","lastModifiedDate":"2021-08-24"},{"lineNumber":49,"author":{"gitId":"alyssa-savier"},"content":"    public void executeCommand(String inData) {","lastModifiedDate":"2021-08-24"},{"lineNumber":50,"author":{"gitId":"alyssa-savier"},"content":"        int inDataLength \u003d inData.length();","lastModifiedDate":"2021-08-24"},{"lineNumber":51,"author":{"gitId":"alyssa-savier"},"content":"        if (!Objects.equals(inData.toLowerCase(), \"bye\")) {","lastModifiedDate":"2021-08-24"},{"lineNumber":52,"author":{"gitId":"alyssa-savier"},"content":"            if (Objects.equals(inData, \"list\")) {","lastModifiedDate":"2021-08-24"},{"lineNumber":53,"author":{"gitId":"alyssa-savier"},"content":"                listAll();","lastModifiedDate":"2021-08-24"},{"lineNumber":54,"author":{"gitId":"alyssa-savier"},"content":"            } else if (inData.contains(\"todo\")) {","lastModifiedDate":"2021-08-24"},{"lineNumber":55,"author":{"gitId":"alyssa-savier"},"content":"                try {","lastModifiedDate":"2021-08-24"},{"lineNumber":56,"author":{"gitId":"alyssa-savier"},"content":"                    inData.substring(0, 6);","lastModifiedDate":"2021-08-24"},{"lineNumber":57,"author":{"gitId":"alyssa-savier"},"content":"                    if (Objects.equals(inData.substring(0, 5), \"todo \")) {","lastModifiedDate":"2021-08-24"},{"lineNumber":58,"author":{"gitId":"alyssa-savier"},"content":"                        taskList[i] \u003d new ToDo(inData.substring(5, inDataLength));","lastModifiedDate":"2021-08-24"},{"lineNumber":59,"author":{"gitId":"alyssa-savier"},"content":"                        toDoAddedMessage();","lastModifiedDate":"2021-08-24"},{"lineNumber":60,"author":{"gitId":"alyssa-savier"},"content":"                        i++;","lastModifiedDate":"2021-08-24"},{"lineNumber":61,"author":{"gitId":"alyssa-savier"},"content":"                    }","lastModifiedDate":"2021-08-24"},{"lineNumber":62,"author":{"gitId":"alyssa-savier"},"content":"                } catch (Exception e) {","lastModifiedDate":"2021-08-24"},{"lineNumber":63,"author":{"gitId":"alyssa-savier"},"content":"                    errorEmptyMessage(\"todo\");","lastModifiedDate":"2021-08-24"},{"lineNumber":64,"author":{"gitId":"alyssa-savier"},"content":"                }","lastModifiedDate":"2021-08-24"},{"lineNumber":65,"author":{"gitId":"alyssa-savier"},"content":"            } else if (inData.contains(\"deadline \")) {","lastModifiedDate":"2021-08-24"},{"lineNumber":66,"author":{"gitId":"alyssa-savier"},"content":"                if (Objects.equals(inData.substring(0, 9), \"deadline \")) {","lastModifiedDate":"2021-08-24"},{"lineNumber":67,"author":{"gitId":"alyssa-savier"},"content":"                    String[] segments \u003d inData.split(\"/by \");","lastModifiedDate":"2021-08-24"},{"lineNumber":68,"author":{"gitId":"alyssa-savier"},"content":"                    String date \u003d segments[segments.length - 1];","lastModifiedDate":"2021-08-24"},{"lineNumber":69,"author":{"gitId":"alyssa-savier"},"content":"","lastModifiedDate":"2021-08-24"},{"lineNumber":70,"author":{"gitId":"alyssa-savier"},"content":"                    int segmentedLength \u003d segments[0].length();","lastModifiedDate":"2021-08-24"},{"lineNumber":71,"author":{"gitId":"alyssa-savier"},"content":"                    String description \u003d segments[0].substring(9, segmentedLength);","lastModifiedDate":"2021-08-24"},{"lineNumber":72,"author":{"gitId":"alyssa-savier"},"content":"                    try {","lastModifiedDate":"2021-08-25"},{"lineNumber":73,"author":{"gitId":"alyssa-savier"},"content":"                        taskList[i] \u003d new Deadline(description, date);","lastModifiedDate":"2021-08-24"},{"lineNumber":74,"author":{"gitId":"alyssa-savier"},"content":"                        deadlineAddedMessage();","lastModifiedDate":"2021-08-24"},{"lineNumber":75,"author":{"gitId":"alyssa-savier"},"content":"                        i++;","lastModifiedDate":"2021-08-24"},{"lineNumber":76,"author":{"gitId":"alyssa-savier"},"content":"                    } catch (Exception e) {","lastModifiedDate":"2021-08-25"},{"lineNumber":77,"author":{"gitId":"alyssa-savier"},"content":"                        System.out.println(\"Please enter date in this format: yyyy-mm-dd (e.g., 2019-10-15)\");","lastModifiedDate":"2021-08-25"},{"lineNumber":78,"author":{"gitId":"alyssa-savier"},"content":"                    }","lastModifiedDate":"2021-08-25"},{"lineNumber":79,"author":{"gitId":"alyssa-savier"},"content":"                }","lastModifiedDate":"2021-08-24"},{"lineNumber":80,"author":{"gitId":"alyssa-savier"},"content":"            } else if (inData.contains(\"event \")) {","lastModifiedDate":"2021-08-24"},{"lineNumber":81,"author":{"gitId":"alyssa-savier"},"content":"                if (Objects.equals(inData.substring(0, 6), \"event \")) {","lastModifiedDate":"2021-08-24"},{"lineNumber":82,"author":{"gitId":"alyssa-savier"},"content":"                    String[] segments \u003d inData.split(\"/at \");","lastModifiedDate":"2021-08-24"},{"lineNumber":83,"author":{"gitId":"alyssa-savier"},"content":"                    String date \u003d segments[segments.length - 1];","lastModifiedDate":"2021-08-24"},{"lineNumber":84,"author":{"gitId":"alyssa-savier"},"content":"","lastModifiedDate":"2021-08-24"},{"lineNumber":85,"author":{"gitId":"alyssa-savier"},"content":"                    int segmentedLength \u003d segments[0].length();","lastModifiedDate":"2021-08-24"},{"lineNumber":86,"author":{"gitId":"alyssa-savier"},"content":"                    String description \u003d segments[0].substring(6, segmentedLength);","lastModifiedDate":"2021-08-24"},{"lineNumber":87,"author":{"gitId":"alyssa-savier"},"content":"                    try {","lastModifiedDate":"2021-08-25"},{"lineNumber":88,"author":{"gitId":"alyssa-savier"},"content":"                        taskList[i] \u003d new Event(description, date);","lastModifiedDate":"2021-08-24"},{"lineNumber":89,"author":{"gitId":"alyssa-savier"},"content":"                        eventAddedMessage();","lastModifiedDate":"2021-08-24"},{"lineNumber":90,"author":{"gitId":"alyssa-savier"},"content":"                        i++;","lastModifiedDate":"2021-08-24"},{"lineNumber":91,"author":{"gitId":"alyssa-savier"},"content":"                    } catch (Exception e) {","lastModifiedDate":"2021-08-25"},{"lineNumber":92,"author":{"gitId":"alyssa-savier"},"content":"                        System.out.println(\"Please enter date in this format: yyyy-mm-dd (e.g., 2019-10-15)\");","lastModifiedDate":"2021-08-25"},{"lineNumber":93,"author":{"gitId":"alyssa-savier"},"content":"                    }","lastModifiedDate":"2021-08-25"},{"lineNumber":94,"author":{"gitId":"alyssa-savier"},"content":"                }","lastModifiedDate":"2021-08-24"},{"lineNumber":95,"author":{"gitId":"alyssa-savier"},"content":"            } else if (inData.contains(\"done \")) {","lastModifiedDate":"2021-08-24"},{"lineNumber":96,"author":{"gitId":"alyssa-savier"},"content":"                if (isNumeric(inData.substring(5, inDataLength))) {","lastModifiedDate":"2021-08-24"},{"lineNumber":97,"author":{"gitId":"alyssa-savier"},"content":"                    int taskNo \u003d Integer.parseInt(inData.substring(5, inDataLength));","lastModifiedDate":"2021-08-24"},{"lineNumber":98,"author":{"gitId":"alyssa-savier"},"content":"                    if (taskNo \u003c\u003d 100 \u0026\u0026 taskNo \u003c\u003d i) {","lastModifiedDate":"2021-08-24"},{"lineNumber":99,"author":{"gitId":"alyssa-savier"},"content":"                        taskList[taskNo - 1].markAsDone();","lastModifiedDate":"2021-08-24"},{"lineNumber":100,"author":{"gitId":"alyssa-savier"},"content":"                        doneTaskMessage(taskNo);","lastModifiedDate":"2021-08-24"},{"lineNumber":101,"author":{"gitId":"alyssa-savier"},"content":"                    } else {","lastModifiedDate":"2021-08-24"},{"lineNumber":102,"author":{"gitId":"alyssa-savier"},"content":"                        errorInvalidTaskNo();","lastModifiedDate":"2021-08-24"},{"lineNumber":103,"author":{"gitId":"alyssa-savier"},"content":"                    }","lastModifiedDate":"2021-08-24"},{"lineNumber":104,"author":{"gitId":"alyssa-savier"},"content":"                }","lastModifiedDate":"2021-08-24"},{"lineNumber":105,"author":{"gitId":"alyssa-savier"},"content":"            } else if (inData.contains(\"delete \")) {","lastModifiedDate":"2021-08-24"},{"lineNumber":106,"author":{"gitId":"alyssa-savier"},"content":"                if (Objects.equals(inData.substring(0, 7), \"delete \")) {","lastModifiedDate":"2021-08-24"},{"lineNumber":107,"author":{"gitId":"alyssa-savier"},"content":"                    if (isNumeric(inData.substring(7, inDataLength))) {","lastModifiedDate":"2021-08-24"},{"lineNumber":108,"author":{"gitId":"alyssa-savier"},"content":"                        int taskNo \u003d Integer.parseInt(inData.substring(7, inDataLength));","lastModifiedDate":"2021-08-24"},{"lineNumber":109,"author":{"gitId":"alyssa-savier"},"content":"                        if (taskNo \u003c\u003d 100 \u0026\u0026 taskNo \u003c\u003d i) {","lastModifiedDate":"2021-08-24"},{"lineNumber":110,"author":{"gitId":"alyssa-savier"},"content":"                            deletedTaskMessage(taskNo);","lastModifiedDate":"2021-08-24"},{"lineNumber":111,"author":{"gitId":"alyssa-savier"},"content":"                            taskList[taskNo - 1] \u003d null;","lastModifiedDate":"2021-08-24"},{"lineNumber":112,"author":{"gitId":"alyssa-savier"},"content":"                            if (taskNo \u003c i + 1) {","lastModifiedDate":"2021-08-24"},{"lineNumber":113,"author":{"gitId":"alyssa-savier"},"content":"                                for (int n \u003d taskNo - 1; n \u003c i; n++) {","lastModifiedDate":"2021-08-24"},{"lineNumber":114,"author":{"gitId":"alyssa-savier"},"content":"                                    taskList[n] \u003d taskList[n + 1];","lastModifiedDate":"2021-08-24"},{"lineNumber":115,"author":{"gitId":"alyssa-savier"},"content":"                                }","lastModifiedDate":"2021-08-24"},{"lineNumber":116,"author":{"gitId":"alyssa-savier"},"content":"                            }","lastModifiedDate":"2021-08-24"},{"lineNumber":117,"author":{"gitId":"alyssa-savier"},"content":"                            i--;","lastModifiedDate":"2021-08-24"},{"lineNumber":118,"author":{"gitId":"alyssa-savier"},"content":"                        }","lastModifiedDate":"2021-08-24"},{"lineNumber":119,"author":{"gitId":"alyssa-savier"},"content":"                    }","lastModifiedDate":"2021-08-24"},{"lineNumber":120,"author":{"gitId":"alyssa-savier"},"content":"                }","lastModifiedDate":"2021-08-24"},{"lineNumber":121,"author":{"gitId":"alyssa-savier"},"content":"            } else {","lastModifiedDate":"2021-08-24"},{"lineNumber":122,"author":{"gitId":"alyssa-savier"},"content":"                errorUnknownCommandMessage();","lastModifiedDate":"2021-08-24"},{"lineNumber":123,"author":{"gitId":"alyssa-savier"},"content":"            }","lastModifiedDate":"2021-08-24"},{"lineNumber":124,"author":{"gitId":"alyssa-savier"},"content":"        } else {","lastModifiedDate":"2021-08-24"},{"lineNumber":125,"author":{"gitId":"alyssa-savier"},"content":"            byeMessage();","lastModifiedDate":"2021-08-24"},{"lineNumber":126,"author":{"gitId":"alyssa-savier"},"content":"            try {","lastModifiedDate":"2021-08-25"},{"lineNumber":127,"author":{"gitId":"alyssa-savier"},"content":"                for (int k \u003d 0; k \u003c i; k++) {","lastModifiedDate":"2021-08-25"},{"lineNumber":128,"author":{"gitId":"alyssa-savier"},"content":"                    String done;","lastModifiedDate":"2021-08-25"},{"lineNumber":129,"author":{"gitId":"alyssa-savier"},"content":"                    if (taskList[k].getStatusIcon() \u003d\u003d \"X\") {","lastModifiedDate":"2021-08-25"},{"lineNumber":130,"author":{"gitId":"alyssa-savier"},"content":"                        done \u003d \"1|\";","lastModifiedDate":"2021-08-25"},{"lineNumber":131,"author":{"gitId":"alyssa-savier"},"content":"                    } else {","lastModifiedDate":"2021-08-25"},{"lineNumber":132,"author":{"gitId":"alyssa-savier"},"content":"                        done \u003d \"0|\";","lastModifiedDate":"2021-08-25"},{"lineNumber":133,"author":{"gitId":"alyssa-savier"},"content":"                    }","lastModifiedDate":"2021-08-25"},{"lineNumber":134,"author":{"gitId":"alyssa-savier"},"content":"                    if (taskList[k].getTask() \u003d\u003d \"T\") {","lastModifiedDate":"2021-08-25"},{"lineNumber":135,"author":{"gitId":"alyssa-savier"},"content":"                        String command \u003d done + k + 1 + \"|todo \" + taskList[k].getDescription();","lastModifiedDate":"2021-08-25"},{"lineNumber":136,"author":{"gitId":"alyssa-savier"},"content":"                        if (k \u003d\u003d 0) {","lastModifiedDate":"2021-08-25"},{"lineNumber":137,"author":{"gitId":"alyssa-savier"},"content":"                            writeToFile(path, command);","lastModifiedDate":"2021-08-25"},{"lineNumber":138,"author":{"gitId":"alyssa-savier"},"content":"                        } else {","lastModifiedDate":"2021-08-25"},{"lineNumber":139,"author":{"gitId":"alyssa-savier"},"content":"                            appendToFile(path, command);","lastModifiedDate":"2021-08-25"},{"lineNumber":140,"author":{"gitId":"alyssa-savier"},"content":"                        }","lastModifiedDate":"2021-08-25"},{"lineNumber":141,"author":{"gitId":"alyssa-savier"},"content":"                    } else if (taskList[k].getTask() \u003d\u003d \"D\") {","lastModifiedDate":"2021-08-25"},{"lineNumber":142,"author":{"gitId":"alyssa-savier"},"content":"                        String command \u003d done + k + 1+ \"|deadline \" + taskList[k].getDescription() + \"/by \" + taskList[k].getDateNum();","lastModifiedDate":"2021-08-25"},{"lineNumber":143,"author":{"gitId":"alyssa-savier"},"content":"                        if (k \u003d\u003d 0) {","lastModifiedDate":"2021-08-25"},{"lineNumber":144,"author":{"gitId":"alyssa-savier"},"content":"                            writeToFile(path, command);","lastModifiedDate":"2021-08-25"},{"lineNumber":145,"author":{"gitId":"alyssa-savier"},"content":"                        } else {","lastModifiedDate":"2021-08-25"},{"lineNumber":146,"author":{"gitId":"alyssa-savier"},"content":"                            appendToFile(path, command);","lastModifiedDate":"2021-08-25"},{"lineNumber":147,"author":{"gitId":"alyssa-savier"},"content":"                        }","lastModifiedDate":"2021-08-25"},{"lineNumber":148,"author":{"gitId":"alyssa-savier"},"content":"                    } else if (taskList[k].getTask() \u003d\u003d \"E\") {","lastModifiedDate":"2021-08-25"},{"lineNumber":149,"author":{"gitId":"alyssa-savier"},"content":"                        String command \u003d done + k + 1+ \"|event \" + taskList[k].getDescription() + \"/at \" + taskList[k].getDateNum();","lastModifiedDate":"2021-08-25"},{"lineNumber":150,"author":{"gitId":"alyssa-savier"},"content":"                        if (k \u003d\u003d 0) {","lastModifiedDate":"2021-08-25"},{"lineNumber":151,"author":{"gitId":"alyssa-savier"},"content":"                            writeToFile(path, command);","lastModifiedDate":"2021-08-25"},{"lineNumber":152,"author":{"gitId":"alyssa-savier"},"content":"                        } else {","lastModifiedDate":"2021-08-25"},{"lineNumber":153,"author":{"gitId":"alyssa-savier"},"content":"                            appendToFile(path, command);","lastModifiedDate":"2021-08-25"},{"lineNumber":154,"author":{"gitId":"alyssa-savier"},"content":"                        }","lastModifiedDate":"2021-08-25"},{"lineNumber":155,"author":{"gitId":"alyssa-savier"},"content":"                    }","lastModifiedDate":"2021-08-25"},{"lineNumber":156,"author":{"gitId":"alyssa-savier"},"content":"                }","lastModifiedDate":"2021-08-25"},{"lineNumber":157,"author":{"gitId":"alyssa-savier"},"content":"            } catch (Exception e) {","lastModifiedDate":"2021-08-25"},{"lineNumber":158,"author":{"gitId":"alyssa-savier"},"content":"                System.out.println(\"Unable to write to file\");","lastModifiedDate":"2021-08-25"},{"lineNumber":159,"author":{"gitId":"alyssa-savier"},"content":"            }","lastModifiedDate":"2021-08-25"},{"lineNumber":160,"author":{"gitId":"alyssa-savier"},"content":"        }","lastModifiedDate":"2021-08-24"},{"lineNumber":161,"author":{"gitId":"alyssa-savier"},"content":"","lastModifiedDate":"2021-08-24"},{"lineNumber":162,"author":{"gitId":"alyssa-savier"},"content":"    }","lastModifiedDate":"2021-08-24"},{"lineNumber":163,"author":{"gitId":"alyssa-savier"},"content":"","lastModifiedDate":"2021-08-24"},{"lineNumber":164,"author":{"gitId":"alyssa-savier"},"content":"    public void listAll() {","lastModifiedDate":"2021-08-24"},{"lineNumber":165,"author":{"gitId":"alyssa-savier"},"content":"        System.out.println(\"____________________________________________________________\\n\" +","lastModifiedDate":"2021-08-24"},{"lineNumber":166,"author":{"gitId":"alyssa-savier"},"content":"                \"Here are the tasks in your list: \");","lastModifiedDate":"2021-08-24"},{"lineNumber":167,"author":{"gitId":"alyssa-savier"},"content":"        for (int j \u003d 0; j \u003c i; j++) {","lastModifiedDate":"2021-08-24"},{"lineNumber":168,"author":{"gitId":"alyssa-savier"},"content":"            if (taskList[j] instanceof ToDo) {","lastModifiedDate":"2021-08-24"},{"lineNumber":169,"author":{"gitId":"alyssa-savier"},"content":"                System.out.println(j + 1 + \". [\" + taskList[j].getTask() + \"]\" +","lastModifiedDate":"2021-08-24"},{"lineNumber":170,"author":{"gitId":"alyssa-savier"},"content":"                        \"[\" + taskList[j].getStatusIcon() + \"] \" + taskList[j].getDescription());","lastModifiedDate":"2021-08-24"},{"lineNumber":171,"author":{"gitId":"alyssa-savier"},"content":"            } else {","lastModifiedDate":"2021-08-24"},{"lineNumber":172,"author":{"gitId":"alyssa-savier"},"content":"                System.out.println(j + 1 + \". [\" + taskList[j].getTask() + \"]\" +","lastModifiedDate":"2021-08-24"},{"lineNumber":173,"author":{"gitId":"alyssa-savier"},"content":"                        \"[\" + taskList[j].getStatusIcon() + \"] \" + taskList[j].getDescription()","lastModifiedDate":"2021-08-24"},{"lineNumber":174,"author":{"gitId":"alyssa-savier"},"content":"                        + taskList[j].getDate());","lastModifiedDate":"2021-08-24"},{"lineNumber":175,"author":{"gitId":"alyssa-savier"},"content":"            }","lastModifiedDate":"2021-08-24"},{"lineNumber":176,"author":{"gitId":"alyssa-savier"},"content":"        }","lastModifiedDate":"2021-08-24"},{"lineNumber":177,"author":{"gitId":"alyssa-savier"},"content":"        System.out.println(\"____________________________________________________________\");","lastModifiedDate":"2021-08-24"},{"lineNumber":178,"author":{"gitId":"alyssa-savier"},"content":"    }","lastModifiedDate":"2021-08-24"},{"lineNumber":179,"author":{"gitId":"alyssa-savier"},"content":"","lastModifiedDate":"2021-08-24"},{"lineNumber":180,"author":{"gitId":"alyssa-savier"},"content":"    public void toDoAddedMessage() {","lastModifiedDate":"2021-08-24"},{"lineNumber":181,"author":{"gitId":"alyssa-savier"},"content":"        System.out.println(","lastModifiedDate":"2021-08-24"},{"lineNumber":182,"author":{"gitId":"alyssa-savier"},"content":"                \"____________________________________________________________ \\n\"","lastModifiedDate":"2021-08-24"},{"lineNumber":183,"author":{"gitId":"alyssa-savier"},"content":"                        + \"Got it. I\u0027ve added this task: \\n\"","lastModifiedDate":"2021-08-24"},{"lineNumber":184,"author":{"gitId":"alyssa-savier"},"content":"                        + \"[\" + taskList[i].getTask() + \"]\"","lastModifiedDate":"2021-08-24"},{"lineNumber":185,"author":{"gitId":"alyssa-savier"},"content":"                        + \"[\" + taskList[i].getStatusIcon() + \"] \"","lastModifiedDate":"2021-08-24"},{"lineNumber":186,"author":{"gitId":"alyssa-savier"},"content":"                        + taskList[i].getDescription()","lastModifiedDate":"2021-08-24"},{"lineNumber":187,"author":{"gitId":"alyssa-savier"},"content":"                        + \"\\n\"","lastModifiedDate":"2021-08-24"},{"lineNumber":188,"author":{"gitId":"alyssa-savier"},"content":"                        + \"Now you have \" + (i + 1) + \" tasks in the list.\\n\"","lastModifiedDate":"2021-08-24"},{"lineNumber":189,"author":{"gitId":"alyssa-savier"},"content":"                        + \"____________________________________________________________\");","lastModifiedDate":"2021-08-24"},{"lineNumber":190,"author":{"gitId":"alyssa-savier"},"content":"    }","lastModifiedDate":"2021-08-24"},{"lineNumber":191,"author":{"gitId":"alyssa-savier"},"content":"","lastModifiedDate":"2021-08-24"},{"lineNumber":192,"author":{"gitId":"alyssa-savier"},"content":"    public void deadlineAddedMessage() {","lastModifiedDate":"2021-08-24"},{"lineNumber":193,"author":{"gitId":"alyssa-savier"},"content":"        System.out.println(","lastModifiedDate":"2021-08-24"},{"lineNumber":194,"author":{"gitId":"alyssa-savier"},"content":"                \"____________________________________________________________ \\n\"","lastModifiedDate":"2021-08-24"},{"lineNumber":195,"author":{"gitId":"alyssa-savier"},"content":"                        + \"Got it. I\u0027ve added this task: \\n\"","lastModifiedDate":"2021-08-24"},{"lineNumber":196,"author":{"gitId":"alyssa-savier"},"content":"                        + \"[\" + taskList[i].getTask() + \"]\"","lastModifiedDate":"2021-08-24"},{"lineNumber":197,"author":{"gitId":"alyssa-savier"},"content":"                        + \"[\" + taskList[i].getStatusIcon() + \"] \"","lastModifiedDate":"2021-08-24"},{"lineNumber":198,"author":{"gitId":"alyssa-savier"},"content":"                        + taskList[i].getDescription()","lastModifiedDate":"2021-08-24"},{"lineNumber":199,"author":{"gitId":"alyssa-savier"},"content":"                        + \"\\n\"","lastModifiedDate":"2021-08-24"},{"lineNumber":200,"author":{"gitId":"alyssa-savier"},"content":"                        + \"Now you have \" + (i + 1) + \" tasks in the list.\\n\"","lastModifiedDate":"2021-08-24"},{"lineNumber":201,"author":{"gitId":"alyssa-savier"},"content":"                        + \"____________________________________________________________\");","lastModifiedDate":"2021-08-24"},{"lineNumber":202,"author":{"gitId":"alyssa-savier"},"content":"    }","lastModifiedDate":"2021-08-24"},{"lineNumber":203,"author":{"gitId":"alyssa-savier"},"content":"","lastModifiedDate":"2021-08-24"},{"lineNumber":204,"author":{"gitId":"alyssa-savier"},"content":"    public void eventAddedMessage() {","lastModifiedDate":"2021-08-24"},{"lineNumber":205,"author":{"gitId":"alyssa-savier"},"content":"        System.out.println(","lastModifiedDate":"2021-08-24"},{"lineNumber":206,"author":{"gitId":"alyssa-savier"},"content":"                \"____________________________________________________________ \\n\"","lastModifiedDate":"2021-08-24"},{"lineNumber":207,"author":{"gitId":"alyssa-savier"},"content":"                        + \"Got it. I\u0027ve added this task: \\n\"","lastModifiedDate":"2021-08-24"},{"lineNumber":208,"author":{"gitId":"alyssa-savier"},"content":"                        + \"[\" + taskList[i].getTask() + \"]\"","lastModifiedDate":"2021-08-24"},{"lineNumber":209,"author":{"gitId":"alyssa-savier"},"content":"                        + \"[\" + taskList[i].getStatusIcon() + \"] \"","lastModifiedDate":"2021-08-24"},{"lineNumber":210,"author":{"gitId":"alyssa-savier"},"content":"                        + taskList[i].getDescription()","lastModifiedDate":"2021-08-24"},{"lineNumber":211,"author":{"gitId":"alyssa-savier"},"content":"                        + \"\\n\"","lastModifiedDate":"2021-08-24"},{"lineNumber":212,"author":{"gitId":"alyssa-savier"},"content":"                        + \"Now you have \" + (i + 1) + \" tasks in the list.\\n\"","lastModifiedDate":"2021-08-24"},{"lineNumber":213,"author":{"gitId":"alyssa-savier"},"content":"                        + \"____________________________________________________________\");","lastModifiedDate":"2021-08-24"},{"lineNumber":214,"author":{"gitId":"alyssa-savier"},"content":"    }","lastModifiedDate":"2021-08-24"},{"lineNumber":215,"author":{"gitId":"alyssa-savier"},"content":"","lastModifiedDate":"2021-08-24"},{"lineNumber":216,"author":{"gitId":"alyssa-savier"},"content":"    public void doneTaskMessage(int taskNo) {","lastModifiedDate":"2021-08-24"},{"lineNumber":217,"author":{"gitId":"alyssa-savier"},"content":"        System.out.println(","lastModifiedDate":"2021-08-24"},{"lineNumber":218,"author":{"gitId":"alyssa-savier"},"content":"                \"____________________________________________________________\\n\"","lastModifiedDate":"2021-08-24"},{"lineNumber":219,"author":{"gitId":"alyssa-savier"},"content":"                        + \"Nice! I\u0027ve marked this task as done: \\n\"","lastModifiedDate":"2021-08-24"},{"lineNumber":220,"author":{"gitId":"alyssa-savier"},"content":"                        + \" [\" + taskList[taskNo - 1].getStatusIcon() + \"] \"","lastModifiedDate":"2021-08-24"},{"lineNumber":221,"author":{"gitId":"alyssa-savier"},"content":"                        + taskList[taskNo - 1].getDescription()","lastModifiedDate":"2021-08-24"},{"lineNumber":222,"author":{"gitId":"alyssa-savier"},"content":"                        + \"\\n____________________________________________________________\");","lastModifiedDate":"2021-08-24"},{"lineNumber":223,"author":{"gitId":"alyssa-savier"},"content":"    }","lastModifiedDate":"2021-08-24"},{"lineNumber":224,"author":{"gitId":"alyssa-savier"},"content":"","lastModifiedDate":"2021-08-24"},{"lineNumber":225,"author":{"gitId":"alyssa-savier"},"content":"    public void deletedTaskMessage(int taskNo) {","lastModifiedDate":"2021-08-24"},{"lineNumber":226,"author":{"gitId":"alyssa-savier"},"content":"        System.out.println(","lastModifiedDate":"2021-08-24"},{"lineNumber":227,"author":{"gitId":"alyssa-savier"},"content":"                \"____________________________________________________________\\n\"","lastModifiedDate":"2021-08-24"},{"lineNumber":228,"author":{"gitId":"alyssa-savier"},"content":"                        + \"Noted. I\u0027ve removed this task: \\n\"","lastModifiedDate":"2021-08-24"},{"lineNumber":229,"author":{"gitId":"alyssa-savier"},"content":"                        + \" [\" + taskList[taskNo - 1].getStatusIcon() + \"] \"","lastModifiedDate":"2021-08-24"},{"lineNumber":230,"author":{"gitId":"alyssa-savier"},"content":"                        + taskList[taskNo - 1].getDescription()","lastModifiedDate":"2021-08-24"},{"lineNumber":231,"author":{"gitId":"alyssa-savier"},"content":"                        + \"\\n\"","lastModifiedDate":"2021-08-24"},{"lineNumber":232,"author":{"gitId":"alyssa-savier"},"content":"                        + \"Now you have \" + (i - 1) + \" tasks in the list.\\n\"","lastModifiedDate":"2021-08-24"},{"lineNumber":233,"author":{"gitId":"alyssa-savier"},"content":"                        + \"____________________________________________________________\");","lastModifiedDate":"2021-08-24"},{"lineNumber":234,"author":{"gitId":"alyssa-savier"},"content":"    }","lastModifiedDate":"2021-08-24"},{"lineNumber":235,"author":{"gitId":"alyssa-savier"},"content":"","lastModifiedDate":"2021-08-24"},{"lineNumber":236,"author":{"gitId":"alyssa-savier"},"content":"    public void errorUnknownCommandMessage() {","lastModifiedDate":"2021-08-24"},{"lineNumber":237,"author":{"gitId":"alyssa-savier"},"content":"        System.out.println(\"____________________________________________________________\\n\" +","lastModifiedDate":"2021-08-24"},{"lineNumber":238,"author":{"gitId":"alyssa-savier"},"content":"                \"☹ OOPS!!! I\u0027m sorry, but I don\u0027t know what that means :-(\\n\" +","lastModifiedDate":"2021-08-24"},{"lineNumber":239,"author":{"gitId":"alyssa-savier"},"content":"                \"____________________________________________________________\");","lastModifiedDate":"2021-08-24"},{"lineNumber":240,"author":{"gitId":"alyssa-savier"},"content":"    }","lastModifiedDate":"2021-08-24"},{"lineNumber":241,"author":{"gitId":"alyssa-savier"},"content":"","lastModifiedDate":"2021-08-24"},{"lineNumber":242,"author":{"gitId":"alyssa-savier"},"content":"    public void byeMessage() {","lastModifiedDate":"2021-08-24"},{"lineNumber":243,"author":{"gitId":"alyssa-savier"},"content":"        System.out.println(","lastModifiedDate":"2021-08-24"},{"lineNumber":244,"author":{"gitId":"alyssa-savier"},"content":"                \"____________________________________________________________ \\n\"","lastModifiedDate":"2021-08-24"},{"lineNumber":245,"author":{"gitId":"alyssa-savier"},"content":"                        + \"Bye. Hope to see you again soon! \\n\"","lastModifiedDate":"2021-08-24"},{"lineNumber":246,"author":{"gitId":"alyssa-savier"},"content":"                        + \"____________________________________________________________\");","lastModifiedDate":"2021-08-24"},{"lineNumber":247,"author":{"gitId":"alyssa-savier"},"content":"    }","lastModifiedDate":"2021-08-24"},{"lineNumber":248,"author":{"gitId":"alyssa-savier"},"content":"","lastModifiedDate":"2021-08-24"},{"lineNumber":249,"author":{"gitId":"alyssa-savier"},"content":"    public void errorEmptyMessage(String task) {","lastModifiedDate":"2021-08-24"},{"lineNumber":250,"author":{"gitId":"alyssa-savier"},"content":"        System.out.println(\"____________________________________________________________\\n\" +","lastModifiedDate":"2021-08-24"},{"lineNumber":251,"author":{"gitId":"alyssa-savier"},"content":"                \"☹ OOPS!!! The description of a \" + task + \" cannot be empty.\\n\" +","lastModifiedDate":"2021-08-24"},{"lineNumber":252,"author":{"gitId":"alyssa-savier"},"content":"                \"____________________________________________________________\");","lastModifiedDate":"2021-08-24"},{"lineNumber":253,"author":{"gitId":"alyssa-savier"},"content":"    }","lastModifiedDate":"2021-08-24"},{"lineNumber":254,"author":{"gitId":"alyssa-savier"},"content":"","lastModifiedDate":"2021-08-24"},{"lineNumber":255,"author":{"gitId":"alyssa-savier"},"content":"    public void errorInvalidTaskNo() {","lastModifiedDate":"2021-08-24"},{"lineNumber":256,"author":{"gitId":"alyssa-savier"},"content":"        System.out.println(","lastModifiedDate":"2021-08-24"},{"lineNumber":257,"author":{"gitId":"alyssa-savier"},"content":"                \"____________________________________________________________ \\n\"","lastModifiedDate":"2021-08-24"},{"lineNumber":258,"author":{"gitId":"alyssa-savier"},"content":"                        + \"invalid number!\"","lastModifiedDate":"2021-08-24"},{"lineNumber":259,"author":{"gitId":"alyssa-savier"},"content":"                        + \"\\n____________________________________________________________\");","lastModifiedDate":"2021-08-24"},{"lineNumber":260,"author":{"gitId":"alyssa-savier"},"content":"    }","lastModifiedDate":"2021-08-24"},{"lineNumber":261,"author":{"gitId":"alyssa-savier"},"content":"","lastModifiedDate":"2021-08-24"},{"lineNumber":262,"author":{"gitId":"alyssa-savier"},"content":"    public static boolean isNumeric(String string) {","lastModifiedDate":"2021-08-24"},{"lineNumber":263,"author":{"gitId":"alyssa-savier"},"content":"        int intValue;","lastModifiedDate":"2021-08-24"},{"lineNumber":264,"author":{"gitId":"alyssa-savier"},"content":"","lastModifiedDate":"2021-08-24"},{"lineNumber":265,"author":{"gitId":"alyssa-savier"},"content":"        if(string \u003d\u003d null || string.equals(\"\")) {","lastModifiedDate":"2021-08-24"},{"lineNumber":266,"author":{"gitId":"alyssa-savier"},"content":"            System.out.println(\"String cannot be parsed, it is null or empty.\");","lastModifiedDate":"2021-08-24"},{"lineNumber":267,"author":{"gitId":"alyssa-savier"},"content":"            return false;","lastModifiedDate":"2021-08-24"},{"lineNumber":268,"author":{"gitId":"alyssa-savier"},"content":"        }","lastModifiedDate":"2021-08-24"},{"lineNumber":269,"author":{"gitId":"alyssa-savier"},"content":"","lastModifiedDate":"2021-08-24"},{"lineNumber":270,"author":{"gitId":"alyssa-savier"},"content":"        try {","lastModifiedDate":"2021-08-24"},{"lineNumber":271,"author":{"gitId":"alyssa-savier"},"content":"            intValue \u003d Integer.parseInt(string);","lastModifiedDate":"2021-08-24"},{"lineNumber":272,"author":{"gitId":"alyssa-savier"},"content":"            return true;","lastModifiedDate":"2021-08-24"},{"lineNumber":273,"author":{"gitId":"alyssa-savier"},"content":"        } catch (NumberFormatException e) {","lastModifiedDate":"2021-08-24"},{"lineNumber":274,"author":{"gitId":"alyssa-savier"},"content":"        }","lastModifiedDate":"2021-08-24"},{"lineNumber":275,"author":{"gitId":"alyssa-savier"},"content":"        return false;","lastModifiedDate":"2021-08-24"},{"lineNumber":276,"author":{"gitId":"alyssa-savier"},"content":"    }","lastModifiedDate":"2021-08-24"},{"lineNumber":277,"author":{"gitId":"alyssa-savier"},"content":"","lastModifiedDate":"2021-08-24"},{"lineNumber":278,"author":{"gitId":"alyssa-savier"},"content":"    public static void writeToFile(String filePath, String textToAdd) throws IOException {","lastModifiedDate":"2021-08-24"},{"lineNumber":279,"author":{"gitId":"alyssa-savier"},"content":"        FileWriter fw \u003d new FileWriter(filePath);","lastModifiedDate":"2021-08-24"},{"lineNumber":280,"author":{"gitId":"alyssa-savier"},"content":"        fw.write(textToAdd);","lastModifiedDate":"2021-08-24"},{"lineNumber":281,"author":{"gitId":"alyssa-savier"},"content":"        fw.close();","lastModifiedDate":"2021-08-24"},{"lineNumber":282,"author":{"gitId":"alyssa-savier"},"content":"    }","lastModifiedDate":"2021-08-24"},{"lineNumber":283,"author":{"gitId":"alyssa-savier"},"content":"","lastModifiedDate":"2021-08-25"},{"lineNumber":284,"author":{"gitId":"alyssa-savier"},"content":"    private static void appendToFile(String filePath, String textToAppend) throws IOException {","lastModifiedDate":"2021-08-25"},{"lineNumber":285,"author":{"gitId":"alyssa-savier"},"content":"        FileWriter fw \u003d new FileWriter(filePath, true); // create a FileWriter in append mode","lastModifiedDate":"2021-08-25"},{"lineNumber":286,"author":{"gitId":"alyssa-savier"},"content":"        fw.write(System.lineSeparator() + textToAppend);","lastModifiedDate":"2021-08-25"},{"lineNumber":287,"author":{"gitId":"alyssa-savier"},"content":"        fw.close();","lastModifiedDate":"2021-08-25"},{"lineNumber":288,"author":{"gitId":"alyssa-savier"},"content":"    }","lastModifiedDate":"2021-08-25"},{"lineNumber":289,"author":{"gitId":"alyssa-savier"},"content":"}","lastModifiedDate":"2021-08-24"}],"authorContributionMap":{"alyssa-savier":289}},{"path":"src/main/java/ToDo.java","fileType":"java","lines":[{"lineNumber":1,"author":{"gitId":"alyssa-savier"},"content":"public class ToDo extends Task {","lastModifiedDate":"2021-08-19"},{"lineNumber":2,"author":{"gitId":"alyssa-savier"},"content":"","lastModifiedDate":"2021-08-19"},{"lineNumber":3,"author":{"gitId":"alyssa-savier"},"content":"    public ToDo(String description) {","lastModifiedDate":"2021-08-19"},{"lineNumber":4,"author":{"gitId":"alyssa-savier"},"content":"        super(description);","lastModifiedDate":"2021-08-19"},{"lineNumber":5,"author":{"gitId":"alyssa-savier"},"content":"    }","lastModifiedDate":"2021-08-19"},{"lineNumber":6,"author":{"gitId":"alyssa-savier"},"content":"","lastModifiedDate":"2021-08-19"},{"lineNumber":7,"author":{"gitId":"alyssa-savier"},"content":"    @Override","lastModifiedDate":"2021-08-19"},{"lineNumber":8,"author":{"gitId":"alyssa-savier"},"content":"    public String getTask() {","lastModifiedDate":"2021-08-19"},{"lineNumber":9,"author":{"gitId":"alyssa-savier"},"content":"        return \"T\";","lastModifiedDate":"2021-08-19"},{"lineNumber":10,"author":{"gitId":"alyssa-savier"},"content":"    }","lastModifiedDate":"2021-08-19"},{"lineNumber":11,"author":{"gitId":"alyssa-savier"},"content":"}","lastModifiedDate":"2021-08-19"}],"authorContributionMap":{"alyssa-savier":11}},{"path":"text-ui-test/input.txt","fileType":"txt","lines":[{"lineNumber":1,"author":{"gitId":"alyssa-savier"},"content":"event project meeting /at Mon 2-4pm","lastModifiedDate":"2021-08-19"}],"authorContributionMap":{"alyssa-savier":1}}]
