[{"path":"src/main/java/Deadline.java","fileType":"java","lines":[{"lineNumber":1,"author":{"gitId":"alyssa-savier"},"content":"public class Deadline extends Task {","lastModifiedDate":"2021-08-19"},{"lineNumber":2,"author":{"gitId":"alyssa-savier"},"content":"    protected String date;","lastModifiedDate":"2021-08-19"},{"lineNumber":3,"author":{"gitId":"alyssa-savier"},"content":"","lastModifiedDate":"2021-08-19"},{"lineNumber":4,"author":{"gitId":"alyssa-savier"},"content":"    public Deadline(String description, String date) {","lastModifiedDate":"2021-08-19"},{"lineNumber":5,"author":{"gitId":"alyssa-savier"},"content":"        super(description);","lastModifiedDate":"2021-08-19"},{"lineNumber":6,"author":{"gitId":"alyssa-savier"},"content":"        this.date \u003d date;","lastModifiedDate":"2021-08-19"},{"lineNumber":7,"author":{"gitId":"alyssa-savier"},"content":"    }","lastModifiedDate":"2021-08-19"},{"lineNumber":8,"author":{"gitId":"alyssa-savier"},"content":"","lastModifiedDate":"2021-08-19"},{"lineNumber":9,"author":{"gitId":"alyssa-savier"},"content":"    @Override","lastModifiedDate":"2021-08-19"},{"lineNumber":10,"author":{"gitId":"alyssa-savier"},"content":"    public String getTask() {","lastModifiedDate":"2021-08-19"},{"lineNumber":11,"author":{"gitId":"alyssa-savier"},"content":"        return \"D\"; // mark done task with X","lastModifiedDate":"2021-08-19"},{"lineNumber":12,"author":{"gitId":"alyssa-savier"},"content":"    }","lastModifiedDate":"2021-08-19"},{"lineNumber":13,"author":{"gitId":"alyssa-savier"},"content":"","lastModifiedDate":"2021-08-19"},{"lineNumber":14,"author":{"gitId":"alyssa-savier"},"content":"    public String getDate() {","lastModifiedDate":"2021-08-19"},{"lineNumber":15,"author":{"gitId":"alyssa-savier"},"content":"        return \"(by: \" + date + \")\";","lastModifiedDate":"2021-08-19"},{"lineNumber":16,"author":{"gitId":"alyssa-savier"},"content":"    }","lastModifiedDate":"2021-08-19"},{"lineNumber":17,"author":{"gitId":"alyssa-savier"},"content":"}","lastModifiedDate":"2021-08-19"}],"authorContributionMap":{"alyssa-savier":17}},{"path":"src/main/java/Duke.java","fileType":"java","lines":[{"lineNumber":1,"author":{"gitId":"alyssa-savier"},"content":"import java.util.Objects;","lastModifiedDate":"2021-08-18"},{"lineNumber":2,"author":{"gitId":"alyssa-savier"},"content":"import java.util.Scanner;","lastModifiedDate":"2021-08-18"},{"lineNumber":3,"author":{"gitId":"alyssa-savier"},"content":"","lastModifiedDate":"2021-08-18"},{"lineNumber":4,"author":{"gitId":"alyssa-savier"},"content":"/**","lastModifiedDate":"2021-08-18"},{"lineNumber":5,"author":{"gitId":"alyssa-savier"},"content":" * This program is a chatbot that creates a task list for you and is able to mark tasks as done.","lastModifiedDate":"2021-08-18"},{"lineNumber":6,"author":{"gitId":"alyssa-savier"},"content":" */","lastModifiedDate":"2021-08-18"},{"lineNumber":7,"author":{"gitId":"-"},"content":"public class Duke {","lastModifiedDate":"2019-07-29"},{"lineNumber":8,"author":{"gitId":"-"},"content":"    public static void main(String[] args) {","lastModifiedDate":"2019-07-29"},{"lineNumber":9,"author":{"gitId":"alyssa-savier"},"content":"        String inData \u003d \"yo\";","lastModifiedDate":"2021-08-18"},{"lineNumber":10,"author":{"gitId":"alyssa-savier"},"content":"        String intro \u003d \"____________________________________________________________ \\n\"","lastModifiedDate":"2021-08-18"},{"lineNumber":11,"author":{"gitId":"alyssa-savier"},"content":"                + \"Hello! I\u0027m Joker \\n\"","lastModifiedDate":"2021-08-18"},{"lineNumber":12,"author":{"gitId":"alyssa-savier"},"content":"                + \"What can I do for you? \\n\"","lastModifiedDate":"2021-08-18"},{"lineNumber":13,"author":{"gitId":"alyssa-savier"},"content":"                + \"____________________________________________________________\";","lastModifiedDate":"2021-08-18"},{"lineNumber":14,"author":{"gitId":"alyssa-savier"},"content":"        Task[] taskList \u003d new Task[100];","lastModifiedDate":"2021-08-18"},{"lineNumber":15,"author":{"gitId":"alyssa-savier"},"content":"        int i \u003d 0;","lastModifiedDate":"2021-08-18"},{"lineNumber":16,"author":{"gitId":"alyssa-savier"},"content":"        System.out.println(taskList[0]);","lastModifiedDate":"2021-08-19"},{"lineNumber":17,"author":{"gitId":"alyssa-savier"},"content":"","lastModifiedDate":"2021-08-18"},{"lineNumber":18,"author":{"gitId":"alyssa-savier"},"content":"        System.out.println(intro);","lastModifiedDate":"2021-08-18"},{"lineNumber":19,"author":{"gitId":"alyssa-savier"},"content":"","lastModifiedDate":"2021-08-18"},{"lineNumber":20,"author":{"gitId":"alyssa-savier"},"content":"        Scanner scan \u003d new Scanner(System.in);","lastModifiedDate":"2021-08-18"},{"lineNumber":21,"author":{"gitId":"alyssa-savier"},"content":"        while (!Objects.equals(inData, \"bye\")) {","lastModifiedDate":"2021-08-18"},{"lineNumber":22,"author":{"gitId":"alyssa-savier"},"content":"            inData \u003d scan.nextLine();","lastModifiedDate":"2021-08-18"},{"lineNumber":23,"author":{"gitId":"alyssa-savier"},"content":"            if (Objects.equals(inData, \"list\")) {","lastModifiedDate":"2021-08-18"},{"lineNumber":24,"author":{"gitId":"alyssa-savier"},"content":"                System.out.println(\"____________________________________________________________\\n\" +","lastModifiedDate":"2021-08-19"},{"lineNumber":25,"author":{"gitId":"alyssa-savier"},"content":"                        \"Here are the tasks in your list: \");","lastModifiedDate":"2021-08-19"},{"lineNumber":26,"author":{"gitId":"alyssa-savier"},"content":"                for (int j \u003d 0; j \u003c i; j++) {","lastModifiedDate":"2021-08-18"},{"lineNumber":27,"author":{"gitId":"alyssa-savier"},"content":"                    if (taskList[j] instanceof ToDo) {","lastModifiedDate":"2021-08-19"},{"lineNumber":28,"author":{"gitId":"alyssa-savier"},"content":"                        System.out.println(j + 1 + \". [\" + taskList[j].getTask() + \"]\" +","lastModifiedDate":"2021-08-19"},{"lineNumber":29,"author":{"gitId":"alyssa-savier"},"content":"                                \"[\" + taskList[j].getStatusIcon() + \"] \" + taskList[j].getDescription());","lastModifiedDate":"2021-08-19"},{"lineNumber":30,"author":{"gitId":"alyssa-savier"},"content":"                    } else {","lastModifiedDate":"2021-08-19"},{"lineNumber":31,"author":{"gitId":"alyssa-savier"},"content":"                        System.out.println(j + 1 + \". [\" + taskList[j].getTask() + \"]\" +","lastModifiedDate":"2021-08-19"},{"lineNumber":32,"author":{"gitId":"alyssa-savier"},"content":"                                \"[\" + taskList[j].getStatusIcon() + \"] \" + taskList[j].getDescription()","lastModifiedDate":"2021-08-19"},{"lineNumber":33,"author":{"gitId":"alyssa-savier"},"content":"                                + taskList[j].getDate());","lastModifiedDate":"2021-08-19"},{"lineNumber":34,"author":{"gitId":"alyssa-savier"},"content":"                    }","lastModifiedDate":"2021-08-19"},{"lineNumber":35,"author":{"gitId":"alyssa-savier"},"content":"                }","lastModifiedDate":"2021-08-18"},{"lineNumber":36,"author":{"gitId":"alyssa-savier"},"content":"                System.out.println(\"____________________________________________________________\");","lastModifiedDate":"2021-08-18"},{"lineNumber":37,"author":{"gitId":"alyssa-savier"},"content":"            } else {","lastModifiedDate":"2021-08-18"},{"lineNumber":38,"author":{"gitId":"alyssa-savier"},"content":"                int inDataLength \u003d inData.length();","lastModifiedDate":"2021-08-18"},{"lineNumber":39,"author":{"gitId":"alyssa-savier"},"content":"                if (inDataLength \u003c 6) {","lastModifiedDate":"2021-08-18"},{"lineNumber":40,"author":{"gitId":"alyssa-savier"},"content":"                    try {","lastModifiedDate":"2021-08-19"},{"lineNumber":41,"author":{"gitId":"alyssa-savier"},"content":"                        if (!Objects.equals(inData, \"bye\") \u0026\u0026 Objects.equals(inData.substring(0, 4), \"todo\")) {","lastModifiedDate":"2021-08-19"},{"lineNumber":42,"author":{"gitId":"alyssa-savier"},"content":"                            inData.substring(0, 6);","lastModifiedDate":"2021-08-19"},{"lineNumber":43,"author":{"gitId":"alyssa-savier"},"content":"                        } else {","lastModifiedDate":"2021-08-19"},{"lineNumber":44,"author":{"gitId":"alyssa-savier"},"content":"                            try {","lastModifiedDate":"2021-08-19"},{"lineNumber":45,"author":{"gitId":"alyssa-savier"},"content":"                                if (!Objects.equals(inData, \"bye\") \u0026\u0026 !Objects.equals(inData.substring(0, 4), \"done\")) {","lastModifiedDate":"2021-08-19"},{"lineNumber":46,"author":{"gitId":"alyssa-savier"},"content":"                                    System.out.println(\"____________________________________________________________\\n\" +","lastModifiedDate":"2021-08-19"},{"lineNumber":47,"author":{"gitId":"alyssa-savier"},"content":"                                            \"☹ OOPS!!! I\u0027m sorry, but I don\u0027t know what that means :-(\\n\" +","lastModifiedDate":"2021-08-19"},{"lineNumber":48,"author":{"gitId":"alyssa-savier"},"content":"                                            \"____________________________________________________________\");","lastModifiedDate":"2021-08-19"},{"lineNumber":49,"author":{"gitId":"alyssa-savier"},"content":"                                }","lastModifiedDate":"2021-08-19"},{"lineNumber":50,"author":{"gitId":"alyssa-savier"},"content":"                            } catch (Exception e) {","lastModifiedDate":"2021-08-19"},{"lineNumber":51,"author":{"gitId":"alyssa-savier"},"content":"                                System.out.println(\"____________________________________________________________\\n\" +","lastModifiedDate":"2021-08-19"},{"lineNumber":52,"author":{"gitId":"alyssa-savier"},"content":"                                        \"☹ OOPS!!! I\u0027m sorry, but I don\u0027t know what that means :-(\\n\" +","lastModifiedDate":"2021-08-19"},{"lineNumber":53,"author":{"gitId":"alyssa-savier"},"content":"                                        \"____________________________________________________________\");","lastModifiedDate":"2021-08-19"},{"lineNumber":54,"author":{"gitId":"alyssa-savier"},"content":"                            }","lastModifiedDate":"2021-08-19"},{"lineNumber":55,"author":{"gitId":"alyssa-savier"},"content":"                        }","lastModifiedDate":"2021-08-19"},{"lineNumber":56,"author":{"gitId":"alyssa-savier"},"content":"                    } catch (Exception e) {","lastModifiedDate":"2021-08-19"},{"lineNumber":57,"author":{"gitId":"alyssa-savier"},"content":"                        System.out.println(\"____________________________________________________________\\n\" +","lastModifiedDate":"2021-08-19"},{"lineNumber":58,"author":{"gitId":"alyssa-savier"},"content":"                                \"☹ OOPS!!! The description of a todo cannot be empty.\\n\" +","lastModifiedDate":"2021-08-19"},{"lineNumber":59,"author":{"gitId":"alyssa-savier"},"content":"                                \"____________________________________________________________\");","lastModifiedDate":"2021-08-19"},{"lineNumber":60,"author":{"gitId":"alyssa-savier"},"content":"                    }","lastModifiedDate":"2021-08-19"},{"lineNumber":61,"author":{"gitId":"alyssa-savier"},"content":"                } else {","lastModifiedDate":"2021-08-19"},{"lineNumber":62,"author":{"gitId":"alyssa-savier"},"content":"                    if (!inData.contains(\"deadline\") \u0026\u0026 !inData.contains(\"todo\") \u0026\u0026 !inData.contains(\"event\")","lastModifiedDate":"2021-08-19"},{"lineNumber":63,"author":{"gitId":"alyssa-savier"},"content":"                            \u0026\u0026 !inData.contains(\"done\") \u0026\u0026 !inData.contains(\"list\") \u0026\u0026 !inData.contains(\"bye\")","lastModifiedDate":"2021-08-19"},{"lineNumber":64,"author":{"gitId":"alyssa-savier"},"content":"                            \u0026\u0026 !inData.contains(\"delete\")) {","lastModifiedDate":"2021-08-19"},{"lineNumber":65,"author":{"gitId":"alyssa-savier"},"content":"                        System.out.println(\"____________________________________________________________\\n\" +","lastModifiedDate":"2021-08-19"},{"lineNumber":66,"author":{"gitId":"alyssa-savier"},"content":"                                \"☹ OOPS!!! I\u0027m sorry, but I don\u0027t know what that means :-(\\n\" +","lastModifiedDate":"2021-08-19"},{"lineNumber":67,"author":{"gitId":"alyssa-savier"},"content":"                                \"____________________________________________________________\");","lastModifiedDate":"2021-08-19"},{"lineNumber":68,"author":{"gitId":"alyssa-savier"},"content":"                    } else {","lastModifiedDate":"2021-08-19"},{"lineNumber":69,"author":{"gitId":"alyssa-savier"},"content":"                        if (!Objects.equals(inData, \"bye\") \u0026\u0026 Objects.equals(inData.substring(0, 5), \"todo \")) {","lastModifiedDate":"2021-08-19"},{"lineNumber":70,"author":{"gitId":"alyssa-savier"},"content":"                            taskList[i] \u003d new ToDo(inData.substring(5, inDataLength));","lastModifiedDate":"2021-08-19"},{"lineNumber":71,"author":{"gitId":"alyssa-savier"},"content":"                            System.out.println(","lastModifiedDate":"2021-08-18"},{"lineNumber":72,"author":{"gitId":"alyssa-savier"},"content":"                                    \"____________________________________________________________ \\n\"","lastModifiedDate":"2021-08-18"},{"lineNumber":73,"author":{"gitId":"alyssa-savier"},"content":"                                            + \"Got it. I\u0027ve added this task: \\n\"","lastModifiedDate":"2021-08-19"},{"lineNumber":74,"author":{"gitId":"alyssa-savier"},"content":"                                            + \"[\" + taskList[i].getTask() + \"]\"","lastModifiedDate":"2021-08-19"},{"lineNumber":75,"author":{"gitId":"alyssa-savier"},"content":"                                            + \"[\" + taskList[i].getStatusIcon() + \"] \"","lastModifiedDate":"2021-08-19"},{"lineNumber":76,"author":{"gitId":"alyssa-savier"},"content":"                                            + taskList[i].getDescription()","lastModifiedDate":"2021-08-19"},{"lineNumber":77,"author":{"gitId":"alyssa-savier"},"content":"                                            + \"\\n\"","lastModifiedDate":"2021-08-18"},{"lineNumber":78,"author":{"gitId":"alyssa-savier"},"content":"                                            + \"Now you have \" + (i + 1) + \" tasks in the list.\\n\"","lastModifiedDate":"2021-08-19"},{"lineNumber":79,"author":{"gitId":"alyssa-savier"},"content":"                                            + \"____________________________________________________________\");","lastModifiedDate":"2021-08-18"},{"lineNumber":80,"author":{"gitId":"alyssa-savier"},"content":"                            i++;","lastModifiedDate":"2021-08-18"},{"lineNumber":81,"author":{"gitId":"alyssa-savier"},"content":"","lastModifiedDate":"2021-08-19"},{"lineNumber":82,"author":{"gitId":"alyssa-savier"},"content":"                        }","lastModifiedDate":"2021-08-19"},{"lineNumber":83,"author":{"gitId":"alyssa-savier"},"content":"                        if (inData.contains(\"deadline\") || inData.contains(\"event\")) {","lastModifiedDate":"2021-08-19"},{"lineNumber":84,"author":{"gitId":"alyssa-savier"},"content":"                            if (Objects.equals(inData.substring(0, 9), \"deadline \")) {","lastModifiedDate":"2021-08-19"},{"lineNumber":85,"author":{"gitId":"alyssa-savier"},"content":"                                String[] segments \u003d inData.split(\"/by \");","lastModifiedDate":"2021-08-19"},{"lineNumber":86,"author":{"gitId":"alyssa-savier"},"content":"                                String date \u003d segments[segments.length - 1];","lastModifiedDate":"2021-08-19"},{"lineNumber":87,"author":{"gitId":"alyssa-savier"},"content":"","lastModifiedDate":"2021-08-19"},{"lineNumber":88,"author":{"gitId":"alyssa-savier"},"content":"                                int segmentedLength \u003d segments[0].length();","lastModifiedDate":"2021-08-19"},{"lineNumber":89,"author":{"gitId":"alyssa-savier"},"content":"                                String description \u003d segments[0].substring(9, segmentedLength);","lastModifiedDate":"2021-08-19"},{"lineNumber":90,"author":{"gitId":"alyssa-savier"},"content":"                                taskList[i] \u003d new Deadline(description, date);","lastModifiedDate":"2021-08-19"},{"lineNumber":91,"author":{"gitId":"alyssa-savier"},"content":"","lastModifiedDate":"2021-08-19"},{"lineNumber":92,"author":{"gitId":"alyssa-savier"},"content":"                                System.out.println(","lastModifiedDate":"2021-08-19"},{"lineNumber":93,"author":{"gitId":"alyssa-savier"},"content":"                                        \"____________________________________________________________ \\n\"","lastModifiedDate":"2021-08-19"},{"lineNumber":94,"author":{"gitId":"alyssa-savier"},"content":"                                                + \"Got it. I\u0027ve added this task: \\n\"","lastModifiedDate":"2021-08-19"},{"lineNumber":95,"author":{"gitId":"alyssa-savier"},"content":"                                                + \"[\" + taskList[i].getTask() + \"]\"","lastModifiedDate":"2021-08-19"},{"lineNumber":96,"author":{"gitId":"alyssa-savier"},"content":"                                                + \"[\" + taskList[i].getStatusIcon() + \"] \"","lastModifiedDate":"2021-08-19"},{"lineNumber":97,"author":{"gitId":"alyssa-savier"},"content":"                                                + taskList[i].getDescription()","lastModifiedDate":"2021-08-19"},{"lineNumber":98,"author":{"gitId":"alyssa-savier"},"content":"                                                + \"\\n\"","lastModifiedDate":"2021-08-19"},{"lineNumber":99,"author":{"gitId":"alyssa-savier"},"content":"                                                + \"Now you have \" + (i + 1) + \" tasks in the list.\\n\"","lastModifiedDate":"2021-08-19"},{"lineNumber":100,"author":{"gitId":"alyssa-savier"},"content":"                                                + \"____________________________________________________________\");","lastModifiedDate":"2021-08-19"},{"lineNumber":101,"author":{"gitId":"alyssa-savier"},"content":"                                i++;","lastModifiedDate":"2021-08-19"},{"lineNumber":102,"author":{"gitId":"alyssa-savier"},"content":"","lastModifiedDate":"2021-08-19"},{"lineNumber":103,"author":{"gitId":"alyssa-savier"},"content":"                            } else if (Objects.equals(inData.substring(0, 6), \"event \")) {","lastModifiedDate":"2021-08-19"},{"lineNumber":104,"author":{"gitId":"alyssa-savier"},"content":"                                String[] segments \u003d inData.split(\"/at \");","lastModifiedDate":"2021-08-19"},{"lineNumber":105,"author":{"gitId":"alyssa-savier"},"content":"                                String date \u003d segments[segments.length - 1];","lastModifiedDate":"2021-08-19"},{"lineNumber":106,"author":{"gitId":"alyssa-savier"},"content":"","lastModifiedDate":"2021-08-19"},{"lineNumber":107,"author":{"gitId":"alyssa-savier"},"content":"                                int segmentedLength \u003d segments[0].length();","lastModifiedDate":"2021-08-19"},{"lineNumber":108,"author":{"gitId":"alyssa-savier"},"content":"                                String description \u003d segments[0].substring(6, segmentedLength);","lastModifiedDate":"2021-08-19"},{"lineNumber":109,"author":{"gitId":"alyssa-savier"},"content":"                                taskList[i] \u003d new Event(description, date);","lastModifiedDate":"2021-08-19"},{"lineNumber":110,"author":{"gitId":"alyssa-savier"},"content":"","lastModifiedDate":"2021-08-19"},{"lineNumber":111,"author":{"gitId":"alyssa-savier"},"content":"                                System.out.println(","lastModifiedDate":"2021-08-19"},{"lineNumber":112,"author":{"gitId":"alyssa-savier"},"content":"                                        \"____________________________________________________________ \\n\"","lastModifiedDate":"2021-08-19"},{"lineNumber":113,"author":{"gitId":"alyssa-savier"},"content":"                                                + \"Got it. I\u0027ve added this task: \\n\"","lastModifiedDate":"2021-08-19"},{"lineNumber":114,"author":{"gitId":"alyssa-savier"},"content":"                                                + \"[\" + taskList[i].getTask() + \"]\"","lastModifiedDate":"2021-08-19"},{"lineNumber":115,"author":{"gitId":"alyssa-savier"},"content":"                                                + \"[\" + taskList[i].getStatusIcon() + \"] \"","lastModifiedDate":"2021-08-19"},{"lineNumber":116,"author":{"gitId":"alyssa-savier"},"content":"                                                + taskList[i].getDescription()","lastModifiedDate":"2021-08-19"},{"lineNumber":117,"author":{"gitId":"alyssa-savier"},"content":"                                                + \"\\n\"","lastModifiedDate":"2021-08-19"},{"lineNumber":118,"author":{"gitId":"alyssa-savier"},"content":"                                                + \"Now you have \" + (i + 1) + \" tasks in the list.\\n\"","lastModifiedDate":"2021-08-19"},{"lineNumber":119,"author":{"gitId":"alyssa-savier"},"content":"                                                + \"____________________________________________________________\");","lastModifiedDate":"2021-08-19"},{"lineNumber":120,"author":{"gitId":"alyssa-savier"},"content":"                                i++;","lastModifiedDate":"2021-08-19"},{"lineNumber":121,"author":{"gitId":"alyssa-savier"},"content":"                            }","lastModifiedDate":"2021-08-19"},{"lineNumber":122,"author":{"gitId":"alyssa-savier"},"content":"                        } else {","lastModifiedDate":"2021-08-19"},{"lineNumber":123,"author":{"gitId":"alyssa-savier"},"content":"                            if (Objects.equals(inData.substring(0, 5), \"done \")) {","lastModifiedDate":"2021-08-18"},{"lineNumber":124,"author":{"gitId":"alyssa-savier"},"content":"                                if (isNumeric(inData.substring(5, inDataLength))) {","lastModifiedDate":"2021-08-18"},{"lineNumber":125,"author":{"gitId":"alyssa-savier"},"content":"                                    int taskNo \u003d Integer.parseInt(inData.substring(5, inDataLength));","lastModifiedDate":"2021-08-18"},{"lineNumber":126,"author":{"gitId":"alyssa-savier"},"content":"                                    if (taskNo \u003c\u003d 100 \u0026\u0026 taskNo \u003c\u003d i) {","lastModifiedDate":"2021-08-18"},{"lineNumber":127,"author":{"gitId":"alyssa-savier"},"content":"                                        taskList[taskNo - 1].markAsDone();","lastModifiedDate":"2021-08-18"},{"lineNumber":128,"author":{"gitId":"alyssa-savier"},"content":"                                        System.out.println(","lastModifiedDate":"2021-08-18"},{"lineNumber":129,"author":{"gitId":"alyssa-savier"},"content":"                                                \"____________________________________________________________\\n\"","lastModifiedDate":"2021-08-18"},{"lineNumber":130,"author":{"gitId":"alyssa-savier"},"content":"                                                        + \"Nice! I\u0027ve marked this task as done: \\n\"","lastModifiedDate":"2021-08-18"},{"lineNumber":131,"author":{"gitId":"alyssa-savier"},"content":"                                                        + \" [\" + taskList[taskNo - 1].getStatusIcon() + \"] \"","lastModifiedDate":"2021-08-18"},{"lineNumber":132,"author":{"gitId":"alyssa-savier"},"content":"                                                        + taskList[taskNo - 1].getDescription()","lastModifiedDate":"2021-08-18"},{"lineNumber":133,"author":{"gitId":"alyssa-savier"},"content":"                                                        + \"\\n____________________________________________________________\");","lastModifiedDate":"2021-08-18"},{"lineNumber":134,"author":{"gitId":"alyssa-savier"},"content":"                                    } else {","lastModifiedDate":"2021-08-18"},{"lineNumber":135,"author":{"gitId":"alyssa-savier"},"content":"                                        System.out.println(","lastModifiedDate":"2021-08-18"},{"lineNumber":136,"author":{"gitId":"alyssa-savier"},"content":"                                                \"____________________________________________________________ \\n\"","lastModifiedDate":"2021-08-18"},{"lineNumber":137,"author":{"gitId":"alyssa-savier"},"content":"                                                        + \"invalid number!\"","lastModifiedDate":"2021-08-18"},{"lineNumber":138,"author":{"gitId":"alyssa-savier"},"content":"                                                        + \"\\n____________________________________________________________\");","lastModifiedDate":"2021-08-18"},{"lineNumber":139,"author":{"gitId":"alyssa-savier"},"content":"                                    }","lastModifiedDate":"2021-08-18"},{"lineNumber":140,"author":{"gitId":"alyssa-savier"},"content":"                                }","lastModifiedDate":"2021-08-18"},{"lineNumber":141,"author":{"gitId":"alyssa-savier"},"content":"                            }","lastModifiedDate":"2021-08-18"},{"lineNumber":142,"author":{"gitId":"alyssa-savier"},"content":"                            if (inData.contains(\"delete \")) {","lastModifiedDate":"2021-08-19"},{"lineNumber":143,"author":{"gitId":"alyssa-savier"},"content":"                                if (Objects.equals(inData.substring(0, 7), \"delete \")) {","lastModifiedDate":"2021-08-19"},{"lineNumber":144,"author":{"gitId":"alyssa-savier"},"content":"                                    if (isNumeric(inData.substring(7, inDataLength))) {","lastModifiedDate":"2021-08-19"},{"lineNumber":145,"author":{"gitId":"alyssa-savier"},"content":"                                        int taskNo \u003d Integer.parseInt(inData.substring(7, inDataLength));","lastModifiedDate":"2021-08-19"},{"lineNumber":146,"author":{"gitId":"alyssa-savier"},"content":"                                        if (taskNo \u003c\u003d 100 \u0026\u0026 taskNo \u003c\u003d i) {","lastModifiedDate":"2021-08-19"},{"lineNumber":147,"author":{"gitId":"alyssa-savier"},"content":"                                            System.out.println(","lastModifiedDate":"2021-08-19"},{"lineNumber":148,"author":{"gitId":"alyssa-savier"},"content":"                                                    \"____________________________________________________________\\n\"","lastModifiedDate":"2021-08-19"},{"lineNumber":149,"author":{"gitId":"alyssa-savier"},"content":"                                                            + \"Noted. I\u0027ve removed this task: \\n\"","lastModifiedDate":"2021-08-19"},{"lineNumber":150,"author":{"gitId":"alyssa-savier"},"content":"                                                            + \" [\" + taskList[taskNo - 1].getStatusIcon() + \"] \"","lastModifiedDate":"2021-08-19"},{"lineNumber":151,"author":{"gitId":"alyssa-savier"},"content":"                                                            + taskList[taskNo - 1].getDescription()","lastModifiedDate":"2021-08-19"},{"lineNumber":152,"author":{"gitId":"alyssa-savier"},"content":"                                                            + \"\\n\"","lastModifiedDate":"2021-08-19"},{"lineNumber":153,"author":{"gitId":"alyssa-savier"},"content":"                                                            + \"Now you have \" + (i - 1) + \" tasks in the list.\\n\"","lastModifiedDate":"2021-08-19"},{"lineNumber":154,"author":{"gitId":"alyssa-savier"},"content":"                                                            + \"____________________________________________________________\");","lastModifiedDate":"2021-08-19"},{"lineNumber":155,"author":{"gitId":"alyssa-savier"},"content":"                                            taskList[taskNo - 1] \u003d null;","lastModifiedDate":"2021-08-19"},{"lineNumber":156,"author":{"gitId":"alyssa-savier"},"content":"                                            if (taskNo \u003c i + 1) {","lastModifiedDate":"2021-08-19"},{"lineNumber":157,"author":{"gitId":"alyssa-savier"},"content":"                                                for (int n \u003d taskNo - 1; n \u003c i; n++) {","lastModifiedDate":"2021-08-19"},{"lineNumber":158,"author":{"gitId":"alyssa-savier"},"content":"                                                    taskList[n] \u003d taskList[n + 1];","lastModifiedDate":"2021-08-19"},{"lineNumber":159,"author":{"gitId":"alyssa-savier"},"content":"                                                }","lastModifiedDate":"2021-08-19"},{"lineNumber":160,"author":{"gitId":"alyssa-savier"},"content":"                                            }","lastModifiedDate":"2021-08-19"},{"lineNumber":161,"author":{"gitId":"alyssa-savier"},"content":"                                            i--;","lastModifiedDate":"2021-08-19"},{"lineNumber":162,"author":{"gitId":"alyssa-savier"},"content":"                                        }","lastModifiedDate":"2021-08-19"},{"lineNumber":163,"author":{"gitId":"alyssa-savier"},"content":"","lastModifiedDate":"2021-08-19"},{"lineNumber":164,"author":{"gitId":"alyssa-savier"},"content":"","lastModifiedDate":"2021-08-19"},{"lineNumber":165,"author":{"gitId":"alyssa-savier"},"content":"                                    }","lastModifiedDate":"2021-08-19"},{"lineNumber":166,"author":{"gitId":"alyssa-savier"},"content":"                                }","lastModifiedDate":"2021-08-19"},{"lineNumber":167,"author":{"gitId":"alyssa-savier"},"content":"                            }","lastModifiedDate":"2021-08-19"},{"lineNumber":168,"author":{"gitId":"alyssa-savier"},"content":"//                        } else {","lastModifiedDate":"2021-08-19"},{"lineNumber":169,"author":{"gitId":"alyssa-savier"},"content":"//                            jokerList[i] \u003d inData;","lastModifiedDate":"2021-08-19"},{"lineNumber":170,"author":{"gitId":"alyssa-savier"},"content":"//                            taskList[i] \u003d new Task(inData);","lastModifiedDate":"2021-08-19"},{"lineNumber":171,"author":{"gitId":"alyssa-savier"},"content":"//                            System.out.println(","lastModifiedDate":"2021-08-19"},{"lineNumber":172,"author":{"gitId":"alyssa-savier"},"content":"//                                    \"____________________________________________________________ \\n\"","lastModifiedDate":"2021-08-19"},{"lineNumber":173,"author":{"gitId":"alyssa-savier"},"content":"//                                            + \"added: \"","lastModifiedDate":"2021-08-19"},{"lineNumber":174,"author":{"gitId":"alyssa-savier"},"content":"//                                            + inData","lastModifiedDate":"2021-08-19"},{"lineNumber":175,"author":{"gitId":"alyssa-savier"},"content":"//                                            + \"\\n\"","lastModifiedDate":"2021-08-19"},{"lineNumber":176,"author":{"gitId":"alyssa-savier"},"content":"//                                            + \"____________________________________________________________\");","lastModifiedDate":"2021-08-19"},{"lineNumber":177,"author":{"gitId":"alyssa-savier"},"content":"//                            i++;","lastModifiedDate":"2021-08-19"},{"lineNumber":178,"author":{"gitId":"alyssa-savier"},"content":"//                        }","lastModifiedDate":"2021-08-19"},{"lineNumber":179,"author":{"gitId":"alyssa-savier"},"content":"                        }","lastModifiedDate":"2021-08-18"},{"lineNumber":180,"author":{"gitId":"alyssa-savier"},"content":"                    }","lastModifiedDate":"2021-08-18"},{"lineNumber":181,"author":{"gitId":"alyssa-savier"},"content":"                }","lastModifiedDate":"2021-08-18"},{"lineNumber":182,"author":{"gitId":"alyssa-savier"},"content":"            }","lastModifiedDate":"2021-08-19"},{"lineNumber":183,"author":{"gitId":"alyssa-savier"},"content":"        }","lastModifiedDate":"2021-08-19"},{"lineNumber":184,"author":{"gitId":"alyssa-savier"},"content":"        System.out.println(","lastModifiedDate":"2021-08-18"},{"lineNumber":185,"author":{"gitId":"alyssa-savier"},"content":"                \"____________________________________________________________ \\n\"","lastModifiedDate":"2021-08-18"},{"lineNumber":186,"author":{"gitId":"alyssa-savier"},"content":"                            + \"Bye. Hope to see you again soon! \\n\"","lastModifiedDate":"2021-08-18"},{"lineNumber":187,"author":{"gitId":"alyssa-savier"},"content":"                            + \"____________________________________________________________\");","lastModifiedDate":"2021-08-18"},{"lineNumber":188,"author":{"gitId":"-"},"content":"    }","lastModifiedDate":"2019-07-29"},{"lineNumber":189,"author":{"gitId":"alyssa-savier"},"content":"","lastModifiedDate":"2021-08-18"},{"lineNumber":190,"author":{"gitId":"alyssa-savier"},"content":"    public static boolean isNumeric(String string) {","lastModifiedDate":"2021-08-18"},{"lineNumber":191,"author":{"gitId":"alyssa-savier"},"content":"        int intValue;","lastModifiedDate":"2021-08-18"},{"lineNumber":192,"author":{"gitId":"alyssa-savier"},"content":"","lastModifiedDate":"2021-08-18"},{"lineNumber":193,"author":{"gitId":"alyssa-savier"},"content":"        if(string \u003d\u003d null || string.equals(\"\")) {","lastModifiedDate":"2021-08-18"},{"lineNumber":194,"author":{"gitId":"alyssa-savier"},"content":"            System.out.println(\"String cannot be parsed, it is null or empty.\");","lastModifiedDate":"2021-08-18"},{"lineNumber":195,"author":{"gitId":"alyssa-savier"},"content":"            return false;","lastModifiedDate":"2021-08-18"},{"lineNumber":196,"author":{"gitId":"alyssa-savier"},"content":"        }","lastModifiedDate":"2021-08-18"},{"lineNumber":197,"author":{"gitId":"alyssa-savier"},"content":"","lastModifiedDate":"2021-08-18"},{"lineNumber":198,"author":{"gitId":"alyssa-savier"},"content":"        try {","lastModifiedDate":"2021-08-18"},{"lineNumber":199,"author":{"gitId":"alyssa-savier"},"content":"            intValue \u003d Integer.parseInt(string);","lastModifiedDate":"2021-08-18"},{"lineNumber":200,"author":{"gitId":"alyssa-savier"},"content":"            return true;","lastModifiedDate":"2021-08-18"},{"lineNumber":201,"author":{"gitId":"alyssa-savier"},"content":"        } catch (NumberFormatException e) {","lastModifiedDate":"2021-08-18"},{"lineNumber":202,"author":{"gitId":"alyssa-savier"},"content":"        }","lastModifiedDate":"2021-08-18"},{"lineNumber":203,"author":{"gitId":"alyssa-savier"},"content":"        return false;","lastModifiedDate":"2021-08-18"},{"lineNumber":204,"author":{"gitId":"-"},"content":"    }","lastModifiedDate":"2021-08-18"},{"lineNumber":205,"author":{"gitId":"-"},"content":"}","lastModifiedDate":"2019-07-29"}],"authorContributionMap":{"alyssa-savier":200,"-":5}},{"path":"src/main/java/Event.java","fileType":"java","lines":[{"lineNumber":1,"author":{"gitId":"alyssa-savier"},"content":"public class Event extends Task {","lastModifiedDate":"2021-08-19"},{"lineNumber":2,"author":{"gitId":"alyssa-savier"},"content":"    protected String date;","lastModifiedDate":"2021-08-19"},{"lineNumber":3,"author":{"gitId":"alyssa-savier"},"content":"","lastModifiedDate":"2021-08-19"},{"lineNumber":4,"author":{"gitId":"alyssa-savier"},"content":"    public Event(String description, String date) {","lastModifiedDate":"2021-08-19"},{"lineNumber":5,"author":{"gitId":"alyssa-savier"},"content":"        super(description);","lastModifiedDate":"2021-08-19"},{"lineNumber":6,"author":{"gitId":"alyssa-savier"},"content":"        this.date \u003d date;","lastModifiedDate":"2021-08-19"},{"lineNumber":7,"author":{"gitId":"alyssa-savier"},"content":"    }","lastModifiedDate":"2021-08-19"},{"lineNumber":8,"author":{"gitId":"alyssa-savier"},"content":"","lastModifiedDate":"2021-08-19"},{"lineNumber":9,"author":{"gitId":"alyssa-savier"},"content":"    @Override","lastModifiedDate":"2021-08-19"},{"lineNumber":10,"author":{"gitId":"alyssa-savier"},"content":"    public String getTask() {","lastModifiedDate":"2021-08-19"},{"lineNumber":11,"author":{"gitId":"alyssa-savier"},"content":"        return \"E\";","lastModifiedDate":"2021-08-19"},{"lineNumber":12,"author":{"gitId":"alyssa-savier"},"content":"    }","lastModifiedDate":"2021-08-19"},{"lineNumber":13,"author":{"gitId":"alyssa-savier"},"content":"","lastModifiedDate":"2021-08-19"},{"lineNumber":14,"author":{"gitId":"alyssa-savier"},"content":"    public String getDate() {","lastModifiedDate":"2021-08-19"},{"lineNumber":15,"author":{"gitId":"alyssa-savier"},"content":"        return \"(at: \" + date + \")\";","lastModifiedDate":"2021-08-19"},{"lineNumber":16,"author":{"gitId":"alyssa-savier"},"content":"    }","lastModifiedDate":"2021-08-19"},{"lineNumber":17,"author":{"gitId":"alyssa-savier"},"content":"}","lastModifiedDate":"2021-08-19"}],"authorContributionMap":{"alyssa-savier":17}},{"path":"src/main/java/Task.java","fileType":"java","lines":[{"lineNumber":1,"author":{"gitId":"alyssa-savier"},"content":"public class Task {","lastModifiedDate":"2021-08-18"},{"lineNumber":2,"author":{"gitId":"alyssa-savier"},"content":"    protected String description;","lastModifiedDate":"2021-08-18"},{"lineNumber":3,"author":{"gitId":"alyssa-savier"},"content":"    protected boolean isDone;","lastModifiedDate":"2021-08-18"},{"lineNumber":4,"author":{"gitId":"alyssa-savier"},"content":"","lastModifiedDate":"2021-08-18"},{"lineNumber":5,"author":{"gitId":"alyssa-savier"},"content":"    public Task(String description) {","lastModifiedDate":"2021-08-18"},{"lineNumber":6,"author":{"gitId":"alyssa-savier"},"content":"        this.description \u003d description;","lastModifiedDate":"2021-08-18"},{"lineNumber":7,"author":{"gitId":"alyssa-savier"},"content":"        this.isDone \u003d false;","lastModifiedDate":"2021-08-18"},{"lineNumber":8,"author":{"gitId":"alyssa-savier"},"content":"    }","lastModifiedDate":"2021-08-18"},{"lineNumber":9,"author":{"gitId":"alyssa-savier"},"content":"","lastModifiedDate":"2021-08-18"},{"lineNumber":10,"author":{"gitId":"alyssa-savier"},"content":"    public String getStatusIcon() {","lastModifiedDate":"2021-08-18"},{"lineNumber":11,"author":{"gitId":"alyssa-savier"},"content":"        return (isDone ? \"X\" : \" \"); // mark done task with X","lastModifiedDate":"2021-08-18"},{"lineNumber":12,"author":{"gitId":"alyssa-savier"},"content":"    }","lastModifiedDate":"2021-08-18"},{"lineNumber":13,"author":{"gitId":"alyssa-savier"},"content":"","lastModifiedDate":"2021-08-18"},{"lineNumber":14,"author":{"gitId":"alyssa-savier"},"content":"    public void markAsDone() {","lastModifiedDate":"2021-08-18"},{"lineNumber":15,"author":{"gitId":"alyssa-savier"},"content":"        this.isDone \u003d true;","lastModifiedDate":"2021-08-18"},{"lineNumber":16,"author":{"gitId":"alyssa-savier"},"content":"    }","lastModifiedDate":"2021-08-18"},{"lineNumber":17,"author":{"gitId":"alyssa-savier"},"content":"","lastModifiedDate":"2021-08-18"},{"lineNumber":18,"author":{"gitId":"alyssa-savier"},"content":"    public String getDescription() {","lastModifiedDate":"2021-08-18"},{"lineNumber":19,"author":{"gitId":"alyssa-savier"},"content":"        return this.description;","lastModifiedDate":"2021-08-18"},{"lineNumber":20,"author":{"gitId":"alyssa-savier"},"content":"    }","lastModifiedDate":"2021-08-18"},{"lineNumber":21,"author":{"gitId":"alyssa-savier"},"content":"","lastModifiedDate":"2021-08-18"},{"lineNumber":22,"author":{"gitId":"alyssa-savier"},"content":"    public String getTask() {","lastModifiedDate":"2021-08-19"},{"lineNumber":23,"author":{"gitId":"alyssa-savier"},"content":"        return \"untyped\";","lastModifiedDate":"2021-08-19"},{"lineNumber":24,"author":{"gitId":"alyssa-savier"},"content":"    }","lastModifiedDate":"2021-08-19"},{"lineNumber":25,"author":{"gitId":"alyssa-savier"},"content":"","lastModifiedDate":"2021-08-19"},{"lineNumber":26,"author":{"gitId":"alyssa-savier"},"content":"    public String getDate() {","lastModifiedDate":"2021-08-19"},{"lineNumber":27,"author":{"gitId":"alyssa-savier"},"content":"        return null;","lastModifiedDate":"2021-08-19"},{"lineNumber":28,"author":{"gitId":"alyssa-savier"},"content":"    }","lastModifiedDate":"2021-08-19"},{"lineNumber":29,"author":{"gitId":"alyssa-savier"},"content":"","lastModifiedDate":"2021-08-19"},{"lineNumber":30,"author":{"gitId":"alyssa-savier"},"content":"}","lastModifiedDate":"2021-08-18"}],"authorContributionMap":{"alyssa-savier":30}},{"path":"src/main/java/ToDo.java","fileType":"java","lines":[{"lineNumber":1,"author":{"gitId":"alyssa-savier"},"content":"public class ToDo extends Task {","lastModifiedDate":"2021-08-19"},{"lineNumber":2,"author":{"gitId":"alyssa-savier"},"content":"","lastModifiedDate":"2021-08-19"},{"lineNumber":3,"author":{"gitId":"alyssa-savier"},"content":"    public ToDo(String description) {","lastModifiedDate":"2021-08-19"},{"lineNumber":4,"author":{"gitId":"alyssa-savier"},"content":"        super(description);","lastModifiedDate":"2021-08-19"},{"lineNumber":5,"author":{"gitId":"alyssa-savier"},"content":"    }","lastModifiedDate":"2021-08-19"},{"lineNumber":6,"author":{"gitId":"alyssa-savier"},"content":"","lastModifiedDate":"2021-08-19"},{"lineNumber":7,"author":{"gitId":"alyssa-savier"},"content":"    @Override","lastModifiedDate":"2021-08-19"},{"lineNumber":8,"author":{"gitId":"alyssa-savier"},"content":"    public String getTask() {","lastModifiedDate":"2021-08-19"},{"lineNumber":9,"author":{"gitId":"alyssa-savier"},"content":"        return \"T\";","lastModifiedDate":"2021-08-19"},{"lineNumber":10,"author":{"gitId":"alyssa-savier"},"content":"    }","lastModifiedDate":"2021-08-19"},{"lineNumber":11,"author":{"gitId":"alyssa-savier"},"content":"}","lastModifiedDate":"2021-08-19"}],"authorContributionMap":{"alyssa-savier":11}},{"path":"text-ui-test/input.txt","fileType":"txt","lines":[{"lineNumber":1,"author":{"gitId":"alyssa-savier"},"content":"event project meeting /at Mon 2-4pm","lastModifiedDate":"2021-08-19"}],"authorContributionMap":{"alyssa-savier":1}}]
