{"authorDailyContributionsMap":{"alyssa-savier":[{"date":"2021-08-18","commitResults":[{"hash":"79e2a606cff3cc25ccfe34d2797271e96ba51720","messageTitle":"Implement skeletal version of Duke with echo function Duke renamed to Joker.","messageBody":"Joker greets the user, echos commands entered by user, and exits when user types bye.\n","tags":["Level-2","Level-1"],"fileTypesAndContributionMap":{"java":{"insertions":22,"deletions":6}}},{"hash":"0ce3dab7a44a76606086a0d63d716279b068acca","messageTitle":"Add ability to store text entered by user and list back out for user","messageBody":"","fileTypesAndContributionMap":{"java":{"insertions":25,"deletions":6}}},{"hash":"7df0e65c83b77d5230a4547ce9cfd973bb2539d4","messageTitle":"Add the ability to mark tasks as done. Creating a task class makes it much easier to mark tasks as done. Another tasklist array also makes it easier to keep track.","messageBody":"","tags":["Level-3"],"fileTypesAndContributionMap":{"java":{"insertions":86,"deletions":12}}}]},{"date":"2021-08-19","commitResults":[{"hash":"ebf7dcfa32ab2f4ff99e7a8aa71995d1ee650be4","messageTitle":"Add support for tracking three types of tasks: TodDos, Events, Deadlines Created three classes ToDo, Event, Deadline, which inherit from the Task class.","messageBody":"","tags":["Level-4"],"fileTypesAndContributionMap":{"java":{"insertions":158,"deletions":37}}},{"hash":"e61758c1b16a769f6df68550332dbb776ba39b83","messageTitle":"Add Automated Text UI Testing","messageBody":"","tags":["A-TextUiTesting"],"fileTypesAndContributionMap":{"txt":{"insertions":1,"deletions":0}}},{"hash":"8249b5ad60bd642478bb3cbdc969dffb6445864c","messageTitle":"Add Error Handling for 2 types of errors Error 1: Description of a todo list cannot be empty Error 2: Invalid command/input","messageBody":"","tags":["Level-5"],"fileTypesAndContributionMap":{"java":{"insertions":105,"deletions":89}}},{"hash":"53f361bd13e4ac766382e3062b3975dd525ef1a2","messageTitle":"Fix some bugs related to bye command","messageBody":"","fileTypesAndContributionMap":{"java":{"insertions":3,"deletions":7}}},{"hash":"ecac52c9ee64940fc081052967a5ad269a46f5ee","messageTitle":"Add support for deleting tasks from the list","messageBody":"","tags":["Level-6"],"fileTypesAndContributionMap":{"java":{"insertions":29,"deletions":1}}}]},{"date":"2021-08-24","commitResults":[{"hash":"72331cf0cd8c2248660a9bf276d624e5d16b006d","messageTitle":"Refactor the Code More OOP added.","messageBody":"","fileTypesAndContributionMap":{"java":{"insertions":2,"deletions":0}}},{"hash":"97cacabf770b9b8fe6d977018fd9464f4c9ef37f","messageTitle":"Refactor the Code Added more OOP.","messageBody":"","fileTypesAndContributionMap":{"java":{"insertions":213,"deletions":187}}}]},{"date":"2021-08-25","commitResults":[{"hash":"9f4939ed1c5d009c3d14b4118082388804c76716","messageTitle":"Add automatically save tasks in hard disk feature Automatically saves when task list changes. Loads data from hard disk when Joker starts up.","messageBody":"","tags":["Level-7"],"fileTypesAndContributionMap":{"txt":{"insertions":2,"deletions":0},"java":{"insertions":90,"deletions":2}}},{"hash":"32cfb82dbc8ebfa537b06c97379a75f073eb2ab8","messageTitle":"Add Support for Joker to read dates and times Store deadline and event dates as a java.time.LocalDate. Accept dates in this format: yyyy-mm-dd (e.g., 2019-10-15) and print in a different format such as MMM dd yyyy (e.g., Oct 15 2019).","messageBody":"","tags":["Level-8"],"fileTypesAndContributionMap":{"txt":{"insertions":4,"deletions":2},"java":{"insertions":35,"deletions":16}}}]},{"date":"2021-09-11","commitResults":[{"hash":"042a3493b82c4d4bbc3c68a1c8d7c48976d59648","messageTitle":"Add GUI for Duke","messageBody":"","tags":["Level-10"],"fileTypesAndContributionMap":{"gradle":{"insertions":16,"deletions":1},"fxml":{"insertions":35,"deletions":0},"java":{"insertions":342,"deletions":73}}},{"hash":"6207c5cc9a063f8fc28607741276f44dc71b14c7","messageTitle":"Integrate GUI with Duke Bot","messageBody":"","fileTypesAndContributionMap":{"txt":{"insertions":10,"deletions":4},"fxml":{"insertions":1,"deletions":1},"java":{"insertions":39,"deletions":33}}}]},{"date":"2021-09-17","commitResults":[{"hash":"74c77310e9972dff39d5632d44a7b45294939382","messageTitle":"Implement more OOP","messageBody":"","fileTypesAndContributionMap":{"txt":{"insertions":3,"deletions":2},"java":{"insertions":18,"deletions":13}}},{"hash":"d4f0a6ceeaed2c42e640d8eded5bf4d3369450c6","messageTitle":"Implement more OOP","messageBody":"","fileTypesAndContributionMap":{"java":{"insertions":1,"deletions":1}}},{"hash":"700403a19920d4c7324880a7b8fc58e0fc2cf05f","messageTitle":"Implement JavaDocs and OOP","messageBody":"","fileTypesAndContributionMap":{"java":{"insertions":5,"deletions":0}}},{"hash":"315180bb0edeb310d7410b786c9be9fe3e30be18","messageTitle":"Add JAvaDocs and Implement OOP","messageBody":"","fileTypesAndContributionMap":{"java":{"insertions":0,"deletions":1}}},{"hash":"c65478924fee2c8a66366bb43d5cf6c2f672b85b","messageTitle":"Implement Coding Quality Improvements","messageBody":"Code quality improved by removing redundant variables.\nThis makes the code more readable, and does not slow down the code\nunnecessarily.\n\nIt is important to have better quality code for better understanding.\n","tags":["A-CodeQuality"],"fileTypesAndContributionMap":{"java":{"insertions":78,"deletions":11}}},{"hash":"6e2ee97344a11ff5a8c6096e6d2e4d56561760a4","messageTitle":"Improve Code Quality and Add Full Commit Message","messageBody":"Code quality improved by removing redundant variables.\nThis makes the code more readable, and does not slow down the code\nunnecessarily.\n\nIt is important to have better quality code for better understanding.\n","tags":["A-FullCommitMessage"],"fileTypesAndContributionMap":{"java":{"insertions":1,"deletions":1}}},{"hash":"65c8429032b727ff09e9a40af59d988522811c20","messageTitle":"Improve coding standard","messageBody":"","fileTypesAndContributionMap":{"java":{"insertions":1,"deletions":1}}}]}]},"authorFileTypeContributionMap":{"alyssa-savier":{"java":762,"md":0,"fxml":35,"sh":0,"bat":0,"gradle":15,"txt":12}},"authorContributionVariance":{"alyssa-savier":15921.052},"authorDisplayNameMap":{"alyssa-savier":"CS2103T-W12-3 ALYS..VIER"}}
