{"authorDailyContributionsMap":{"s7u4rt99":[{"date":"2021-08-17","commitResults":[{"hash":"753fc36b421d7e31e9d4fa101f7f451b512ed92c","messageTitle":"Complete Level 1","messageBody":"","tags":["Level-1"],"fileTypesAndContributionMap":{"java":{"insertions":21,"deletions":1}}},{"hash":"178b145fbb66a15750b488c91192c1f23fe4cd2c","messageTitle":"Complete Level 2","messageBody":"","tags":["Level-2"],"fileTypesAndContributionMap":{"java":{"insertions":21,"deletions":1}}}]},{"date":"2021-08-18","commitResults":[{"hash":"ccabe7adec9c22a1d335fd72c8a4e347273f2755","messageTitle":"Complete Level 3","messageBody":"","tags":["Level-3"],"fileTypesAndContributionMap":{"java":{"insertions":44,"deletions":3}}},{"hash":"b21bc1748cce7e2f467f7c051e050233ad93c6a1","messageTitle":"Complete Level 4","messageBody":"","tags":["Level-4"],"fileTypesAndContributionMap":{"java":{"insertions":88,"deletions":2}}},{"hash":"0b3700ea995e3d0e3ff1ab2e402df767ed80bd0f","messageTitle":"Complete A-TextUiTesting","messageBody":"","tags":["A-TextUiTesting"],"fileTypesAndContributionMap":{"txt":{"insertions":11,"deletions":0},"java":{"insertions":3,"deletions":3}}},{"hash":"e72c5bb78ce231f26366b4ea1c61f5fe8a5ea90c","messageTitle":"Complete Level-5","messageBody":"","tags":["Level-5"],"fileTypesAndContributionMap":{"java":{"insertions":117,"deletions":38}}},{"hash":"1b2f9f506a6df6fad2ee883e3ae0467484b04894","messageTitle":"Complete Level-6","messageBody":"","tags":["Level-6"],"fileTypesAndContributionMap":{"java":{"insertions":52,"deletions":52}}}]},{"date":"2021-08-24","commitResults":[{"hash":"4a6cbb9b8d4e9c21500b50778097e23ccdc59f11","messageTitle":"Complete Level-7","messageBody":"","fileTypesAndContributionMap":{"java":{"insertions":124,"deletions":1}}},{"hash":"f157fd09148f7dd2d17073f7a3be1dddb7a52d80","messageTitle":"Complete Level-8","messageBody":"","fileTypesAndContributionMap":{"java":{"insertions":34,"deletions":1}}}]},{"date":"2021-08-25","commitResults":[{"hash":"6ec4c1419654ac54bfd73045596055993ff7fa81","messageTitle":"Complete A-MoreOOP","messageBody":"","tags":["A-MoreOOP"],"fileTypesAndContributionMap":{"java":{"insertions":429,"deletions":293}}},{"hash":"39505c896b6c1bc0c196d886c6b45b30697ce046","messageTitle":"Complete A-Packages","messageBody":"","tags":["A-Packages"],"fileTypesAndContributionMap":{"java":{"insertions":106,"deletions":8},"bat":{"insertions":1,"deletions":1},"md":{"insertions":2,"deletions":2}}}]},{"date":"2021-08-26","commitResults":[{"hash":"f30627c2997725af845b5b6d263b0421546a8300","messageTitle":"Complete A-JUnit","messageBody":"","tags":["A-JUnit"],"fileTypesAndContributionMap":{"java":{"insertions":79,"deletions":6}}},{"hash":"d76053f0a642aa5b572ecb1e69574bc9f09f7fe5","messageTitle":"Enable OS dependent file saving","messageBody":"","tags":["v0.1","A-Jar"],"fileTypesAndContributionMap":{"java":{"insertions":1,"deletions":2}}},{"hash":"17147b870326801d5080e01209a89ca3e521951d","messageTitle":"Complete A-JavaDoc","messageBody":"","fileTypesAndContributionMap":{"java":{"insertions":398,"deletions":14}}},{"hash":"38c15ebdf0790f3c675c985ab2ca3deb24ee33fa","messageTitle":"Complete A-CodingStandard.","messageBody":"","fileTypesAndContributionMap":{"java":{"insertions":84,"deletions":52}}},{"hash":"8bd56bdab413c44aa8b3b9bbc9e0cbf6549732e0","messageTitle":"Fix JavaDocs","messageBody":"","fileTypesAndContributionMap":{"java":{"insertions":17,"deletions":12}}},{"hash":"ec56d513d13e34ac52d41c9a5502edb4c2604b46","messageTitle":"Complete Level-9","messageBody":"","fileTypesAndContributionMap":{"java":{"insertions":137,"deletions":11}}}]},{"date":"2021-08-31","commitResults":[{"hash":"f5ba041d712b99f46672b992f40e4356c8e1fa57","messageTitle":"Fix IO testing","messageBody":"","fileTypesAndContributionMap":{"sh":{"insertions":10,"deletions":3}}},{"hash":"4804c8c12d32a4ff8a1c1947b24adffc48c431f4","messageTitle":"Complete A-Gradle","messageBody":"","fileTypesAndContributionMap":{"gradle":{"insertions":1,"deletions":1},"java":{"insertions":0,"deletions":0}}},{"hash":"4f3f88b085854b3dc27f94b749fdb1958f22af97","messageTitle":"Complete A-Checkstyle","messageBody":"","fileTypesAndContributionMap":{"java":{"insertions":57,"deletions":43}}}]}]},"authorFileTypeContributionMap":{"s7u4rt99":{"java":1281,"md":2,"fxml":0,"sh":9,"bat":1,"gradle":1,"txt":11}},"authorContributionVariance":{"s7u4rt99":57979.75},"authorDisplayNameMap":{"s7u4rt99":"CS2103T-F11-1 STUA..BOON"}}
