{"authorDailyContributionsMap":{"jeremy-7007":[{"date":"2021-08-19","commitResults":[{"hash":"838c27f4f909b1e98e3df85c2b431e40afa5be1a","messageTitle":"Commit level 1","messageBody":"","tags":["Level-1"],"fileTypesAndContributionMap":{"java":{"insertions":10,"deletions":0}}},{"hash":"3a4a3d011ec43ae33ea4d8684a7fdcc56e113144","messageTitle":"Commit level 2","messageBody":"","tags":["Level-2"],"fileTypesAndContributionMap":{"java":{"insertions":17,"deletions":1}}},{"hash":"4acee156986810f44f7634e9841017dc4cdfa7c8","messageTitle":"Added class Task","messageBody":"","fileTypesAndContributionMap":{"java":{"insertions":28,"deletions":0}}},{"hash":"fdf8c54867f4c72146ecae572d8d02b6b9228302","messageTitle":"Commit level 3","messageBody":"","fileTypesAndContributionMap":{"java":{"insertions":56,"deletions":10}}},{"hash":"18e770fbc65f5fb5132ee4caa3c326f88a3b609d","messageTitle":"Commands show error instead of adding a new task. New level 3.","messageBody":"","tags":["Level-3"],"fileTypesAndContributionMap":{"java":{"insertions":6,"deletions":12}}},{"hash":"df51d216a3ac495a6334dadcc3637f7a0e1c1be2","messageTitle":"Support todo command","messageBody":"","fileTypesAndContributionMap":{"java":{"insertions":59,"deletions":3}}},{"hash":"49ea16e87cdd00b223c9db5d88e6d3068b3e6bbe","messageTitle":"Commit level 4","messageBody":"","tags":["Level-4"],"fileTypesAndContributionMap":{"java":{"insertions":70,"deletions":3}}},{"hash":"7959dddd1478163e463c4b5d3f023fab2fcc75b8","messageTitle":"Commit A-TextUiTesting","messageBody":"","tags":["A-TextUiTesting"],"fileTypesAndContributionMap":{"txt":{"insertions":19,"deletions":0}}},{"hash":"358b88d9a4f571bf65632be9bd3e2b7a7c971619","messageTitle":"Commit level 5","messageBody":"","tags":["Level-5"],"fileTypesAndContributionMap":{"java":{"insertions":122,"deletions":116}}},{"hash":"925d81bc81e7947f17cfb158998a61129bc01178","messageTitle":"Commit level 6","messageBody":"","tags":["Level-6"],"fileTypesAndContributionMap":{"txt":{"insertions":5,"deletions":0},"java":{"insertions":68,"deletions":58}}}]},{"date":"2021-08-24","commitResults":[{"hash":"48a9b6dd63edb8488e95c084806d449b93563ad8","messageTitle":"Create and read file","messageBody":"","fileTypesAndContributionMap":{"txt":{"insertions":4,"deletions":0},"java":{"insertions":43,"deletions":0}}},{"hash":"80644f5102710f332f6705e66399193361c95cad","messageTitle":"Write new task to file","messageBody":"","fileTypesAndContributionMap":{"java":{"insertions":35,"deletions":0}}},{"hash":"dcc3ba50b43e4211c035b580c85270074627ae0f","messageTitle":"Commit level 7","messageBody":"","tags":["Level-7"],"fileTypesAndContributionMap":{"java":{"insertions":61,"deletions":30}}}]},{"date":"2021-08-25","commitResults":[{"hash":"cc59c6225e2b12e5dfbdd04ec8a62b49740b1743","messageTitle":"Commit level 8 to branch","messageBody":"","fileTypesAndContributionMap":{"java":{"insertions":61,"deletions":30}}}]},{"date":"2021-08-26","commitResults":[{"hash":"40054530dfeb274bcac0f6b062930fa5a92795ea","messageTitle":"OOP WIP","messageBody":"","fileTypesAndContributionMap":{"java":{"insertions":259,"deletions":0}}}]},{"date":"2021-08-27","commitResults":[{"hash":"3460e9a828948f8f99a5dc165807540834fced58","messageTitle":"Commit A-MoreOOP","messageBody":"","tags":["A-MoreOOP"],"fileTypesAndContributionMap":{"java":{"insertions":264,"deletions":355}}},{"hash":"18ef79584900104f1a26513ec9611a7dedfde232","messageTitle":"Commit A-Packages","messageBody":"","tags":["A-Packages"],"fileTypesAndContributionMap":{"java":{"insertions":75,"deletions":3},"md":{"insertions":1,"deletions":1}}},{"hash":"9f9facd02ca8e287056816d1205c91dd438955a9","messageTitle":"Commit A-JUnit","messageBody":"","tags":["A-JUnit"],"fileTypesAndContributionMap":{"txt":{"insertions":2,"deletions":2},"java":{"insertions":77,"deletions":6}}},{"hash":"dc1ab26a804ffedb0ece61a8e6476e00327809f1","messageTitle":"Commit A-JavaDoc","messageBody":"","fileTypesAndContributionMap":{"java":{"insertions":261,"deletions":13}}},{"hash":"06addd32d118bdeec7eed66c9269148e20318420","messageTitle":"Commit Level-9","messageBody":"","fileTypesAndContributionMap":{"txt":{"insertions":2,"deletions":2},"java":{"insertions":52,"deletions":2}}}]},{"date":"2021-09-01","commitResults":[{"hash":"9ffc19d49370219e5180f118124c052b4f1d5651","messageTitle":"Commit A-Gradle","messageBody":"","tags":["A-Gradle"],"fileTypesAndContributionMap":{"gradle":{"insertions":1,"deletions":1},"java":{"insertions":3,"deletions":0}}},{"hash":"325ffc9aaa2ae6b1efee69eac7e1f2bad72e320a","messageTitle":"Commit A-Checkstyle","messageBody":"","tags":["A-CheckStyle"],"fileTypesAndContributionMap":{"java":{"insertions":13,"deletions":3}}}]},{"date":"2021-09-04","commitResults":[{"hash":"bfc9fde84ea947083f1fbbb299e23f71073db1bf","messageTitle":"Almost finish JavaFX tutorial","messageBody":"","fileTypesAndContributionMap":{"gradle":{"insertions":14,"deletions":0},"fxml":{"insertions":35,"deletions":0},"java":{"insertions":283,"deletions":33}}},{"hash":"fe6b867c51d4c5ab917a76d0e45b815734d62326","messageTitle":"Finish tutorial","messageBody":"","fileTypesAndContributionMap":{"java":{"insertions":19,"deletions":125}}},{"hash":"9e35f470731bb3c03f05d7a944cbabdf3994cd2f","messageTitle":"Fix logic with commands and ui","messageBody":"","fileTypesAndContributionMap":{"java":{"insertions":54,"deletions":37}}}]}]},"authorFileTypeContributionMap":{"jeremy-7007":{"java":1161,"md":1,"fxml":35,"sh":0,"bat":0,"gradle":15,"txt":28}},"authorContributionVariance":{"jeremy-7007":68087.05},"authorDisplayNameMap":{"jeremy-7007":"CS2103T-W16-4 LE Q.. HUY"}}
