[{"path":"src/main/java/Deadline.java","fileType":"java","lines":[{"lineNumber":1,"author":{"gitId":"tzejit"},"content":"public class Deadline extends Task {","lastModifiedDate":"2021-08-13"},{"lineNumber":2,"author":{"gitId":"tzejit"},"content":"","lastModifiedDate":"2021-08-13"},{"lineNumber":3,"author":{"gitId":"tzejit"},"content":"    private String by;","lastModifiedDate":"2021-08-13"},{"lineNumber":4,"author":{"gitId":"tzejit"},"content":"","lastModifiedDate":"2021-08-13"},{"lineNumber":5,"author":{"gitId":"tzejit"},"content":"    public Deadline(String description, String by) throws DukeException{","lastModifiedDate":"2021-08-13"},{"lineNumber":6,"author":{"gitId":"tzejit"},"content":"        super(description);","lastModifiedDate":"2021-08-13"},{"lineNumber":7,"author":{"gitId":"tzejit"},"content":"        this.by \u003d by;","lastModifiedDate":"2021-08-13"},{"lineNumber":8,"author":{"gitId":"tzejit"},"content":"    }","lastModifiedDate":"2021-08-13"},{"lineNumber":9,"author":{"gitId":"tzejit"},"content":"","lastModifiedDate":"2021-08-13"},{"lineNumber":10,"author":{"gitId":"tzejit"},"content":"    @Override","lastModifiedDate":"2021-08-13"},{"lineNumber":11,"author":{"gitId":"tzejit"},"content":"    public String toString() {","lastModifiedDate":"2021-08-13"},{"lineNumber":12,"author":{"gitId":"tzejit"},"content":"        return \"[D]\" + super.toString() + \" (by: \" + by + \")\";","lastModifiedDate":"2021-08-13"},{"lineNumber":13,"author":{"gitId":"tzejit"},"content":"    }","lastModifiedDate":"2021-08-13"},{"lineNumber":14,"author":{"gitId":"tzejit"},"content":"}","lastModifiedDate":"2021-08-13"}],"authorContributionMap":{"tzejit":14}},{"path":"src/main/java/Duke.java","fileType":"java","lines":[{"lineNumber":1,"author":{"gitId":"tzejit"},"content":"import java.util.Scanner;","lastModifiedDate":"2021-08-13"},{"lineNumber":2,"author":{"gitId":"tzejit"},"content":"","lastModifiedDate":"2021-08-13"},{"lineNumber":3,"author":{"gitId":"-"},"content":"public class Duke {","lastModifiedDate":"2019-07-29"},{"lineNumber":4,"author":{"gitId":"tzejit"},"content":"","lastModifiedDate":"2021-08-13"},{"lineNumber":5,"author":{"gitId":"-"},"content":"    public static void main(String[] args){","lastModifiedDate":"2019-07-29"},{"lineNumber":6,"author":{"gitId":"tzejit"},"content":"        Scanner sc \u003d new Scanner(System.in);","lastModifiedDate":"2021-08-13"},{"lineNumber":7,"author":{"gitId":"tzejit"},"content":"        List list \u003d new List();","lastModifiedDate":"2021-08-13"},{"lineNumber":8,"author":{"gitId":"tzejit"},"content":"        String command;","lastModifiedDate":"2021-08-13"},{"lineNumber":9,"author":{"gitId":"tzejit"},"content":"        String line \u003d \"    ____________________________________________________________\\n\";","lastModifiedDate":"2021-08-13"},{"lineNumber":10,"author":{"gitId":"tzejit"},"content":"        System.out.println(line + \"     Hello! I\u0027m Duke\\n\" + \"     What can I do for you?\\n\" + line);","lastModifiedDate":"2021-08-13"},{"lineNumber":11,"author":{"gitId":"tzejit"},"content":"        command \u003d sc.next();","lastModifiedDate":"2021-08-13"},{"lineNumber":12,"author":{"gitId":"tzejit"},"content":"        while (!command.equals(\"bye\")) {","lastModifiedDate":"2021-08-13"},{"lineNumber":13,"author":{"gitId":"tzejit"},"content":"            Task task;","lastModifiedDate":"2021-08-13"},{"lineNumber":14,"author":{"gitId":"tzejit"},"content":"            switch(command) {","lastModifiedDate":"2021-08-13"},{"lineNumber":15,"author":{"gitId":"tzejit"},"content":"            case \"list\":","lastModifiedDate":"2021-08-13"},{"lineNumber":16,"author":{"gitId":"tzejit"},"content":"                System.out.println(line + list.returnItems() + line);","lastModifiedDate":"2021-08-13"},{"lineNumber":17,"author":{"gitId":"tzejit"},"content":"                break;","lastModifiedDate":"2021-08-13"},{"lineNumber":18,"author":{"gitId":"tzejit"},"content":"            case \"done\":","lastModifiedDate":"2021-08-13"},{"lineNumber":19,"author":{"gitId":"tzejit"},"content":"                if (sc.hasNextInt()) {","lastModifiedDate":"2021-08-13"},{"lineNumber":20,"author":{"gitId":"tzejit"},"content":"                    int index \u003d sc.nextInt();","lastModifiedDate":"2021-08-13"},{"lineNumber":21,"author":{"gitId":"tzejit"},"content":"                    if (index \u003e list.getSize() || index \u003c 1) {","lastModifiedDate":"2021-08-13"},{"lineNumber":22,"author":{"gitId":"tzejit"},"content":"                        System.err.println(line + \"     ☹ OOPS!!! The index of the task is out of range.\\n\"","lastModifiedDate":"2021-08-13"},{"lineNumber":23,"author":{"gitId":"tzejit"},"content":"                                + line);","lastModifiedDate":"2021-08-13"},{"lineNumber":24,"author":{"gitId":"tzejit"},"content":"                    } else {","lastModifiedDate":"2021-08-13"},{"lineNumber":25,"author":{"gitId":"tzejit"},"content":"                        System.out.println(line + \"     Nice! I\u0027ve marked this task as done:\\n\"","lastModifiedDate":"2021-08-13"},{"lineNumber":26,"author":{"gitId":"tzejit"},"content":"                                + \"       \" + list.markDone(index) + \"\\n\" + line);","lastModifiedDate":"2021-08-13"},{"lineNumber":27,"author":{"gitId":"tzejit"},"content":"                    }","lastModifiedDate":"2021-08-13"},{"lineNumber":28,"author":{"gitId":"tzejit"},"content":"                } else {","lastModifiedDate":"2021-08-13"},{"lineNumber":29,"author":{"gitId":"tzejit"},"content":"                    System.err.println(line","lastModifiedDate":"2021-08-13"},{"lineNumber":30,"author":{"gitId":"tzejit"},"content":"                            + \"     ☹ OOPS!!! The index of a task to be marked done must be specified.\\n\"","lastModifiedDate":"2021-08-13"},{"lineNumber":31,"author":{"gitId":"tzejit"},"content":"                            + line);","lastModifiedDate":"2021-08-13"},{"lineNumber":32,"author":{"gitId":"tzejit"},"content":"                }","lastModifiedDate":"2021-08-13"},{"lineNumber":33,"author":{"gitId":"tzejit"},"content":"                break;","lastModifiedDate":"2021-08-13"},{"lineNumber":34,"author":{"gitId":"tzejit"},"content":"            case \"delete\":","lastModifiedDate":"2021-08-13"},{"lineNumber":35,"author":{"gitId":"tzejit"},"content":"                if (sc.hasNextInt()) {","lastModifiedDate":"2021-08-13"},{"lineNumber":36,"author":{"gitId":"tzejit"},"content":"                    int index \u003d sc.nextInt();","lastModifiedDate":"2021-08-13"},{"lineNumber":37,"author":{"gitId":"tzejit"},"content":"                    if (index \u003e list.getSize() || index \u003c 1) {","lastModifiedDate":"2021-08-13"},{"lineNumber":38,"author":{"gitId":"tzejit"},"content":"                        System.err.println(line + \"     ☹ OOPS!!! The index of the task is out of range.\\n\"","lastModifiedDate":"2021-08-13"},{"lineNumber":39,"author":{"gitId":"tzejit"},"content":"                                + line);","lastModifiedDate":"2021-08-13"},{"lineNumber":40,"author":{"gitId":"tzejit"},"content":"                    } else {","lastModifiedDate":"2021-08-13"},{"lineNumber":41,"author":{"gitId":"tzejit"},"content":"                        System.out.println(line + \"     Noted. I\u0027ve removed this task:\\n\"","lastModifiedDate":"2021-08-13"},{"lineNumber":42,"author":{"gitId":"tzejit"},"content":"                                + \"       \" + list.removeTask(index) + \"\\n\"","lastModifiedDate":"2021-08-13"},{"lineNumber":43,"author":{"gitId":"tzejit"},"content":"                                + list.returnItemCount() + \"\\n\" + line);","lastModifiedDate":"2021-08-13"},{"lineNumber":44,"author":{"gitId":"tzejit"},"content":"                    }","lastModifiedDate":"2021-08-13"},{"lineNumber":45,"author":{"gitId":"tzejit"},"content":"                } else {","lastModifiedDate":"2021-08-13"},{"lineNumber":46,"author":{"gitId":"tzejit"},"content":"                    System.err.println(line","lastModifiedDate":"2021-08-13"},{"lineNumber":47,"author":{"gitId":"tzejit"},"content":"                            + \"     ☹ OOPS!!! The index of a task to be marked done must be specified.\\n\"","lastModifiedDate":"2021-08-13"},{"lineNumber":48,"author":{"gitId":"tzejit"},"content":"                            + line);","lastModifiedDate":"2021-08-13"},{"lineNumber":49,"author":{"gitId":"tzejit"},"content":"                }","lastModifiedDate":"2021-08-13"},{"lineNumber":50,"author":{"gitId":"tzejit"},"content":"                break;","lastModifiedDate":"2021-08-13"},{"lineNumber":51,"author":{"gitId":"tzejit"},"content":"            case \"todo\":","lastModifiedDate":"2021-08-13"},{"lineNumber":52,"author":{"gitId":"tzejit"},"content":"                try {","lastModifiedDate":"2021-08-13"},{"lineNumber":53,"author":{"gitId":"tzejit"},"content":"                    command \u003d sc.nextLine();","lastModifiedDate":"2021-08-13"},{"lineNumber":54,"author":{"gitId":"tzejit"},"content":"                    task \u003d new Todo(command);","lastModifiedDate":"2021-08-13"},{"lineNumber":55,"author":{"gitId":"tzejit"},"content":"                    list.addItem(task);","lastModifiedDate":"2021-08-13"},{"lineNumber":56,"author":{"gitId":"tzejit"},"content":"                    System.out.println(line + \"     Got it. I\u0027ve added this task:\\n\"","lastModifiedDate":"2021-08-13"},{"lineNumber":57,"author":{"gitId":"tzejit"},"content":"                            + \"       \" + task + \"\\n\" + list.returnItemCount() + \"\\n\" + line);","lastModifiedDate":"2021-08-13"},{"lineNumber":58,"author":{"gitId":"tzejit"},"content":"                } catch (DukeException e) {","lastModifiedDate":"2021-08-13"},{"lineNumber":59,"author":{"gitId":"tzejit"},"content":"                    System.err.println(line + \"     \" + e + \"\\n\" + line);","lastModifiedDate":"2021-08-13"},{"lineNumber":60,"author":{"gitId":"tzejit"},"content":"                } finally {","lastModifiedDate":"2021-08-13"},{"lineNumber":61,"author":{"gitId":"tzejit"},"content":"                    break;","lastModifiedDate":"2021-08-13"},{"lineNumber":62,"author":{"gitId":"tzejit"},"content":"                }","lastModifiedDate":"2021-08-13"},{"lineNumber":63,"author":{"gitId":"tzejit"},"content":"            case \"deadline\":","lastModifiedDate":"2021-08-13"},{"lineNumber":64,"author":{"gitId":"tzejit"},"content":"                try {","lastModifiedDate":"2021-08-13"},{"lineNumber":65,"author":{"gitId":"tzejit"},"content":"                    command \u003d sc.nextLine();","lastModifiedDate":"2021-08-13"},{"lineNumber":66,"author":{"gitId":"tzejit"},"content":"                    String[] deadlineEntry \u003d command.split(\" /by \");","lastModifiedDate":"2021-08-13"},{"lineNumber":67,"author":{"gitId":"tzejit"},"content":"                    if (deadlineEntry.length !\u003d 2) {","lastModifiedDate":"2021-08-13"},{"lineNumber":68,"author":{"gitId":"tzejit"},"content":"                        System.err.println(line","lastModifiedDate":"2021-08-13"},{"lineNumber":69,"author":{"gitId":"tzejit"},"content":"                                + \"     ☹ OOPS!!! Usage of deadline does not match \u0027description\u0027 /by \u0027deadline\u0027\\n\"","lastModifiedDate":"2021-08-13"},{"lineNumber":70,"author":{"gitId":"tzejit"},"content":"                                + line);","lastModifiedDate":"2021-08-13"},{"lineNumber":71,"author":{"gitId":"tzejit"},"content":"                    } else {","lastModifiedDate":"2021-08-13"},{"lineNumber":72,"author":{"gitId":"tzejit"},"content":"                        task \u003d new Deadline(deadlineEntry[0], deadlineEntry[1]);","lastModifiedDate":"2021-08-13"},{"lineNumber":73,"author":{"gitId":"tzejit"},"content":"                        list.addItem(task);","lastModifiedDate":"2021-08-13"},{"lineNumber":74,"author":{"gitId":"tzejit"},"content":"                        System.out.println(line + \"     Got it. I\u0027ve added this task:\\n\"","lastModifiedDate":"2021-08-13"},{"lineNumber":75,"author":{"gitId":"tzejit"},"content":"                                + \"       \" + task + \"\\n\" + list.returnItemCount() + \"\\n\" + line);","lastModifiedDate":"2021-08-13"},{"lineNumber":76,"author":{"gitId":"tzejit"},"content":"                    }","lastModifiedDate":"2021-08-13"},{"lineNumber":77,"author":{"gitId":"tzejit"},"content":"                } catch (DukeException e) {","lastModifiedDate":"2021-08-13"},{"lineNumber":78,"author":{"gitId":"tzejit"},"content":"                    System.err.println(line + \"     \" + e + \"\\n\" + line);","lastModifiedDate":"2021-08-13"},{"lineNumber":79,"author":{"gitId":"tzejit"},"content":"                } finally {","lastModifiedDate":"2021-08-13"},{"lineNumber":80,"author":{"gitId":"tzejit"},"content":"                    break;","lastModifiedDate":"2021-08-13"},{"lineNumber":81,"author":{"gitId":"tzejit"},"content":"                }","lastModifiedDate":"2021-08-13"},{"lineNumber":82,"author":{"gitId":"tzejit"},"content":"            case \"event\":","lastModifiedDate":"2021-08-13"},{"lineNumber":83,"author":{"gitId":"tzejit"},"content":"                try {","lastModifiedDate":"2021-08-13"},{"lineNumber":84,"author":{"gitId":"tzejit"},"content":"                    command \u003d sc.nextLine();","lastModifiedDate":"2021-08-13"},{"lineNumber":85,"author":{"gitId":"tzejit"},"content":"                    String[] eventEntry \u003d command.split(\" /at \");","lastModifiedDate":"2021-08-13"},{"lineNumber":86,"author":{"gitId":"tzejit"},"content":"                    if (eventEntry.length !\u003d 2) {","lastModifiedDate":"2021-08-13"},{"lineNumber":87,"author":{"gitId":"tzejit"},"content":"                        System.err.println(line","lastModifiedDate":"2021-08-13"},{"lineNumber":88,"author":{"gitId":"tzejit"},"content":"                                + \"     ☹ OOPS!!! Usage of event does not match \u0027description\u0027 /at \u0027timeframe\u0027\\n\"","lastModifiedDate":"2021-08-13"},{"lineNumber":89,"author":{"gitId":"tzejit"},"content":"                                + line);","lastModifiedDate":"2021-08-13"},{"lineNumber":90,"author":{"gitId":"tzejit"},"content":"                    } else {","lastModifiedDate":"2021-08-13"},{"lineNumber":91,"author":{"gitId":"tzejit"},"content":"                        task \u003d new Event(eventEntry[0], eventEntry[1]);","lastModifiedDate":"2021-08-13"},{"lineNumber":92,"author":{"gitId":"tzejit"},"content":"                        list.addItem(task);","lastModifiedDate":"2021-08-13"},{"lineNumber":93,"author":{"gitId":"tzejit"},"content":"                        System.out.println(line + \"     Got it. I\u0027ve added this task:\\n\"","lastModifiedDate":"2021-08-13"},{"lineNumber":94,"author":{"gitId":"tzejit"},"content":"                                + \"       \" + task + \"\\n\" + list.returnItemCount() + \"\\n\" + line);","lastModifiedDate":"2021-08-13"},{"lineNumber":95,"author":{"gitId":"tzejit"},"content":"                    }","lastModifiedDate":"2021-08-13"},{"lineNumber":96,"author":{"gitId":"tzejit"},"content":"                } catch (DukeException e) {","lastModifiedDate":"2021-08-13"},{"lineNumber":97,"author":{"gitId":"tzejit"},"content":"                    System.err.println(line + \"     \" + e + \"\\n\" + line);","lastModifiedDate":"2021-08-13"},{"lineNumber":98,"author":{"gitId":"tzejit"},"content":"                } finally {","lastModifiedDate":"2021-08-13"},{"lineNumber":99,"author":{"gitId":"tzejit"},"content":"                    break;","lastModifiedDate":"2021-08-13"},{"lineNumber":100,"author":{"gitId":"tzejit"},"content":"                }","lastModifiedDate":"2021-08-13"},{"lineNumber":101,"author":{"gitId":"tzejit"},"content":"            default:","lastModifiedDate":"2021-08-13"},{"lineNumber":102,"author":{"gitId":"tzejit"},"content":"                System.err.println(line + \"     ☹ OOPS!!! I\u0027m sorry, but I don\u0027t know what that means :-(\\n\"","lastModifiedDate":"2021-08-13"},{"lineNumber":103,"author":{"gitId":"tzejit"},"content":"                        + line);","lastModifiedDate":"2021-08-13"},{"lineNumber":104,"author":{"gitId":"tzejit"},"content":"                break;","lastModifiedDate":"2021-08-13"},{"lineNumber":105,"author":{"gitId":"tzejit"},"content":"            }","lastModifiedDate":"2021-08-13"},{"lineNumber":106,"author":{"gitId":"tzejit"},"content":"            if (sc.hasNext()) {","lastModifiedDate":"2021-08-13"},{"lineNumber":107,"author":{"gitId":"tzejit"},"content":"                command \u003d sc.next();","lastModifiedDate":"2021-08-13"},{"lineNumber":108,"author":{"gitId":"tzejit"},"content":"            } else {","lastModifiedDate":"2021-08-13"},{"lineNumber":109,"author":{"gitId":"tzejit"},"content":"                return;","lastModifiedDate":"2021-08-13"},{"lineNumber":110,"author":{"gitId":"tzejit"},"content":"            }","lastModifiedDate":"2021-08-13"},{"lineNumber":111,"author":{"gitId":"tzejit"},"content":"        }","lastModifiedDate":"2021-08-13"},{"lineNumber":112,"author":{"gitId":"tzejit"},"content":"        System.out.println(line + \"     Bye. Hope to see you again soon!\\n\" + line);","lastModifiedDate":"2021-08-13"},{"lineNumber":113,"author":{"gitId":"-"},"content":"    }","lastModifiedDate":"2019-07-29"},{"lineNumber":114,"author":{"gitId":"-"},"content":"}","lastModifiedDate":"2019-07-29"}],"authorContributionMap":{"-":4,"tzejit":110}},{"path":"src/main/java/DukeException.java","fileType":"java","lines":[{"lineNumber":1,"author":{"gitId":"tzejit"},"content":"public class DukeException extends Exception{","lastModifiedDate":"2021-08-13"},{"lineNumber":2,"author":{"gitId":"tzejit"},"content":"","lastModifiedDate":"2021-08-13"},{"lineNumber":3,"author":{"gitId":"tzejit"},"content":"    String errorMessage;","lastModifiedDate":"2021-08-13"},{"lineNumber":4,"author":{"gitId":"tzejit"},"content":"","lastModifiedDate":"2021-08-13"},{"lineNumber":5,"author":{"gitId":"tzejit"},"content":"    public DukeException(String s) {","lastModifiedDate":"2021-08-13"},{"lineNumber":6,"author":{"gitId":"tzejit"},"content":"        if (s.equals(\"empty description\")) {","lastModifiedDate":"2021-08-13"},{"lineNumber":7,"author":{"gitId":"tzejit"},"content":"            this.errorMessage \u003d \"☹ OOPS!!! The description of a task cannot be empty.\";","lastModifiedDate":"2021-08-13"},{"lineNumber":8,"author":{"gitId":"tzejit"},"content":"        }","lastModifiedDate":"2021-08-13"},{"lineNumber":9,"author":{"gitId":"tzejit"},"content":"    }","lastModifiedDate":"2021-08-13"},{"lineNumber":10,"author":{"gitId":"tzejit"},"content":"","lastModifiedDate":"2021-08-13"},{"lineNumber":11,"author":{"gitId":"tzejit"},"content":"    @Override","lastModifiedDate":"2021-08-13"},{"lineNumber":12,"author":{"gitId":"tzejit"},"content":"    public String toString() {","lastModifiedDate":"2021-08-13"},{"lineNumber":13,"author":{"gitId":"tzejit"},"content":"        return errorMessage;","lastModifiedDate":"2021-08-13"},{"lineNumber":14,"author":{"gitId":"tzejit"},"content":"    }","lastModifiedDate":"2021-08-13"},{"lineNumber":15,"author":{"gitId":"tzejit"},"content":"}","lastModifiedDate":"2021-08-13"}],"authorContributionMap":{"tzejit":15}},{"path":"src/main/java/Event.java","fileType":"java","lines":[{"lineNumber":1,"author":{"gitId":"tzejit"},"content":"public class Event extends Task {","lastModifiedDate":"2021-08-13"},{"lineNumber":2,"author":{"gitId":"tzejit"},"content":"","lastModifiedDate":"2021-08-13"},{"lineNumber":3,"author":{"gitId":"tzejit"},"content":"    private String at;","lastModifiedDate":"2021-08-13"},{"lineNumber":4,"author":{"gitId":"tzejit"},"content":"","lastModifiedDate":"2021-08-13"},{"lineNumber":5,"author":{"gitId":"tzejit"},"content":"    public Event(String description, String at) throws DukeException{","lastModifiedDate":"2021-08-13"},{"lineNumber":6,"author":{"gitId":"tzejit"},"content":"        super(description);","lastModifiedDate":"2021-08-13"},{"lineNumber":7,"author":{"gitId":"tzejit"},"content":"        this.at \u003d at;","lastModifiedDate":"2021-08-13"},{"lineNumber":8,"author":{"gitId":"tzejit"},"content":"    }","lastModifiedDate":"2021-08-13"},{"lineNumber":9,"author":{"gitId":"tzejit"},"content":"","lastModifiedDate":"2021-08-13"},{"lineNumber":10,"author":{"gitId":"tzejit"},"content":"    @Override","lastModifiedDate":"2021-08-13"},{"lineNumber":11,"author":{"gitId":"tzejit"},"content":"    public String toString() {","lastModifiedDate":"2021-08-13"},{"lineNumber":12,"author":{"gitId":"tzejit"},"content":"        return \"[E]\" + super.toString() + \" (at: \" + at + \")\";","lastModifiedDate":"2021-08-13"},{"lineNumber":13,"author":{"gitId":"tzejit"},"content":"    }","lastModifiedDate":"2021-08-13"},{"lineNumber":14,"author":{"gitId":"tzejit"},"content":"}","lastModifiedDate":"2021-08-13"}],"authorContributionMap":{"tzejit":14}},{"path":"src/main/java/List.java","fileType":"java","lines":[{"lineNumber":1,"author":{"gitId":"tzejit"},"content":"import java.util.ArrayList;","lastModifiedDate":"2021-08-13"},{"lineNumber":2,"author":{"gitId":"tzejit"},"content":"","lastModifiedDate":"2021-08-13"},{"lineNumber":3,"author":{"gitId":"tzejit"},"content":"public class List {","lastModifiedDate":"2021-08-13"},{"lineNumber":4,"author":{"gitId":"tzejit"},"content":"    private ArrayList\u003cTask\u003e items;","lastModifiedDate":"2021-08-13"},{"lineNumber":5,"author":{"gitId":"tzejit"},"content":"","lastModifiedDate":"2021-08-13"},{"lineNumber":6,"author":{"gitId":"tzejit"},"content":"    public List() {","lastModifiedDate":"2021-08-13"},{"lineNumber":7,"author":{"gitId":"tzejit"},"content":"        items \u003d new ArrayList\u003c\u003e();","lastModifiedDate":"2021-08-13"},{"lineNumber":8,"author":{"gitId":"tzejit"},"content":"    }","lastModifiedDate":"2021-08-13"},{"lineNumber":9,"author":{"gitId":"tzejit"},"content":"","lastModifiedDate":"2021-08-13"},{"lineNumber":10,"author":{"gitId":"tzejit"},"content":"    public void addItem(Task task) {","lastModifiedDate":"2021-08-13"},{"lineNumber":11,"author":{"gitId":"tzejit"},"content":"        items.add(task);","lastModifiedDate":"2021-08-13"},{"lineNumber":12,"author":{"gitId":"tzejit"},"content":"    }","lastModifiedDate":"2021-08-13"},{"lineNumber":13,"author":{"gitId":"tzejit"},"content":"","lastModifiedDate":"2021-08-13"},{"lineNumber":14,"author":{"gitId":"tzejit"},"content":"    public String returnItems() {","lastModifiedDate":"2021-08-13"},{"lineNumber":15,"author":{"gitId":"tzejit"},"content":"        StringBuilder str \u003d new StringBuilder();","lastModifiedDate":"2021-08-13"},{"lineNumber":16,"author":{"gitId":"tzejit"},"content":"        str.append(\"     Here are the tasks in your list:\\n\");","lastModifiedDate":"2021-08-13"},{"lineNumber":17,"author":{"gitId":"tzejit"},"content":"        for (int i \u003d 0; i \u003c items.size(); i++) {","lastModifiedDate":"2021-08-13"},{"lineNumber":18,"author":{"gitId":"tzejit"},"content":"            str.append(\"     \").append(i + 1).append(\".\").append(items.get(i)).append(\"\\n\");","lastModifiedDate":"2021-08-13"},{"lineNumber":19,"author":{"gitId":"tzejit"},"content":"        }","lastModifiedDate":"2021-08-13"},{"lineNumber":20,"author":{"gitId":"tzejit"},"content":"        return str.toString();","lastModifiedDate":"2021-08-13"},{"lineNumber":21,"author":{"gitId":"tzejit"},"content":"    }","lastModifiedDate":"2021-08-13"},{"lineNumber":22,"author":{"gitId":"tzejit"},"content":"","lastModifiedDate":"2021-08-13"},{"lineNumber":23,"author":{"gitId":"tzejit"},"content":"    public String returnItemCount() {","lastModifiedDate":"2021-08-13"},{"lineNumber":24,"author":{"gitId":"tzejit"},"content":"        return \"     Now you have \" + items.size() + \" tasks in the list.\";","lastModifiedDate":"2021-08-13"},{"lineNumber":25,"author":{"gitId":"tzejit"},"content":"    }","lastModifiedDate":"2021-08-13"},{"lineNumber":26,"author":{"gitId":"tzejit"},"content":"","lastModifiedDate":"2021-08-13"},{"lineNumber":27,"author":{"gitId":"tzejit"},"content":"    public String markDone(int index) {","lastModifiedDate":"2021-08-13"},{"lineNumber":28,"author":{"gitId":"tzejit"},"content":"        Task t \u003d items.get(index - 1);","lastModifiedDate":"2021-08-13"},{"lineNumber":29,"author":{"gitId":"tzejit"},"content":"        t.markDone();","lastModifiedDate":"2021-08-13"},{"lineNumber":30,"author":{"gitId":"tzejit"},"content":"        return t.toString();","lastModifiedDate":"2021-08-13"},{"lineNumber":31,"author":{"gitId":"tzejit"},"content":"    }","lastModifiedDate":"2021-08-13"},{"lineNumber":32,"author":{"gitId":"tzejit"},"content":"","lastModifiedDate":"2021-08-13"},{"lineNumber":33,"author":{"gitId":"tzejit"},"content":"    public String removeTask(int index) {","lastModifiedDate":"2021-08-13"},{"lineNumber":34,"author":{"gitId":"tzejit"},"content":"        return items.remove(index - 1).toString();","lastModifiedDate":"2021-08-13"},{"lineNumber":35,"author":{"gitId":"tzejit"},"content":"    }","lastModifiedDate":"2021-08-13"},{"lineNumber":36,"author":{"gitId":"tzejit"},"content":"","lastModifiedDate":"2021-08-13"},{"lineNumber":37,"author":{"gitId":"tzejit"},"content":"    public int getSize() {","lastModifiedDate":"2021-08-13"},{"lineNumber":38,"author":{"gitId":"tzejit"},"content":"        return items.size();","lastModifiedDate":"2021-08-13"},{"lineNumber":39,"author":{"gitId":"tzejit"},"content":"    }","lastModifiedDate":"2021-08-13"},{"lineNumber":40,"author":{"gitId":"tzejit"},"content":"}","lastModifiedDate":"2021-08-13"}],"authorContributionMap":{"tzejit":40}},{"path":"src/main/java/Task.java","fileType":"java","lines":[{"lineNumber":1,"author":{"gitId":"tzejit"},"content":"public class Task {","lastModifiedDate":"2021-08-13"},{"lineNumber":2,"author":{"gitId":"tzejit"},"content":"    private final String description;","lastModifiedDate":"2021-08-13"},{"lineNumber":3,"author":{"gitId":"tzejit"},"content":"    private boolean isDone;","lastModifiedDate":"2021-08-13"},{"lineNumber":4,"author":{"gitId":"tzejit"},"content":"","lastModifiedDate":"2021-08-13"},{"lineNumber":5,"author":{"gitId":"tzejit"},"content":"    public Task(String description) throws DukeException {","lastModifiedDate":"2021-08-13"},{"lineNumber":6,"author":{"gitId":"tzejit"},"content":"        if (description.equals(\"\")) {","lastModifiedDate":"2021-08-13"},{"lineNumber":7,"author":{"gitId":"tzejit"},"content":"            throw new DukeException(\"empty description\");","lastModifiedDate":"2021-08-13"},{"lineNumber":8,"author":{"gitId":"tzejit"},"content":"        }","lastModifiedDate":"2021-08-13"},{"lineNumber":9,"author":{"gitId":"tzejit"},"content":"        this.description \u003d description;","lastModifiedDate":"2021-08-13"},{"lineNumber":10,"author":{"gitId":"tzejit"},"content":"        this.isDone \u003d false;","lastModifiedDate":"2021-08-13"},{"lineNumber":11,"author":{"gitId":"tzejit"},"content":"    }","lastModifiedDate":"2021-08-13"},{"lineNumber":12,"author":{"gitId":"tzejit"},"content":"","lastModifiedDate":"2021-08-13"},{"lineNumber":13,"author":{"gitId":"tzejit"},"content":"    private String getStatus() {","lastModifiedDate":"2021-08-13"},{"lineNumber":14,"author":{"gitId":"tzejit"},"content":"        return (isDone ? \"X\" : \" \");","lastModifiedDate":"2021-08-13"},{"lineNumber":15,"author":{"gitId":"tzejit"},"content":"    }","lastModifiedDate":"2021-08-13"},{"lineNumber":16,"author":{"gitId":"tzejit"},"content":"","lastModifiedDate":"2021-08-13"},{"lineNumber":17,"author":{"gitId":"tzejit"},"content":"    @Override","lastModifiedDate":"2021-08-13"},{"lineNumber":18,"author":{"gitId":"tzejit"},"content":"    public String toString() {","lastModifiedDate":"2021-08-13"},{"lineNumber":19,"author":{"gitId":"tzejit"},"content":"        return \"[\" + this.getStatus() + \"] \" + this.description;","lastModifiedDate":"2021-08-13"},{"lineNumber":20,"author":{"gitId":"tzejit"},"content":"    }","lastModifiedDate":"2021-08-13"},{"lineNumber":21,"author":{"gitId":"tzejit"},"content":"","lastModifiedDate":"2021-08-13"},{"lineNumber":22,"author":{"gitId":"tzejit"},"content":"    public void markDone() {","lastModifiedDate":"2021-08-13"},{"lineNumber":23,"author":{"gitId":"tzejit"},"content":"        this.isDone \u003d true;","lastModifiedDate":"2021-08-13"},{"lineNumber":24,"author":{"gitId":"tzejit"},"content":"    }","lastModifiedDate":"2021-08-13"},{"lineNumber":25,"author":{"gitId":"tzejit"},"content":"}","lastModifiedDate":"2021-08-13"}],"authorContributionMap":{"tzejit":25}},{"path":"src/main/java/Todo.java","fileType":"java","lines":[{"lineNumber":1,"author":{"gitId":"tzejit"},"content":"public class Todo extends Task{","lastModifiedDate":"2021-08-13"},{"lineNumber":2,"author":{"gitId":"tzejit"},"content":"","lastModifiedDate":"2021-08-13"},{"lineNumber":3,"author":{"gitId":"tzejit"},"content":"    public Todo(String description) throws DukeException{","lastModifiedDate":"2021-08-13"},{"lineNumber":4,"author":{"gitId":"tzejit"},"content":"        super(description);","lastModifiedDate":"2021-08-13"},{"lineNumber":5,"author":{"gitId":"tzejit"},"content":"    }","lastModifiedDate":"2021-08-13"},{"lineNumber":6,"author":{"gitId":"tzejit"},"content":"","lastModifiedDate":"2021-08-13"},{"lineNumber":7,"author":{"gitId":"tzejit"},"content":"    @Override","lastModifiedDate":"2021-08-13"},{"lineNumber":8,"author":{"gitId":"tzejit"},"content":"    public String toString() {","lastModifiedDate":"2021-08-13"},{"lineNumber":9,"author":{"gitId":"tzejit"},"content":"        return \"[T]\" + super.toString();","lastModifiedDate":"2021-08-13"},{"lineNumber":10,"author":{"gitId":"tzejit"},"content":"    }","lastModifiedDate":"2021-08-13"},{"lineNumber":11,"author":{"gitId":"tzejit"},"content":"}","lastModifiedDate":"2021-08-13"}],"authorContributionMap":{"tzejit":11}},{"path":"text-ui-test/input.txt","fileType":"txt","lines":[{"lineNumber":1,"author":{"gitId":"tzejit"},"content":"todo borrow book","lastModifiedDate":"2021-08-13"},{"lineNumber":2,"author":{"gitId":"tzejit"},"content":"deadline return book /by Sunday","lastModifiedDate":"2021-08-13"},{"lineNumber":3,"author":{"gitId":"tzejit"},"content":"event project meeting /at Mon 2-4pm","lastModifiedDate":"2021-08-13"},{"lineNumber":4,"author":{"gitId":"tzejit"},"content":"list","lastModifiedDate":"2021-08-13"},{"lineNumber":5,"author":{"gitId":"tzejit"},"content":"done 2","lastModifiedDate":"2021-08-13"},{"lineNumber":6,"author":{"gitId":"tzejit"},"content":"list","lastModifiedDate":"2021-08-13"},{"lineNumber":7,"author":{"gitId":"tzejit"},"content":"bye","lastModifiedDate":"2021-08-13"}],"authorContributionMap":{"tzejit":7}}]
