[{"path":"src/main/java/Deadline.java","fileType":"java","lines":[{"lineNumber":1,"author":{"gitId":"skythefire"},"content":"public class Deadline extends Task {","lastModifiedDate":"2021-08-16"},{"lineNumber":2,"author":{"gitId":"skythefire"},"content":"","lastModifiedDate":"2021-08-16"},{"lineNumber":3,"author":{"gitId":"skythefire"},"content":"    private String by;","lastModifiedDate":"2021-08-16"},{"lineNumber":4,"author":{"gitId":"skythefire"},"content":"","lastModifiedDate":"2021-08-16"},{"lineNumber":5,"author":{"gitId":"skythefire"},"content":"    public Deadline(String name, String by) {","lastModifiedDate":"2021-08-16"},{"lineNumber":6,"author":{"gitId":"skythefire"},"content":"        super(name);","lastModifiedDate":"2021-08-16"},{"lineNumber":7,"author":{"gitId":"skythefire"},"content":"        this.by \u003d by;","lastModifiedDate":"2021-08-16"},{"lineNumber":8,"author":{"gitId":"skythefire"},"content":"    }","lastModifiedDate":"2021-08-16"},{"lineNumber":9,"author":{"gitId":"skythefire"},"content":"","lastModifiedDate":"2021-08-16"},{"lineNumber":10,"author":{"gitId":"skythefire"},"content":"    @Override","lastModifiedDate":"2021-08-16"},{"lineNumber":11,"author":{"gitId":"skythefire"},"content":"    public String toString() {","lastModifiedDate":"2021-08-16"},{"lineNumber":12,"author":{"gitId":"skythefire"},"content":"        return \"[D]\" + super.toString() + \" (by: \" + by + \")\";","lastModifiedDate":"2021-08-16"},{"lineNumber":13,"author":{"gitId":"skythefire"},"content":"    }","lastModifiedDate":"2021-08-16"},{"lineNumber":14,"author":{"gitId":"skythefire"},"content":"}","lastModifiedDate":"2021-08-16"}],"authorContributionMap":{"skythefire":14}},{"path":"src/main/java/Duke.java","fileType":"java","lines":[{"lineNumber":1,"author":{"gitId":"skythefire"},"content":"import java.util.Scanner;","lastModifiedDate":"2021-08-15"},{"lineNumber":2,"author":{"gitId":"skythefire"},"content":"import java.util.ArrayList;","lastModifiedDate":"2021-08-17"},{"lineNumber":3,"author":{"gitId":"skythefire"},"content":"","lastModifiedDate":"2021-08-15"},{"lineNumber":4,"author":{"gitId":"-"},"content":"public class Duke {","lastModifiedDate":"2019-07-29"},{"lineNumber":5,"author":{"gitId":"skythefire"},"content":"","lastModifiedDate":"2021-08-15"},{"lineNumber":6,"author":{"gitId":"skythefire"},"content":"    private static final String LINE \u003d \"----------------------------------------------\";","lastModifiedDate":"2021-08-15"},{"lineNumber":7,"author":{"gitId":"skythefire"},"content":"//    private Task[] taskList \u003d new Task[100];","lastModifiedDate":"2021-08-17"},{"lineNumber":8,"author":{"gitId":"skythefire"},"content":"    private ArrayList\u003cTask\u003e taskList \u003d new ArrayList\u003c\u003e();","lastModifiedDate":"2021-08-17"},{"lineNumber":9,"author":{"gitId":"skythefire"},"content":"    private int size \u003d 0;","lastModifiedDate":"2021-08-15"},{"lineNumber":10,"author":{"gitId":"skythefire"},"content":"","lastModifiedDate":"2021-08-15"},{"lineNumber":11,"author":{"gitId":"skythefire"},"content":"    public void greeting() {","lastModifiedDate":"2021-08-15"},{"lineNumber":12,"author":{"gitId":"skythefire"},"content":"        // Credits to http://allaboutfrogs.org/gallery/frogstuff/ascii.html","lastModifiedDate":"2021-08-16"},{"lineNumber":13,"author":{"gitId":"skythefire"},"content":"        // for the frog ASCII text art!","lastModifiedDate":"2021-08-15"},{"lineNumber":14,"author":{"gitId":"skythefire"},"content":"        String frog \u003d","lastModifiedDate":"2021-08-15"},{"lineNumber":15,"author":{"gitId":"skythefire"},"content":"                \"    _____\\n\" +","lastModifiedDate":"2021-08-16"},{"lineNumber":16,"author":{"gitId":"skythefire"},"content":"                        \"   /     \\\\______\\n\" +","lastModifiedDate":"2021-08-16"},{"lineNumber":17,"author":{"gitId":"skythefire"},"content":"                        \"  | o     |     \\\\____\\n\" +","lastModifiedDate":"2021-08-16"},{"lineNumber":18,"author":{"gitId":"skythefire"},"content":"                        \"  /\\\\_____/           \\\\___\\n\" +","lastModifiedDate":"2021-08-16"},{"lineNumber":19,"author":{"gitId":"skythefire"},"content":"                        \" /                       \\\\\\n\" +","lastModifiedDate":"2021-08-16"},{"lineNumber":20,"author":{"gitId":"skythefire"},"content":"                        \"|_______/                 \\\\\\n\" +","lastModifiedDate":"2021-08-16"},{"lineNumber":21,"author":{"gitId":"skythefire"},"content":"                        \"  \\\\______   _       ___    \\\\\\n\" +","lastModifiedDate":"2021-08-16"},{"lineNumber":22,"author":{"gitId":"skythefire"},"content":"                        \"        /\\\\_//      /   \\\\    |\\n\" +","lastModifiedDate":"2021-08-16"},{"lineNumber":23,"author":{"gitId":"skythefire"},"content":"                        \"       // //______/    /___/\\n\" +","lastModifiedDate":"2021-08-16"},{"lineNumber":24,"author":{"gitId":"skythefire"},"content":"                        \"      /\\\\/\\\\/\\\\      \\\\   / \\\\ \\\\\\n\" +","lastModifiedDate":"2021-08-16"},{"lineNumber":25,"author":{"gitId":"skythefire"},"content":"                        \"                    \\\\ \\\\   \\\\ \\\\\\n\" +","lastModifiedDate":"2021-08-16"},{"lineNumber":26,"author":{"gitId":"skythefire"},"content":"                        \"                      \\\\ \\\\   \\\\ \\\\\\n\" +","lastModifiedDate":"2021-08-16"},{"lineNumber":27,"author":{"gitId":"skythefire"},"content":"                        \"                       \\\\ \\\\  /\\\\/\\\\\\n\" +","lastModifiedDate":"2021-08-16"},{"lineNumber":28,"author":{"gitId":"skythefire"},"content":"                        \"                       /\\\\/\\\\\\n\";","lastModifiedDate":"2021-08-16"},{"lineNumber":29,"author":{"gitId":"skythefire"},"content":"        String greeting \u003d \"I am Jo the Frog! RIBBIT! \\n\";","lastModifiedDate":"2021-08-15"},{"lineNumber":30,"author":{"gitId":"skythefire"},"content":"        System.out.println(frog + greeting + \"How may I help you?\\n\" + LINE);","lastModifiedDate":"2021-08-15"},{"lineNumber":31,"author":{"gitId":"skythefire"},"content":"    }","lastModifiedDate":"2021-08-15"},{"lineNumber":32,"author":{"gitId":"skythefire"},"content":"","lastModifiedDate":"2021-08-15"},{"lineNumber":33,"author":{"gitId":"skythefire"},"content":"    public void echo(String input) {","lastModifiedDate":"2021-08-17"},{"lineNumber":34,"author":{"gitId":"skythefire"},"content":"        if (input.equals(\"bye\")) {","lastModifiedDate":"2021-08-15"},{"lineNumber":35,"author":{"gitId":"skythefire"},"content":"            System.out.println(\"See you again in my frog hole! RIBBIT!\");","lastModifiedDate":"2021-08-15"},{"lineNumber":36,"author":{"gitId":"skythefire"},"content":"            System.exit(0);","lastModifiedDate":"2021-08-17"},{"lineNumber":37,"author":{"gitId":"skythefire"},"content":"        } else if (input.startsWith(\"done\")) {","lastModifiedDate":"2021-08-15"},{"lineNumber":38,"author":{"gitId":"skythefire"},"content":"            int index \u003d input.charAt(5) - 49;","lastModifiedDate":"2021-08-15"},{"lineNumber":39,"author":{"gitId":"skythefire"},"content":"            taskList.get(index).markAsDone();","lastModifiedDate":"2021-08-17"},{"lineNumber":40,"author":{"gitId":"skythefire"},"content":"            System.out.println(\"You have swallowed that pesky fly! RIBBIT!\");","lastModifiedDate":"2021-08-15"},{"lineNumber":41,"author":{"gitId":"skythefire"},"content":"            System.out.println(\"  \" + taskList.get(index).toString());","lastModifiedDate":"2021-08-17"},{"lineNumber":42,"author":{"gitId":"skythefire"},"content":"        } else if (input.startsWith(\"delete\")) {","lastModifiedDate":"2021-08-17"},{"lineNumber":43,"author":{"gitId":"skythefire"},"content":"            int index \u003d input.charAt(7) - 49;","lastModifiedDate":"2021-08-17"},{"lineNumber":44,"author":{"gitId":"skythefire"},"content":"            System.out.println(\"Rotten flies deserve to die!\");","lastModifiedDate":"2021-08-17"},{"lineNumber":45,"author":{"gitId":"skythefire"},"content":"            System.out.println(\"  \" + taskList.get(index).toString());","lastModifiedDate":"2021-08-17"},{"lineNumber":46,"author":{"gitId":"skythefire"},"content":"            taskList.remove(index);","lastModifiedDate":"2021-08-17"},{"lineNumber":47,"author":{"gitId":"skythefire"},"content":"            size--;","lastModifiedDate":"2021-08-17"},{"lineNumber":48,"author":{"gitId":"skythefire"},"content":"            System.out.println(\"Now you have \" + size + \" flies to eat! RIBBIT!\");","lastModifiedDate":"2021-08-17"},{"lineNumber":49,"author":{"gitId":"skythefire"},"content":"        } else if (input.equals(\"list\")) {","lastModifiedDate":"2021-08-15"},{"lineNumber":50,"author":{"gitId":"skythefire"},"content":"            System.out.println(\"Here is your menu for today:\");","lastModifiedDate":"2021-08-16"},{"lineNumber":51,"author":{"gitId":"skythefire"},"content":"            for (int i \u003d 0; i \u003c size; i++) {","lastModifiedDate":"2021-08-15"},{"lineNumber":52,"author":{"gitId":"skythefire"},"content":"                System.out.println(i + 1 + \".\" + taskList.get(i).toString());","lastModifiedDate":"2021-08-17"},{"lineNumber":53,"author":{"gitId":"skythefire"},"content":"            }","lastModifiedDate":"2021-08-15"},{"lineNumber":54,"author":{"gitId":"skythefire"},"content":"        } else {","lastModifiedDate":"2021-08-15"},{"lineNumber":55,"author":{"gitId":"skythefire"},"content":"            if (input.startsWith(\"todo\")) {","lastModifiedDate":"2021-08-16"},{"lineNumber":56,"author":{"gitId":"skythefire"},"content":"                taskList.add(new ToDo(input.substring(5)));","lastModifiedDate":"2021-08-17"},{"lineNumber":57,"author":{"gitId":"skythefire"},"content":"            } else if (input.startsWith(\"deadline\")) {","lastModifiedDate":"2021-08-16"},{"lineNumber":58,"author":{"gitId":"skythefire"},"content":"                int index \u003d input.indexOf(\"/by\");","lastModifiedDate":"2021-08-16"},{"lineNumber":59,"author":{"gitId":"skythefire"},"content":"                taskList.add(new Deadline(input.substring(9, index),","lastModifiedDate":"2021-08-17"},{"lineNumber":60,"author":{"gitId":"skythefire"},"content":"                        input.substring(index + 4)));","lastModifiedDate":"2021-08-17"},{"lineNumber":61,"author":{"gitId":"skythefire"},"content":"            } else { // is an Event","lastModifiedDate":"2021-08-16"},{"lineNumber":62,"author":{"gitId":"skythefire"},"content":"                int index \u003d input.indexOf(\"/at\");","lastModifiedDate":"2021-08-16"},{"lineNumber":63,"author":{"gitId":"skythefire"},"content":"                taskList.add(new Event(input.substring(6, index),","lastModifiedDate":"2021-08-17"},{"lineNumber":64,"author":{"gitId":"skythefire"},"content":"                        input.substring(index + 4)));","lastModifiedDate":"2021-08-17"},{"lineNumber":65,"author":{"gitId":"skythefire"},"content":"            }","lastModifiedDate":"2021-08-16"},{"lineNumber":66,"author":{"gitId":"skythefire"},"content":"","lastModifiedDate":"2021-08-16"},{"lineNumber":67,"author":{"gitId":"skythefire"},"content":"            System.out.println(\"A fly has been added to the menu:\");","lastModifiedDate":"2021-08-16"},{"lineNumber":68,"author":{"gitId":"skythefire"},"content":"            System.out.println(\"  \" + taskList.get(size).toString());","lastModifiedDate":"2021-08-17"},{"lineNumber":69,"author":{"gitId":"skythefire"},"content":"            size++;","lastModifiedDate":"2021-08-15"},{"lineNumber":70,"author":{"gitId":"skythefire"},"content":"            System.out.println(\"Now you have \" + size + \" flies to eat! RIBBIT!\");","lastModifiedDate":"2021-08-16"},{"lineNumber":71,"author":{"gitId":"skythefire"},"content":"        }","lastModifiedDate":"2021-08-16"},{"lineNumber":72,"author":{"gitId":"-"},"content":"    }","lastModifiedDate":"2019-07-29"},{"lineNumber":73,"author":{"gitId":"skythefire"},"content":"","lastModifiedDate":"2021-08-15"},{"lineNumber":74,"author":{"gitId":"-"},"content":"    public static void main(String[] args) {","lastModifiedDate":"2021-08-15"},{"lineNumber":75,"author":{"gitId":"skythefire"},"content":"        Duke jo \u003d new Duke();","lastModifiedDate":"2021-08-15"},{"lineNumber":76,"author":{"gitId":"skythefire"},"content":"        jo.greeting();","lastModifiedDate":"2021-08-15"},{"lineNumber":77,"author":{"gitId":"skythefire"},"content":"        Scanner scanner \u003d new Scanner(System.in);","lastModifiedDate":"2021-08-17"},{"lineNumber":78,"author":{"gitId":"skythefire"},"content":"        while (scanner.hasNextLine()) {","lastModifiedDate":"2021-08-17"},{"lineNumber":79,"author":{"gitId":"skythefire"},"content":"            String input \u003d scanner.nextLine();","lastModifiedDate":"2021-08-17"},{"lineNumber":80,"author":{"gitId":"skythefire"},"content":"            try {","lastModifiedDate":"2021-08-17"},{"lineNumber":81,"author":{"gitId":"skythefire"},"content":"                DukeException.checkInput(input);","lastModifiedDate":"2021-08-17"},{"lineNumber":82,"author":{"gitId":"skythefire"},"content":"                jo.echo(input);","lastModifiedDate":"2021-08-17"},{"lineNumber":83,"author":{"gitId":"skythefire"},"content":"            } catch (DukeException e) {","lastModifiedDate":"2021-08-17"},{"lineNumber":84,"author":{"gitId":"skythefire"},"content":"                System.out.println(\"ERROR: \" + e.getMessage());","lastModifiedDate":"2021-08-17"},{"lineNumber":85,"author":{"gitId":"skythefire"},"content":"            } finally {","lastModifiedDate":"2021-08-17"},{"lineNumber":86,"author":{"gitId":"skythefire"},"content":"                System.out.println(LINE);","lastModifiedDate":"2021-08-17"},{"lineNumber":87,"author":{"gitId":"skythefire"},"content":"            }","lastModifiedDate":"2021-08-17"},{"lineNumber":88,"author":{"gitId":"skythefire"},"content":"        }","lastModifiedDate":"2021-08-17"},{"lineNumber":89,"author":{"gitId":"skythefire"},"content":"        scanner.close();","lastModifiedDate":"2021-08-17"},{"lineNumber":90,"author":{"gitId":"-"},"content":"    }","lastModifiedDate":"2021-08-15"},{"lineNumber":91,"author":{"gitId":"-"},"content":"}","lastModifiedDate":"2019-07-29"}],"authorContributionMap":{"skythefire":86,"-":5}},{"path":"src/main/java/DukeException.java","fileType":"java","lines":[{"lineNumber":1,"author":{"gitId":"skythefire"},"content":"public class DukeException extends Exception {","lastModifiedDate":"2021-08-17"},{"lineNumber":2,"author":{"gitId":"skythefire"},"content":"","lastModifiedDate":"2021-08-17"},{"lineNumber":3,"author":{"gitId":"skythefire"},"content":"    public DukeException(String str) {","lastModifiedDate":"2021-08-17"},{"lineNumber":4,"author":{"gitId":"skythefire"},"content":"        super(str);","lastModifiedDate":"2021-08-17"},{"lineNumber":5,"author":{"gitId":"skythefire"},"content":"    }","lastModifiedDate":"2021-08-17"},{"lineNumber":6,"author":{"gitId":"skythefire"},"content":"","lastModifiedDate":"2021-08-17"},{"lineNumber":7,"author":{"gitId":"skythefire"},"content":"    public static void checkInput(String str) throws DukeException {","lastModifiedDate":"2021-08-17"},{"lineNumber":8,"author":{"gitId":"skythefire"},"content":"        if (str.startsWith(\"todo\") || str.startsWith(\"deadline\") || str.startsWith(\"event\")","lastModifiedDate":"2021-08-17"},{"lineNumber":9,"author":{"gitId":"skythefire"},"content":"            || str.startsWith(\"list\") || str.startsWith(\"bye\") || str.startsWith(\"done\")","lastModifiedDate":"2021-08-17"},{"lineNumber":10,"author":{"gitId":"skythefire"},"content":"                || str.startsWith(\"delete\")) {","lastModifiedDate":"2021-08-17"},{"lineNumber":11,"author":{"gitId":"skythefire"},"content":"            if (str.equals(\"todo\") || str.equals(\"deadline\") || str.equals(\"event\") || str.equals(\"delete\")) {","lastModifiedDate":"2021-08-17"},{"lineNumber":12,"author":{"gitId":"skythefire"},"content":"                throw new DukeException(\"Jo needs to know what type of fly it is! :(\");","lastModifiedDate":"2021-08-17"},{"lineNumber":13,"author":{"gitId":"skythefire"},"content":"            }","lastModifiedDate":"2021-08-17"},{"lineNumber":14,"author":{"gitId":"skythefire"},"content":"        } else {","lastModifiedDate":"2021-08-17"},{"lineNumber":15,"author":{"gitId":"skythefire"},"content":"            throw new DukeException(\"Jo does not understand not-frog speak! :(\");","lastModifiedDate":"2021-08-17"},{"lineNumber":16,"author":{"gitId":"skythefire"},"content":"        }","lastModifiedDate":"2021-08-17"},{"lineNumber":17,"author":{"gitId":"skythefire"},"content":"    }","lastModifiedDate":"2021-08-17"},{"lineNumber":18,"author":{"gitId":"skythefire"},"content":"}","lastModifiedDate":"2021-08-17"}],"authorContributionMap":{"skythefire":18}},{"path":"src/main/java/Event.java","fileType":"java","lines":[{"lineNumber":1,"author":{"gitId":"skythefire"},"content":"public class Event extends Task {","lastModifiedDate":"2021-08-16"},{"lineNumber":2,"author":{"gitId":"skythefire"},"content":"","lastModifiedDate":"2021-08-16"},{"lineNumber":3,"author":{"gitId":"skythefire"},"content":"    private String at;","lastModifiedDate":"2021-08-16"},{"lineNumber":4,"author":{"gitId":"skythefire"},"content":"","lastModifiedDate":"2021-08-16"},{"lineNumber":5,"author":{"gitId":"skythefire"},"content":"    public Event(String name, String at) {","lastModifiedDate":"2021-08-16"},{"lineNumber":6,"author":{"gitId":"skythefire"},"content":"        super(name);","lastModifiedDate":"2021-08-16"},{"lineNumber":7,"author":{"gitId":"skythefire"},"content":"        this.at \u003d at;","lastModifiedDate":"2021-08-16"},{"lineNumber":8,"author":{"gitId":"skythefire"},"content":"    }","lastModifiedDate":"2021-08-16"},{"lineNumber":9,"author":{"gitId":"skythefire"},"content":"","lastModifiedDate":"2021-08-16"},{"lineNumber":10,"author":{"gitId":"skythefire"},"content":"    @Override","lastModifiedDate":"2021-08-16"},{"lineNumber":11,"author":{"gitId":"skythefire"},"content":"    public String toString() {","lastModifiedDate":"2021-08-16"},{"lineNumber":12,"author":{"gitId":"skythefire"},"content":"        return \"[E]\" + super.toString() + \" (at: \" + at + \")\";","lastModifiedDate":"2021-08-16"},{"lineNumber":13,"author":{"gitId":"skythefire"},"content":"    }","lastModifiedDate":"2021-08-16"},{"lineNumber":14,"author":{"gitId":"skythefire"},"content":"}","lastModifiedDate":"2021-08-16"}],"authorContributionMap":{"skythefire":14}},{"path":"src/main/java/Task.java","fileType":"java","lines":[{"lineNumber":1,"author":{"gitId":"skythefire"},"content":"public class Task {","lastModifiedDate":"2021-08-15"},{"lineNumber":2,"author":{"gitId":"skythefire"},"content":"    private final String name;","lastModifiedDate":"2021-08-15"},{"lineNumber":3,"author":{"gitId":"skythefire"},"content":"    private boolean completed;","lastModifiedDate":"2021-08-15"},{"lineNumber":4,"author":{"gitId":"skythefire"},"content":"","lastModifiedDate":"2021-08-15"},{"lineNumber":5,"author":{"gitId":"skythefire"},"content":"    public Task(String name) {","lastModifiedDate":"2021-08-15"},{"lineNumber":6,"author":{"gitId":"skythefire"},"content":"        this.name \u003d name;","lastModifiedDate":"2021-08-15"},{"lineNumber":7,"author":{"gitId":"skythefire"},"content":"        this.completed \u003d false;","lastModifiedDate":"2021-08-15"},{"lineNumber":8,"author":{"gitId":"skythefire"},"content":"    }","lastModifiedDate":"2021-08-15"},{"lineNumber":9,"author":{"gitId":"skythefire"},"content":"","lastModifiedDate":"2021-08-15"},{"lineNumber":10,"author":{"gitId":"skythefire"},"content":"    public void markAsDone() {","lastModifiedDate":"2021-08-15"},{"lineNumber":11,"author":{"gitId":"skythefire"},"content":"        this.completed \u003d true;","lastModifiedDate":"2021-08-15"},{"lineNumber":12,"author":{"gitId":"skythefire"},"content":"    }","lastModifiedDate":"2021-08-15"},{"lineNumber":13,"author":{"gitId":"skythefire"},"content":"","lastModifiedDate":"2021-08-15"},{"lineNumber":14,"author":{"gitId":"skythefire"},"content":"    @Override","lastModifiedDate":"2021-08-16"},{"lineNumber":15,"author":{"gitId":"skythefire"},"content":"    public String toString() {","lastModifiedDate":"2021-08-16"},{"lineNumber":16,"author":{"gitId":"skythefire"},"content":"        return (this.completed ? \"[X] \" : \"[ ] \" ) + this.name;","lastModifiedDate":"2021-08-16"},{"lineNumber":17,"author":{"gitId":"skythefire"},"content":"    }","lastModifiedDate":"2021-08-15"},{"lineNumber":18,"author":{"gitId":"skythefire"},"content":"}","lastModifiedDate":"2021-08-15"}],"authorContributionMap":{"skythefire":18}},{"path":"src/main/java/ToDo.java","fileType":"java","lines":[{"lineNumber":1,"author":{"gitId":"skythefire"},"content":"public class ToDo extends Task {","lastModifiedDate":"2021-08-16"},{"lineNumber":2,"author":{"gitId":"skythefire"},"content":"","lastModifiedDate":"2021-08-16"},{"lineNumber":3,"author":{"gitId":"skythefire"},"content":"    public ToDo(String name) {","lastModifiedDate":"2021-08-16"},{"lineNumber":4,"author":{"gitId":"skythefire"},"content":"        super(name);","lastModifiedDate":"2021-08-16"},{"lineNumber":5,"author":{"gitId":"skythefire"},"content":"    }","lastModifiedDate":"2021-08-16"},{"lineNumber":6,"author":{"gitId":"skythefire"},"content":"","lastModifiedDate":"2021-08-16"},{"lineNumber":7,"author":{"gitId":"skythefire"},"content":"    @Override","lastModifiedDate":"2021-08-16"},{"lineNumber":8,"author":{"gitId":"skythefire"},"content":"    public String toString() {","lastModifiedDate":"2021-08-16"},{"lineNumber":9,"author":{"gitId":"skythefire"},"content":"        return \"[T]\" + super.toString();","lastModifiedDate":"2021-08-16"},{"lineNumber":10,"author":{"gitId":"skythefire"},"content":"    }","lastModifiedDate":"2021-08-16"},{"lineNumber":11,"author":{"gitId":"skythefire"},"content":"}","lastModifiedDate":"2021-08-16"}],"authorContributionMap":{"skythefire":11}},{"path":"text-ui-test/input.txt","fileType":"txt","lines":[{"lineNumber":1,"author":{"gitId":"skythefire"},"content":"todo sleep","lastModifiedDate":"2021-08-16"},{"lineNumber":2,"author":{"gitId":"skythefire"},"content":"deadline cs2103t homework /by thursday","lastModifiedDate":"2021-08-16"},{"lineNumber":3,"author":{"gitId":"skythefire"},"content":"event CCA! /at tues 6.30-9.30pm","lastModifiedDate":"2021-08-16"},{"lineNumber":4,"author":{"gitId":"skythefire"},"content":"list","lastModifiedDate":"2021-08-16"},{"lineNumber":5,"author":{"gitId":"skythefire"},"content":"done 1","lastModifiedDate":"2021-08-16"},{"lineNumber":6,"author":{"gitId":"skythefire"},"content":"done 2","lastModifiedDate":"2021-08-16"},{"lineNumber":7,"author":{"gitId":"skythefire"},"content":"done 3","lastModifiedDate":"2021-08-16"},{"lineNumber":8,"author":{"gitId":"skythefire"},"content":"list","lastModifiedDate":"2021-08-16"},{"lineNumber":9,"author":{"gitId":"skythefire"},"content":"bye","lastModifiedDate":"2021-08-16"}],"authorContributionMap":{"skythefire":9}}]
