{"authorDailyContributionsMap":{"Th-429B":[{"date":"2021-08-15","commitResults":[{"hash":"2cc0ae7be204ef796205d3914f3e49cc464ffd99","messageTitle":"add greet, echo and exit functions","messageBody":"","fileTypesAndContributionMap":{"java":{"insertions":40,"deletions":6}}},{"hash":"68053b15f3a2952a4aa390f8652302a74145776c","messageTitle":"add \"add\" function and \"list\" function","messageBody":"","tags":["Level-2"],"fileTypesAndContributionMap":{"java":{"insertions":21,"deletions":1}}},{"hash":"fe5e8238db42f3ad3f86892a3cef75db108b47b0","messageTitle":"Add done function","messageBody":"","tags":["Level-3"],"fileTypesAndContributionMap":{"java":{"insertions":51,"deletions":6}}}]},{"date":"2021-08-16","commitResults":[{"hash":"de05f2129da0aec0a3e5e2a80536e12d35e4f2c6","messageTitle":"Cleanup code","messageBody":"","fileTypesAndContributionMap":{"java":{"insertions":40,"deletions":40}}},{"hash":"bdf76fe83914a496af696ae67274e9a6eb446582","messageTitle":"Optimise code using switch","messageBody":"","fileTypesAndContributionMap":{"java":{"insertions":23,"deletions":19}}},{"hash":"be407c731fec60952a1485f7eca33f008e041beb","messageTitle":"Add features for Level-3","messageBody":"","tags":["Level-4"],"fileTypesAndContributionMap":{"java":{"insertions":121,"deletions":14}}},{"hash":"8ec9f531a9053ffa10977716ab4c726f69ac506c","messageTitle":"Add A-TextUiTesting","messageBody":"","tags":["A-TextUiTesting"],"fileTypesAndContributionMap":{"txt":{"insertions":13,"deletions":0},"java":{"insertions":5,"deletions":1}}},{"hash":"41d5dc850d3349d71fab7895a70ab4cee3db66ff","messageTitle":"Code optimisation","messageBody":"","fileTypesAndContributionMap":{"java":{"insertions":13,"deletions":33}}},{"hash":"e863a89b826e1f4e38b3aced9559afe34369406b","messageTitle":"Add exception handling Done: check if number is empty check if the number is a valid number check if the input is valid Deadline: check if description is empty check if deadline is empty Todo: check if task description is empty Event: check if event name is empty check if time is empty","messageBody":"","tags":["Level-5"],"fileTypesAndContributionMap":{"txt":{"insertions":13,"deletions":0},"java":{"insertions":74,"deletions":41}}},{"hash":"e5aa1ba2a9acb5abc66cc4ede914f883eb3cdd86","messageTitle":"Add level-6 features","messageBody":"","tags":["Level-6"],"fileTypesAndContributionMap":{"txt":{"insertions":5,"deletions":0},"java":{"insertions":20,"deletions":0}}}]},{"date":"2021-08-21","commitResults":[{"hash":"2ac7f2877b8533c0d78cd6bf96cd63fa5cfef588","messageTitle":"Seperate files into their packages","messageBody":"","fileTypesAndContributionMap":{"java":{"insertions":23,"deletions":9}}},{"hash":"60671ba8fc769add370b7e4b18df7c47e01baab7","messageTitle":"Add level-7 features","messageBody":"","tags":["Level-7"],"fileTypesAndContributionMap":{"txt":{"insertions":0,"deletions":0},"java":{"insertions":190,"deletions":27},"bat":{"insertions":1,"deletions":1}}},{"hash":"d29281c9165500d3a2f936588eb570327ff58594","messageTitle":"Add Level-8 features","messageBody":"","fileTypesAndContributionMap":{"java":{"insertions":41,"deletions":13}}}]},{"date":"2021-08-22","commitResults":[{"hash":"2614abc71c3901f0f16a12ce5103045fce8f7e67","messageTitle":"Refactor ChatBot.java to extract UI.java \u0026 TaskList.java","messageBody":"","fileTypesAndContributionMap":{"txt":{"insertions":1,"deletions":3},"java":{"insertions":258,"deletions":166}}},{"hash":"15bd8ef87c3eebebec37520a75fea477ef5e865a","messageTitle":"Refactor ChatBot.java to extract Parser.java","messageBody":"","tags":["A-MoreOOP"],"fileTypesAndContributionMap":{"txt":{"insertions":2,"deletions":1},"java":{"insertions":111,"deletions":92},"bat":{"insertions":1,"deletions":1}}},{"hash":"47ee7c67230c0dc63875b33075674d2b3ccb73dd","messageTitle":"Shift TaskList into tasks folder","messageBody":"","tags":["A-Packages"],"fileTypesAndContributionMap":{"txt":{"insertions":2,"deletions":0},"java":{"insertions":4,"deletions":8}}},{"hash":"e8d8817e348cbb4598d4ea503e2f294ba037712c","messageTitle":"Remove obsolete code and unused libraries","messageBody":"","fileTypesAndContributionMap":{"java":{"insertions":5,"deletions":22}}},{"hash":"3bbba2fa67fab1ff5b47f48c48a3b007d277ab2d","messageTitle":"Add junit test for Parser and TaskList","messageBody":"","tags":["v0.1","A-Jar","A-JUnit"],"fileTypesAndContributionMap":{"java":{"insertions":143,"deletions":3}}},{"hash":"ad50d0b36dd6a3497f0e06c1e345bb55ff7361d9","messageTitle":"Fix file path issue","messageBody":"","fileTypesAndContributionMap":{"txt":{"insertions":0,"deletions":1},"java":{"insertions":3,"deletions":2}}},{"hash":"ba9d27e8fb3e375e05847d0b75cf4162f7ecc9e7","messageTitle":"Add JavaDocs for all java files","messageBody":"","fileTypesAndContributionMap":{"java":{"insertions":302,"deletions":3}}}]},{"date":"2021-08-23","commitResults":[{"hash":"c5e25d527505f6bd8c29e816110628f777063259","messageTitle":"Reformat code to follow coding standard","messageBody":"","fileTypesAndContributionMap":{"java":{"insertions":9,"deletions":6}}},{"hash":"b46e1eef840bf7299ee2ad735f5970f381c7e525","messageTitle":"Add Level-9 feature (find)","messageBody":"","tags":["Level-9"],"fileTypesAndContributionMap":{"txt":{"insertions":4,"deletions":0},"java":{"insertions":35,"deletions":0}}}]},{"date":"2021-08-28","commitResults":[{"hash":"23bb2455fa263e77cb5c98a7d16045dd9e4eb88b","messageTitle":"Fix coding violations","messageBody":"","fileTypesAndContributionMap":{"java":{"insertions":53,"deletions":44}}}]},{"date":"2021-08-29","commitResults":[{"hash":"6f2661493987e2efc4cef5671d98de62cdf655ca","messageTitle":"Add GUI to Duke","messageBody":"","fileTypesAndContributionMap":{"gradle":{"insertions":14,"deletions":0},"fxml":{"insertions":35,"deletions":0},"java":{"insertions":249,"deletions":87}}},{"hash":"44fa265c23b1b76abcb8e5f078ac1f91d48e5960","messageTitle":"Update UI to remove the line for CLI","messageBody":"","tags":["Level-10"],"fileTypesAndContributionMap":{"java":{"insertions":28,"deletions":13}}},{"hash":"37c7c380de83caf0d8f3e36b17048fd6bacd6c13","messageTitle":"Add javadocs for new methods","messageBody":"","fileTypesAndContributionMap":{"fxml":{"insertions":1,"deletions":1},"java":{"insertions":10,"deletions":27}}},{"hash":"728e42182cdd5f258ae39ae449ea51b3ead5e296","messageTitle":"Refactor code into gui package","messageBody":"","fileTypesAndContributionMap":{"fxml":{"insertions":1,"deletions":1},"java":{"insertions":4,"deletions":2}}},{"hash":"95dd0cfa1e543983d67aea876a2c8cdec3e98ade","messageTitle":"Remove unused code","messageBody":"","fileTypesAndContributionMap":{"java":{"insertions":0,"deletions":11}}}]}]},"authorFileTypeContributionMap":{"Th-429B":{"java":1203,"md":0,"fxml":35,"sh":0,"bat":1,"gradle":14,"txt":38}},"authorContributionVariance":{"Th-429B":72682.03},"authorDisplayNameMap":{"Th-429B":"CS2103T-T09-4 LAU .. HON"}}
