{"authorDailyContributionsMap":{"amzhy":[{"date":"2021-08-19","commitResults":[{"hash":"467ea42bf96217f69bbfb79cf6c6901ba841c555","messageTitle":"Level-1: Greet, Echo, Exit","messageBody":"","tags":["Level-1"],"fileTypesAndContributionMap":{"java":{"insertions":33,"deletions":1}}},{"hash":"bd18fde9d273fe0b869f586b734145f7f7ea289a","messageTitle":"Level-2 Add, List","messageBody":"","tags":["Level-2"],"fileTypesAndContributionMap":{"java":{"insertions":27,"deletions":2}}},{"hash":"5c1c2113e50155a92de6468abe1da876bbc64bfe","messageTitle":"Level-3","messageBody":"","tags":["Level-3"],"fileTypesAndContributionMap":{"java":{"insertions":36,"deletions":19}}},{"hash":"a9451f8a163e76754148661c8fb6405f980a37d0","messageTitle":"Level-4","messageBody":"","tags":["Level-4"],"fileTypesAndContributionMap":{"java":{"insertions":56,"deletions":7}}},{"hash":"2638037fc3a16343d22686077079d7b45ee4eb11","messageTitle":"Level-5","messageBody":"","tags":["Level-5"],"fileTypesAndContributionMap":{"java":{"insertions":47,"deletions":12}}},{"hash":"6257fab38b594c92cea167610a8fc56bc8ada4b5","messageTitle":"Level-6","messageBody":"","tags":["Level-6"],"fileTypesAndContributionMap":{"java":{"insertions":15,"deletions":0}}},{"hash":"26a5d111c3848bbe941b06b54f5c9f9fe2a3bbe2","messageTitle":"A-TextUiTesting","messageBody":"","tags":["A-TextUiTesting"],"fileTypesAndContributionMap":{"txt":{"insertions":11,"deletions":0}}},{"hash":"89068a9cf5fbfcdf2b1f14e5e427a4944e7b9bd6","messageTitle":"A-Enums","messageBody":"","tags":["A-Enums"],"fileTypesAndContributionMap":{"java":{"insertions":138,"deletions":73}}},{"hash":"bd1917f0f12a6348479475af211af95df91446c7","messageTitle":"A-Enums","messageBody":"","fileTypesAndContributionMap":{"java":{"insertions":1,"deletions":4}}},{"hash":"b57adbdbb7e67d6f4386f84efe66a2b6d37760c4","messageTitle":"final edit","messageBody":"","fileTypesAndContributionMap":{"java":{"insertions":1,"deletions":4}}}]},{"date":"2021-08-23","commitResults":[{"hash":"ab16eccc28e358d46a74aced3a4abadcd022c672","messageTitle":"branch-level-8: date and time formats","messageBody":"","tags":["Level-8"],"fileTypesAndContributionMap":{"java":{"insertions":34,"deletions":12}}}]},{"date":"2021-08-24","commitResults":[{"hash":"79e11c1cdc07e8aed743efe6d20b76dabc5e41d6","messageTitle":"branch-level-7: Add save feature","messageBody":"","tags":["Level-7"],"fileTypesAndContributionMap":{"txt":{"insertions":4,"deletions":0},"java":{"insertions":118,"deletions":15}}},{"hash":"80cf570486799f8db934801113fc61c5f7877e40","messageTitle":"Add date, time feature","messageBody":"","fileTypesAndContributionMap":{"txt":{"insertions":4,"deletions":3},"java":{"insertions":104,"deletions":33}}},{"hash":"8f1704861493efc73a050127ad321656397b0bdf","messageTitle":"Add more OOP","messageBody":"","tags":["A-MoreOOP"],"fileTypesAndContributionMap":{"txt":{"insertions":5,"deletions":5},"java":{"insertions":261,"deletions":210}}},{"hash":"6e528564ff5c0b0bd7dc0e2575fde7649ac4f8a1","messageTitle":"Refactor into packages","messageBody":"","tags":["A-Packages"],"fileTypesAndContributionMap":{"txt":{"insertions":1,"deletions":1},"java":{"insertions":96,"deletions":14},"bat":{"insertions":1,"deletions":1},"md":{"insertions":2,"deletions":2}}},{"hash":"afc17a68f9d11fa2ad8bc806680738dcc6627652","messageTitle":"Add junit test","messageBody":"","tags":["A-Jar","A-JUnit"],"fileTypesAndContributionMap":{"java":{"insertions":80,"deletions":0}}}]},{"date":"2021-08-25","commitResults":[{"hash":"5725948d1086c60154bb83866531b3ddef403d57","messageTitle":"Add javadoc","messageBody":"","tags":["A-JavaDoc"],"fileTypesAndContributionMap":{"java":{"insertions":149,"deletions":8}}},{"hash":"c69ffc0362a41183c8a236fa3281a282c7df1312","messageTitle":"Comply to coding standards","messageBody":"","tags":["A-CodingStandard"],"fileTypesAndContributionMap":{"java":{"insertions":34,"deletions":37}}},{"hash":"b5189f11e732cacfd243c7f271e1f7a9db1d2c12","messageTitle":"Level-9: find feature","messageBody":"","tags":["Level-9"],"fileTypesAndContributionMap":{"java":{"insertions":45,"deletions":3}}},{"hash":"ea71bcac7dbddbc0676ac5795bfa0efb294c1b6e","messageTitle":"Fix bug for no txt file","messageBody":"","fileTypesAndContributionMap":{"txt":{"insertions":2,"deletions":2},"java":{"insertions":73,"deletions":48}}}]},{"date":"2021-09-01","commitResults":[{"hash":"4b4e0a39e71f4d860a6f7f3904ed7b0ef1bbf978","messageTitle":"Use gradle to fix checkstyle","messageBody":"","tags":["A-CheckStyle"],"fileTypesAndContributionMap":{"gradle":{"insertions":2,"deletions":1},"java":{"insertions":98,"deletions":51}}},{"hash":"7cc3a2bcf580f470fba27e1354e60f3396fa9a51","messageTitle":"Use var args","messageBody":"","tags":["A-Varargs"],"fileTypesAndContributionMap":{"java":{"insertions":2,"deletions":2}}},{"hash":"995130bcec681b34b204cd5b2c21dd3c56745653","messageTitle":"Add GUI","messageBody":"","tags":["Level-10"],"fileTypesAndContributionMap":{"gradle":{"insertions":15,"deletions":0},"java":{"insertions":201,"deletions":33}}}]},{"date":"2021-09-02","commitResults":[{"hash":"aa5d49be211e5c3a631671aef4c6c7ea719c9fd0","messageTitle":"fix style errors","messageBody":"","fileTypesAndContributionMap":{"java":{"insertions":147,"deletions":105}}}]},{"date":"2021-09-08","commitResults":[{"hash":"70a00d9c8d3d8ebc71cde2752da77aa73a2112fa","messageTitle":"Improve GUI and fix JavaFX bugs","messageBody":"Long texts are truncated in labels.\nFixed bug by wrapping text.\n\nGUI was improved to resemble a chatbot app\nfor better UX.\n","tags":["A-FullCommitMessage"],"fileTypesAndContributionMap":{"gradle":{"insertions":2,"deletions":2},"txt":{"insertions":2,"deletions":1},"java":{"insertions":24,"deletions":9}}},{"hash":"368a089c40fa0a64f0edfd1390bc02752817e05c","messageTitle":"Add HelpCommand for all supported features","messageBody":"A help command reminds users about\nrelevant keywords to use for each feature.\n","tags":["BCD-Extension"],"fileTypesAndContributionMap":{"java":{"insertions":249,"deletions":4}}},{"hash":"7cd95ad5a6ac74296301607416d753449c05fd55","messageTitle":"Add assert checks","messageBody":"Assert checks added to TaskList and\nDukeException.\n","fileTypesAndContributionMap":{"java":{"insertions":5,"deletions":0}}},{"hash":"d4787eb560f52c9584c609fae2d5cee7185683f3","messageTitle":"Improve code quality","messageBody":"Rename method names for\nbetter readability.\n","fileTypesAndContributionMap":{"java":{"insertions":12,"deletions":8}}},{"hash":"ef72f6166055c04777e5a11f201a985b48086c45","messageTitle":"Use Streams feature","messageBody":"Use java streams to filter\ntasks based on keyword.\n","fileTypesAndContributionMap":{"java":{"insertions":16,"deletions":13}}}]}]},"authorFileTypeContributionMap":{"amzhy":{"java":1359,"md":2,"fxml":0,"sh":0,"bat":1,"gradle":18,"txt":17}},"authorContributionVariance":{"amzhy":45119.605},"authorDisplayNameMap":{"amzhy":"CS2103T-T12-4 MOHA..SEEN"}}
