[{"path":"README.md","fileType":"md","lines":[{"lineNumber":1,"author":{"gitId":"jianh0ng"},"content":"# duke.Duke project template","lastModifiedDate":"2021-08-25"},{"lineNumber":2,"author":{"gitId":"-"},"content":"","lastModifiedDate":"2020-05-25"},{"lineNumber":3,"author":{"gitId":"-"},"content":"This is a project template for a greenfield Java project. It\u0027s named after the Java mascot _Duke_. Given below are instructions on how to use it.","lastModifiedDate":"2020-05-25"},{"lineNumber":4,"author":{"gitId":"-"},"content":"","lastModifiedDate":"2020-05-25"},{"lineNumber":5,"author":{"gitId":"-"},"content":"## Setting up in Intellij","lastModifiedDate":"2020-05-25"},{"lineNumber":6,"author":{"gitId":"-"},"content":"","lastModifiedDate":"2020-05-25"},{"lineNumber":7,"author":{"gitId":"-"},"content":"Prerequisites: JDK 11, update Intellij to the most recent version.","lastModifiedDate":"2020-05-25"},{"lineNumber":8,"author":{"gitId":"-"},"content":"","lastModifiedDate":"2020-05-25"},{"lineNumber":9,"author":{"gitId":"-"},"content":"1. Open Intellij (if you are not in the welcome screen, click `File` \u003e `Close Project` to close the existing project first)","lastModifiedDate":"2021-01-17"},{"lineNumber":10,"author":{"gitId":"-"},"content":"1. Open the project into Intellij as follows:","lastModifiedDate":"2021-01-17"},{"lineNumber":11,"author":{"gitId":"-"},"content":"   1. Click `Open`.","lastModifiedDate":"2021-01-17"},{"lineNumber":12,"author":{"gitId":"-"},"content":"   1. Select the project directory, and click `OK`.","lastModifiedDate":"2021-01-17"},{"lineNumber":13,"author":{"gitId":"-"},"content":"   1. If there are any further prompts, accept the defaults.","lastModifiedDate":"2020-05-25"},{"lineNumber":14,"author":{"gitId":"-"},"content":"1. Configure the project to use **JDK 11** (not other versions) as explained in [here](https://www.jetbrains.com/help/idea/sdk.html#set-up-jdk).\u003cbr\u003e","lastModifiedDate":"2021-07-29"},{"lineNumber":15,"author":{"gitId":"-"},"content":"   In the same dialog, set the **Project language level** field to the `SDK default` option.","lastModifiedDate":"2021-07-29"},{"lineNumber":16,"author":{"gitId":"jianh0ng"},"content":"3. After that, locate the `src/main/java/duke.Duke.java` file, right-click it, and choose `Run duke.Duke.main()` (if the code editor is showing compile errors, try restarting the IDE). If the setup is correct, you should see something like the below as the output:","lastModifiedDate":"2021-08-25"},{"lineNumber":17,"author":{"gitId":"-"},"content":"   ```","lastModifiedDate":"2020-05-25"},{"lineNumber":18,"author":{"gitId":"-"},"content":"   Hello from","lastModifiedDate":"2020-05-25"},{"lineNumber":19,"author":{"gitId":"-"},"content":"    ____        _        ","lastModifiedDate":"2020-05-25"},{"lineNumber":20,"author":{"gitId":"-"},"content":"   |  _ \\ _   _| | _____ ","lastModifiedDate":"2020-05-25"},{"lineNumber":21,"author":{"gitId":"-"},"content":"   | | | | | | | |/ / _ \\","lastModifiedDate":"2020-05-25"},{"lineNumber":22,"author":{"gitId":"-"},"content":"   | |_| | |_| |   \u003c  __/","lastModifiedDate":"2020-05-25"},{"lineNumber":23,"author":{"gitId":"-"},"content":"   |____/ \\__,_|_|\\_\\___|","lastModifiedDate":"2020-05-25"},{"lineNumber":24,"author":{"gitId":"-"},"content":"   ```","lastModifiedDate":"2020-05-25"}],"authorContributionMap":{"jianh0ng":2,"-":22}},{"path":"src/data/duke.txt","fileType":"txt","lines":[{"lineNumber":1,"author":{"gitId":"jianh0ng"},"content":"deadline--true--return book--2021-08-23","lastModifiedDate":"2021-08-24"},{"lineNumber":2,"author":{"gitId":"jianh0ng"},"content":"event--true--meet--2021-08-30","lastModifiedDate":"2021-08-24"},{"lineNumber":3,"author":{"gitId":"jianh0ng"},"content":"todo--false--borrow more books--0","lastModifiedDate":"2021-08-24"},{"lineNumber":4,"author":{"gitId":"jianh0ng"},"content":"deadline--true--return more books--2021-09-01","lastModifiedDate":"2021-08-24"},{"lineNumber":5,"author":{"gitId":"jianh0ng"},"content":"todo--false--tutorial--0","lastModifiedDate":"2021-08-24"}],"authorContributionMap":{"jianh0ng":5}},{"path":"src/main/java/duke/Deadline.java","fileType":"java","lines":[{"lineNumber":1,"author":{"gitId":"jianh0ng"},"content":"package duke;","lastModifiedDate":"2021-08-25"},{"lineNumber":2,"author":{"gitId":"jianh0ng"},"content":"","lastModifiedDate":"2021-08-25"},{"lineNumber":3,"author":{"gitId":"jianh0ng"},"content":"import java.time.LocalDate;","lastModifiedDate":"2021-08-23"},{"lineNumber":4,"author":{"gitId":"jianh0ng"},"content":"import java.time.format.DateTimeFormatter;","lastModifiedDate":"2021-08-23"},{"lineNumber":5,"author":{"gitId":"jianh0ng"},"content":"","lastModifiedDate":"2021-08-23"},{"lineNumber":6,"author":{"gitId":"jianh0ng"},"content":"/**","lastModifiedDate":"2021-08-18"},{"lineNumber":7,"author":{"gitId":"jianh0ng"},"content":" * Class for duke.Deadline, a child class of duke.Task.","lastModifiedDate":"2021-08-25"},{"lineNumber":8,"author":{"gitId":"jianh0ng"},"content":" * @author Liew Jian Hong","lastModifiedDate":"2021-08-18"},{"lineNumber":9,"author":{"gitId":"jianh0ng"},"content":" */","lastModifiedDate":"2021-08-18"},{"lineNumber":10,"author":{"gitId":"jianh0ng"},"content":"","lastModifiedDate":"2021-08-18"},{"lineNumber":11,"author":{"gitId":"jianh0ng"},"content":"public class Deadline extends Task{","lastModifiedDate":"2021-08-16"},{"lineNumber":12,"author":{"gitId":"jianh0ng"},"content":"    /**","lastModifiedDate":"2021-08-18"},{"lineNumber":13,"author":{"gitId":"jianh0ng"},"content":"     * The date and time of the deadline.","lastModifiedDate":"2021-08-18"},{"lineNumber":14,"author":{"gitId":"jianh0ng"},"content":"     */","lastModifiedDate":"2021-08-18"},{"lineNumber":15,"author":{"gitId":"jianh0ng"},"content":"    protected LocalDate date;","lastModifiedDate":"2021-08-23"},{"lineNumber":16,"author":{"gitId":"jianh0ng"},"content":"","lastModifiedDate":"2021-08-16"},{"lineNumber":17,"author":{"gitId":"jianh0ng"},"content":"    /**","lastModifiedDate":"2021-08-18"},{"lineNumber":18,"author":{"gitId":"jianh0ng"},"content":"     * Constructor for a duke.Deadline task.","lastModifiedDate":"2021-08-25"},{"lineNumber":19,"author":{"gitId":"jianh0ng"},"content":"     * @param desc String array consisting of parsed description.","lastModifiedDate":"2021-08-18"},{"lineNumber":20,"author":{"gitId":"jianh0ng"},"content":"     */","lastModifiedDate":"2021-08-18"},{"lineNumber":21,"author":{"gitId":"jianh0ng"},"content":"    public Deadline(String[] desc) {","lastModifiedDate":"2021-08-17"},{"lineNumber":22,"author":{"gitId":"jianh0ng"},"content":"","lastModifiedDate":"2021-08-23"},{"lineNumber":23,"author":{"gitId":"jianh0ng"},"content":"        super(desc[1], Boolean.valueOf(desc[3]));","lastModifiedDate":"2021-08-24"},{"lineNumber":24,"author":{"gitId":"jianh0ng"},"content":"        this.date \u003d LocalDate.parse(desc[2]);","lastModifiedDate":"2021-08-23"},{"lineNumber":25,"author":{"gitId":"jianh0ng"},"content":"","lastModifiedDate":"2021-08-23"},{"lineNumber":26,"author":{"gitId":"jianh0ng"},"content":"    }","lastModifiedDate":"2021-08-16"},{"lineNumber":27,"author":{"gitId":"jianh0ng"},"content":"","lastModifiedDate":"2021-08-16"},{"lineNumber":28,"author":{"gitId":"jianh0ng"},"content":"    @Override","lastModifiedDate":"2021-08-23"},{"lineNumber":29,"author":{"gitId":"jianh0ng"},"content":"    public String toWrite() {","lastModifiedDate":"2021-08-23"},{"lineNumber":30,"author":{"gitId":"jianh0ng"},"content":"        return \"deadline--\" + Boolean.toString(this.isDone) + \"--\" + this.desc + \"--\" + this.date.toString() +\"\\n\";","lastModifiedDate":"2021-08-23"},{"lineNumber":31,"author":{"gitId":"jianh0ng"},"content":"    }","lastModifiedDate":"2021-08-23"},{"lineNumber":32,"author":{"gitId":"jianh0ng"},"content":"","lastModifiedDate":"2021-08-23"},{"lineNumber":33,"author":{"gitId":"jianh0ng"},"content":"    /**","lastModifiedDate":"2021-08-18"},{"lineNumber":34,"author":{"gitId":"jianh0ng"},"content":"     * Return a string representation of the deadline.","lastModifiedDate":"2021-08-18"},{"lineNumber":35,"author":{"gitId":"jianh0ng"},"content":"     * @return Return the type, completion status and description of the deadline.","lastModifiedDate":"2021-08-18"},{"lineNumber":36,"author":{"gitId":"jianh0ng"},"content":"     */","lastModifiedDate":"2021-08-18"},{"lineNumber":37,"author":{"gitId":"jianh0ng"},"content":"    @Override","lastModifiedDate":"2021-08-16"},{"lineNumber":38,"author":{"gitId":"jianh0ng"},"content":"    public String toString() {","lastModifiedDate":"2021-08-16"},{"lineNumber":39,"author":{"gitId":"jianh0ng"},"content":"        String dateString \u003d this.date.format(DateTimeFormatter.ofPattern(\"dd MMM yyyy\"));","lastModifiedDate":"2021-08-23"},{"lineNumber":40,"author":{"gitId":"jianh0ng"},"content":"        return \"[D]\" + super.toString() + \" (by: \" + dateString + \")\\n\";","lastModifiedDate":"2021-08-23"},{"lineNumber":41,"author":{"gitId":"jianh0ng"},"content":"    }","lastModifiedDate":"2021-08-16"},{"lineNumber":42,"author":{"gitId":"jianh0ng"},"content":"}","lastModifiedDate":"2021-08-16"}],"authorContributionMap":{"jianh0ng":42}},{"path":"src/main/java/duke/Duke.java","fileType":"java","lines":[{"lineNumber":1,"author":{"gitId":"jianh0ng"},"content":"package duke;","lastModifiedDate":"2021-08-25"},{"lineNumber":2,"author":{"gitId":"jianh0ng"},"content":"","lastModifiedDate":"2021-08-16"},{"lineNumber":3,"author":{"gitId":"jianh0ng"},"content":"/**","lastModifiedDate":"2021-08-18"},{"lineNumber":4,"author":{"gitId":"jianh0ng"},"content":" * Class to keep track of Tasks.","lastModifiedDate":"2021-08-18"},{"lineNumber":5,"author":{"gitId":"jianh0ng"},"content":" */","lastModifiedDate":"2021-08-18"},{"lineNumber":6,"author":{"gitId":"-"},"content":"public class Duke {","lastModifiedDate":"2019-07-29"},{"lineNumber":7,"author":{"gitId":"jianh0ng"},"content":"","lastModifiedDate":"2021-08-16"},{"lineNumber":8,"author":{"gitId":"jianh0ng"},"content":"    /**","lastModifiedDate":"2021-08-18"},{"lineNumber":9,"author":{"gitId":"jianh0ng"},"content":"     * duke.TaskList containing Tasks.","lastModifiedDate":"2021-08-25"},{"lineNumber":10,"author":{"gitId":"jianh0ng"},"content":"     */","lastModifiedDate":"2021-08-18"},{"lineNumber":11,"author":{"gitId":"jianh0ng"},"content":"    private TaskList tl;","lastModifiedDate":"2021-08-16"},{"lineNumber":12,"author":{"gitId":"jianh0ng"},"content":"    private Storage storage;","lastModifiedDate":"2021-08-23"},{"lineNumber":13,"author":{"gitId":"jianh0ng"},"content":"    private Ui ui;","lastModifiedDate":"2021-08-24"},{"lineNumber":14,"author":{"gitId":"jianh0ng"},"content":"    private Parser parser;","lastModifiedDate":"2021-08-24"},{"lineNumber":15,"author":{"gitId":"jianh0ng"},"content":"","lastModifiedDate":"2021-08-16"},{"lineNumber":16,"author":{"gitId":"jianh0ng"},"content":"    /**","lastModifiedDate":"2021-08-18"},{"lineNumber":17,"author":{"gitId":"jianh0ng"},"content":"     * Constructor for a duke.Duke.","lastModifiedDate":"2021-08-25"},{"lineNumber":18,"author":{"gitId":"jianh0ng"},"content":"     */","lastModifiedDate":"2021-08-18"},{"lineNumber":19,"author":{"gitId":"jianh0ng"},"content":"    public Duke() {","lastModifiedDate":"2021-08-16"},{"lineNumber":20,"author":{"gitId":"jianh0ng"},"content":"        this.storage \u003d new Storage();","lastModifiedDate":"2021-08-23"},{"lineNumber":21,"author":{"gitId":"jianh0ng"},"content":"        this.tl \u003d this.storage.load();","lastModifiedDate":"2021-08-23"},{"lineNumber":22,"author":{"gitId":"jianh0ng"},"content":"        this.ui \u003d new Ui();","lastModifiedDate":"2021-08-24"},{"lineNumber":23,"author":{"gitId":"jianh0ng"},"content":"        this.parser \u003d new Parser();","lastModifiedDate":"2021-08-24"},{"lineNumber":24,"author":{"gitId":"jianh0ng"},"content":"    }","lastModifiedDate":"2021-08-16"},{"lineNumber":25,"author":{"gitId":"jianh0ng"},"content":"","lastModifiedDate":"2021-08-16"},{"lineNumber":26,"author":{"gitId":"jianh0ng"},"content":"    /**","lastModifiedDate":"2021-08-18"},{"lineNumber":27,"author":{"gitId":"jianh0ng"},"content":"     * Exit the duke.Duke program.","lastModifiedDate":"2021-08-25"},{"lineNumber":28,"author":{"gitId":"jianh0ng"},"content":"     */","lastModifiedDate":"2021-08-18"},{"lineNumber":29,"author":{"gitId":"jianh0ng"},"content":"    public void exit() {","lastModifiedDate":"2021-08-25"},{"lineNumber":30,"author":{"gitId":"jianh0ng"},"content":"        this.ui.showExitMessage();","lastModifiedDate":"2021-08-24"},{"lineNumber":31,"author":{"gitId":"jianh0ng"},"content":"        System.exit(0);","lastModifiedDate":"2021-08-16"},{"lineNumber":32,"author":{"gitId":"jianh0ng"},"content":"    }","lastModifiedDate":"2021-08-16"},{"lineNumber":33,"author":{"gitId":"jianh0ng"},"content":"","lastModifiedDate":"2021-08-16"},{"lineNumber":34,"author":{"gitId":"jianh0ng"},"content":"    /**","lastModifiedDate":"2021-08-18"},{"lineNumber":35,"author":{"gitId":"jianh0ng"},"content":"     * Adds a task for duke.Duke to track given a parsed command.","lastModifiedDate":"2021-08-25"},{"lineNumber":36,"author":{"gitId":"jianh0ng"},"content":"     * @param t String array of parsed user input.","lastModifiedDate":"2021-08-18"},{"lineNumber":37,"author":{"gitId":"jianh0ng"},"content":"     * @throws DukeException Exception for wrong user inputs.","lastModifiedDate":"2021-08-18"},{"lineNumber":38,"author":{"gitId":"jianh0ng"},"content":"     */","lastModifiedDate":"2021-08-18"},{"lineNumber":39,"author":{"gitId":"jianh0ng"},"content":"    public void add(String[] t) throws DukeException{","lastModifiedDate":"2021-08-25"},{"lineNumber":40,"author":{"gitId":"jianh0ng"},"content":"        Task newTask \u003d null;","lastModifiedDate":"2021-08-16"},{"lineNumber":41,"author":{"gitId":"jianh0ng"},"content":"        switch (t[0]) {","lastModifiedDate":"2021-08-16"},{"lineNumber":42,"author":{"gitId":"jianh0ng"},"content":"            case \"todo\":","lastModifiedDate":"2021-08-16"},{"lineNumber":43,"author":{"gitId":"jianh0ng"},"content":"                if (t[1].equals(\"\")) {","lastModifiedDate":"2021-08-17"},{"lineNumber":44,"author":{"gitId":"jianh0ng"},"content":"                    throw new DukeException(\"☹ OOPS!!! The description of a todo cannot be empty.\");","lastModifiedDate":"2021-08-17"},{"lineNumber":45,"author":{"gitId":"jianh0ng"},"content":"                } else {","lastModifiedDate":"2021-08-17"},{"lineNumber":46,"author":{"gitId":"jianh0ng"},"content":"                    newTask \u003d new Todo(t);","lastModifiedDate":"2021-08-17"},{"lineNumber":47,"author":{"gitId":"jianh0ng"},"content":"                }","lastModifiedDate":"2021-08-17"},{"lineNumber":48,"author":{"gitId":"jianh0ng"},"content":"                break;","lastModifiedDate":"2021-08-16"},{"lineNumber":49,"author":{"gitId":"jianh0ng"},"content":"            case \"deadline\":","lastModifiedDate":"2021-08-16"},{"lineNumber":50,"author":{"gitId":"jianh0ng"},"content":"                if (t[1].equals(\"\") || t[2].equals(\"\")) {","lastModifiedDate":"2021-08-17"},{"lineNumber":51,"author":{"gitId":"jianh0ng"},"content":"                    throw new DukeException(\"☹ OOPS!!! The description or deadline of a deadline cannot be empty.\");","lastModifiedDate":"2021-08-17"},{"lineNumber":52,"author":{"gitId":"jianh0ng"},"content":"                } else {","lastModifiedDate":"2021-08-17"},{"lineNumber":53,"author":{"gitId":"jianh0ng"},"content":"                    newTask \u003d new Deadline(t);","lastModifiedDate":"2021-08-17"},{"lineNumber":54,"author":{"gitId":"jianh0ng"},"content":"                }","lastModifiedDate":"2021-08-17"},{"lineNumber":55,"author":{"gitId":"jianh0ng"},"content":"                break;","lastModifiedDate":"2021-08-16"},{"lineNumber":56,"author":{"gitId":"jianh0ng"},"content":"            case \"event\":","lastModifiedDate":"2021-08-16"},{"lineNumber":57,"author":{"gitId":"jianh0ng"},"content":"                if (t[1].equals(\"\") || t[2].equals(\"\")) {","lastModifiedDate":"2021-08-17"},{"lineNumber":58,"author":{"gitId":"jianh0ng"},"content":"                    throw new DukeException(\"☹ OOPS!!! The description or scheduled time of an event cannot be empty.\");","lastModifiedDate":"2021-08-17"},{"lineNumber":59,"author":{"gitId":"jianh0ng"},"content":"                } else {","lastModifiedDate":"2021-08-17"},{"lineNumber":60,"author":{"gitId":"jianh0ng"},"content":"                    newTask \u003d new Event(t);","lastModifiedDate":"2021-08-17"},{"lineNumber":61,"author":{"gitId":"jianh0ng"},"content":"                }","lastModifiedDate":"2021-08-17"},{"lineNumber":62,"author":{"gitId":"jianh0ng"},"content":"                break;","lastModifiedDate":"2021-08-16"},{"lineNumber":63,"author":{"gitId":"jianh0ng"},"content":"        }","lastModifiedDate":"2021-08-16"},{"lineNumber":64,"author":{"gitId":"jianh0ng"},"content":"        this.tl.addTask(newTask);","lastModifiedDate":"2021-08-16"},{"lineNumber":65,"author":{"gitId":"jianh0ng"},"content":"        this.storage.write(this.tl);","lastModifiedDate":"2021-08-23"},{"lineNumber":66,"author":{"gitId":"jianh0ng"},"content":"        this.ui.showAddMessage(newTask, this.tl);","lastModifiedDate":"2021-08-24"},{"lineNumber":67,"author":{"gitId":"jianh0ng"},"content":"    }","lastModifiedDate":"2021-08-16"},{"lineNumber":68,"author":{"gitId":"jianh0ng"},"content":"","lastModifiedDate":"2021-08-16"},{"lineNumber":69,"author":{"gitId":"jianh0ng"},"content":"    /**","lastModifiedDate":"2021-08-18"},{"lineNumber":70,"author":{"gitId":"jianh0ng"},"content":"     * Gets the task from duke given an index.","lastModifiedDate":"2021-08-23"},{"lineNumber":71,"author":{"gitId":"jianh0ng"},"content":"     * @param index Index of duke.Task.","lastModifiedDate":"2021-08-25"},{"lineNumber":72,"author":{"gitId":"jianh0ng"},"content":"     * @return duke.Task of the given index.","lastModifiedDate":"2021-08-25"},{"lineNumber":73,"author":{"gitId":"jianh0ng"},"content":"     */","lastModifiedDate":"2021-08-18"},{"lineNumber":74,"author":{"gitId":"jianh0ng"},"content":"    public Task getTaskByIndex(int index) {","lastModifiedDate":"2021-08-25"},{"lineNumber":75,"author":{"gitId":"jianh0ng"},"content":"        return this.tl.getTaskByIndex(index);","lastModifiedDate":"2021-08-16"},{"lineNumber":76,"author":{"gitId":"jianh0ng"},"content":"    }","lastModifiedDate":"2021-08-16"},{"lineNumber":77,"author":{"gitId":"jianh0ng"},"content":"","lastModifiedDate":"2021-08-16"},{"lineNumber":78,"author":{"gitId":"jianh0ng"},"content":"    /**","lastModifiedDate":"2021-08-18"},{"lineNumber":79,"author":{"gitId":"jianh0ng"},"content":"     * Marks a task as done given its position in the list.","lastModifiedDate":"2021-08-23"},{"lineNumber":80,"author":{"gitId":"jianh0ng"},"content":"     * @param itemNum Position of duke.Task in the list.","lastModifiedDate":"2021-08-25"},{"lineNumber":81,"author":{"gitId":"jianh0ng"},"content":"     */","lastModifiedDate":"2021-08-18"},{"lineNumber":82,"author":{"gitId":"jianh0ng"},"content":"    public void markDone(int itemNum){","lastModifiedDate":"2021-08-25"},{"lineNumber":83,"author":{"gitId":"jianh0ng"},"content":"        this.tl.markDone(itemNum);","lastModifiedDate":"2021-08-16"},{"lineNumber":84,"author":{"gitId":"jianh0ng"},"content":"        this.storage.write(this.tl);","lastModifiedDate":"2021-08-23"},{"lineNumber":85,"author":{"gitId":"jianh0ng"},"content":"        this.ui.showMarkDoneMessage(this.getTaskByIndex(itemNum - 1));","lastModifiedDate":"2021-08-24"},{"lineNumber":86,"author":{"gitId":"jianh0ng"},"content":"    }","lastModifiedDate":"2021-08-16"},{"lineNumber":87,"author":{"gitId":"jianh0ng"},"content":"","lastModifiedDate":"2021-08-16"},{"lineNumber":88,"author":{"gitId":"jianh0ng"},"content":"    /**","lastModifiedDate":"2021-08-18"},{"lineNumber":89,"author":{"gitId":"jianh0ng"},"content":"     * Deletes a task from the list.","lastModifiedDate":"2021-08-23"},{"lineNumber":90,"author":{"gitId":"jianh0ng"},"content":"     * @param items Parsed delete command from user.","lastModifiedDate":"2021-08-18"},{"lineNumber":91,"author":{"gitId":"jianh0ng"},"content":"     * @throws DukeException Exception for wrong user inputs.","lastModifiedDate":"2021-08-18"},{"lineNumber":92,"author":{"gitId":"jianh0ng"},"content":"     */","lastModifiedDate":"2021-08-18"},{"lineNumber":93,"author":{"gitId":"jianh0ng"},"content":"    public void deleteTask(String[] items) throws DukeException{","lastModifiedDate":"2021-08-25"},{"lineNumber":94,"author":{"gitId":"jianh0ng"},"content":"        if (items[1].equals(\"\")) {","lastModifiedDate":"2021-08-17"},{"lineNumber":95,"author":{"gitId":"jianh0ng"},"content":"            throw new DukeException(\"☹ OOPS!!! The task\u0027s number cannot be empty\");","lastModifiedDate":"2021-08-17"},{"lineNumber":96,"author":{"gitId":"jianh0ng"},"content":"        } else {","lastModifiedDate":"2021-08-17"},{"lineNumber":97,"author":{"gitId":"jianh0ng"},"content":"            int itemNum \u003d Integer.parseInt(items[1]);","lastModifiedDate":"2021-08-17"},{"lineNumber":98,"author":{"gitId":"jianh0ng"},"content":"            Task toBeDeleted \u003d this.getTaskByIndex(itemNum - 1);","lastModifiedDate":"2021-08-17"},{"lineNumber":99,"author":{"gitId":"jianh0ng"},"content":"            String taskName \u003d toBeDeleted.toString();","lastModifiedDate":"2021-08-17"},{"lineNumber":100,"author":{"gitId":"jianh0ng"},"content":"            this.tl.deleteTask(itemNum - 1);","lastModifiedDate":"2021-08-17"},{"lineNumber":101,"author":{"gitId":"jianh0ng"},"content":"            this.storage.write(this.tl);","lastModifiedDate":"2021-08-23"},{"lineNumber":102,"author":{"gitId":"jianh0ng"},"content":"            this.ui.showDeleteMessage(toBeDeleted, this.tl);","lastModifiedDate":"2021-08-24"},{"lineNumber":103,"author":{"gitId":"jianh0ng"},"content":"        }","lastModifiedDate":"2021-08-17"},{"lineNumber":104,"author":{"gitId":"jianh0ng"},"content":"    }","lastModifiedDate":"2021-08-17"},{"lineNumber":105,"author":{"gitId":"jianh0ng"},"content":"","lastModifiedDate":"2021-08-17"},{"lineNumber":106,"author":{"gitId":"jianh0ng"},"content":"    /**","lastModifiedDate":"2021-08-18"},{"lineNumber":107,"author":{"gitId":"jianh0ng"},"content":"     * Start duke.Duke to allow for inputs.","lastModifiedDate":"2021-08-25"},{"lineNumber":108,"author":{"gitId":"jianh0ng"},"content":"     */","lastModifiedDate":"2021-08-18"},{"lineNumber":109,"author":{"gitId":"jianh0ng"},"content":"    public void run() {","lastModifiedDate":"2021-08-25"},{"lineNumber":110,"author":{"gitId":"jianh0ng"},"content":"        this.ui.showGreetMessage();","lastModifiedDate":"2021-08-24"},{"lineNumber":111,"author":{"gitId":"jianh0ng"},"content":"        this.storage.load();","lastModifiedDate":"2021-08-23"},{"lineNumber":112,"author":{"gitId":"jianh0ng"},"content":"        boolean isExit \u003d false;","lastModifiedDate":"2021-08-24"},{"lineNumber":113,"author":{"gitId":"jianh0ng"},"content":"        String userInput;","lastModifiedDate":"2021-08-24"},{"lineNumber":114,"author":{"gitId":"jianh0ng"},"content":"        while (true) {","lastModifiedDate":"2021-08-24"},{"lineNumber":115,"author":{"gitId":"jianh0ng"},"content":"            userInput \u003d this.ui.getUserInput();","lastModifiedDate":"2021-08-24"},{"lineNumber":116,"author":{"gitId":"jianh0ng"},"content":"            String[] items \u003d this.parser.parse(userInput);","lastModifiedDate":"2021-08-24"},{"lineNumber":117,"author":{"gitId":"jianh0ng"},"content":"","lastModifiedDate":"2021-08-16"},{"lineNumber":118,"author":{"gitId":"jianh0ng"},"content":"            try {","lastModifiedDate":"2021-08-17"},{"lineNumber":119,"author":{"gitId":"jianh0ng"},"content":"                switch (items[0]) {","lastModifiedDate":"2021-08-16"},{"lineNumber":120,"author":{"gitId":"jianh0ng"},"content":"                case \"bye\":","lastModifiedDate":"2021-08-16"},{"lineNumber":121,"author":{"gitId":"jianh0ng"},"content":"                    this.exit();","lastModifiedDate":"2021-08-16"},{"lineNumber":122,"author":{"gitId":"jianh0ng"},"content":"                    break;","lastModifiedDate":"2021-08-16"},{"lineNumber":123,"author":{"gitId":"jianh0ng"},"content":"                case \"list\":","lastModifiedDate":"2021-08-16"},{"lineNumber":124,"author":{"gitId":"jianh0ng"},"content":"                    this.ui.showTaskList(this.tl);","lastModifiedDate":"2021-08-24"},{"lineNumber":125,"author":{"gitId":"jianh0ng"},"content":"                    break;","lastModifiedDate":"2021-08-16"},{"lineNumber":126,"author":{"gitId":"jianh0ng"},"content":"                case \"done\":","lastModifiedDate":"2021-08-16"},{"lineNumber":127,"author":{"gitId":"jianh0ng"},"content":"                    this.markDone(Integer.parseInt(items[1]));","lastModifiedDate":"2021-08-16"},{"lineNumber":128,"author":{"gitId":"jianh0ng"},"content":"                    break;","lastModifiedDate":"2021-08-16"},{"lineNumber":129,"author":{"gitId":"jianh0ng"},"content":"                case \"todo\":","lastModifiedDate":"2021-08-16"},{"lineNumber":130,"author":{"gitId":"jianh0ng"},"content":"                    //Fallthrough","lastModifiedDate":"2021-08-23"},{"lineNumber":131,"author":{"gitId":"jianh0ng"},"content":"                case \"deadline\":","lastModifiedDate":"2021-08-16"},{"lineNumber":132,"author":{"gitId":"jianh0ng"},"content":"                    //Fallthrough","lastModifiedDate":"2021-08-23"},{"lineNumber":133,"author":{"gitId":"jianh0ng"},"content":"                case \"event\":","lastModifiedDate":"2021-08-16"},{"lineNumber":134,"author":{"gitId":"jianh0ng"},"content":"                    this.add(items);","lastModifiedDate":"2021-08-16"},{"lineNumber":135,"author":{"gitId":"jianh0ng"},"content":"                    break;","lastModifiedDate":"2021-08-16"},{"lineNumber":136,"author":{"gitId":"jianh0ng"},"content":"                case \"delete\":","lastModifiedDate":"2021-08-17"},{"lineNumber":137,"author":{"gitId":"jianh0ng"},"content":"                    this.deleteTask(items);","lastModifiedDate":"2021-08-17"},{"lineNumber":138,"author":{"gitId":"jianh0ng"},"content":"                    break;","lastModifiedDate":"2021-08-17"},{"lineNumber":139,"author":{"gitId":"jianh0ng"},"content":"                default:","lastModifiedDate":"2021-08-16"},{"lineNumber":140,"author":{"gitId":"jianh0ng"},"content":"                    throw new DukeException(\"☹ OOPS!!! I\u0027m sorry, but I don\u0027t know what that means :-(\");","lastModifiedDate":"2021-08-17"},{"lineNumber":141,"author":{"gitId":"jianh0ng"},"content":"                }","lastModifiedDate":"2021-08-17"},{"lineNumber":142,"author":{"gitId":"jianh0ng"},"content":"            } catch (Exception e) {","lastModifiedDate":"2021-08-23"},{"lineNumber":143,"author":{"gitId":"jianh0ng"},"content":"                System.out.println(e.getMessage());","lastModifiedDate":"2021-08-17"},{"lineNumber":144,"author":{"gitId":"jianh0ng"},"content":"            }","lastModifiedDate":"2021-08-16"},{"lineNumber":145,"author":{"gitId":"jianh0ng"},"content":"","lastModifiedDate":"2021-08-17"},{"lineNumber":146,"author":{"gitId":"jianh0ng"},"content":"        }","lastModifiedDate":"2021-08-16"},{"lineNumber":147,"author":{"gitId":"jianh0ng"},"content":"    }","lastModifiedDate":"2021-08-16"},{"lineNumber":148,"author":{"gitId":"jianh0ng"},"content":"","lastModifiedDate":"2021-08-16"},{"lineNumber":149,"author":{"gitId":"jianh0ng"},"content":"    public static void main(String[] args){","lastModifiedDate":"2021-08-16"},{"lineNumber":150,"author":{"gitId":"jianh0ng"},"content":"        Duke duke \u003d new Duke();","lastModifiedDate":"2021-08-16"},{"lineNumber":151,"author":{"gitId":"jianh0ng"},"content":"        duke.run();","lastModifiedDate":"2021-08-16"},{"lineNumber":152,"author":{"gitId":"-"},"content":"    }","lastModifiedDate":"2019-07-29"},{"lineNumber":153,"author":{"gitId":"-"},"content":"}","lastModifiedDate":"2019-07-29"}],"authorContributionMap":{"jianh0ng":150,"-":3}},{"path":"src/main/java/duke/DukeException.java","fileType":"java","lines":[{"lineNumber":1,"author":{"gitId":"jianh0ng"},"content":"package duke;","lastModifiedDate":"2021-08-25"},{"lineNumber":2,"author":{"gitId":"jianh0ng"},"content":"","lastModifiedDate":"2021-08-25"},{"lineNumber":3,"author":{"gitId":"jianh0ng"},"content":"/**","lastModifiedDate":"2021-08-18"},{"lineNumber":4,"author":{"gitId":"jianh0ng"},"content":" * Class for duke.Duke-specific exceptions.","lastModifiedDate":"2021-08-25"},{"lineNumber":5,"author":{"gitId":"jianh0ng"},"content":" * @author Liew Jian Hong","lastModifiedDate":"2021-08-18"},{"lineNumber":6,"author":{"gitId":"jianh0ng"},"content":" */","lastModifiedDate":"2021-08-18"},{"lineNumber":7,"author":{"gitId":"jianh0ng"},"content":"","lastModifiedDate":"2021-08-18"},{"lineNumber":8,"author":{"gitId":"jianh0ng"},"content":"public class DukeException extends Exception {","lastModifiedDate":"2021-08-17"},{"lineNumber":9,"author":{"gitId":"jianh0ng"},"content":"    /**","lastModifiedDate":"2021-08-18"},{"lineNumber":10,"author":{"gitId":"jianh0ng"},"content":"     * Constructor for duke.DukeException.","lastModifiedDate":"2021-08-25"},{"lineNumber":11,"author":{"gitId":"jianh0ng"},"content":"     * @param message Exception Message.","lastModifiedDate":"2021-08-18"},{"lineNumber":12,"author":{"gitId":"jianh0ng"},"content":"     */","lastModifiedDate":"2021-08-18"},{"lineNumber":13,"author":{"gitId":"jianh0ng"},"content":"    public DukeException(String message) {","lastModifiedDate":"2021-08-17"},{"lineNumber":14,"author":{"gitId":"jianh0ng"},"content":"        super(message);","lastModifiedDate":"2021-08-17"},{"lineNumber":15,"author":{"gitId":"jianh0ng"},"content":"    }","lastModifiedDate":"2021-08-17"},{"lineNumber":16,"author":{"gitId":"jianh0ng"},"content":"}","lastModifiedDate":"2021-08-17"}],"authorContributionMap":{"jianh0ng":16}},{"path":"src/main/java/duke/Event.java","fileType":"java","lines":[{"lineNumber":1,"author":{"gitId":"jianh0ng"},"content":"package duke;","lastModifiedDate":"2021-08-25"},{"lineNumber":2,"author":{"gitId":"jianh0ng"},"content":"","lastModifiedDate":"2021-08-25"},{"lineNumber":3,"author":{"gitId":"jianh0ng"},"content":"import java.time.LocalDate;","lastModifiedDate":"2021-08-23"},{"lineNumber":4,"author":{"gitId":"jianh0ng"},"content":"import java.time.format.DateTimeFormatter;","lastModifiedDate":"2021-08-23"},{"lineNumber":5,"author":{"gitId":"jianh0ng"},"content":"","lastModifiedDate":"2021-08-23"},{"lineNumber":6,"author":{"gitId":"jianh0ng"},"content":"","lastModifiedDate":"2021-08-23"},{"lineNumber":7,"author":{"gitId":"jianh0ng"},"content":"/**","lastModifiedDate":"2021-08-18"},{"lineNumber":8,"author":{"gitId":"jianh0ng"},"content":" * Class for duke.Event, a child class of duke.Task.","lastModifiedDate":"2021-08-25"},{"lineNumber":9,"author":{"gitId":"jianh0ng"},"content":" * @author Liew Jian Hong","lastModifiedDate":"2021-08-18"},{"lineNumber":10,"author":{"gitId":"jianh0ng"},"content":" */","lastModifiedDate":"2021-08-18"},{"lineNumber":11,"author":{"gitId":"jianh0ng"},"content":"public class Event extends Task{","lastModifiedDate":"2021-08-16"},{"lineNumber":12,"author":{"gitId":"jianh0ng"},"content":"    /**","lastModifiedDate":"2021-08-18"},{"lineNumber":13,"author":{"gitId":"jianh0ng"},"content":"     * The date and time of the event.","lastModifiedDate":"2021-08-18"},{"lineNumber":14,"author":{"gitId":"jianh0ng"},"content":"     */","lastModifiedDate":"2021-08-18"},{"lineNumber":15,"author":{"gitId":"jianh0ng"},"content":"    protected LocalDate date;","lastModifiedDate":"2021-08-23"},{"lineNumber":16,"author":{"gitId":"jianh0ng"},"content":"","lastModifiedDate":"2021-08-16"},{"lineNumber":17,"author":{"gitId":"jianh0ng"},"content":"    /**","lastModifiedDate":"2021-08-18"},{"lineNumber":18,"author":{"gitId":"jianh0ng"},"content":"     * Constructor for an duke.Event task.","lastModifiedDate":"2021-08-25"},{"lineNumber":19,"author":{"gitId":"jianh0ng"},"content":"     * @param desc String array consisting of parsed description.","lastModifiedDate":"2021-08-18"},{"lineNumber":20,"author":{"gitId":"jianh0ng"},"content":"     */","lastModifiedDate":"2021-08-18"},{"lineNumber":21,"author":{"gitId":"jianh0ng"},"content":"    public Event(String[] desc) {","lastModifiedDate":"2021-08-17"},{"lineNumber":22,"author":{"gitId":"jianh0ng"},"content":"","lastModifiedDate":"2021-08-23"},{"lineNumber":23,"author":{"gitId":"jianh0ng"},"content":"        super(desc[1], Boolean.valueOf(desc[3]));","lastModifiedDate":"2021-08-24"},{"lineNumber":24,"author":{"gitId":"jianh0ng"},"content":"        this.date \u003d LocalDate.parse(desc[2]);","lastModifiedDate":"2021-08-23"},{"lineNumber":25,"author":{"gitId":"jianh0ng"},"content":"","lastModifiedDate":"2021-08-23"},{"lineNumber":26,"author":{"gitId":"jianh0ng"},"content":"    }","lastModifiedDate":"2021-08-16"},{"lineNumber":27,"author":{"gitId":"jianh0ng"},"content":"","lastModifiedDate":"2021-08-16"},{"lineNumber":28,"author":{"gitId":"jianh0ng"},"content":"    @Override","lastModifiedDate":"2021-08-23"},{"lineNumber":29,"author":{"gitId":"jianh0ng"},"content":"    public String toWrite() {","lastModifiedDate":"2021-08-23"},{"lineNumber":30,"author":{"gitId":"jianh0ng"},"content":"        return \"event--\" + Boolean.toString(this.isDone) + \"--\" + this.desc + \"--\" + this.date.toString() + \"\\n\";","lastModifiedDate":"2021-08-23"},{"lineNumber":31,"author":{"gitId":"jianh0ng"},"content":"    }","lastModifiedDate":"2021-08-23"},{"lineNumber":32,"author":{"gitId":"jianh0ng"},"content":"","lastModifiedDate":"2021-08-23"},{"lineNumber":33,"author":{"gitId":"jianh0ng"},"content":"    /**","lastModifiedDate":"2021-08-18"},{"lineNumber":34,"author":{"gitId":"jianh0ng"},"content":"     * Return a string representation of the event.","lastModifiedDate":"2021-08-18"},{"lineNumber":35,"author":{"gitId":"jianh0ng"},"content":"     * @return Return the type, completion status and description of the event.","lastModifiedDate":"2021-08-18"},{"lineNumber":36,"author":{"gitId":"jianh0ng"},"content":"     */","lastModifiedDate":"2021-08-18"},{"lineNumber":37,"author":{"gitId":"jianh0ng"},"content":"    @Override","lastModifiedDate":"2021-08-16"},{"lineNumber":38,"author":{"gitId":"jianh0ng"},"content":"    public String toString() {","lastModifiedDate":"2021-08-16"},{"lineNumber":39,"author":{"gitId":"jianh0ng"},"content":"        String dateString \u003d this.date.format(DateTimeFormatter.ofPattern(\"dd MMM yyyy\"));","lastModifiedDate":"2021-08-23"},{"lineNumber":40,"author":{"gitId":"jianh0ng"},"content":"        return \"[E]\" + super.toString() + \" (at: \" + dateString + \")\\n\";","lastModifiedDate":"2021-08-23"},{"lineNumber":41,"author":{"gitId":"jianh0ng"},"content":"    }","lastModifiedDate":"2021-08-16"},{"lineNumber":42,"author":{"gitId":"jianh0ng"},"content":"}","lastModifiedDate":"2021-08-16"}],"authorContributionMap":{"jianh0ng":42}},{"path":"src/main/java/duke/Parser.java","fileType":"java","lines":[{"lineNumber":1,"author":{"gitId":"jianh0ng"},"content":"package duke;","lastModifiedDate":"2021-08-25"},{"lineNumber":2,"author":{"gitId":"jianh0ng"},"content":"","lastModifiedDate":"2021-08-25"},{"lineNumber":3,"author":{"gitId":"jianh0ng"},"content":"/**","lastModifiedDate":"2021-08-18"},{"lineNumber":4,"author":{"gitId":"jianh0ng"},"content":" * Class for parsing input of user for duke.Duke.","lastModifiedDate":"2021-08-25"},{"lineNumber":5,"author":{"gitId":"jianh0ng"},"content":" * @author Liew Jian Hong","lastModifiedDate":"2021-08-18"},{"lineNumber":6,"author":{"gitId":"jianh0ng"},"content":" */","lastModifiedDate":"2021-08-18"},{"lineNumber":7,"author":{"gitId":"jianh0ng"},"content":"","lastModifiedDate":"2021-08-16"},{"lineNumber":8,"author":{"gitId":"jianh0ng"},"content":"public class Parser {","lastModifiedDate":"2021-08-18"},{"lineNumber":9,"author":{"gitId":"jianh0ng"},"content":"","lastModifiedDate":"2021-08-16"},{"lineNumber":10,"author":{"gitId":"jianh0ng"},"content":"    /**","lastModifiedDate":"2021-08-18"},{"lineNumber":11,"author":{"gitId":"jianh0ng"},"content":"     * Returns the result of parsing the user input in an array of string where index 0 is command, index 1 is","lastModifiedDate":"2021-08-18"},{"lineNumber":12,"author":{"gitId":"jianh0ng"},"content":"     * task description and index 2 is by/at date and time.","lastModifiedDate":"2021-08-18"},{"lineNumber":13,"author":{"gitId":"jianh0ng"},"content":"     * @param item User\u0027s input.","lastModifiedDate":"2021-08-18"},{"lineNumber":14,"author":{"gitId":"jianh0ng"},"content":"     * @return String array of parsed item.","lastModifiedDate":"2021-08-18"},{"lineNumber":15,"author":{"gitId":"jianh0ng"},"content":"     */","lastModifiedDate":"2021-08-18"},{"lineNumber":16,"author":{"gitId":"jianh0ng"},"content":"    public String[] parse(String item) {","lastModifiedDate":"2021-08-16"},{"lineNumber":17,"author":{"gitId":"jianh0ng"},"content":"        String[] result \u003d new String[]{\"\", \"\", \"\", \"false\"};","lastModifiedDate":"2021-08-23"},{"lineNumber":18,"author":{"gitId":"jianh0ng"},"content":"        String[] split \u003d item.split(\" \");","lastModifiedDate":"2021-08-16"},{"lineNumber":19,"author":{"gitId":"jianh0ng"},"content":"        int firstWordLength \u003d split[0].length();","lastModifiedDate":"2021-08-16"},{"lineNumber":20,"author":{"gitId":"jianh0ng"},"content":"        result[0] \u003d split[0];","lastModifiedDate":"2021-08-16"},{"lineNumber":21,"author":{"gitId":"jianh0ng"},"content":"","lastModifiedDate":"2021-08-16"},{"lineNumber":22,"author":{"gitId":"jianh0ng"},"content":"        String remainder \u003d \"\";","lastModifiedDate":"2021-08-16"},{"lineNumber":23,"author":{"gitId":"jianh0ng"},"content":"        int separator \u003d 0;","lastModifiedDate":"2021-08-16"},{"lineNumber":24,"author":{"gitId":"jianh0ng"},"content":"        if (split.length \u003e 1) {","lastModifiedDate":"2021-08-16"},{"lineNumber":25,"author":{"gitId":"jianh0ng"},"content":"            remainder \u003d item.substring(firstWordLength + 1);","lastModifiedDate":"2021-08-16"},{"lineNumber":26,"author":{"gitId":"jianh0ng"},"content":"            for (int i \u003d 0; i \u003c remainder.length(); i++) {","lastModifiedDate":"2021-08-16"},{"lineNumber":27,"author":{"gitId":"jianh0ng"},"content":"                if (Character.toString(remainder.charAt(i)).equals(\"/\")) {","lastModifiedDate":"2021-08-16"},{"lineNumber":28,"author":{"gitId":"jianh0ng"},"content":"                    separator \u003d i;","lastModifiedDate":"2021-08-16"},{"lineNumber":29,"author":{"gitId":"jianh0ng"},"content":"                    break;","lastModifiedDate":"2021-08-23"},{"lineNumber":30,"author":{"gitId":"jianh0ng"},"content":"                }","lastModifiedDate":"2021-08-16"},{"lineNumber":31,"author":{"gitId":"jianh0ng"},"content":"            }","lastModifiedDate":"2021-08-16"},{"lineNumber":32,"author":{"gitId":"jianh0ng"},"content":"        }","lastModifiedDate":"2021-08-16"},{"lineNumber":33,"author":{"gitId":"jianh0ng"},"content":"        if (separator \u003d\u003d 0) {","lastModifiedDate":"2021-08-16"},{"lineNumber":34,"author":{"gitId":"jianh0ng"},"content":"            result[1] \u003d remainder;","lastModifiedDate":"2021-08-16"},{"lineNumber":35,"author":{"gitId":"jianh0ng"},"content":"        } else {","lastModifiedDate":"2021-08-16"},{"lineNumber":36,"author":{"gitId":"jianh0ng"},"content":"            result[1] \u003d remainder.substring(0, separator - 1);","lastModifiedDate":"2021-08-24"},{"lineNumber":37,"author":{"gitId":"jianh0ng"},"content":"            result[2] \u003d remainder.substring(separator + 4);","lastModifiedDate":"2021-08-16"},{"lineNumber":38,"author":{"gitId":"jianh0ng"},"content":"            System.out.println(result[2]);","lastModifiedDate":"2021-08-23"},{"lineNumber":39,"author":{"gitId":"jianh0ng"},"content":"        }","lastModifiedDate":"2021-08-16"},{"lineNumber":40,"author":{"gitId":"jianh0ng"},"content":"        return result;","lastModifiedDate":"2021-08-16"},{"lineNumber":41,"author":{"gitId":"jianh0ng"},"content":"    }","lastModifiedDate":"2021-08-16"},{"lineNumber":42,"author":{"gitId":"jianh0ng"},"content":"","lastModifiedDate":"2021-08-23"},{"lineNumber":43,"author":{"gitId":"jianh0ng"},"content":"    public String[] parseFromFile(String input) {","lastModifiedDate":"2021-08-23"},{"lineNumber":44,"author":{"gitId":"jianh0ng"},"content":"        String[] result \u003d new String[]{\"\", \"\", \"\", \"\"};","lastModifiedDate":"2021-08-23"},{"lineNumber":45,"author":{"gitId":"jianh0ng"},"content":"        String[] split \u003d input.split(\"--\");","lastModifiedDate":"2021-08-23"},{"lineNumber":46,"author":{"gitId":"jianh0ng"},"content":"        result[0] \u003d split[0];","lastModifiedDate":"2021-08-23"},{"lineNumber":47,"author":{"gitId":"jianh0ng"},"content":"        result[1] \u003d split[2];","lastModifiedDate":"2021-08-23"},{"lineNumber":48,"author":{"gitId":"jianh0ng"},"content":"        result[2] \u003d split[3];","lastModifiedDate":"2021-08-23"},{"lineNumber":49,"author":{"gitId":"jianh0ng"},"content":"        result[3] \u003d split[1];","lastModifiedDate":"2021-08-23"},{"lineNumber":50,"author":{"gitId":"jianh0ng"},"content":"        return result;","lastModifiedDate":"2021-08-23"},{"lineNumber":51,"author":{"gitId":"jianh0ng"},"content":"    }","lastModifiedDate":"2021-08-23"},{"lineNumber":52,"author":{"gitId":"jianh0ng"},"content":"","lastModifiedDate":"2021-08-23"},{"lineNumber":53,"author":{"gitId":"jianh0ng"},"content":"    public static void main(String[] args) {","lastModifiedDate":"2021-08-23"},{"lineNumber":54,"author":{"gitId":"jianh0ng"},"content":"        Parser p \u003d new Parser();","lastModifiedDate":"2021-08-23"},{"lineNumber":55,"author":{"gitId":"jianh0ng"},"content":"        String[] res \u003d p.parseFromFile(\"event--false--meet--at Oct 15 1000-1200\");","lastModifiedDate":"2021-08-23"},{"lineNumber":56,"author":{"gitId":"jianh0ng"},"content":"        System.out.println(res[0]);","lastModifiedDate":"2021-08-23"},{"lineNumber":57,"author":{"gitId":"jianh0ng"},"content":"        System.out.println(res[1]);","lastModifiedDate":"2021-08-23"},{"lineNumber":58,"author":{"gitId":"jianh0ng"},"content":"        System.out.println(res[2]);","lastModifiedDate":"2021-08-23"},{"lineNumber":59,"author":{"gitId":"jianh0ng"},"content":"        System.out.println(res[3]);","lastModifiedDate":"2021-08-23"},{"lineNumber":60,"author":{"gitId":"jianh0ng"},"content":"    }","lastModifiedDate":"2021-08-23"},{"lineNumber":61,"author":{"gitId":"jianh0ng"},"content":"}","lastModifiedDate":"2021-08-16"}],"authorContributionMap":{"jianh0ng":61}},{"path":"src/main/java/duke/Storage.java","fileType":"java","lines":[{"lineNumber":1,"author":{"gitId":"jianh0ng"},"content":"package duke;","lastModifiedDate":"2021-08-25"},{"lineNumber":2,"author":{"gitId":"jianh0ng"},"content":"","lastModifiedDate":"2021-08-25"},{"lineNumber":3,"author":{"gitId":"jianh0ng"},"content":"import java.io.File;","lastModifiedDate":"2021-08-23"},{"lineNumber":4,"author":{"gitId":"jianh0ng"},"content":"import java.io.FileNotFoundException;","lastModifiedDate":"2021-08-23"},{"lineNumber":5,"author":{"gitId":"jianh0ng"},"content":"import java.io.FileWriter;","lastModifiedDate":"2021-08-23"},{"lineNumber":6,"author":{"gitId":"jianh0ng"},"content":"import java.io.IOException;","lastModifiedDate":"2021-08-23"},{"lineNumber":7,"author":{"gitId":"jianh0ng"},"content":"import java.nio.file.Files;","lastModifiedDate":"2021-08-23"},{"lineNumber":8,"author":{"gitId":"jianh0ng"},"content":"import java.nio.file.Path;","lastModifiedDate":"2021-08-23"},{"lineNumber":9,"author":{"gitId":"jianh0ng"},"content":"import java.util.Scanner;","lastModifiedDate":"2021-08-23"},{"lineNumber":10,"author":{"gitId":"jianh0ng"},"content":"","lastModifiedDate":"2021-08-23"},{"lineNumber":11,"author":{"gitId":"jianh0ng"},"content":"public class Storage {","lastModifiedDate":"2021-08-23"},{"lineNumber":12,"author":{"gitId":"jianh0ng"},"content":"","lastModifiedDate":"2021-08-23"},{"lineNumber":13,"author":{"gitId":"jianh0ng"},"content":"","lastModifiedDate":"2021-08-23"},{"lineNumber":14,"author":{"gitId":"jianh0ng"},"content":"    public void createDirectoryFile() throws IOException {","lastModifiedDate":"2021-08-23"},{"lineNumber":15,"author":{"gitId":"jianh0ng"},"content":"        if (Files.notExists(Path.of(\"src/data\"))) {","lastModifiedDate":"2021-08-23"},{"lineNumber":16,"author":{"gitId":"jianh0ng"},"content":"            Files.createDirectory(Path.of(\"src/ata\"));","lastModifiedDate":"2021-08-23"},{"lineNumber":17,"author":{"gitId":"jianh0ng"},"content":"        }","lastModifiedDate":"2021-08-23"},{"lineNumber":18,"author":{"gitId":"jianh0ng"},"content":"        if (Files.notExists(Path.of(\"src/data/duke.txt\"))) {","lastModifiedDate":"2021-08-23"},{"lineNumber":19,"author":{"gitId":"jianh0ng"},"content":"            Files.createFile(Path.of(\"src/data/duke.txt\"));","lastModifiedDate":"2021-08-23"},{"lineNumber":20,"author":{"gitId":"jianh0ng"},"content":"        }","lastModifiedDate":"2021-08-23"},{"lineNumber":21,"author":{"gitId":"jianh0ng"},"content":"    }","lastModifiedDate":"2021-08-23"},{"lineNumber":22,"author":{"gitId":"jianh0ng"},"content":"    /**","lastModifiedDate":"2021-08-23"},{"lineNumber":23,"author":{"gitId":"jianh0ng"},"content":"     * Loads the duke.TaskList stored in predetermined file","lastModifiedDate":"2021-08-25"},{"lineNumber":24,"author":{"gitId":"jianh0ng"},"content":"     * @return duke.TaskList","lastModifiedDate":"2021-08-25"},{"lineNumber":25,"author":{"gitId":"jianh0ng"},"content":"     */","lastModifiedDate":"2021-08-23"},{"lineNumber":26,"author":{"gitId":"jianh0ng"},"content":"    public TaskList load() {","lastModifiedDate":"2021-08-23"},{"lineNumber":27,"author":{"gitId":"jianh0ng"},"content":"        TaskList tasks \u003d new TaskList();","lastModifiedDate":"2021-08-23"},{"lineNumber":28,"author":{"gitId":"jianh0ng"},"content":"        Parser p \u003d new Parser();","lastModifiedDate":"2021-08-23"},{"lineNumber":29,"author":{"gitId":"jianh0ng"},"content":"        try {","lastModifiedDate":"2021-08-23"},{"lineNumber":30,"author":{"gitId":"jianh0ng"},"content":"            createDirectoryFile();","lastModifiedDate":"2021-08-23"},{"lineNumber":31,"author":{"gitId":"jianh0ng"},"content":"            File tasksFile \u003d new File(\"src/data/duke.txt\");","lastModifiedDate":"2021-08-23"},{"lineNumber":32,"author":{"gitId":"jianh0ng"},"content":"            Scanner s \u003d new Scanner(tasksFile);","lastModifiedDate":"2021-08-23"},{"lineNumber":33,"author":{"gitId":"jianh0ng"},"content":"            while (s.hasNext()) {","lastModifiedDate":"2021-08-23"},{"lineNumber":34,"author":{"gitId":"jianh0ng"},"content":"                String[] parsedFromFile \u003d p.parseFromFile(s.nextLine());","lastModifiedDate":"2021-08-24"},{"lineNumber":35,"author":{"gitId":"jianh0ng"},"content":"                switch (parsedFromFile[0]) {","lastModifiedDate":"2021-08-24"},{"lineNumber":36,"author":{"gitId":"jianh0ng"},"content":"                case \"todo\":","lastModifiedDate":"2021-08-23"},{"lineNumber":37,"author":{"gitId":"jianh0ng"},"content":"                    tasks.addTask(new Todo(parsedFromFile));","lastModifiedDate":"2021-08-24"},{"lineNumber":38,"author":{"gitId":"jianh0ng"},"content":"                    break;","lastModifiedDate":"2021-08-23"},{"lineNumber":39,"author":{"gitId":"jianh0ng"},"content":"                case \"deadline\":","lastModifiedDate":"2021-08-23"},{"lineNumber":40,"author":{"gitId":"jianh0ng"},"content":"                    tasks.addTask(new Deadline(parsedFromFile));","lastModifiedDate":"2021-08-24"},{"lineNumber":41,"author":{"gitId":"jianh0ng"},"content":"                    break;","lastModifiedDate":"2021-08-23"},{"lineNumber":42,"author":{"gitId":"jianh0ng"},"content":"                case \"event\":","lastModifiedDate":"2021-08-23"},{"lineNumber":43,"author":{"gitId":"jianh0ng"},"content":"                    tasks.addTask(new Event(parsedFromFile));","lastModifiedDate":"2021-08-24"},{"lineNumber":44,"author":{"gitId":"jianh0ng"},"content":"                    break;","lastModifiedDate":"2021-08-23"},{"lineNumber":45,"author":{"gitId":"jianh0ng"},"content":"                }","lastModifiedDate":"2021-08-23"},{"lineNumber":46,"author":{"gitId":"jianh0ng"},"content":"            }","lastModifiedDate":"2021-08-23"},{"lineNumber":47,"author":{"gitId":"jianh0ng"},"content":"        } catch (Exception e) {","lastModifiedDate":"2021-08-23"},{"lineNumber":48,"author":{"gitId":"jianh0ng"},"content":"            System.out.println(e.getMessage());","lastModifiedDate":"2021-08-24"},{"lineNumber":49,"author":{"gitId":"jianh0ng"},"content":"        }","lastModifiedDate":"2021-08-23"},{"lineNumber":50,"author":{"gitId":"jianh0ng"},"content":"        return tasks;","lastModifiedDate":"2021-08-23"},{"lineNumber":51,"author":{"gitId":"jianh0ng"},"content":"    }","lastModifiedDate":"2021-08-23"},{"lineNumber":52,"author":{"gitId":"jianh0ng"},"content":"","lastModifiedDate":"2021-08-23"},{"lineNumber":53,"author":{"gitId":"jianh0ng"},"content":"    public void write(TaskList taskList) {","lastModifiedDate":"2021-08-23"},{"lineNumber":54,"author":{"gitId":"jianh0ng"},"content":"        try {","lastModifiedDate":"2021-08-23"},{"lineNumber":55,"author":{"gitId":"jianh0ng"},"content":"            FileWriter fw \u003d new FileWriter(\"src/data/duke.txt\");","lastModifiedDate":"2021-08-23"},{"lineNumber":56,"author":{"gitId":"jianh0ng"},"content":"            for (int i \u003d 0; i \u003c taskList.getLength(); i++) {","lastModifiedDate":"2021-08-23"},{"lineNumber":57,"author":{"gitId":"jianh0ng"},"content":"                String taskToWrite \u003d taskList.getTaskByIndex(i).toWrite();","lastModifiedDate":"2021-08-23"},{"lineNumber":58,"author":{"gitId":"jianh0ng"},"content":"                fw.write(taskToWrite);","lastModifiedDate":"2021-08-23"},{"lineNumber":59,"author":{"gitId":"jianh0ng"},"content":"            }","lastModifiedDate":"2021-08-23"},{"lineNumber":60,"author":{"gitId":"jianh0ng"},"content":"            fw.close();","lastModifiedDate":"2021-08-23"},{"lineNumber":61,"author":{"gitId":"jianh0ng"},"content":"        } catch (IOException e) {","lastModifiedDate":"2021-08-23"},{"lineNumber":62,"author":{"gitId":"jianh0ng"},"content":"            System.out.println(e.getMessage());","lastModifiedDate":"2021-08-24"},{"lineNumber":63,"author":{"gitId":"jianh0ng"},"content":"        }","lastModifiedDate":"2021-08-23"},{"lineNumber":64,"author":{"gitId":"jianh0ng"},"content":"","lastModifiedDate":"2021-08-23"},{"lineNumber":65,"author":{"gitId":"jianh0ng"},"content":"    }","lastModifiedDate":"2021-08-23"},{"lineNumber":66,"author":{"gitId":"jianh0ng"},"content":"","lastModifiedDate":"2021-08-23"},{"lineNumber":67,"author":{"gitId":"jianh0ng"},"content":"    public static void main(String[] args) throws FileNotFoundException {","lastModifiedDate":"2021-08-23"},{"lineNumber":68,"author":{"gitId":"jianh0ng"},"content":"        Storage store \u003d new Storage();","lastModifiedDate":"2021-08-23"},{"lineNumber":69,"author":{"gitId":"jianh0ng"},"content":"        store.load();","lastModifiedDate":"2021-08-23"},{"lineNumber":70,"author":{"gitId":"jianh0ng"},"content":"    }","lastModifiedDate":"2021-08-23"},{"lineNumber":71,"author":{"gitId":"jianh0ng"},"content":"}","lastModifiedDate":"2021-08-23"}],"authorContributionMap":{"jianh0ng":71}},{"path":"src/main/java/duke/Task.java","fileType":"java","lines":[{"lineNumber":1,"author":{"gitId":"jianh0ng"},"content":"package duke;","lastModifiedDate":"2021-08-25"},{"lineNumber":2,"author":{"gitId":"jianh0ng"},"content":"","lastModifiedDate":"2021-08-25"},{"lineNumber":3,"author":{"gitId":"jianh0ng"},"content":"/**","lastModifiedDate":"2021-08-18"},{"lineNumber":4,"author":{"gitId":"jianh0ng"},"content":" * Class for duke.Task, to be added to the duke.TaskList","lastModifiedDate":"2021-08-25"},{"lineNumber":5,"author":{"gitId":"jianh0ng"},"content":" * @author Liew Jian Hong","lastModifiedDate":"2021-08-18"},{"lineNumber":6,"author":{"gitId":"jianh0ng"},"content":" */","lastModifiedDate":"2021-08-18"},{"lineNumber":7,"author":{"gitId":"jianh0ng"},"content":"","lastModifiedDate":"2021-08-18"},{"lineNumber":8,"author":{"gitId":"jianh0ng"},"content":"public abstract class Task {","lastModifiedDate":"2021-08-23"},{"lineNumber":9,"author":{"gitId":"jianh0ng"},"content":"","lastModifiedDate":"2021-08-18"},{"lineNumber":10,"author":{"gitId":"jianh0ng"},"content":"    /**","lastModifiedDate":"2021-08-18"},{"lineNumber":11,"author":{"gitId":"jianh0ng"},"content":"     * The description of the task.","lastModifiedDate":"2021-08-18"},{"lineNumber":12,"author":{"gitId":"jianh0ng"},"content":"     */","lastModifiedDate":"2021-08-18"},{"lineNumber":13,"author":{"gitId":"jianh0ng"},"content":"    protected String desc;","lastModifiedDate":"2021-08-23"},{"lineNumber":14,"author":{"gitId":"jianh0ng"},"content":"","lastModifiedDate":"2021-08-18"},{"lineNumber":15,"author":{"gitId":"jianh0ng"},"content":"    /**","lastModifiedDate":"2021-08-18"},{"lineNumber":16,"author":{"gitId":"jianh0ng"},"content":"     * The completion status of the task.","lastModifiedDate":"2021-08-18"},{"lineNumber":17,"author":{"gitId":"jianh0ng"},"content":"     */","lastModifiedDate":"2021-08-18"},{"lineNumber":18,"author":{"gitId":"jianh0ng"},"content":"    protected boolean isDone;","lastModifiedDate":"2021-08-23"},{"lineNumber":19,"author":{"gitId":"jianh0ng"},"content":"","lastModifiedDate":"2021-08-16"},{"lineNumber":20,"author":{"gitId":"jianh0ng"},"content":"    /**","lastModifiedDate":"2021-08-18"},{"lineNumber":21,"author":{"gitId":"jianh0ng"},"content":"     * Constructor for a duke.Task","lastModifiedDate":"2021-08-25"},{"lineNumber":22,"author":{"gitId":"jianh0ng"},"content":"     * @param desc Description of the task details.","lastModifiedDate":"2021-08-18"},{"lineNumber":23,"author":{"gitId":"jianh0ng"},"content":"     * @param isDone Completion status of the task.","lastModifiedDate":"2021-08-18"},{"lineNumber":24,"author":{"gitId":"jianh0ng"},"content":"     */","lastModifiedDate":"2021-08-18"},{"lineNumber":25,"author":{"gitId":"jianh0ng"},"content":"    public Task(String desc, boolean isDone) {","lastModifiedDate":"2021-08-16"},{"lineNumber":26,"author":{"gitId":"jianh0ng"},"content":"        this.desc \u003d desc;","lastModifiedDate":"2021-08-16"},{"lineNumber":27,"author":{"gitId":"jianh0ng"},"content":"        this.isDone \u003d isDone;","lastModifiedDate":"2021-08-16"},{"lineNumber":28,"author":{"gitId":"jianh0ng"},"content":"    }","lastModifiedDate":"2021-08-16"},{"lineNumber":29,"author":{"gitId":"jianh0ng"},"content":"","lastModifiedDate":"2021-08-16"},{"lineNumber":30,"author":{"gitId":"jianh0ng"},"content":"    /**","lastModifiedDate":"2021-08-18"},{"lineNumber":31,"author":{"gitId":"jianh0ng"},"content":"     * Mark the task as done, changing its completion status to true.","lastModifiedDate":"2021-08-18"},{"lineNumber":32,"author":{"gitId":"jianh0ng"},"content":"     */","lastModifiedDate":"2021-08-18"},{"lineNumber":33,"author":{"gitId":"jianh0ng"},"content":"    public void markDone() {","lastModifiedDate":"2021-08-16"},{"lineNumber":34,"author":{"gitId":"jianh0ng"},"content":"        this.isDone \u003d true;","lastModifiedDate":"2021-08-16"},{"lineNumber":35,"author":{"gitId":"jianh0ng"},"content":"    }","lastModifiedDate":"2021-08-16"},{"lineNumber":36,"author":{"gitId":"jianh0ng"},"content":"","lastModifiedDate":"2021-08-16"},{"lineNumber":37,"author":{"gitId":"jianh0ng"},"content":"    public abstract String toWrite();","lastModifiedDate":"2021-08-23"},{"lineNumber":38,"author":{"gitId":"jianh0ng"},"content":"    /**","lastModifiedDate":"2021-08-18"},{"lineNumber":39,"author":{"gitId":"jianh0ng"},"content":"     * Return a string representation of the task.","lastModifiedDate":"2021-08-18"},{"lineNumber":40,"author":{"gitId":"jianh0ng"},"content":"     * @return Return the completion status and description of the task.","lastModifiedDate":"2021-08-18"},{"lineNumber":41,"author":{"gitId":"jianh0ng"},"content":"     */","lastModifiedDate":"2021-08-18"},{"lineNumber":42,"author":{"gitId":"jianh0ng"},"content":"    @Override","lastModifiedDate":"2021-08-16"},{"lineNumber":43,"author":{"gitId":"jianh0ng"},"content":"    public String toString() {","lastModifiedDate":"2021-08-16"},{"lineNumber":44,"author":{"gitId":"jianh0ng"},"content":"        return String.format(\"[%s] %s\",isDone ? \"X\" : \" \" ,this.desc);","lastModifiedDate":"2021-08-16"},{"lineNumber":45,"author":{"gitId":"jianh0ng"},"content":"    }","lastModifiedDate":"2021-08-16"},{"lineNumber":46,"author":{"gitId":"jianh0ng"},"content":"","lastModifiedDate":"2021-08-23"},{"lineNumber":47,"author":{"gitId":"jianh0ng"},"content":"","lastModifiedDate":"2021-08-23"},{"lineNumber":48,"author":{"gitId":"jianh0ng"},"content":"}","lastModifiedDate":"2021-08-16"}],"authorContributionMap":{"jianh0ng":48}},{"path":"src/main/java/duke/TaskList.java","fileType":"java","lines":[{"lineNumber":1,"author":{"gitId":"jianh0ng"},"content":"package duke;","lastModifiedDate":"2021-08-25"},{"lineNumber":2,"author":{"gitId":"jianh0ng"},"content":"","lastModifiedDate":"2021-08-25"},{"lineNumber":3,"author":{"gitId":"jianh0ng"},"content":"import java.util.ArrayList;","lastModifiedDate":"2021-08-16"},{"lineNumber":4,"author":{"gitId":"jianh0ng"},"content":"","lastModifiedDate":"2021-08-16"},{"lineNumber":5,"author":{"gitId":"jianh0ng"},"content":"/**","lastModifiedDate":"2021-08-18"},{"lineNumber":6,"author":{"gitId":"jianh0ng"},"content":" * Class for duke.TaskList, containing a list of Tasks.","lastModifiedDate":"2021-08-25"},{"lineNumber":7,"author":{"gitId":"jianh0ng"},"content":" * @author Liew Jian Hong","lastModifiedDate":"2021-08-18"},{"lineNumber":8,"author":{"gitId":"jianh0ng"},"content":" */","lastModifiedDate":"2021-08-18"},{"lineNumber":9,"author":{"gitId":"jianh0ng"},"content":"","lastModifiedDate":"2021-08-18"},{"lineNumber":10,"author":{"gitId":"jianh0ng"},"content":"public class TaskList {","lastModifiedDate":"2021-08-16"},{"lineNumber":11,"author":{"gitId":"jianh0ng"},"content":"    /**","lastModifiedDate":"2021-08-18"},{"lineNumber":12,"author":{"gitId":"jianh0ng"},"content":"     * ArrayList to store Tasks.","lastModifiedDate":"2021-08-18"},{"lineNumber":13,"author":{"gitId":"jianh0ng"},"content":"     */","lastModifiedDate":"2021-08-18"},{"lineNumber":14,"author":{"gitId":"jianh0ng"},"content":"    private ArrayList\u003cTask\u003e al;","lastModifiedDate":"2021-08-16"},{"lineNumber":15,"author":{"gitId":"jianh0ng"},"content":"","lastModifiedDate":"2021-08-16"},{"lineNumber":16,"author":{"gitId":"jianh0ng"},"content":"    /**","lastModifiedDate":"2021-08-18"},{"lineNumber":17,"author":{"gitId":"jianh0ng"},"content":"     * Constructor for a duke.TaskList.","lastModifiedDate":"2021-08-25"},{"lineNumber":18,"author":{"gitId":"jianh0ng"},"content":"     */","lastModifiedDate":"2021-08-18"},{"lineNumber":19,"author":{"gitId":"jianh0ng"},"content":"    public TaskList() {","lastModifiedDate":"2021-08-16"},{"lineNumber":20,"author":{"gitId":"jianh0ng"},"content":"        this.al \u003d new ArrayList\u003cTask\u003e();","lastModifiedDate":"2021-08-16"},{"lineNumber":21,"author":{"gitId":"jianh0ng"},"content":"    }","lastModifiedDate":"2021-08-16"},{"lineNumber":22,"author":{"gitId":"jianh0ng"},"content":"","lastModifiedDate":"2021-08-16"},{"lineNumber":23,"author":{"gitId":"jianh0ng"},"content":"    /**","lastModifiedDate":"2021-08-18"},{"lineNumber":24,"author":{"gitId":"jianh0ng"},"content":"     * Adds a task to the duke.TaskList.","lastModifiedDate":"2021-08-25"},{"lineNumber":25,"author":{"gitId":"jianh0ng"},"content":"     * @param t duke.Task to be added.","lastModifiedDate":"2021-08-25"},{"lineNumber":26,"author":{"gitId":"jianh0ng"},"content":"     */","lastModifiedDate":"2021-08-18"},{"lineNumber":27,"author":{"gitId":"jianh0ng"},"content":"    public void addTask(Task t) {","lastModifiedDate":"2021-08-16"},{"lineNumber":28,"author":{"gitId":"jianh0ng"},"content":"        this.al.add(t);","lastModifiedDate":"2021-08-16"},{"lineNumber":29,"author":{"gitId":"jianh0ng"},"content":"    }","lastModifiedDate":"2021-08-16"},{"lineNumber":30,"author":{"gitId":"jianh0ng"},"content":"","lastModifiedDate":"2021-08-16"},{"lineNumber":31,"author":{"gitId":"jianh0ng"},"content":"    /**","lastModifiedDate":"2021-08-18"},{"lineNumber":32,"author":{"gitId":"jianh0ng"},"content":"     * Marks the task in index itemNum (1-indexed) as completed.","lastModifiedDate":"2021-08-23"},{"lineNumber":33,"author":{"gitId":"jianh0ng"},"content":"     * @param itemNum The number in the Tasklist of the duke.Task to be mark completed (1-indexed).","lastModifiedDate":"2021-08-25"},{"lineNumber":34,"author":{"gitId":"jianh0ng"},"content":"     */","lastModifiedDate":"2021-08-18"},{"lineNumber":35,"author":{"gitId":"jianh0ng"},"content":"    public void markDone(int itemNum) {","lastModifiedDate":"2021-08-16"},{"lineNumber":36,"author":{"gitId":"jianh0ng"},"content":"        Task task \u003d al.get(itemNum - 1);","lastModifiedDate":"2021-08-16"},{"lineNumber":37,"author":{"gitId":"jianh0ng"},"content":"        task.markDone();","lastModifiedDate":"2021-08-16"},{"lineNumber":38,"author":{"gitId":"jianh0ng"},"content":"    }","lastModifiedDate":"2021-08-16"},{"lineNumber":39,"author":{"gitId":"jianh0ng"},"content":"","lastModifiedDate":"2021-08-16"},{"lineNumber":40,"author":{"gitId":"jianh0ng"},"content":"    /**","lastModifiedDate":"2021-08-18"},{"lineNumber":41,"author":{"gitId":"jianh0ng"},"content":"     * Gets the task given its index.","lastModifiedDate":"2021-08-23"},{"lineNumber":42,"author":{"gitId":"jianh0ng"},"content":"     * @param index The index of the duke.Task in the duke.TaskList(0-indexed).","lastModifiedDate":"2021-08-25"},{"lineNumber":43,"author":{"gitId":"jianh0ng"},"content":"     * @return duke.Task with the index in the duke.TaskList.","lastModifiedDate":"2021-08-25"},{"lineNumber":44,"author":{"gitId":"jianh0ng"},"content":"     */","lastModifiedDate":"2021-08-18"},{"lineNumber":45,"author":{"gitId":"jianh0ng"},"content":"    public Task getTaskByIndex(int index) {","lastModifiedDate":"2021-08-16"},{"lineNumber":46,"author":{"gitId":"jianh0ng"},"content":"        return this.al.get(index);","lastModifiedDate":"2021-08-16"},{"lineNumber":47,"author":{"gitId":"jianh0ng"},"content":"    }","lastModifiedDate":"2021-08-16"},{"lineNumber":48,"author":{"gitId":"jianh0ng"},"content":"","lastModifiedDate":"2021-08-16"},{"lineNumber":49,"author":{"gitId":"jianh0ng"},"content":"    /**","lastModifiedDate":"2021-08-18"},{"lineNumber":50,"author":{"gitId":"jianh0ng"},"content":"     * Gets length of the duke.TaskList.","lastModifiedDate":"2021-08-25"},{"lineNumber":51,"author":{"gitId":"jianh0ng"},"content":"     * @return Length of the duke.TaskList.","lastModifiedDate":"2021-08-25"},{"lineNumber":52,"author":{"gitId":"jianh0ng"},"content":"     */","lastModifiedDate":"2021-08-18"},{"lineNumber":53,"author":{"gitId":"jianh0ng"},"content":"    public int getLength() {","lastModifiedDate":"2021-08-16"},{"lineNumber":54,"author":{"gitId":"jianh0ng"},"content":"        return this.al.size();","lastModifiedDate":"2021-08-16"},{"lineNumber":55,"author":{"gitId":"jianh0ng"},"content":"    }","lastModifiedDate":"2021-08-16"},{"lineNumber":56,"author":{"gitId":"jianh0ng"},"content":"","lastModifiedDate":"2021-08-16"},{"lineNumber":57,"author":{"gitId":"jianh0ng"},"content":"    /**","lastModifiedDate":"2021-08-18"},{"lineNumber":58,"author":{"gitId":"jianh0ng"},"content":"     * Deletes a task given its index.","lastModifiedDate":"2021-08-18"},{"lineNumber":59,"author":{"gitId":"jianh0ng"},"content":"     * @param itemNum The index of the duke.Task in the duke.TaskList(0-indexed).","lastModifiedDate":"2021-08-25"},{"lineNumber":60,"author":{"gitId":"jianh0ng"},"content":"     */","lastModifiedDate":"2021-08-18"},{"lineNumber":61,"author":{"gitId":"jianh0ng"},"content":"    public void deleteTask(int itemNum) {","lastModifiedDate":"2021-08-17"},{"lineNumber":62,"author":{"gitId":"jianh0ng"},"content":"        this.al.remove(itemNum);","lastModifiedDate":"2021-08-17"},{"lineNumber":63,"author":{"gitId":"jianh0ng"},"content":"    }","lastModifiedDate":"2021-08-17"},{"lineNumber":64,"author":{"gitId":"jianh0ng"},"content":"","lastModifiedDate":"2021-08-17"},{"lineNumber":65,"author":{"gitId":"jianh0ng"},"content":"    /**","lastModifiedDate":"2021-08-18"},{"lineNumber":66,"author":{"gitId":"jianh0ng"},"content":"     * Returns a string representation of the duke.TaskList.","lastModifiedDate":"2021-08-25"},{"lineNumber":67,"author":{"gitId":"jianh0ng"},"content":"     * @return All the items in the duke.TaskList.","lastModifiedDate":"2021-08-25"},{"lineNumber":68,"author":{"gitId":"jianh0ng"},"content":"     */","lastModifiedDate":"2021-08-18"},{"lineNumber":69,"author":{"gitId":"jianh0ng"},"content":"    @Override","lastModifiedDate":"2021-08-16"},{"lineNumber":70,"author":{"gitId":"jianh0ng"},"content":"    public String toString() {","lastModifiedDate":"2021-08-16"},{"lineNumber":71,"author":{"gitId":"jianh0ng"},"content":"        String result \u003d \"-----------------------------------------\\n\" + \"Here are the tasks in your list:\\n\";","lastModifiedDate":"2021-08-16"},{"lineNumber":72,"author":{"gitId":"jianh0ng"},"content":"        Task[] taskArray \u003d this.al.toArray(new Task[0]);","lastModifiedDate":"2021-08-16"},{"lineNumber":73,"author":{"gitId":"jianh0ng"},"content":"        for (int i \u003d 0; i \u003c taskArray.length; i++) {","lastModifiedDate":"2021-08-16"},{"lineNumber":74,"author":{"gitId":"jianh0ng"},"content":"            result +\u003d String.format(\"%s. %s\", i+1, taskArray[i].toString());","lastModifiedDate":"2021-08-16"},{"lineNumber":75,"author":{"gitId":"jianh0ng"},"content":"        }","lastModifiedDate":"2021-08-16"},{"lineNumber":76,"author":{"gitId":"jianh0ng"},"content":"        return result + \"-----------------------------------------\\n\";","lastModifiedDate":"2021-08-16"},{"lineNumber":77,"author":{"gitId":"jianh0ng"},"content":"    }","lastModifiedDate":"2021-08-16"},{"lineNumber":78,"author":{"gitId":"jianh0ng"},"content":"}","lastModifiedDate":"2021-08-16"}],"authorContributionMap":{"jianh0ng":78}},{"path":"src/main/java/duke/Todo.java","fileType":"java","lines":[{"lineNumber":1,"author":{"gitId":"jianh0ng"},"content":"package duke;","lastModifiedDate":"2021-08-25"},{"lineNumber":2,"author":{"gitId":"jianh0ng"},"content":"","lastModifiedDate":"2021-08-25"},{"lineNumber":3,"author":{"gitId":"jianh0ng"},"content":"/**","lastModifiedDate":"2021-08-18"},{"lineNumber":4,"author":{"gitId":"jianh0ng"},"content":" * Class for duke.Todo, a child class of duke.Task.","lastModifiedDate":"2021-08-25"},{"lineNumber":5,"author":{"gitId":"jianh0ng"},"content":" * @author Liew Jian Hong","lastModifiedDate":"2021-08-18"},{"lineNumber":6,"author":{"gitId":"jianh0ng"},"content":" */","lastModifiedDate":"2021-08-18"},{"lineNumber":7,"author":{"gitId":"jianh0ng"},"content":"public class Todo extends Task{","lastModifiedDate":"2021-08-16"},{"lineNumber":8,"author":{"gitId":"jianh0ng"},"content":"","lastModifiedDate":"2021-08-16"},{"lineNumber":9,"author":{"gitId":"jianh0ng"},"content":"    /**","lastModifiedDate":"2021-08-18"},{"lineNumber":10,"author":{"gitId":"jianh0ng"},"content":"     * Constructor for a duke.Todo task.","lastModifiedDate":"2021-08-25"},{"lineNumber":11,"author":{"gitId":"jianh0ng"},"content":"     * @param desc String array consisting of parsed description.","lastModifiedDate":"2021-08-18"},{"lineNumber":12,"author":{"gitId":"jianh0ng"},"content":"     */","lastModifiedDate":"2021-08-18"},{"lineNumber":13,"author":{"gitId":"jianh0ng"},"content":"    public Todo(String[] desc) {","lastModifiedDate":"2021-08-17"},{"lineNumber":14,"author":{"gitId":"jianh0ng"},"content":"        super(desc[1], Boolean.valueOf(desc[3]));","lastModifiedDate":"2021-08-23"},{"lineNumber":15,"author":{"gitId":"jianh0ng"},"content":"    }","lastModifiedDate":"2021-08-23"},{"lineNumber":16,"author":{"gitId":"jianh0ng"},"content":"    public String toWrite() {","lastModifiedDate":"2021-08-23"},{"lineNumber":17,"author":{"gitId":"jianh0ng"},"content":"        return \"todo--\" + Boolean.toString(this.isDone) + \"--\" + this.desc + \"--0\\n\";","lastModifiedDate":"2021-08-23"},{"lineNumber":18,"author":{"gitId":"jianh0ng"},"content":"    }","lastModifiedDate":"2021-08-16"},{"lineNumber":19,"author":{"gitId":"jianh0ng"},"content":"    /**","lastModifiedDate":"2021-08-18"},{"lineNumber":20,"author":{"gitId":"jianh0ng"},"content":"     * Return a string representation of the todo.","lastModifiedDate":"2021-08-18"},{"lineNumber":21,"author":{"gitId":"jianh0ng"},"content":"     * @return Return the type, completion status and description of the todo.","lastModifiedDate":"2021-08-18"},{"lineNumber":22,"author":{"gitId":"jianh0ng"},"content":"     */","lastModifiedDate":"2021-08-18"},{"lineNumber":23,"author":{"gitId":"jianh0ng"},"content":"    @Override","lastModifiedDate":"2021-08-16"},{"lineNumber":24,"author":{"gitId":"jianh0ng"},"content":"    public String toString() {","lastModifiedDate":"2021-08-16"},{"lineNumber":25,"author":{"gitId":"jianh0ng"},"content":"        return \"[T]\" + super.toString() + \"\\n\";","lastModifiedDate":"2021-08-16"},{"lineNumber":26,"author":{"gitId":"jianh0ng"},"content":"    }","lastModifiedDate":"2021-08-16"},{"lineNumber":27,"author":{"gitId":"jianh0ng"},"content":"}","lastModifiedDate":"2021-08-16"}],"authorContributionMap":{"jianh0ng":27}},{"path":"src/main/java/duke/Ui.java","fileType":"java","lines":[{"lineNumber":1,"author":{"gitId":"jianh0ng"},"content":"package duke;","lastModifiedDate":"2021-08-25"},{"lineNumber":2,"author":{"gitId":"jianh0ng"},"content":"","lastModifiedDate":"2021-08-25"},{"lineNumber":3,"author":{"gitId":"jianh0ng"},"content":"import java.util.Scanner;","lastModifiedDate":"2021-08-24"},{"lineNumber":4,"author":{"gitId":"jianh0ng"},"content":"","lastModifiedDate":"2021-08-24"},{"lineNumber":5,"author":{"gitId":"jianh0ng"},"content":"public class Ui {","lastModifiedDate":"2021-08-24"},{"lineNumber":6,"author":{"gitId":"jianh0ng"},"content":"","lastModifiedDate":"2021-08-24"},{"lineNumber":7,"author":{"gitId":"jianh0ng"},"content":"    private Scanner scanner;","lastModifiedDate":"2021-08-24"},{"lineNumber":8,"author":{"gitId":"jianh0ng"},"content":"","lastModifiedDate":"2021-08-24"},{"lineNumber":9,"author":{"gitId":"jianh0ng"},"content":"","lastModifiedDate":"2021-08-24"},{"lineNumber":10,"author":{"gitId":"jianh0ng"},"content":"    public Ui() {","lastModifiedDate":"2021-08-24"},{"lineNumber":11,"author":{"gitId":"jianh0ng"},"content":"        this.scanner \u003d new Scanner(System.in);","lastModifiedDate":"2021-08-24"},{"lineNumber":12,"author":{"gitId":"jianh0ng"},"content":"","lastModifiedDate":"2021-08-24"},{"lineNumber":13,"author":{"gitId":"jianh0ng"},"content":"    }","lastModifiedDate":"2021-08-24"},{"lineNumber":14,"author":{"gitId":"jianh0ng"},"content":"","lastModifiedDate":"2021-08-24"},{"lineNumber":15,"author":{"gitId":"jianh0ng"},"content":"    public String getUserInput() {","lastModifiedDate":"2021-08-24"},{"lineNumber":16,"author":{"gitId":"jianh0ng"},"content":"        return scanner.nextLine();","lastModifiedDate":"2021-08-24"},{"lineNumber":17,"author":{"gitId":"jianh0ng"},"content":"    }","lastModifiedDate":"2021-08-24"},{"lineNumber":18,"author":{"gitId":"jianh0ng"},"content":"","lastModifiedDate":"2021-08-24"},{"lineNumber":19,"author":{"gitId":"jianh0ng"},"content":"    public void showTaskList(TaskList taskList) {","lastModifiedDate":"2021-08-24"},{"lineNumber":20,"author":{"gitId":"jianh0ng"},"content":"        System.out.println(taskList.toString());","lastModifiedDate":"2021-08-24"},{"lineNumber":21,"author":{"gitId":"jianh0ng"},"content":"    }","lastModifiedDate":"2021-08-24"},{"lineNumber":22,"author":{"gitId":"jianh0ng"},"content":"    public void showGreetMessage() {","lastModifiedDate":"2021-08-24"},{"lineNumber":23,"author":{"gitId":"jianh0ng"},"content":"        String logo \u003d \" ____        _        \\n\"","lastModifiedDate":"2021-08-24"},{"lineNumber":24,"author":{"gitId":"jianh0ng"},"content":"                + \"|  _ \\\\ _   _| | _____ \\n\"","lastModifiedDate":"2021-08-24"},{"lineNumber":25,"author":{"gitId":"jianh0ng"},"content":"                + \"| | | | | | | |/ / _ \\\\\\n\"","lastModifiedDate":"2021-08-24"},{"lineNumber":26,"author":{"gitId":"jianh0ng"},"content":"                + \"| |_| | |_| |   \u003c  __/\\n\"","lastModifiedDate":"2021-08-24"},{"lineNumber":27,"author":{"gitId":"jianh0ng"},"content":"                + \"|____/ \\\\__,_|_|\\\\_\\\\___|\\n\";","lastModifiedDate":"2021-08-24"},{"lineNumber":28,"author":{"gitId":"jianh0ng"},"content":"        System.out.println(\"Hello from\\n\" + logo);","lastModifiedDate":"2021-08-24"},{"lineNumber":29,"author":{"gitId":"jianh0ng"},"content":"    }","lastModifiedDate":"2021-08-24"},{"lineNumber":30,"author":{"gitId":"jianh0ng"},"content":"","lastModifiedDate":"2021-08-24"},{"lineNumber":31,"author":{"gitId":"jianh0ng"},"content":"    public void echo(String t) {","lastModifiedDate":"2021-08-24"},{"lineNumber":32,"author":{"gitId":"jianh0ng"},"content":"        System.out.println(\"-----------------------------------------\\n\" +","lastModifiedDate":"2021-08-24"},{"lineNumber":33,"author":{"gitId":"jianh0ng"},"content":"                String.format(\"%s\\n\", t) +","lastModifiedDate":"2021-08-24"},{"lineNumber":34,"author":{"gitId":"jianh0ng"},"content":"                \"-----------------------------------------\\n\");","lastModifiedDate":"2021-08-24"},{"lineNumber":35,"author":{"gitId":"jianh0ng"},"content":"    }","lastModifiedDate":"2021-08-24"},{"lineNumber":36,"author":{"gitId":"jianh0ng"},"content":"","lastModifiedDate":"2021-08-24"},{"lineNumber":37,"author":{"gitId":"jianh0ng"},"content":"    public void showExitMessage() {","lastModifiedDate":"2021-08-24"},{"lineNumber":38,"author":{"gitId":"jianh0ng"},"content":"        String exitMessage \u003d","lastModifiedDate":"2021-08-24"},{"lineNumber":39,"author":{"gitId":"jianh0ng"},"content":"                \"-----------------------------------------\\n\" +","lastModifiedDate":"2021-08-24"},{"lineNumber":40,"author":{"gitId":"jianh0ng"},"content":"                        \"Bye. Hope to see you again soon!\\n\" +","lastModifiedDate":"2021-08-24"},{"lineNumber":41,"author":{"gitId":"jianh0ng"},"content":"                        \"-----------------------------------------\\n\";","lastModifiedDate":"2021-08-24"},{"lineNumber":42,"author":{"gitId":"jianh0ng"},"content":"        System.out.println(exitMessage);","lastModifiedDate":"2021-08-24"},{"lineNumber":43,"author":{"gitId":"jianh0ng"},"content":"    }","lastModifiedDate":"2021-08-24"},{"lineNumber":44,"author":{"gitId":"jianh0ng"},"content":"","lastModifiedDate":"2021-08-24"},{"lineNumber":45,"author":{"gitId":"jianh0ng"},"content":"    public void showAddMessage(Task newTask, TaskList newList) {","lastModifiedDate":"2021-08-24"},{"lineNumber":46,"author":{"gitId":"jianh0ng"},"content":"        System.out.println(\"-----------------------------------------\\n\" +","lastModifiedDate":"2021-08-24"},{"lineNumber":47,"author":{"gitId":"jianh0ng"},"content":"                \"Got it. I\u0027ve added this task:\\n\" +","lastModifiedDate":"2021-08-24"},{"lineNumber":48,"author":{"gitId":"jianh0ng"},"content":"                newTask.toString() +","lastModifiedDate":"2021-08-24"},{"lineNumber":49,"author":{"gitId":"jianh0ng"},"content":"                String.format(\"Now you have %s tasks in the list.\\n\", newList.getLength()) +","lastModifiedDate":"2021-08-24"},{"lineNumber":50,"author":{"gitId":"jianh0ng"},"content":"                \"-----------------------------------------\\n\");","lastModifiedDate":"2021-08-24"},{"lineNumber":51,"author":{"gitId":"jianh0ng"},"content":"    }","lastModifiedDate":"2021-08-24"},{"lineNumber":52,"author":{"gitId":"jianh0ng"},"content":"","lastModifiedDate":"2021-08-24"},{"lineNumber":53,"author":{"gitId":"jianh0ng"},"content":"    public void showMarkDoneMessage(Task markedTask) {","lastModifiedDate":"2021-08-24"},{"lineNumber":54,"author":{"gitId":"jianh0ng"},"content":"        System.out.println(\"-----------------------------------------\\n\" +","lastModifiedDate":"2021-08-24"},{"lineNumber":55,"author":{"gitId":"jianh0ng"},"content":"                \"Nice! I\u0027ve marked this task as done:\\n\" +","lastModifiedDate":"2021-08-24"},{"lineNumber":56,"author":{"gitId":"jianh0ng"},"content":"                markedTask.toString() +","lastModifiedDate":"2021-08-24"},{"lineNumber":57,"author":{"gitId":"jianh0ng"},"content":"                \"-----------------------------------------\\n\");","lastModifiedDate":"2021-08-24"},{"lineNumber":58,"author":{"gitId":"jianh0ng"},"content":"    }","lastModifiedDate":"2021-08-24"},{"lineNumber":59,"author":{"gitId":"jianh0ng"},"content":"","lastModifiedDate":"2021-08-24"},{"lineNumber":60,"author":{"gitId":"jianh0ng"},"content":"    public void showDeleteMessage(Task deletedTask, TaskList newList) {","lastModifiedDate":"2021-08-24"},{"lineNumber":61,"author":{"gitId":"jianh0ng"},"content":"        System.out.println(\"-----------------------------------------\\n\" +","lastModifiedDate":"2021-08-24"},{"lineNumber":62,"author":{"gitId":"jianh0ng"},"content":"                \"Noted. I\u0027ve removed this task:\\n\" +","lastModifiedDate":"2021-08-24"},{"lineNumber":63,"author":{"gitId":"jianh0ng"},"content":"                deletedTask.toString() +","lastModifiedDate":"2021-08-24"},{"lineNumber":64,"author":{"gitId":"jianh0ng"},"content":"                String.format(\"Now you have %s tasks in the list.\\n\", newList.getLength()) +","lastModifiedDate":"2021-08-24"},{"lineNumber":65,"author":{"gitId":"jianh0ng"},"content":"                \"-----------------------------------------\\n\");","lastModifiedDate":"2021-08-24"},{"lineNumber":66,"author":{"gitId":"jianh0ng"},"content":"    }","lastModifiedDate":"2021-08-24"},{"lineNumber":67,"author":{"gitId":"jianh0ng"},"content":"}","lastModifiedDate":"2021-08-24"}],"authorContributionMap":{"jianh0ng":67}},{"path":"src/test/java/duke/DukeTest.java","fileType":"java","lines":[{"lineNumber":1,"author":{"gitId":"jianh0ng"},"content":"package duke;","lastModifiedDate":"2021-08-25"},{"lineNumber":2,"author":{"gitId":"jianh0ng"},"content":"","lastModifiedDate":"2021-08-25"},{"lineNumber":3,"author":{"gitId":"jianh0ng"},"content":"import org.junit.jupiter.api.Test;","lastModifiedDate":"2021-08-25"},{"lineNumber":4,"author":{"gitId":"jianh0ng"},"content":"import duke.Duke;","lastModifiedDate":"2021-08-25"},{"lineNumber":5,"author":{"gitId":"jianh0ng"},"content":"import static org.junit.jupiter.api.Assertions.assertEquals;","lastModifiedDate":"2021-08-25"},{"lineNumber":6,"author":{"gitId":"jianh0ng"},"content":"import static org.junit.jupiter.api.Assertions.fail;","lastModifiedDate":"2021-08-25"},{"lineNumber":7,"author":{"gitId":"jianh0ng"},"content":"","lastModifiedDate":"2021-08-25"},{"lineNumber":8,"author":{"gitId":"jianh0ng"},"content":"public class DukeTest {","lastModifiedDate":"2021-08-25"},{"lineNumber":9,"author":{"gitId":"jianh0ng"},"content":"    @Test","lastModifiedDate":"2021-08-25"},{"lineNumber":10,"author":{"gitId":"jianh0ng"},"content":"    public void add_invalidTask_exceptionThrown() {","lastModifiedDate":"2021-08-25"},{"lineNumber":11,"author":{"gitId":"jianh0ng"},"content":"","lastModifiedDate":"2021-08-25"},{"lineNumber":12,"author":{"gitId":"jianh0ng"},"content":"        try {","lastModifiedDate":"2021-08-25"},{"lineNumber":13,"author":{"gitId":"jianh0ng"},"content":"            Duke duke \u003d new Duke();","lastModifiedDate":"2021-08-25"},{"lineNumber":14,"author":{"gitId":"jianh0ng"},"content":"            String[] invalidTask \u003d new String[]{\"todo\", \"\", \"\", \"false\"};","lastModifiedDate":"2021-08-25"},{"lineNumber":15,"author":{"gitId":"jianh0ng"},"content":"            duke.add(invalidTask);","lastModifiedDate":"2021-08-25"},{"lineNumber":16,"author":{"gitId":"jianh0ng"},"content":"            fail();","lastModifiedDate":"2021-08-25"},{"lineNumber":17,"author":{"gitId":"jianh0ng"},"content":"        } catch (DukeException e) {","lastModifiedDate":"2021-08-25"},{"lineNumber":18,"author":{"gitId":"jianh0ng"},"content":"            assertEquals(\"☹ OOPS!!! The description of a todo cannot be empty.\", e.getMessage());","lastModifiedDate":"2021-08-25"},{"lineNumber":19,"author":{"gitId":"jianh0ng"},"content":"        }","lastModifiedDate":"2021-08-25"},{"lineNumber":20,"author":{"gitId":"jianh0ng"},"content":"    }","lastModifiedDate":"2021-08-25"},{"lineNumber":21,"author":{"gitId":"jianh0ng"},"content":"}","lastModifiedDate":"2021-08-25"}],"authorContributionMap":{"jianh0ng":21}},{"path":"src/test/java/duke/ParserTest.java","fileType":"java","lines":[{"lineNumber":1,"author":{"gitId":"jianh0ng"},"content":"package duke;","lastModifiedDate":"2021-08-25"},{"lineNumber":2,"author":{"gitId":"jianh0ng"},"content":"","lastModifiedDate":"2021-08-25"},{"lineNumber":3,"author":{"gitId":"jianh0ng"},"content":"import org.junit.jupiter.api.Test;","lastModifiedDate":"2021-08-25"},{"lineNumber":4,"author":{"gitId":"jianh0ng"},"content":"import duke.Parser;","lastModifiedDate":"2021-08-25"},{"lineNumber":5,"author":{"gitId":"jianh0ng"},"content":"","lastModifiedDate":"2021-08-25"},{"lineNumber":6,"author":{"gitId":"jianh0ng"},"content":"import static org.junit.jupiter.api.Assertions.assertArrayEquals;","lastModifiedDate":"2021-08-25"},{"lineNumber":7,"author":{"gitId":"jianh0ng"},"content":"import static org.junit.jupiter.api.Assertions.assertEquals;","lastModifiedDate":"2021-08-25"},{"lineNumber":8,"author":{"gitId":"jianh0ng"},"content":"","lastModifiedDate":"2021-08-25"},{"lineNumber":9,"author":{"gitId":"jianh0ng"},"content":"public class ParserTest {","lastModifiedDate":"2021-08-25"},{"lineNumber":10,"author":{"gitId":"jianh0ng"},"content":"","lastModifiedDate":"2021-08-25"},{"lineNumber":11,"author":{"gitId":"jianh0ng"},"content":"    @Test","lastModifiedDate":"2021-08-25"},{"lineNumber":12,"author":{"gitId":"jianh0ng"},"content":"    public void parse_normalInput_parsedCorrectly() {","lastModifiedDate":"2021-08-25"},{"lineNumber":13,"author":{"gitId":"jianh0ng"},"content":"        Parser p \u003d new Parser();","lastModifiedDate":"2021-08-25"},{"lineNumber":14,"author":{"gitId":"jianh0ng"},"content":"        String[] expected \u003d new String[]{\"deadline\", \"tutorial\", \"2021-08-25\", \"false\"};","lastModifiedDate":"2021-08-25"},{"lineNumber":15,"author":{"gitId":"jianh0ng"},"content":"        assertArrayEquals(expected, p.parse(\"deadline tutorial /at 2021-08-25\"));","lastModifiedDate":"2021-08-25"},{"lineNumber":16,"author":{"gitId":"jianh0ng"},"content":"    }","lastModifiedDate":"2021-08-25"},{"lineNumber":17,"author":{"gitId":"jianh0ng"},"content":"}","lastModifiedDate":"2021-08-25"}],"authorContributionMap":{"jianh0ng":17}},{"path":"text-ui-test/input.txt","fileType":"txt","lines":[{"lineNumber":1,"author":{"gitId":"jianh0ng"},"content":"todo borrow book","lastModifiedDate":"2021-08-17"},{"lineNumber":2,"author":{"gitId":"jianh0ng"},"content":"deadline return book /by Sunday","lastModifiedDate":"2021-08-17"},{"lineNumber":3,"author":{"gitId":"jianh0ng"},"content":"event project meeting /at Mon 2-4pm","lastModifiedDate":"2021-08-17"},{"lineNumber":4,"author":{"gitId":"jianh0ng"},"content":"list","lastModifiedDate":"2021-08-17"},{"lineNumber":5,"author":{"gitId":"jianh0ng"},"content":"done 1","lastModifiedDate":"2021-08-17"},{"lineNumber":6,"author":{"gitId":"jianh0ng"},"content":"list","lastModifiedDate":"2021-08-17"},{"lineNumber":7,"author":{"gitId":"jianh0ng"},"content":"delete 2","lastModifiedDate":"2021-08-17"},{"lineNumber":8,"author":{"gitId":"jianh0ng"},"content":"list","lastModifiedDate":"2021-08-17"},{"lineNumber":9,"author":{"gitId":"jianh0ng"},"content":"todo","lastModifiedDate":"2021-08-17"},{"lineNumber":10,"author":{"gitId":"jianh0ng"},"content":"deadline","lastModifiedDate":"2021-08-17"},{"lineNumber":11,"author":{"gitId":"jianh0ng"},"content":"event","lastModifiedDate":"2021-08-17"},{"lineNumber":12,"author":{"gitId":"jianh0ng"},"content":"delete","lastModifiedDate":"2021-08-17"},{"lineNumber":13,"author":{"gitId":"jianh0ng"},"content":"bye","lastModifiedDate":"2021-08-17"},{"lineNumber":14,"author":{"gitId":"jianh0ng"},"content":"","lastModifiedDate":"2021-08-17"}],"authorContributionMap":{"jianh0ng":14}},{"path":"text-ui-test/runtest.bat","fileType":"bat","lines":[{"lineNumber":1,"author":{"gitId":"-"},"content":"@ECHO OFF","lastModifiedDate":"2020-05-25"},{"lineNumber":2,"author":{"gitId":"-"},"content":"","lastModifiedDate":"2020-05-25"},{"lineNumber":3,"author":{"gitId":"-"},"content":"REM create bin directory if it doesn\u0027t exist","lastModifiedDate":"2020-05-25"},{"lineNumber":4,"author":{"gitId":"-"},"content":"if not exist ..\\bin mkdir ..\\bin","lastModifiedDate":"2020-05-25"},{"lineNumber":5,"author":{"gitId":"-"},"content":"","lastModifiedDate":"2020-05-25"},{"lineNumber":6,"author":{"gitId":"-"},"content":"REM delete output from previous run","lastModifiedDate":"2020-05-25"},{"lineNumber":7,"author":{"gitId":"-"},"content":"if exist ACTUAL.TXT del ACTUAL.TXT","lastModifiedDate":"2020-08-25"},{"lineNumber":8,"author":{"gitId":"-"},"content":"","lastModifiedDate":"2020-05-25"},{"lineNumber":9,"author":{"gitId":"-"},"content":"REM compile the code into the bin folder","lastModifiedDate":"2020-05-25"},{"lineNumber":10,"author":{"gitId":"-"},"content":"javac  -cp ..\\src\\main\\java -Xlint:none -d ..\\bin ..\\src\\main\\java\\*.java","lastModifiedDate":"2020-08-25"},{"lineNumber":11,"author":{"gitId":"-"},"content":"IF ERRORLEVEL 1 (","lastModifiedDate":"2020-05-25"},{"lineNumber":12,"author":{"gitId":"-"},"content":"    echo ********** BUILD FAILURE **********","lastModifiedDate":"2020-05-25"},{"lineNumber":13,"author":{"gitId":"-"},"content":"    exit /b 1","lastModifiedDate":"2020-05-25"},{"lineNumber":14,"author":{"gitId":"-"},"content":")","lastModifiedDate":"2020-05-25"},{"lineNumber":15,"author":{"gitId":"-"},"content":"REM no error here, errorlevel \u003d\u003d 0","lastModifiedDate":"2020-05-25"},{"lineNumber":16,"author":{"gitId":"-"},"content":"","lastModifiedDate":"2020-05-25"},{"lineNumber":17,"author":{"gitId":"-"},"content":"REM run the program, feed commands from input.txt file and redirect the output to the ACTUAL.TXT","lastModifiedDate":"2020-05-25"},{"lineNumber":18,"author":{"gitId":"jianh0ng"},"content":"java -classpath ..\\bin duke.Duke \u003c input.txt \u003e ACTUAL.TXT","lastModifiedDate":"2021-08-25"},{"lineNumber":19,"author":{"gitId":"-"},"content":"","lastModifiedDate":"2020-05-25"},{"lineNumber":20,"author":{"gitId":"-"},"content":"REM compare the output to the expected output","lastModifiedDate":"2020-05-25"},{"lineNumber":21,"author":{"gitId":"-"},"content":"FC ACTUAL.TXT EXPECTED.TXT","lastModifiedDate":"2020-05-25"}],"authorContributionMap":{"jianh0ng":1,"-":20}}]
