{"authorDailyContributionsMap":{"jianh0ng":[{"date":"2021-08-16","commitResults":[{"hash":"b8010adf5288373545dabe841438e59a8471063b","messageTitle":"Added Level-1","messageBody":"","tags":["Level-1"],"fileTypesAndContributionMap":{"java":{"insertions":48,"deletions":2}}},{"hash":"d44e66e03c0b756b94001bc468fb06f6e115585f","messageTitle":"Added Level-2","messageBody":"","tags":["Level-2"],"fileTypesAndContributionMap":{"java":{"insertions":65,"deletions":12}}},{"hash":"07f16e65d02b80507c7870a262fd3b1df831de0f","messageTitle":"Added Level-3","messageBody":"","tags":["Level-3"],"fileTypesAndContributionMap":{"java":{"insertions":33,"deletions":3}}},{"hash":"6434dfb7e7cada158a473cbaeb178705345fbfb9","messageTitle":"Added Level-4","messageBody":"","tags":["Level-4"],"fileTypesAndContributionMap":{"java":{"insertions":112,"deletions":7}}}]},{"date":"2021-08-17","commitResults":[{"hash":"1fb52f55c8c39d138e7a4a9b29192e74249431e7","messageTitle":"Added Level-5","messageBody":"","tags":["Level-5"],"fileTypesAndContributionMap":{"java":{"insertions":56,"deletions":46}}},{"hash":"e67761c282acacf7903b77c63ea46e38505bab10","messageTitle":"Added Level-6","messageBody":"","tags":["Level-6"],"fileTypesAndContributionMap":{"java":{"insertions":17,"deletions":2}}},{"hash":"d53e32063666ff553e2ef4fcdf831d94778bd95a","messageTitle":"Added A-TextUiTesting","messageBody":"","tags":["A-TextUiTesting"],"fileTypesAndContributionMap":{"txt":{"insertions":14,"deletions":0},"java":{"insertions":16,"deletions":11}}}]},{"date":"2021-08-18","commitResults":[{"hash":"dfe142ec5b9cc8ef0664d941302e1f5ea0a07f2c","messageTitle":"Added javadoc comments","messageBody":"","tags":["Javadoc"],"fileTypesAndContributionMap":{"java":{"insertions":165,"deletions":8}}}]},{"date":"2021-08-23","commitResults":[{"hash":"26d55f8b6814ceaf05a16e3c7f6d4a865753b198","messageTitle":"Add Level-7 in branch-Level-7","messageBody":"","fileTypesAndContributionMap":{"txt":{"insertions":3,"deletions":0},"java":{"insertions":155,"deletions":43}}},{"hash":"f44131089ac030d2ef4848575cc1d66b00832c71","messageTitle":"Add Level-8 in branch-Level-8","messageBody":"","fileTypesAndContributionMap":{"java":{"insertions":17,"deletions":6}}}]},{"date":"2021-08-24","commitResults":[{"hash":"f5e23aa4e46e428e853db67d4d89343f38a40c1c","messageTitle":"Add A-MoreOOP","messageBody":"","tags":["A-MoreOOP"],"fileTypesAndContributionMap":{"txt":{"insertions":6,"deletions":3},"java":{"insertions":91,"deletions":60}}}]},{"date":"2021-08-25","commitResults":[{"hash":"109d3350ed27d6cc9cc2f5cdc42df7cc56b27375","messageTitle":"Add A-Packages","messageBody":"","tags":["A-Packages"],"fileTypesAndContributionMap":{"txt":{"insertions":0,"deletions":1},"java":{"insertions":52,"deletions":36},"bat":{"insertions":1,"deletions":1},"md":{"insertions":2,"deletions":2}}},{"hash":"134f9eb45e471c3f81188c20c8821b8ec28a7b08","messageTitle":"Add A-JUnit","messageBody":"","tags":["A-JUnit"],"fileTypesAndContributionMap":{"java":{"insertions":44,"deletions":6}}},{"hash":"1bcc8f365d92635521fa4ae415cda4040a25413c","messageTitle":"Add A-JavaDoc in branch-A-JavaDoc","messageBody":"","fileTypesAndContributionMap":{"java":{"insertions":76,"deletions":42}}},{"hash":"3fefd8cac8adc1d865d7a105d930f2f8cdfb6d0c","messageTitle":"Add A-CodingStandard in branch-A-CodingStandard","messageBody":"","fileTypesAndContributionMap":{"java":{"insertions":12,"deletions":12}}},{"hash":"b682eaf2ff561d2c6b4db75b033479b0cb31e4b6","messageTitle":"Add Level-9 in branch-Level-9","messageBody":"","fileTypesAndContributionMap":{"java":{"insertions":26,"deletions":1}}}]},{"date":"2021-08-29","commitResults":[{"hash":"d3ca450aaec3710ecbf0a0af262df9188264f448","messageTitle":"Add A-Gradle in branch-A-Gradle","messageBody":"","fileTypesAndContributionMap":{"gradle":{"insertions":46,"deletions":0},"txt":{"insertions":0,"deletions":1},"java":{"insertions":118,"deletions":76},"bat":{"insertions":103,"deletions":0}}}]}]},"authorFileTypeContributionMap":{"jianh0ng":{"java":743,"md":2,"fxml":0,"sh":0,"bat":104,"gradle":46,"txt":18}},"authorContributionVariance":{"jianh0ng":14159.238},"authorDisplayNameMap":{"jianh0ng":"CS2103T-T13-3 LIEW..HONG"}}
