[{"path":"src/main/java/Command.java","fileType":"java","lines":[{"lineNumber":1,"author":{"gitId":"wpinrui"},"content":"public class Command {","lastModifiedDate":"2021-08-18"},{"lineNumber":2,"author":{"gitId":"wpinrui"},"content":"    private String operation;","lastModifiedDate":"2021-08-18"},{"lineNumber":3,"author":{"gitId":"wpinrui"},"content":"    private int index;","lastModifiedDate":"2021-08-18"},{"lineNumber":4,"author":{"gitId":"wpinrui"},"content":"    private String description;","lastModifiedDate":"2021-08-18"},{"lineNumber":5,"author":{"gitId":"wpinrui"},"content":"    private String time;","lastModifiedDate":"2021-08-18"},{"lineNumber":6,"author":{"gitId":"wpinrui"},"content":"","lastModifiedDate":"2021-08-18"},{"lineNumber":7,"author":{"gitId":"wpinrui"},"content":"    public Command(String operation) {","lastModifiedDate":"2021-08-18"},{"lineNumber":8,"author":{"gitId":"wpinrui"},"content":"        this.operation \u003d operation;","lastModifiedDate":"2021-08-18"},{"lineNumber":9,"author":{"gitId":"wpinrui"},"content":"    }","lastModifiedDate":"2021-08-18"},{"lineNumber":10,"author":{"gitId":"wpinrui"},"content":"","lastModifiedDate":"2021-08-18"},{"lineNumber":11,"author":{"gitId":"wpinrui"},"content":"    public Command(String operation, int index) {","lastModifiedDate":"2021-08-18"},{"lineNumber":12,"author":{"gitId":"wpinrui"},"content":"        this.operation \u003d operation;","lastModifiedDate":"2021-08-18"},{"lineNumber":13,"author":{"gitId":"wpinrui"},"content":"        this.index \u003d index;","lastModifiedDate":"2021-08-18"},{"lineNumber":14,"author":{"gitId":"wpinrui"},"content":"    }","lastModifiedDate":"2021-08-18"},{"lineNumber":15,"author":{"gitId":"wpinrui"},"content":"","lastModifiedDate":"2021-08-18"},{"lineNumber":16,"author":{"gitId":"wpinrui"},"content":"    public Command(String operation, String description) {","lastModifiedDate":"2021-08-18"},{"lineNumber":17,"author":{"gitId":"wpinrui"},"content":"        this.operation \u003d operation;","lastModifiedDate":"2021-08-18"},{"lineNumber":18,"author":{"gitId":"wpinrui"},"content":"        this.description \u003d description;","lastModifiedDate":"2021-08-18"},{"lineNumber":19,"author":{"gitId":"wpinrui"},"content":"    }","lastModifiedDate":"2021-08-18"},{"lineNumber":20,"author":{"gitId":"wpinrui"},"content":"","lastModifiedDate":"2021-08-18"},{"lineNumber":21,"author":{"gitId":"wpinrui"},"content":"    public Command(String operation, String description, String time) {","lastModifiedDate":"2021-08-18"},{"lineNumber":22,"author":{"gitId":"wpinrui"},"content":"        this.operation \u003d operation;","lastModifiedDate":"2021-08-18"},{"lineNumber":23,"author":{"gitId":"wpinrui"},"content":"        this.description \u003d description;","lastModifiedDate":"2021-08-18"},{"lineNumber":24,"author":{"gitId":"wpinrui"},"content":"        this.time \u003d time;","lastModifiedDate":"2021-08-18"},{"lineNumber":25,"author":{"gitId":"wpinrui"},"content":"    }","lastModifiedDate":"2021-08-18"},{"lineNumber":26,"author":{"gitId":"wpinrui"},"content":"","lastModifiedDate":"2021-08-18"},{"lineNumber":27,"author":{"gitId":"wpinrui"},"content":"    public String getOperation() {","lastModifiedDate":"2021-08-18"},{"lineNumber":28,"author":{"gitId":"wpinrui"},"content":"        return this.operation;","lastModifiedDate":"2021-08-18"},{"lineNumber":29,"author":{"gitId":"wpinrui"},"content":"    }","lastModifiedDate":"2021-08-18"},{"lineNumber":30,"author":{"gitId":"wpinrui"},"content":"","lastModifiedDate":"2021-08-18"},{"lineNumber":31,"author":{"gitId":"wpinrui"},"content":"    public int getIndex() {","lastModifiedDate":"2021-08-18"},{"lineNumber":32,"author":{"gitId":"wpinrui"},"content":"        return this.index;","lastModifiedDate":"2021-08-18"},{"lineNumber":33,"author":{"gitId":"wpinrui"},"content":"    }","lastModifiedDate":"2021-08-18"},{"lineNumber":34,"author":{"gitId":"wpinrui"},"content":"","lastModifiedDate":"2021-08-18"},{"lineNumber":35,"author":{"gitId":"wpinrui"},"content":"    public String getDescription() {","lastModifiedDate":"2021-08-18"},{"lineNumber":36,"author":{"gitId":"wpinrui"},"content":"        return this.description;","lastModifiedDate":"2021-08-18"},{"lineNumber":37,"author":{"gitId":"wpinrui"},"content":"    }","lastModifiedDate":"2021-08-18"},{"lineNumber":38,"author":{"gitId":"wpinrui"},"content":"","lastModifiedDate":"2021-08-18"},{"lineNumber":39,"author":{"gitId":"wpinrui"},"content":"    public String getTime() {","lastModifiedDate":"2021-08-18"},{"lineNumber":40,"author":{"gitId":"wpinrui"},"content":"        return this.time;","lastModifiedDate":"2021-08-18"},{"lineNumber":41,"author":{"gitId":"wpinrui"},"content":"    }","lastModifiedDate":"2021-08-18"},{"lineNumber":42,"author":{"gitId":"wpinrui"},"content":"}","lastModifiedDate":"2021-08-18"},{"lineNumber":43,"author":{"gitId":"wpinrui"},"content":"","lastModifiedDate":"2021-08-18"},{"lineNumber":44,"author":{"gitId":"wpinrui"},"content":"","lastModifiedDate":"2021-08-18"}],"authorContributionMap":{"wpinrui":44}},{"path":"src/main/java/Deadline.java","fileType":"java","lines":[{"lineNumber":1,"author":{"gitId":"wpinrui"},"content":"public class Deadline extends Task {","lastModifiedDate":"2021-08-13"},{"lineNumber":2,"author":{"gitId":"wpinrui"},"content":"    protected String by;","lastModifiedDate":"2021-08-13"},{"lineNumber":3,"author":{"gitId":"wpinrui"},"content":"","lastModifiedDate":"2021-08-13"},{"lineNumber":4,"author":{"gitId":"wpinrui"},"content":"    public Deadline(String description, String by) {","lastModifiedDate":"2021-08-13"},{"lineNumber":5,"author":{"gitId":"wpinrui"},"content":"        super(description);","lastModifiedDate":"2021-08-13"},{"lineNumber":6,"author":{"gitId":"wpinrui"},"content":"        this.by \u003d by;","lastModifiedDate":"2021-08-13"},{"lineNumber":7,"author":{"gitId":"wpinrui"},"content":"    }","lastModifiedDate":"2021-08-13"},{"lineNumber":8,"author":{"gitId":"wpinrui"},"content":"","lastModifiedDate":"2021-08-13"},{"lineNumber":9,"author":{"gitId":"wpinrui"},"content":"    @Override","lastModifiedDate":"2021-08-13"},{"lineNumber":10,"author":{"gitId":"wpinrui"},"content":"    public String toString() {","lastModifiedDate":"2021-08-13"},{"lineNumber":11,"author":{"gitId":"wpinrui"},"content":"        return \"[D]\" + super.toString() + \" (by: \" + by + \")\";","lastModifiedDate":"2021-08-13"},{"lineNumber":12,"author":{"gitId":"wpinrui"},"content":"    }","lastModifiedDate":"2021-08-13"},{"lineNumber":13,"author":{"gitId":"wpinrui"},"content":"}","lastModifiedDate":"2021-08-13"}],"authorContributionMap":{"wpinrui":13}},{"path":"src/main/java/Duke.java","fileType":"java","lines":[{"lineNumber":1,"author":{"gitId":"wpinrui"},"content":"import java.util.ArrayList;","lastModifiedDate":"2021-08-18"},{"lineNumber":2,"author":{"gitId":"wpinrui"},"content":"import java.util.Scanner;","lastModifiedDate":"2021-08-13"},{"lineNumber":3,"author":{"gitId":"wpinrui"},"content":"","lastModifiedDate":"2021-08-13"},{"lineNumber":4,"author":{"gitId":"-"},"content":"public class Duke {","lastModifiedDate":"2019-07-29"},{"lineNumber":5,"author":{"gitId":"wpinrui"},"content":"    private static String introString \u003d \"Hey there! I\u0027m Good Duke. How many I help you today?\";","lastModifiedDate":"2021-08-13"},{"lineNumber":6,"author":{"gitId":"wpinrui"},"content":"    private static String outroString \u003d \"That was an excellent chat - I look forward to seeing you again soon!\";","lastModifiedDate":"2021-08-13"},{"lineNumber":7,"author":{"gitId":"wpinrui"},"content":"","lastModifiedDate":"2021-08-13"},{"lineNumber":8,"author":{"gitId":"wpinrui"},"content":"    private static Scanner sc \u003d new Scanner(System.in);","lastModifiedDate":"2021-08-13"},{"lineNumber":9,"author":{"gitId":"wpinrui"},"content":"    private static ArrayList\u003cTask\u003e taskList \u003d new ArrayList\u003c\u003e();","lastModifiedDate":"2021-08-18"},{"lineNumber":10,"author":{"gitId":"wpinrui"},"content":"","lastModifiedDate":"2021-08-13"},{"lineNumber":11,"author":{"gitId":"wpinrui"},"content":"    public static String taskListString() {","lastModifiedDate":"2021-08-13"},{"lineNumber":12,"author":{"gitId":"wpinrui"},"content":"        String output \u003d \"\";","lastModifiedDate":"2021-08-13"},{"lineNumber":13,"author":{"gitId":"wpinrui"},"content":"        for (int i \u003d 0; i \u003c taskList.size(); i++) {","lastModifiedDate":"2021-08-18"},{"lineNumber":14,"author":{"gitId":"wpinrui"},"content":"            output +\u003d String.format(\"%d. %s\\n\", i + 1, taskList.get(i));","lastModifiedDate":"2021-08-18"},{"lineNumber":15,"author":{"gitId":"wpinrui"},"content":"        }","lastModifiedDate":"2021-08-13"},{"lineNumber":16,"author":{"gitId":"wpinrui"},"content":"        return output;","lastModifiedDate":"2021-08-13"},{"lineNumber":17,"author":{"gitId":"wpinrui"},"content":"    }","lastModifiedDate":"2021-08-13"},{"lineNumber":18,"author":{"gitId":"wpinrui"},"content":"","lastModifiedDate":"2021-08-13"},{"lineNumber":19,"author":{"gitId":"wpinrui"},"content":"    public static String addedString(Task task) {","lastModifiedDate":"2021-08-13"},{"lineNumber":20,"author":{"gitId":"wpinrui"},"content":"        return String.format(\"Alright, I\u0027ve added this task: \\n\\t%s\\nNow, you have %d tasks in the list.\\n\", task, taskList.size());","lastModifiedDate":"2021-08-18"},{"lineNumber":21,"author":{"gitId":"wpinrui"},"content":"    }","lastModifiedDate":"2021-08-13"},{"lineNumber":22,"author":{"gitId":"wpinrui"},"content":"","lastModifiedDate":"2021-08-13"},{"lineNumber":23,"author":{"gitId":"wpinrui"},"content":"    public static String doneString(Task task) {","lastModifiedDate":"2021-08-13"},{"lineNumber":24,"author":{"gitId":"wpinrui"},"content":"        return String.format(\"Certainly, I\u0027ve marked this task as done: \\n\\t%s\\n\", task);","lastModifiedDate":"2021-08-13"},{"lineNumber":25,"author":{"gitId":"wpinrui"},"content":"    }","lastModifiedDate":"2021-08-13"},{"lineNumber":26,"author":{"gitId":"wpinrui"},"content":"","lastModifiedDate":"2021-08-13"},{"lineNumber":27,"author":{"gitId":"wpinrui"},"content":"    public static String deletedString(Task task) {","lastModifiedDate":"2021-08-18"},{"lineNumber":28,"author":{"gitId":"wpinrui"},"content":"        return String.format(\"Certainly, I\u0027ve deleted this task: \\n\\t%s\\nNow, you have %d tasks in the list.\\n\", task, taskList.size());","lastModifiedDate":"2021-08-18"},{"lineNumber":29,"author":{"gitId":"wpinrui"},"content":"    }","lastModifiedDate":"2021-08-18"},{"lineNumber":30,"author":{"gitId":"wpinrui"},"content":"","lastModifiedDate":"2021-08-18"},{"lineNumber":31,"author":{"gitId":"wpinrui"},"content":"    public static void print(String str) {","lastModifiedDate":"2021-08-13"},{"lineNumber":32,"author":{"gitId":"wpinrui"},"content":"        String horizontalLine \u003d \"________________________________________________________________________________\";","lastModifiedDate":"2021-08-13"},{"lineNumber":33,"author":{"gitId":"wpinrui"},"content":"        System.out.println(horizontalLine);","lastModifiedDate":"2021-08-13"},{"lineNumber":34,"author":{"gitId":"wpinrui"},"content":"        System.out.println(str);","lastModifiedDate":"2021-08-13"},{"lineNumber":35,"author":{"gitId":"wpinrui"},"content":"        System.out.println(horizontalLine);","lastModifiedDate":"2021-08-13"},{"lineNumber":36,"author":{"gitId":"wpinrui"},"content":"","lastModifiedDate":"2021-08-13"},{"lineNumber":37,"author":{"gitId":"wpinrui"},"content":"    }","lastModifiedDate":"2021-08-13"},{"lineNumber":38,"author":{"gitId":"wpinrui"},"content":"","lastModifiedDate":"2021-08-13"},{"lineNumber":39,"author":{"gitId":"wpinrui"},"content":"    public static Command parseUserInput(String input) throws DukeException {","lastModifiedDate":"2021-08-18"},{"lineNumber":40,"author":{"gitId":"wpinrui"},"content":"        String[] strings \u003d input.split(\" \");","lastModifiedDate":"2021-08-18"},{"lineNumber":41,"author":{"gitId":"wpinrui"},"content":"        String operation \u003d strings[0];","lastModifiedDate":"2021-08-18"},{"lineNumber":42,"author":{"gitId":"wpinrui"},"content":"        switch (operation) {","lastModifiedDate":"2021-08-18"},{"lineNumber":43,"author":{"gitId":"wpinrui"},"content":"            case \"bye\":","lastModifiedDate":"2021-08-18"},{"lineNumber":44,"author":{"gitId":"wpinrui"},"content":"            case \"list\":","lastModifiedDate":"2021-08-18"},{"lineNumber":45,"author":{"gitId":"wpinrui"},"content":"                return new Command(operation);","lastModifiedDate":"2021-08-18"},{"lineNumber":46,"author":{"gitId":"wpinrui"},"content":"            case \"done\":","lastModifiedDate":"2021-08-18"},{"lineNumber":47,"author":{"gitId":"wpinrui"},"content":"                if (strings.length \u003d\u003d 1) {","lastModifiedDate":"2021-08-18"},{"lineNumber":48,"author":{"gitId":"wpinrui"},"content":"                    throw new DukeException(\"You need to indicate which task number should be marked as done.\");","lastModifiedDate":"2021-08-18"},{"lineNumber":49,"author":{"gitId":"wpinrui"},"content":"                }","lastModifiedDate":"2021-08-18"},{"lineNumber":50,"author":{"gitId":"wpinrui"},"content":"                try {","lastModifiedDate":"2021-08-18"},{"lineNumber":51,"author":{"gitId":"wpinrui"},"content":"                    int doneTaskNum \u003d Integer.parseInt(strings[1]);","lastModifiedDate":"2021-08-18"},{"lineNumber":52,"author":{"gitId":"wpinrui"},"content":"                    return new Command(strings[0], doneTaskNum);","lastModifiedDate":"2021-08-18"},{"lineNumber":53,"author":{"gitId":"wpinrui"},"content":"                } catch (NumberFormatException e) {","lastModifiedDate":"2021-08-18"},{"lineNumber":54,"author":{"gitId":"wpinrui"},"content":"                    throw new DukeException(\"The task to be marked as done should be indicated its list index.\");","lastModifiedDate":"2021-08-18"},{"lineNumber":55,"author":{"gitId":"wpinrui"},"content":"                }","lastModifiedDate":"2021-08-18"},{"lineNumber":56,"author":{"gitId":"wpinrui"},"content":"            case \"todo\":","lastModifiedDate":"2021-08-18"},{"lineNumber":57,"author":{"gitId":"wpinrui"},"content":"                if (strings.length \u003d\u003d 1) {","lastModifiedDate":"2021-08-18"},{"lineNumber":58,"author":{"gitId":"wpinrui"},"content":"                    throw new DukeException(\"The description of a todo cannot be empty.\");","lastModifiedDate":"2021-08-18"},{"lineNumber":59,"author":{"gitId":"wpinrui"},"content":"                }","lastModifiedDate":"2021-08-18"},{"lineNumber":60,"author":{"gitId":"wpinrui"},"content":"                return new Command(strings[0], input.substring(5));","lastModifiedDate":"2021-08-18"},{"lineNumber":61,"author":{"gitId":"wpinrui"},"content":"            case \"deadline\":","lastModifiedDate":"2021-08-18"},{"lineNumber":62,"author":{"gitId":"wpinrui"},"content":"                if (strings.length \u003d\u003d 1) {","lastModifiedDate":"2021-08-18"},{"lineNumber":63,"author":{"gitId":"wpinrui"},"content":"                    throw new DukeException(\"The description of a deadline cannot be empty.\");","lastModifiedDate":"2021-08-18"},{"lineNumber":64,"author":{"gitId":"wpinrui"},"content":"                }","lastModifiedDate":"2021-08-18"},{"lineNumber":65,"author":{"gitId":"wpinrui"},"content":"                String[] descriptionAndBy \u003d input.substring(9).split(\"/by \");","lastModifiedDate":"2021-08-18"},{"lineNumber":66,"author":{"gitId":"wpinrui"},"content":"                if (descriptionAndBy.length \u003d\u003d 1) {","lastModifiedDate":"2021-08-18"},{"lineNumber":67,"author":{"gitId":"wpinrui"},"content":"                    throw new DukeException(\"The done-by date of a deadline cannot be empty.\");","lastModifiedDate":"2021-08-18"},{"lineNumber":68,"author":{"gitId":"wpinrui"},"content":"                }","lastModifiedDate":"2021-08-18"},{"lineNumber":69,"author":{"gitId":"wpinrui"},"content":"                return new Command(strings[0], descriptionAndBy[0], descriptionAndBy[1]);","lastModifiedDate":"2021-08-18"},{"lineNumber":70,"author":{"gitId":"wpinrui"},"content":"            case \"event\":","lastModifiedDate":"2021-08-18"},{"lineNumber":71,"author":{"gitId":"wpinrui"},"content":"                if (strings.length \u003d\u003d 1) {","lastModifiedDate":"2021-08-18"},{"lineNumber":72,"author":{"gitId":"wpinrui"},"content":"                    throw new DukeException(\"The description of an event cannot be empty.\");","lastModifiedDate":"2021-08-18"},{"lineNumber":73,"author":{"gitId":"wpinrui"},"content":"                }","lastModifiedDate":"2021-08-18"},{"lineNumber":74,"author":{"gitId":"wpinrui"},"content":"                String[] descriptionAndAt \u003d input.substring(6).split(\"/at \");","lastModifiedDate":"2021-08-18"},{"lineNumber":75,"author":{"gitId":"wpinrui"},"content":"                if (descriptionAndAt.length \u003d\u003d 1) {","lastModifiedDate":"2021-08-18"},{"lineNumber":76,"author":{"gitId":"wpinrui"},"content":"                    throw new DukeException(\"The timing of an event cannot be empty.\");","lastModifiedDate":"2021-08-18"},{"lineNumber":77,"author":{"gitId":"wpinrui"},"content":"                }","lastModifiedDate":"2021-08-18"},{"lineNumber":78,"author":{"gitId":"wpinrui"},"content":"                return new Command(strings[0], descriptionAndAt[0], descriptionAndAt[1]);","lastModifiedDate":"2021-08-18"},{"lineNumber":79,"author":{"gitId":"wpinrui"},"content":"            case \"delete\":","lastModifiedDate":"2021-08-18"},{"lineNumber":80,"author":{"gitId":"wpinrui"},"content":"                if (strings.length \u003d\u003d 1) {","lastModifiedDate":"2021-08-18"},{"lineNumber":81,"author":{"gitId":"wpinrui"},"content":"                    throw new DukeException(\"You need to indicate which task number should be deleted.\");","lastModifiedDate":"2021-08-18"},{"lineNumber":82,"author":{"gitId":"wpinrui"},"content":"                }","lastModifiedDate":"2021-08-18"},{"lineNumber":83,"author":{"gitId":"wpinrui"},"content":"                try {","lastModifiedDate":"2021-08-18"},{"lineNumber":84,"author":{"gitId":"wpinrui"},"content":"                    int delTaskNum \u003d Integer.parseInt(strings[1]);","lastModifiedDate":"2021-08-18"},{"lineNumber":85,"author":{"gitId":"wpinrui"},"content":"                    return new Command(strings[0], delTaskNum);","lastModifiedDate":"2021-08-18"},{"lineNumber":86,"author":{"gitId":"wpinrui"},"content":"                } catch (NumberFormatException e) {","lastModifiedDate":"2021-08-18"},{"lineNumber":87,"author":{"gitId":"wpinrui"},"content":"                    throw new DukeException(\"The task to be deleted should be indicated its list index.\");","lastModifiedDate":"2021-08-18"},{"lineNumber":88,"author":{"gitId":"wpinrui"},"content":"                }","lastModifiedDate":"2021-08-18"},{"lineNumber":89,"author":{"gitId":"wpinrui"},"content":"            default:","lastModifiedDate":"2021-08-18"},{"lineNumber":90,"author":{"gitId":"wpinrui"},"content":"                throw new DukeException(\"Sorry, I do not understand this command.\");","lastModifiedDate":"2021-08-18"},{"lineNumber":91,"author":{"gitId":"wpinrui"},"content":"        }","lastModifiedDate":"2021-08-18"},{"lineNumber":92,"author":{"gitId":"wpinrui"},"content":"    }","lastModifiedDate":"2021-08-18"},{"lineNumber":93,"author":{"gitId":"wpinrui"},"content":"","lastModifiedDate":"2021-08-18"},{"lineNumber":94,"author":{"gitId":"wpinrui"},"content":"    public static void main(String[] args) throws DukeException {","lastModifiedDate":"2021-08-18"},{"lineNumber":95,"author":{"gitId":"wpinrui"},"content":"        print(introString);","lastModifiedDate":"2021-08-13"},{"lineNumber":96,"author":{"gitId":"wpinrui"},"content":"        Command command;","lastModifiedDate":"2021-08-18"},{"lineNumber":97,"author":{"gitId":"wpinrui"},"content":"        label:","lastModifiedDate":"2021-08-13"},{"lineNumber":98,"author":{"gitId":"wpinrui"},"content":"        while (true) {","lastModifiedDate":"2021-08-13"},{"lineNumber":99,"author":{"gitId":"wpinrui"},"content":"            String userEntry \u003d sc.nextLine();","lastModifiedDate":"2021-08-13"},{"lineNumber":100,"author":{"gitId":"wpinrui"},"content":"            try {","lastModifiedDate":"2021-08-18"},{"lineNumber":101,"author":{"gitId":"wpinrui"},"content":"                command \u003d parseUserInput(userEntry);","lastModifiedDate":"2021-08-18"},{"lineNumber":102,"author":{"gitId":"wpinrui"},"content":"            } catch (DukeException e) {","lastModifiedDate":"2021-08-18"},{"lineNumber":103,"author":{"gitId":"wpinrui"},"content":"                print(e.toString());","lastModifiedDate":"2021-08-18"},{"lineNumber":104,"author":{"gitId":"wpinrui"},"content":"                continue;","lastModifiedDate":"2021-08-18"},{"lineNumber":105,"author":{"gitId":"wpinrui"},"content":"            }","lastModifiedDate":"2021-08-18"},{"lineNumber":106,"author":{"gitId":"wpinrui"},"content":"            Task task;","lastModifiedDate":"2021-08-13"},{"lineNumber":107,"author":{"gitId":"wpinrui"},"content":"            switch (command.getOperation()) {","lastModifiedDate":"2021-08-18"},{"lineNumber":108,"author":{"gitId":"wpinrui"},"content":"                case \"bye\":","lastModifiedDate":"2021-08-13"},{"lineNumber":109,"author":{"gitId":"wpinrui"},"content":"                    print(outroString);","lastModifiedDate":"2021-08-13"},{"lineNumber":110,"author":{"gitId":"wpinrui"},"content":"                    break label;","lastModifiedDate":"2021-08-13"},{"lineNumber":111,"author":{"gitId":"wpinrui"},"content":"                case \"list\":","lastModifiedDate":"2021-08-13"},{"lineNumber":112,"author":{"gitId":"wpinrui"},"content":"                    print(taskListString());","lastModifiedDate":"2021-08-13"},{"lineNumber":113,"author":{"gitId":"wpinrui"},"content":"                    break;","lastModifiedDate":"2021-08-13"},{"lineNumber":114,"author":{"gitId":"wpinrui"},"content":"                case \"done\":","lastModifiedDate":"2021-08-13"},{"lineNumber":115,"author":{"gitId":"wpinrui"},"content":"                    task \u003d taskList.get(command.getIndex() - 1);","lastModifiedDate":"2021-08-18"},{"lineNumber":116,"author":{"gitId":"wpinrui"},"content":"                    task.setDone(true);","lastModifiedDate":"2021-08-13"},{"lineNumber":117,"author":{"gitId":"wpinrui"},"content":"                    print(doneString(task));","lastModifiedDate":"2021-08-13"},{"lineNumber":118,"author":{"gitId":"wpinrui"},"content":"                    break;","lastModifiedDate":"2021-08-13"},{"lineNumber":119,"author":{"gitId":"wpinrui"},"content":"                case \"todo\":","lastModifiedDate":"2021-08-13"},{"lineNumber":120,"author":{"gitId":"wpinrui"},"content":"                    task \u003d new ToDo(command.getDescription());","lastModifiedDate":"2021-08-18"},{"lineNumber":121,"author":{"gitId":"wpinrui"},"content":"                    taskList.add(task);","lastModifiedDate":"2021-08-18"},{"lineNumber":122,"author":{"gitId":"wpinrui"},"content":"                    print(addedString(task));","lastModifiedDate":"2021-08-13"},{"lineNumber":123,"author":{"gitId":"wpinrui"},"content":"                    break;","lastModifiedDate":"2021-08-13"},{"lineNumber":124,"author":{"gitId":"wpinrui"},"content":"                case \"deadline\":","lastModifiedDate":"2021-08-13"},{"lineNumber":125,"author":{"gitId":"wpinrui"},"content":"                    task \u003d new Deadline(command.getDescription(), command.getTime());","lastModifiedDate":"2021-08-18"},{"lineNumber":126,"author":{"gitId":"wpinrui"},"content":"                    taskList.add(task);","lastModifiedDate":"2021-08-18"},{"lineNumber":127,"author":{"gitId":"wpinrui"},"content":"                    print(addedString(task));","lastModifiedDate":"2021-08-13"},{"lineNumber":128,"author":{"gitId":"wpinrui"},"content":"                    break;","lastModifiedDate":"2021-08-13"},{"lineNumber":129,"author":{"gitId":"wpinrui"},"content":"                case \"event\":","lastModifiedDate":"2021-08-13"},{"lineNumber":130,"author":{"gitId":"wpinrui"},"content":"                    task \u003d new Event(command.getDescription(), command.getTime());","lastModifiedDate":"2021-08-18"},{"lineNumber":131,"author":{"gitId":"wpinrui"},"content":"                    taskList.add(task);","lastModifiedDate":"2021-08-18"},{"lineNumber":132,"author":{"gitId":"wpinrui"},"content":"                    print(addedString(task));","lastModifiedDate":"2021-08-13"},{"lineNumber":133,"author":{"gitId":"wpinrui"},"content":"                    break;","lastModifiedDate":"2021-08-13"},{"lineNumber":134,"author":{"gitId":"wpinrui"},"content":"                case \"delete\":","lastModifiedDate":"2021-08-18"},{"lineNumber":135,"author":{"gitId":"wpinrui"},"content":"                    task \u003d taskList.get(command.getIndex() - 1);","lastModifiedDate":"2021-08-18"},{"lineNumber":136,"author":{"gitId":"wpinrui"},"content":"                    taskList.remove(command.getIndex() - 1);","lastModifiedDate":"2021-08-18"},{"lineNumber":137,"author":{"gitId":"wpinrui"},"content":"                    print(deletedString(task));","lastModifiedDate":"2021-08-18"},{"lineNumber":138,"author":{"gitId":"wpinrui"},"content":"                    break;","lastModifiedDate":"2021-08-18"},{"lineNumber":139,"author":{"gitId":"wpinrui"},"content":"            }","lastModifiedDate":"2021-08-13"},{"lineNumber":140,"author":{"gitId":"wpinrui"},"content":"        }","lastModifiedDate":"2021-08-13"},{"lineNumber":141,"author":{"gitId":"-"},"content":"    }","lastModifiedDate":"2019-07-29"},{"lineNumber":142,"author":{"gitId":"-"},"content":"}","lastModifiedDate":"2019-07-29"}],"authorContributionMap":{"wpinrui":139,"-":3}},{"path":"src/main/java/DukeException.java","fileType":"java","lines":[{"lineNumber":1,"author":{"gitId":"wpinrui"},"content":"public class DukeException extends Exception {","lastModifiedDate":"2021-08-18"},{"lineNumber":2,"author":{"gitId":"wpinrui"},"content":"    private String log;","lastModifiedDate":"2021-08-18"},{"lineNumber":3,"author":{"gitId":"wpinrui"},"content":"","lastModifiedDate":"2021-08-18"},{"lineNumber":4,"author":{"gitId":"wpinrui"},"content":"    public DukeException(String log) {","lastModifiedDate":"2021-08-18"},{"lineNumber":5,"author":{"gitId":"wpinrui"},"content":"        this.log \u003d log;","lastModifiedDate":"2021-08-18"},{"lineNumber":6,"author":{"gitId":"wpinrui"},"content":"    }","lastModifiedDate":"2021-08-18"},{"lineNumber":7,"author":{"gitId":"wpinrui"},"content":"","lastModifiedDate":"2021-08-18"},{"lineNumber":8,"author":{"gitId":"wpinrui"},"content":"    @Override","lastModifiedDate":"2021-08-18"},{"lineNumber":9,"author":{"gitId":"wpinrui"},"content":"    public String toString() {","lastModifiedDate":"2021-08-18"},{"lineNumber":10,"author":{"gitId":"wpinrui"},"content":"        return this.log;","lastModifiedDate":"2021-08-18"},{"lineNumber":11,"author":{"gitId":"wpinrui"},"content":"    }","lastModifiedDate":"2021-08-18"},{"lineNumber":12,"author":{"gitId":"wpinrui"},"content":"}","lastModifiedDate":"2021-08-18"}],"authorContributionMap":{"wpinrui":12}},{"path":"src/main/java/Event.java","fileType":"java","lines":[{"lineNumber":1,"author":{"gitId":"wpinrui"},"content":"public class Event extends Task {","lastModifiedDate":"2021-08-13"},{"lineNumber":2,"author":{"gitId":"wpinrui"},"content":"    protected String at;","lastModifiedDate":"2021-08-13"},{"lineNumber":3,"author":{"gitId":"wpinrui"},"content":"","lastModifiedDate":"2021-08-13"},{"lineNumber":4,"author":{"gitId":"wpinrui"},"content":"    public Event(String description, String at) {","lastModifiedDate":"2021-08-13"},{"lineNumber":5,"author":{"gitId":"wpinrui"},"content":"        super(description);","lastModifiedDate":"2021-08-13"},{"lineNumber":6,"author":{"gitId":"wpinrui"},"content":"        this.at \u003d at;","lastModifiedDate":"2021-08-13"},{"lineNumber":7,"author":{"gitId":"wpinrui"},"content":"    }","lastModifiedDate":"2021-08-13"},{"lineNumber":8,"author":{"gitId":"wpinrui"},"content":"","lastModifiedDate":"2021-08-13"},{"lineNumber":9,"author":{"gitId":"wpinrui"},"content":"    @Override","lastModifiedDate":"2021-08-13"},{"lineNumber":10,"author":{"gitId":"wpinrui"},"content":"    public String toString() {","lastModifiedDate":"2021-08-13"},{"lineNumber":11,"author":{"gitId":"wpinrui"},"content":"        return \"[E]\" + super.toString() + \" (at: \" + at + \")\";","lastModifiedDate":"2021-08-13"},{"lineNumber":12,"author":{"gitId":"wpinrui"},"content":"    }","lastModifiedDate":"2021-08-13"},{"lineNumber":13,"author":{"gitId":"wpinrui"},"content":"}","lastModifiedDate":"2021-08-13"}],"authorContributionMap":{"wpinrui":13}},{"path":"src/main/java/Task.java","fileType":"java","lines":[{"lineNumber":1,"author":{"gitId":"wpinrui"},"content":"public class Task {","lastModifiedDate":"2021-08-13"},{"lineNumber":2,"author":{"gitId":"wpinrui"},"content":"    protected String description;","lastModifiedDate":"2021-08-13"},{"lineNumber":3,"author":{"gitId":"wpinrui"},"content":"    protected boolean isDone;","lastModifiedDate":"2021-08-13"},{"lineNumber":4,"author":{"gitId":"wpinrui"},"content":"","lastModifiedDate":"2021-08-13"},{"lineNumber":5,"author":{"gitId":"wpinrui"},"content":"    public Task(String description) {","lastModifiedDate":"2021-08-13"},{"lineNumber":6,"author":{"gitId":"wpinrui"},"content":"        this.description \u003d description;","lastModifiedDate":"2021-08-13"},{"lineNumber":7,"author":{"gitId":"wpinrui"},"content":"        this.isDone \u003d false;","lastModifiedDate":"2021-08-13"},{"lineNumber":8,"author":{"gitId":"wpinrui"},"content":"    }","lastModifiedDate":"2021-08-13"},{"lineNumber":9,"author":{"gitId":"wpinrui"},"content":"","lastModifiedDate":"2021-08-13"},{"lineNumber":10,"author":{"gitId":"wpinrui"},"content":"    public String getStatusIcon() {","lastModifiedDate":"2021-08-13"},{"lineNumber":11,"author":{"gitId":"wpinrui"},"content":"        return (isDone ? \"X\" : \" \"); // mark done task with X","lastModifiedDate":"2021-08-13"},{"lineNumber":12,"author":{"gitId":"wpinrui"},"content":"    }","lastModifiedDate":"2021-08-13"},{"lineNumber":13,"author":{"gitId":"wpinrui"},"content":"","lastModifiedDate":"2021-08-13"},{"lineNumber":14,"author":{"gitId":"wpinrui"},"content":"    public void setDone(boolean bool) {","lastModifiedDate":"2021-08-13"},{"lineNumber":15,"author":{"gitId":"wpinrui"},"content":"        this.isDone \u003d bool;","lastModifiedDate":"2021-08-13"},{"lineNumber":16,"author":{"gitId":"wpinrui"},"content":"    }","lastModifiedDate":"2021-08-13"},{"lineNumber":17,"author":{"gitId":"wpinrui"},"content":"","lastModifiedDate":"2021-08-13"},{"lineNumber":18,"author":{"gitId":"wpinrui"},"content":"    @Override","lastModifiedDate":"2021-08-13"},{"lineNumber":19,"author":{"gitId":"wpinrui"},"content":"    public String toString() {","lastModifiedDate":"2021-08-13"},{"lineNumber":20,"author":{"gitId":"wpinrui"},"content":"        return String.format(\"[%s] %s\", this.getStatusIcon(), this.description);","lastModifiedDate":"2021-08-13"},{"lineNumber":21,"author":{"gitId":"wpinrui"},"content":"    }","lastModifiedDate":"2021-08-13"},{"lineNumber":22,"author":{"gitId":"wpinrui"},"content":"}","lastModifiedDate":"2021-08-13"}],"authorContributionMap":{"wpinrui":22}},{"path":"src/main/java/ToDo.java","fileType":"java","lines":[{"lineNumber":1,"author":{"gitId":"wpinrui"},"content":"public class ToDo extends Task {","lastModifiedDate":"2021-08-13"},{"lineNumber":2,"author":{"gitId":"wpinrui"},"content":"    public ToDo(String description) {","lastModifiedDate":"2021-08-13"},{"lineNumber":3,"author":{"gitId":"wpinrui"},"content":"        super(description);","lastModifiedDate":"2021-08-13"},{"lineNumber":4,"author":{"gitId":"wpinrui"},"content":"    }","lastModifiedDate":"2021-08-13"},{"lineNumber":5,"author":{"gitId":"wpinrui"},"content":"    @Override","lastModifiedDate":"2021-08-13"},{"lineNumber":6,"author":{"gitId":"wpinrui"},"content":"    public String toString() {","lastModifiedDate":"2021-08-13"},{"lineNumber":7,"author":{"gitId":"wpinrui"},"content":"        return \"[T]\" + super.toString();","lastModifiedDate":"2021-08-13"},{"lineNumber":8,"author":{"gitId":"wpinrui"},"content":"    }","lastModifiedDate":"2021-08-13"},{"lineNumber":9,"author":{"gitId":"wpinrui"},"content":"}","lastModifiedDate":"2021-08-13"}],"authorContributionMap":{"wpinrui":9}},{"path":"text-ui-test/input.txt","fileType":"txt","lines":[{"lineNumber":1,"author":{"gitId":"wpinrui"},"content":"todo read book","lastModifiedDate":"2021-08-13"},{"lineNumber":2,"author":{"gitId":"wpinrui"},"content":"deadline return book /by June 6th","lastModifiedDate":"2021-08-13"},{"lineNumber":3,"author":{"gitId":"wpinrui"},"content":"event project meeting /at Aug 6th 2-4pm","lastModifiedDate":"2021-08-13"},{"lineNumber":4,"author":{"gitId":"wpinrui"},"content":"todo join sports club","lastModifiedDate":"2021-08-13"},{"lineNumber":5,"author":{"gitId":"wpinrui"},"content":"todo borrow book","lastModifiedDate":"2021-08-13"},{"lineNumber":6,"author":{"gitId":"wpinrui"},"content":"deadline return book /by Sunday","lastModifiedDate":"2021-08-13"},{"lineNumber":7,"author":{"gitId":"wpinrui"},"content":"event project meeting /at Mon 2-4pm","lastModifiedDate":"2021-08-13"},{"lineNumber":8,"author":{"gitId":"wpinrui"},"content":"done 1","lastModifiedDate":"2021-08-13"},{"lineNumber":9,"author":{"gitId":"wpinrui"},"content":"done 4","lastModifiedDate":"2021-08-13"},{"lineNumber":10,"author":{"gitId":"wpinrui"},"content":"list","lastModifiedDate":"2021-08-13"},{"lineNumber":11,"author":{"gitId":"wpinrui"},"content":"delete 2","lastModifiedDate":"2021-08-18"},{"lineNumber":12,"author":{"gitId":"wpinrui"},"content":"list","lastModifiedDate":"2021-08-18"},{"lineNumber":13,"author":{"gitId":"wpinrui"},"content":"delete","lastModifiedDate":"2021-08-18"},{"lineNumber":14,"author":{"gitId":"wpinrui"},"content":"todo","lastModifiedDate":"2021-08-18"},{"lineNumber":15,"author":{"gitId":"wpinrui"},"content":"blah","lastModifiedDate":"2021-08-18"},{"lineNumber":16,"author":{"gitId":"wpinrui"},"content":"bye","lastModifiedDate":"2021-08-13"}],"authorContributionMap":{"wpinrui":16}}]
