{"authorDailyContributionsMap":{"wpinrui":[{"date":"2021-08-13","commitResults":[{"hash":"f8ac26f7bc5f100cf830c36d19366f15b934ef4e","messageTitle":"Implement skeletal version of Good Duke","messageBody":"","tags":["Level-1"],"fileTypesAndContributionMap":{"java":{"insertions":15,"deletions":6}}},{"hash":"c01b8a05963f464e48b601ceca03291a6f789acf","messageTitle":"Add ability to store text and list it","messageBody":"","tags":["Level-2"],"fileTypesAndContributionMap":{"java":{"insertions":26,"deletions":8}}},{"hash":"319ec1bc1302fcc29117fcfbdbc82d334bc82a2e","messageTitle":"Add Task class","messageBody":"","fileTypesAndContributionMap":{"java":{"insertions":17,"deletions":0}}},{"hash":"1e8545573a42cd21eeeeaa7e353469c7c09dce16","messageTitle":"Task: Add toString method","messageBody":"","fileTypesAndContributionMap":{"java":{"insertions":5,"deletions":0}}},{"hash":"33ff6e5e06b7b6ef7c646918cd42f0796e38de80","messageTitle":"Add Mark as Done","messageBody":"","tags":["Level-3"],"fileTypesAndContributionMap":{"java":{"insertions":23,"deletions":11}}},{"hash":"6ac700004af4d8a3513ba6b0992502616c230e5e","messageTitle":"Add classes for Deadline, Event, ToDos","messageBody":"","fileTypesAndContributionMap":{"java":{"insertions":35,"deletions":0}}},{"hash":"29d4cb806dd8220427b1c38dc711b401bf438f43","messageTitle":"Add support for ToDos, Events, Deadlines","messageBody":"","tags":["Level-4"],"fileTypesAndContributionMap":{"java":{"insertions":55,"deletions":19}}},{"hash":"405e310fa1084aa2636b6e93c9ec9601baacf775","messageTitle":"Add testcase for todo, deadline, event, list, done, bye","messageBody":"","fileTypesAndContributionMap":{"txt":{"insertions":11,"deletions":0}}}]},{"date":"2021-08-18","commitResults":[{"hash":"f55f988ce79111c392e78a8d3040d4fef71df56f","messageTitle":"Add Command class to handle user input","messageBody":"","fileTypesAndContributionMap":{"java":{"insertions":44,"deletions":0}}},{"hash":"8a066c8a70bff34995b4f98e6c70e5d3b83f85da","messageTitle":"Add exception handling for user input via DukeException","messageBody":"","tags":["Level-5"],"fileTypesAndContributionMap":{"java":{"insertions":70,"deletions":17}}},{"hash":"c73771201da759593c7c99450323b61727191f1f","messageTitle":"Replace Task[] tasklist with ArrayList\u003cTask\u003e tasklist","messageBody":"","fileTypesAndContributionMap":{"txt":{"insertions":2,"deletions":0},"java":{"insertions":9,"deletions":12}}},{"hash":"ce55a6002f4f55e0faa662c3b9d0bf0107d1b97f","messageTitle":"Add ability to delete tasks","messageBody":"","tags":["Level-6"],"fileTypesAndContributionMap":{"txt":{"insertions":4,"deletions":1},"java":{"insertions":19,"deletions":0}}}]},{"date":"2021-08-19","commitResults":[{"hash":"610f872917559294bd78c7a514a846d4c6fa4c1f","messageTitle":"Reindent switch case to follow style guide","messageBody":"","fileTypesAndContributionMap":{"java":{"insertions":79,"deletions":79}}}]},{"date":"2021-08-24","commitResults":[{"hash":"66cd90bb10d918746fad03d4ac9e7ff9a4d0d4c9","messageTitle":"Add save and load save","messageBody":"","fileTypesAndContributionMap":{"java":{"insertions":40,"deletions":2}}},{"hash":"c8f15cfcc2e382637b806597d13654c66514a946","messageTitle":"Import LocalDate","messageBody":"","fileTypesAndContributionMap":{"java":{"insertions":1,"deletions":0}}}]},{"date":"2021-08-25","commitResults":[{"hash":"02cf73e215e4e517531927957e1461805bc4d416","messageTitle":"Add support for date entry for event / deadline","messageBody":"","fileTypesAndContributionMap":{"java":{"insertions":41,"deletions":4}}},{"hash":"9f8a147d972244e26a2de84088b845ac1cfb6c47","messageTitle":"Added Ui class and made static fields non-static","messageBody":"","fileTypesAndContributionMap":{"java":{"insertions":104,"deletions":57}}},{"hash":"cf465c384685afaf4a04f7c0484674e33eeeef05","messageTitle":"Add storage class","messageBody":"","fileTypesAndContributionMap":{"java":{"insertions":59,"deletions":40}}},{"hash":"3708884720343b5ab460397bbc88a12df11dac5c","messageTitle":"Add Parser class to interpret user input","messageBody":"","fileTypesAndContributionMap":{"java":{"insertions":57,"deletions":57}}},{"hash":"d21aeec0f7553277793e1e6d224a9e679f11f8b5","messageTitle":"Add TaskList class","messageBody":"","tags":["A-MoreOOP"],"fileTypesAndContributionMap":{"java":{"insertions":39,"deletions":20}}},{"hash":"d271670451bcb0f76104355c19a069922cde3081","messageTitle":"Package Java files into duke","messageBody":"","tags":["A-Packages"],"fileTypesAndContributionMap":{"java":{"insertions":23,"deletions":1},"bat":{"insertions":1,"deletions":1},"md":{"insertions":2,"deletions":2}}}]},{"date":"2021-08-26","commitResults":[{"hash":"fd54e7c61b1f406c72c48eae0234137ea6d3e8bc","messageTitle":"Add tests for Deadline and TaskList classes","messageBody":"","tags":["v0.1","A-JUnit"],"fileTypesAndContributionMap":{"java":{"insertions":57,"deletions":0}}},{"hash":"1c95837155572997ab58982a2fe5d03a2492e200","messageTitle":"Move JUnit tests to package dukeTest","messageBody":"","fileTypesAndContributionMap":{"java":{"insertions":4,"deletions":0}}},{"hash":"a492598c4422260a7eda292afd54ba1f618f64e4","messageTitle":"Add JavaDoc to public methods and classes","messageBody":"","fileTypesAndContributionMap":{"java":{"insertions":304,"deletions":2}}},{"hash":"567eaefd0bec57883ff0f8029b024580bcbbf64f","messageTitle":"Edit style to comply with coding standard","messageBody":"","fileTypesAndContributionMap":{"java":{"insertions":109,"deletions":79}}},{"hash":"d6de5d294c4c406afc566a2d507c10ba7bdd38d9","messageTitle":"Add find operation to filter tasks by query","messageBody":"","fileTypesAndContributionMap":{"java":{"insertions":31,"deletions":5}}},{"hash":"3cd9a231765e328360c1a5a583d37684e88dc799","messageTitle":"Edit style according to Java conventions","messageBody":"","fileTypesAndContributionMap":{"java":{"insertions":108,"deletions":81}}},{"hash":"bef4421ae4dce43ec220342da7ec39525636e930","messageTitle":"Add find operation","messageBody":"","fileTypesAndContributionMap":{"java":{"insertions":30,"deletions":5}}}]},{"date":"2021-08-31","commitResults":[{"hash":"892b767406aeb534e84ce2787157133d09211f5a","messageTitle":"Fix style issues from running style checks","messageBody":"","fileTypesAndContributionMap":{"java":{"insertions":27,"deletions":15}}},{"hash":"80b0a191c8015120cba9a9f97f47313eb4cbd047","messageTitle":"Add placeholder GUI","messageBody":"","fileTypesAndContributionMap":{"java":{"insertions":4,"deletions":0}}},{"hash":"73144828eef454c1b20f2b668dfdacee3c4d00cd","messageTitle":"Add user input response to GUI","messageBody":"","fileTypesAndContributionMap":{"gradle":{"insertions":15,"deletions":1},"java":{"insertions":176,"deletions":12}}},{"hash":"c280ea159e925afb0758044239bf2b2b1ee285f8","messageTitle":"Restore CLI functionality to GUI","messageBody":"","fileTypesAndContributionMap":{"java":{"insertions":142,"deletions":204}}},{"hash":"bf3434af1d987c288445f7a7ebbfe5b9908064b6","messageTitle":"Add FXML files for GUI","messageBody":"","fileTypesAndContributionMap":{"fxml":{"insertions":35,"deletions":0},"java":{"insertions":161,"deletions":162}}},{"hash":"3165c53efed755bea20df2976981cd25d4716ffd","messageTitle":"Improve GUI styling with colour and padding","messageBody":"","fileTypesAndContributionMap":{"fxml":{"insertions":39,"deletions":11},"java":{"insertions":2,"deletions":1}}},{"hash":"205b892a31db01129d2bd620c3a3ea0146c31eaa","messageTitle":"Fix bug where catch block was causing exception to be thrown","messageBody":"","fileTypesAndContributionMap":{"java":{"insertions":1,"deletions":3}}},{"hash":"4eb6c8ab847791282dab486be29156c9280fe8ac","messageTitle":"Fix issue where message was cut off due to height constraint","messageBody":"","tags":["Level-10"],"fileTypesAndContributionMap":{"fxml":{"insertions":1,"deletions":1}}},{"hash":"712226779142b589dd1c6cbee89b0c6413d21e0b","messageTitle":"Fix duplicated text display during find command","messageBody":"","fileTypesAndContributionMap":{"java":{"insertions":2,"deletions":12}}},{"hash":"033b1ca29408dda8aba12b0d9ba9410fa3ebcd55","messageTitle":"Change bot\u0027s name to Janet","messageBody":"","fileTypesAndContributionMap":{"fxml":{"insertions":1,"deletions":1},"java":{"insertions":79,"deletions":80},"bat":{"insertions":1,"deletions":1},"md":{"insertions":2,"deletions":23}}}]},{"date":"2021-09-01","commitResults":[{"hash":"72b70e20c3656c03e1aeb2cdad6b58c5f48fcb7c","messageTitle":"Parser: change strings to a more intuitive name","messageBody":"","tags":["v0.2"],"fileTypesAndContributionMap":{"java":{"insertions":16,"deletions":16}}}]},{"date":"2021-09-05","commitResults":[{"hash":"2852473159d7627d5ecab177cf6e8ea7a27200e3","messageTitle":"Update build.gradle to reflect project structure","messageBody":"","fileTypesAndContributionMap":{"gradle":{"insertions":2,"deletions":2}}},{"hash":"eae3a7650f0cd772a2a4994b3cb11edfcf0db3c4","messageTitle":"Add assertions","messageBody":"","fileTypesAndContributionMap":{"java":{"insertions":22,"deletions":0}}},{"hash":"ce898a49233484af0881d239405b3dc171dc368a","messageTitle":"Improve code quality through refactoring","messageBody":"The code base has issues like long methods, excessive nesting\nand long switch cases.\n\nA refactored codebase will be better for expandability and bug\ntesting because it is more readable and it is easy to find out\nwhere the problematic code lies.\n\nLet\u0027s,\n* extract the bodies of switch cases into their own private methods\nso that each case can be one or two lines long\n* make use of guard clauses to make the main path more prominent\n* practise using single level of abstraction\n* use named constants to eliminate magic numbers\n* use logical names to communicate ideas better\n\nWe follow the guidelines listed here to improve readability:\nhttps://nus-cs2103-ay2122s1.github.io/website/se-book-adapted/chapters/codeQuality.html\n","tags":["A-FullCommitMessage","A-CodeQuality"],"fileTypesAndContributionMap":{"java":{"insertions":197,"deletions":122}}},{"hash":"458f9ec5986fe1d7e3fbcc13db9934d015c7fa59","messageTitle":"Add schedule command to view tasks for a certain date","messageBody":"","tags":["BCD-Extension"],"fileTypesAndContributionMap":{"java":{"insertions":51,"deletions":1}}},{"hash":"7c67ee12b99207cca3566105a05e9d6b108ff0c2","messageTitle":"TaskList: resolve style issues","messageBody":"","fileTypesAndContributionMap":{"java":{"insertions":7,"deletions":2}}},{"hash":"9a90a527c133e2558684b9a86a805b197a0650b0","messageTitle":"Replace Janet and Eleanor profile images with PNGs","messageBody":"The JPG versions of Janet and Eleanor do not have transparent\nbackgrounds.\n\nThis means that the chat messages displayed are less visually\nappealing.\n\nLet\u0027s replace them with PNGs in which their faces are cropped in\na circle and the rest of the image is transparent.\n\nUsing circular images is associated with chat boxes and lets the\nuser feel like they are really chatting with a real person.\n","fileTypesAndContributionMap":{"java":{"insertions":2,"deletions":2}}}]},{"date":"2021-09-12","commitResults":[{"hash":"e07f60cd4e13cabd63745ab47d670f2e03eaaca0","messageTitle":"Add acknowledgements for reused code","messageBody":"","fileTypesAndContributionMap":{"java":{"insertions":11,"deletions":1},"md":{"insertions":15,"deletions":1}}},{"hash":"04be39518b39a09bef9f50925be4c8828a5c75a6","messageTitle":"Ui: change names to sound like actions","messageBody":"","fileTypesAndContributionMap":{"java":{"insertions":25,"deletions":31}}},{"hash":"e3967b171ba1b3a8d02c29ab2969d9ee2451a2b3","messageTitle":"Create User Guide","messageBody":"","tags":["A-UserGuide"],"fileTypesAndContributionMap":{"md":{"insertions":117,"deletions":16}}},{"hash":"58da7a62a114ee10cb8ed904d820e2d5d66c22b4","messageTitle":"Remove unsupported emoji from user guide","messageBody":"","fileTypesAndContributionMap":{"md":{"insertions":1,"deletions":1}}},{"hash":"e3c95ff645865415b64e3bec08d3c1c1e809b0c2","messageTitle":"Update README.md","messageBody":"","fileTypesAndContributionMap":{"md":{"insertions":117,"deletions":4}}}]}]},"authorFileTypeContributionMap":{"wpinrui":{"java":1113,"md":234,"fxml":63,"sh":0,"bat":1,"gradle":16,"txt":16}},"authorContributionVariance":{"wpinrui":67251.78},"authorDisplayNameMap":{"wpinrui":"CS2103T-W16-3 WONG..IVAN"}}
