[{"path":"src/main/java/Deadline.java","fileType":"java","lines":[{"lineNumber":1,"author":{"gitId":"YoYoCiti"},"content":"public class Deadline extends Task {","lastModifiedDate":"2021-08-17"},{"lineNumber":2,"author":{"gitId":"YoYoCiti"},"content":"    protected String by;","lastModifiedDate":"2021-08-17"},{"lineNumber":3,"author":{"gitId":"YoYoCiti"},"content":"","lastModifiedDate":"2021-08-17"},{"lineNumber":4,"author":{"gitId":"YoYoCiti"},"content":"    /**","lastModifiedDate":"2021-08-17"},{"lineNumber":5,"author":{"gitId":"YoYoCiti"},"content":"     * Constructor for Deadline","lastModifiedDate":"2021-08-17"},{"lineNumber":6,"author":{"gitId":"YoYoCiti"},"content":"     * @param description the task description","lastModifiedDate":"2021-08-17"},{"lineNumber":7,"author":{"gitId":"YoYoCiti"},"content":"     * @param by the date or time task needs to be done by","lastModifiedDate":"2021-08-17"},{"lineNumber":8,"author":{"gitId":"YoYoCiti"},"content":"     */","lastModifiedDate":"2021-08-17"},{"lineNumber":9,"author":{"gitId":"YoYoCiti"},"content":"    public Deadline(String description, String by) {","lastModifiedDate":"2021-08-17"},{"lineNumber":10,"author":{"gitId":"YoYoCiti"},"content":"        super(description);","lastModifiedDate":"2021-08-17"},{"lineNumber":11,"author":{"gitId":"YoYoCiti"},"content":"        this.by \u003d by;","lastModifiedDate":"2021-08-17"},{"lineNumber":12,"author":{"gitId":"YoYoCiti"},"content":"    }","lastModifiedDate":"2021-08-17"},{"lineNumber":13,"author":{"gitId":"YoYoCiti"},"content":"","lastModifiedDate":"2021-08-17"},{"lineNumber":14,"author":{"gitId":"YoYoCiti"},"content":"    /**","lastModifiedDate":"2021-08-17"},{"lineNumber":15,"author":{"gitId":"YoYoCiti"},"content":"     * Returns string representation of this deadline","lastModifiedDate":"2021-08-17"},{"lineNumber":16,"author":{"gitId":"YoYoCiti"},"content":"     * @return string representation of this deadline","lastModifiedDate":"2021-08-17"},{"lineNumber":17,"author":{"gitId":"YoYoCiti"},"content":"     */","lastModifiedDate":"2021-08-17"},{"lineNumber":18,"author":{"gitId":"YoYoCiti"},"content":"    @Override","lastModifiedDate":"2021-08-17"},{"lineNumber":19,"author":{"gitId":"YoYoCiti"},"content":"    public String toString() {","lastModifiedDate":"2021-08-17"},{"lineNumber":20,"author":{"gitId":"YoYoCiti"},"content":"        return \"[D]\" + super.toString() + \" (by: \" + this.by + \")\";","lastModifiedDate":"2021-08-17"},{"lineNumber":21,"author":{"gitId":"YoYoCiti"},"content":"    }","lastModifiedDate":"2021-08-17"},{"lineNumber":22,"author":{"gitId":"YoYoCiti"},"content":"}","lastModifiedDate":"2021-08-17"}],"authorContributionMap":{"YoYoCiti":22}},{"path":"src/main/java/Duke.java","fileType":"java","lines":[{"lineNumber":1,"author":{"gitId":"YoYoCiti"},"content":"import java.util.ArrayList;","lastModifiedDate":"2021-08-17"},{"lineNumber":2,"author":{"gitId":"YoYoCiti"},"content":"import java.util.Scanner;","lastModifiedDate":"2021-08-17"},{"lineNumber":3,"author":{"gitId":"YoYoCiti"},"content":"","lastModifiedDate":"2021-08-17"},{"lineNumber":4,"author":{"gitId":"-"},"content":"public class Duke {","lastModifiedDate":"2019-07-29"},{"lineNumber":5,"author":{"gitId":"YoYoCiti"},"content":"    private final String logo \u003d \" ____        _        \\n\"","lastModifiedDate":"2021-08-17"},{"lineNumber":6,"author":{"gitId":"-"},"content":"            + \"|  _ \\\\ _   _| | _____ \\n\"","lastModifiedDate":"2019-07-29"},{"lineNumber":7,"author":{"gitId":"-"},"content":"            + \"| | | | | | | |/ / _ \\\\\\n\"","lastModifiedDate":"2019-07-29"},{"lineNumber":8,"author":{"gitId":"-"},"content":"            + \"| |_| | |_| |   \u003c  __/\\n\"","lastModifiedDate":"2019-07-29"},{"lineNumber":9,"author":{"gitId":"-"},"content":"            + \"|____/ \\\\__,_|_|\\\\_\\\\___|\\n\";","lastModifiedDate":"2019-07-29"},{"lineNumber":10,"author":{"gitId":"YoYoCiti"},"content":"    private final ArrayList\u003cTask\u003e list \u003d new ArrayList\u003c\u003e();","lastModifiedDate":"2021-08-17"},{"lineNumber":11,"author":{"gitId":"YoYoCiti"},"content":"","lastModifiedDate":"2021-08-17"},{"lineNumber":12,"author":{"gitId":"YoYoCiti"},"content":"    public Duke() {}","lastModifiedDate":"2021-08-17"},{"lineNumber":13,"author":{"gitId":"YoYoCiti"},"content":"","lastModifiedDate":"2021-08-17"},{"lineNumber":14,"author":{"gitId":"YoYoCiti"},"content":"    /**","lastModifiedDate":"2021-08-17"},{"lineNumber":15,"author":{"gitId":"YoYoCiti"},"content":"     * Returns a greeting message","lastModifiedDate":"2021-08-17"},{"lineNumber":16,"author":{"gitId":"YoYoCiti"},"content":"     * @return greeting message","lastModifiedDate":"2021-08-17"},{"lineNumber":17,"author":{"gitId":"YoYoCiti"},"content":"     */","lastModifiedDate":"2021-08-17"},{"lineNumber":18,"author":{"gitId":"YoYoCiti"},"content":"    public String greet() {","lastModifiedDate":"2021-08-17"},{"lineNumber":19,"author":{"gitId":"YoYoCiti"},"content":"        return wrapText(\"Hello from\\n\" + logo + \"\\nWhat can I do for you?\");","lastModifiedDate":"2021-08-17"},{"lineNumber":20,"author":{"gitId":"YoYoCiti"},"content":"    }","lastModifiedDate":"2021-08-17"},{"lineNumber":21,"author":{"gitId":"YoYoCiti"},"content":"","lastModifiedDate":"2021-08-17"},{"lineNumber":22,"author":{"gitId":"YoYoCiti"},"content":"    /**","lastModifiedDate":"2021-08-17"},{"lineNumber":23,"author":{"gitId":"YoYoCiti"},"content":"     * Returns a goodbye message","lastModifiedDate":"2021-08-17"},{"lineNumber":24,"author":{"gitId":"YoYoCiti"},"content":"     * @return goodbye message","lastModifiedDate":"2021-08-17"},{"lineNumber":25,"author":{"gitId":"YoYoCiti"},"content":"     */","lastModifiedDate":"2021-08-17"},{"lineNumber":26,"author":{"gitId":"YoYoCiti"},"content":"    public String goodbye() {","lastModifiedDate":"2021-08-17"},{"lineNumber":27,"author":{"gitId":"YoYoCiti"},"content":"        return wrapText(\"Bye. Hope to see you again soon!\");","lastModifiedDate":"2021-08-17"},{"lineNumber":28,"author":{"gitId":"YoYoCiti"},"content":"    }","lastModifiedDate":"2021-08-17"},{"lineNumber":29,"author":{"gitId":"YoYoCiti"},"content":"","lastModifiedDate":"2021-08-17"},{"lineNumber":30,"author":{"gitId":"YoYoCiti"},"content":"    /**","lastModifiedDate":"2021-08-17"},{"lineNumber":31,"author":{"gitId":"YoYoCiti"},"content":"     * Echos the given input","lastModifiedDate":"2021-08-17"},{"lineNumber":32,"author":{"gitId":"YoYoCiti"},"content":"     * @param input the given text","lastModifiedDate":"2021-08-17"},{"lineNumber":33,"author":{"gitId":"YoYoCiti"},"content":"     * @return same input","lastModifiedDate":"2021-08-17"},{"lineNumber":34,"author":{"gitId":"YoYoCiti"},"content":"     */","lastModifiedDate":"2021-08-17"},{"lineNumber":35,"author":{"gitId":"YoYoCiti"},"content":"    public String echo(String input) {","lastModifiedDate":"2021-08-17"},{"lineNumber":36,"author":{"gitId":"YoYoCiti"},"content":"        return wrapText(input);","lastModifiedDate":"2021-08-17"},{"lineNumber":37,"author":{"gitId":"YoYoCiti"},"content":"    }","lastModifiedDate":"2021-08-17"},{"lineNumber":38,"author":{"gitId":"YoYoCiti"},"content":"","lastModifiedDate":"2021-08-17"},{"lineNumber":39,"author":{"gitId":"YoYoCiti"},"content":"    /**","lastModifiedDate":"2021-08-17"},{"lineNumber":40,"author":{"gitId":"YoYoCiti"},"content":"     * Adds the given task into list","lastModifiedDate":"2021-08-17"},{"lineNumber":41,"author":{"gitId":"YoYoCiti"},"content":"     * @param t the task to add","lastModifiedDate":"2021-08-17"},{"lineNumber":42,"author":{"gitId":"YoYoCiti"},"content":"     * @return message indicating successful addition to list","lastModifiedDate":"2021-08-17"},{"lineNumber":43,"author":{"gitId":"YoYoCiti"},"content":"     */","lastModifiedDate":"2021-08-17"},{"lineNumber":44,"author":{"gitId":"YoYoCiti"},"content":"    public String add(Task t) {","lastModifiedDate":"2021-08-17"},{"lineNumber":45,"author":{"gitId":"YoYoCiti"},"content":"        this.list.add(t);","lastModifiedDate":"2021-08-17"},{"lineNumber":46,"author":{"gitId":"YoYoCiti"},"content":"        return wrapText(","lastModifiedDate":"2021-08-17"},{"lineNumber":47,"author":{"gitId":"YoYoCiti"},"content":"                String.format(","lastModifiedDate":"2021-08-17"},{"lineNumber":48,"author":{"gitId":"YoYoCiti"},"content":"                        \"Got it. I\u0027ve added this task:\\n %s\\nNow you have %d task(s) in the list\",","lastModifiedDate":"2021-08-17"},{"lineNumber":49,"author":{"gitId":"YoYoCiti"},"content":"                        t.toString(),","lastModifiedDate":"2021-08-17"},{"lineNumber":50,"author":{"gitId":"YoYoCiti"},"content":"                        Task.count));","lastModifiedDate":"2021-08-17"},{"lineNumber":51,"author":{"gitId":"YoYoCiti"},"content":"    }","lastModifiedDate":"2021-08-17"},{"lineNumber":52,"author":{"gitId":"YoYoCiti"},"content":"","lastModifiedDate":"2021-08-17"},{"lineNumber":53,"author":{"gitId":"YoYoCiti"},"content":"    /**","lastModifiedDate":"2021-08-17"},{"lineNumber":54,"author":{"gitId":"YoYoCiti"},"content":"     * Outputs the list of items in numbered format","lastModifiedDate":"2021-08-17"},{"lineNumber":55,"author":{"gitId":"YoYoCiti"},"content":"     * @return list of items","lastModifiedDate":"2021-08-17"},{"lineNumber":56,"author":{"gitId":"YoYoCiti"},"content":"     */","lastModifiedDate":"2021-08-17"},{"lineNumber":57,"author":{"gitId":"YoYoCiti"},"content":"    public String showList () {","lastModifiedDate":"2021-08-17"},{"lineNumber":58,"author":{"gitId":"YoYoCiti"},"content":"        Task[] lst \u003d list.toArray(new Task[0]);","lastModifiedDate":"2021-08-17"},{"lineNumber":59,"author":{"gitId":"YoYoCiti"},"content":"        StringBuilder output \u003d new StringBuilder(\"Here are the tasks in your list:\");","lastModifiedDate":"2021-08-17"},{"lineNumber":60,"author":{"gitId":"YoYoCiti"},"content":"        int index \u003d 1;","lastModifiedDate":"2021-08-17"},{"lineNumber":61,"author":{"gitId":"YoYoCiti"},"content":"        for (Task t : lst) {","lastModifiedDate":"2021-08-17"},{"lineNumber":62,"author":{"gitId":"YoYoCiti"},"content":"            output.append(String.format(\"\\n%d.%s\", index++, t.toString()));","lastModifiedDate":"2021-08-17"},{"lineNumber":63,"author":{"gitId":"YoYoCiti"},"content":"        }","lastModifiedDate":"2021-08-17"},{"lineNumber":64,"author":{"gitId":"YoYoCiti"},"content":"        return wrapText(output.toString());","lastModifiedDate":"2021-08-17"},{"lineNumber":65,"author":{"gitId":"YoYoCiti"},"content":"    }","lastModifiedDate":"2021-08-17"},{"lineNumber":66,"author":{"gitId":"YoYoCiti"},"content":"","lastModifiedDate":"2021-08-17"},{"lineNumber":67,"author":{"gitId":"YoYoCiti"},"content":"    /**","lastModifiedDate":"2021-08-17"},{"lineNumber":68,"author":{"gitId":"YoYoCiti"},"content":"     * Marks task at given index as done","lastModifiedDate":"2021-08-17"},{"lineNumber":69,"author":{"gitId":"YoYoCiti"},"content":"     * @param index index of task to be marked done","lastModifiedDate":"2021-08-17"},{"lineNumber":70,"author":{"gitId":"YoYoCiti"},"content":"     * @return message indicating success","lastModifiedDate":"2021-08-17"},{"lineNumber":71,"author":{"gitId":"YoYoCiti"},"content":"     */","lastModifiedDate":"2021-08-17"},{"lineNumber":72,"author":{"gitId":"YoYoCiti"},"content":"    public String markDone(int index) {","lastModifiedDate":"2021-08-17"},{"lineNumber":73,"author":{"gitId":"YoYoCiti"},"content":"        Task t \u003d this.list.get(index - 1);","lastModifiedDate":"2021-08-17"},{"lineNumber":74,"author":{"gitId":"YoYoCiti"},"content":"        t.setDone();","lastModifiedDate":"2021-08-17"},{"lineNumber":75,"author":{"gitId":"YoYoCiti"},"content":"        return wrapText(String.format(\"Nice! I\u0027ve marked this task as done:\\n %s\", t.toString()));","lastModifiedDate":"2021-08-17"},{"lineNumber":76,"author":{"gitId":"YoYoCiti"},"content":"    }","lastModifiedDate":"2021-08-17"},{"lineNumber":77,"author":{"gitId":"YoYoCiti"},"content":"","lastModifiedDate":"2021-08-17"},{"lineNumber":78,"author":{"gitId":"YoYoCiti"},"content":"    /**","lastModifiedDate":"2021-08-17"},{"lineNumber":79,"author":{"gitId":"YoYoCiti"},"content":"     * Helper function to wrap given text with line break","lastModifiedDate":"2021-08-17"},{"lineNumber":80,"author":{"gitId":"YoYoCiti"},"content":"     * @param input the text to wrap","lastModifiedDate":"2021-08-17"},{"lineNumber":81,"author":{"gitId":"YoYoCiti"},"content":"     * @return input wrapped with line breaks","lastModifiedDate":"2021-08-17"},{"lineNumber":82,"author":{"gitId":"YoYoCiti"},"content":"     */","lastModifiedDate":"2021-08-17"},{"lineNumber":83,"author":{"gitId":"YoYoCiti"},"content":"    private String wrapText(String input) {","lastModifiedDate":"2021-08-17"},{"lineNumber":84,"author":{"gitId":"YoYoCiti"},"content":"        String lineBreak \u003d \"\\n____________________________________________________________\\n\";","lastModifiedDate":"2021-08-17"},{"lineNumber":85,"author":{"gitId":"YoYoCiti"},"content":"        return lineBreak + input + lineBreak;","lastModifiedDate":"2021-08-17"},{"lineNumber":86,"author":{"gitId":"YoYoCiti"},"content":"    }","lastModifiedDate":"2021-08-17"},{"lineNumber":87,"author":{"gitId":"YoYoCiti"},"content":"","lastModifiedDate":"2021-08-17"},{"lineNumber":88,"author":{"gitId":"-"},"content":"    public static void main(String[] args) {","lastModifiedDate":"2021-08-17"},{"lineNumber":89,"author":{"gitId":"YoYoCiti"},"content":"        Duke bot \u003d new Duke();","lastModifiedDate":"2021-08-17"},{"lineNumber":90,"author":{"gitId":"YoYoCiti"},"content":"        System.out.println(bot.greet());","lastModifiedDate":"2021-08-17"},{"lineNumber":91,"author":{"gitId":"YoYoCiti"},"content":"","lastModifiedDate":"2021-08-17"},{"lineNumber":92,"author":{"gitId":"YoYoCiti"},"content":"        Scanner sc \u003d new Scanner(System.in);","lastModifiedDate":"2021-08-17"},{"lineNumber":93,"author":{"gitId":"YoYoCiti"},"content":"","lastModifiedDate":"2021-08-17"},{"lineNumber":94,"author":{"gitId":"YoYoCiti"},"content":"        scanner: while (sc.hasNext()) {","lastModifiedDate":"2021-08-17"},{"lineNumber":95,"author":{"gitId":"YoYoCiti"},"content":"            String command \u003d sc.next();","lastModifiedDate":"2021-08-17"},{"lineNumber":96,"author":{"gitId":"YoYoCiti"},"content":"            String[] input \u003d sc.nextLine().split(\" /[a-z][a-z] \");","lastModifiedDate":"2021-08-17"},{"lineNumber":97,"author":{"gitId":"YoYoCiti"},"content":"","lastModifiedDate":"2021-08-17"},{"lineNumber":98,"author":{"gitId":"YoYoCiti"},"content":"            switch (command) {","lastModifiedDate":"2021-08-17"},{"lineNumber":99,"author":{"gitId":"YoYoCiti"},"content":"                case \"bye\":","lastModifiedDate":"2021-08-17"},{"lineNumber":100,"author":{"gitId":"YoYoCiti"},"content":"                    System.out.println(bot.goodbye());","lastModifiedDate":"2021-08-17"},{"lineNumber":101,"author":{"gitId":"YoYoCiti"},"content":"                    break scanner;","lastModifiedDate":"2021-08-17"},{"lineNumber":102,"author":{"gitId":"YoYoCiti"},"content":"                case \"list\":","lastModifiedDate":"2021-08-17"},{"lineNumber":103,"author":{"gitId":"YoYoCiti"},"content":"                    System.out.println(bot.showList());","lastModifiedDate":"2021-08-17"},{"lineNumber":104,"author":{"gitId":"YoYoCiti"},"content":"                    break;","lastModifiedDate":"2021-08-17"},{"lineNumber":105,"author":{"gitId":"YoYoCiti"},"content":"                case \"todo\":","lastModifiedDate":"2021-08-17"},{"lineNumber":106,"author":{"gitId":"YoYoCiti"},"content":"                    System.out.println(bot.add(new Todo(input[0])));","lastModifiedDate":"2021-08-17"},{"lineNumber":107,"author":{"gitId":"YoYoCiti"},"content":"                    break;","lastModifiedDate":"2021-08-17"},{"lineNumber":108,"author":{"gitId":"YoYoCiti"},"content":"                case \"deadline\":","lastModifiedDate":"2021-08-17"},{"lineNumber":109,"author":{"gitId":"YoYoCiti"},"content":"                    System.out.println(bot.add(new Deadline(input[0], input[1])));","lastModifiedDate":"2021-08-17"},{"lineNumber":110,"author":{"gitId":"YoYoCiti"},"content":"                    break;","lastModifiedDate":"2021-08-17"},{"lineNumber":111,"author":{"gitId":"YoYoCiti"},"content":"                case \"event\":","lastModifiedDate":"2021-08-17"},{"lineNumber":112,"author":{"gitId":"YoYoCiti"},"content":"                    System.out.println(bot.add(new Event(input[0], input[1])));","lastModifiedDate":"2021-08-17"},{"lineNumber":113,"author":{"gitId":"YoYoCiti"},"content":"                    break;","lastModifiedDate":"2021-08-17"},{"lineNumber":114,"author":{"gitId":"YoYoCiti"},"content":"                case \"done\":","lastModifiedDate":"2021-08-17"},{"lineNumber":115,"author":{"gitId":"YoYoCiti"},"content":"                    System.out.println(bot.markDone(Integer.parseInt(input[0].strip())));","lastModifiedDate":"2021-08-17"},{"lineNumber":116,"author":{"gitId":"YoYoCiti"},"content":"                    break;","lastModifiedDate":"2021-08-17"},{"lineNumber":117,"author":{"gitId":"YoYoCiti"},"content":"            }","lastModifiedDate":"2021-08-17"},{"lineNumber":118,"author":{"gitId":"YoYoCiti"},"content":"        }","lastModifiedDate":"2021-08-17"},{"lineNumber":119,"author":{"gitId":"YoYoCiti"},"content":"        sc.close();","lastModifiedDate":"2021-08-17"},{"lineNumber":120,"author":{"gitId":"-"},"content":"    }","lastModifiedDate":"2019-07-29"},{"lineNumber":121,"author":{"gitId":"-"},"content":"}","lastModifiedDate":"2019-07-29"}],"authorContributionMap":{"YoYoCiti":113,"-":8}},{"path":"src/main/java/Event.java","fileType":"java","lines":[{"lineNumber":1,"author":{"gitId":"YoYoCiti"},"content":"public class Event extends Task {","lastModifiedDate":"2021-08-17"},{"lineNumber":2,"author":{"gitId":"YoYoCiti"},"content":"    protected String at;","lastModifiedDate":"2021-08-17"},{"lineNumber":3,"author":{"gitId":"YoYoCiti"},"content":"","lastModifiedDate":"2021-08-17"},{"lineNumber":4,"author":{"gitId":"YoYoCiti"},"content":"    /**","lastModifiedDate":"2021-08-17"},{"lineNumber":5,"author":{"gitId":"YoYoCiti"},"content":"     * Constructor for Event","lastModifiedDate":"2021-08-17"},{"lineNumber":6,"author":{"gitId":"YoYoCiti"},"content":"     * @param description the description of the event task","lastModifiedDate":"2021-08-17"},{"lineNumber":7,"author":{"gitId":"YoYoCiti"},"content":"     * @param at the timing of the event","lastModifiedDate":"2021-08-17"},{"lineNumber":8,"author":{"gitId":"YoYoCiti"},"content":"     */","lastModifiedDate":"2021-08-17"},{"lineNumber":9,"author":{"gitId":"YoYoCiti"},"content":"    public Event(String description, String at) {","lastModifiedDate":"2021-08-17"},{"lineNumber":10,"author":{"gitId":"YoYoCiti"},"content":"        super(description);","lastModifiedDate":"2021-08-17"},{"lineNumber":11,"author":{"gitId":"YoYoCiti"},"content":"        this.at \u003d at;","lastModifiedDate":"2021-08-17"},{"lineNumber":12,"author":{"gitId":"YoYoCiti"},"content":"    }","lastModifiedDate":"2021-08-17"},{"lineNumber":13,"author":{"gitId":"YoYoCiti"},"content":"","lastModifiedDate":"2021-08-17"},{"lineNumber":14,"author":{"gitId":"YoYoCiti"},"content":"    /**","lastModifiedDate":"2021-08-17"},{"lineNumber":15,"author":{"gitId":"YoYoCiti"},"content":"     * Returns string representation of Event","lastModifiedDate":"2021-08-17"},{"lineNumber":16,"author":{"gitId":"YoYoCiti"},"content":"     * @return string representation of Event","lastModifiedDate":"2021-08-17"},{"lineNumber":17,"author":{"gitId":"YoYoCiti"},"content":"     */","lastModifiedDate":"2021-08-17"},{"lineNumber":18,"author":{"gitId":"YoYoCiti"},"content":"    @Override","lastModifiedDate":"2021-08-17"},{"lineNumber":19,"author":{"gitId":"YoYoCiti"},"content":"    public String toString() {","lastModifiedDate":"2021-08-17"},{"lineNumber":20,"author":{"gitId":"YoYoCiti"},"content":"        return \"[E]\" + super.toString() + \" (at: \" + this.at + \")\";","lastModifiedDate":"2021-08-17"},{"lineNumber":21,"author":{"gitId":"YoYoCiti"},"content":"    }","lastModifiedDate":"2021-08-17"},{"lineNumber":22,"author":{"gitId":"YoYoCiti"},"content":"","lastModifiedDate":"2021-08-17"},{"lineNumber":23,"author":{"gitId":"YoYoCiti"},"content":"}","lastModifiedDate":"2021-08-17"}],"authorContributionMap":{"YoYoCiti":23}},{"path":"src/main/java/Task.java","fileType":"java","lines":[{"lineNumber":1,"author":{"gitId":"YoYoCiti"},"content":"public class Task {","lastModifiedDate":"2021-08-17"},{"lineNumber":2,"author":{"gitId":"YoYoCiti"},"content":"    protected static int count \u003d 0;","lastModifiedDate":"2021-08-17"},{"lineNumber":3,"author":{"gitId":"YoYoCiti"},"content":"    protected String description;","lastModifiedDate":"2021-08-17"},{"lineNumber":4,"author":{"gitId":"YoYoCiti"},"content":"    protected boolean isDone;","lastModifiedDate":"2021-08-17"},{"lineNumber":5,"author":{"gitId":"YoYoCiti"},"content":"","lastModifiedDate":"2021-08-17"},{"lineNumber":6,"author":{"gitId":"YoYoCiti"},"content":"    /**","lastModifiedDate":"2021-08-17"},{"lineNumber":7,"author":{"gitId":"YoYoCiti"},"content":"     * Constructor for Task","lastModifiedDate":"2021-08-17"},{"lineNumber":8,"author":{"gitId":"YoYoCiti"},"content":"     * @param description the description of the task","lastModifiedDate":"2021-08-17"},{"lineNumber":9,"author":{"gitId":"YoYoCiti"},"content":"     */","lastModifiedDate":"2021-08-17"},{"lineNumber":10,"author":{"gitId":"YoYoCiti"},"content":"    public Task(String description) {","lastModifiedDate":"2021-08-17"},{"lineNumber":11,"author":{"gitId":"YoYoCiti"},"content":"        this.description \u003d description;","lastModifiedDate":"2021-08-17"},{"lineNumber":12,"author":{"gitId":"YoYoCiti"},"content":"        this.isDone \u003d false;","lastModifiedDate":"2021-08-17"},{"lineNumber":13,"author":{"gitId":"YoYoCiti"},"content":"        Task.count++;","lastModifiedDate":"2021-08-17"},{"lineNumber":14,"author":{"gitId":"YoYoCiti"},"content":"    }","lastModifiedDate":"2021-08-17"},{"lineNumber":15,"author":{"gitId":"YoYoCiti"},"content":"","lastModifiedDate":"2021-08-17"},{"lineNumber":16,"author":{"gitId":"YoYoCiti"},"content":"    /**","lastModifiedDate":"2021-08-17"},{"lineNumber":17,"author":{"gitId":"YoYoCiti"},"content":"     * Return icon indicating status of this task","lastModifiedDate":"2021-08-17"},{"lineNumber":18,"author":{"gitId":"YoYoCiti"},"content":"     * @return X if done, empty if otherwise","lastModifiedDate":"2021-08-17"},{"lineNumber":19,"author":{"gitId":"YoYoCiti"},"content":"     */","lastModifiedDate":"2021-08-17"},{"lineNumber":20,"author":{"gitId":"YoYoCiti"},"content":"    public String getStatusIcon() {","lastModifiedDate":"2021-08-17"},{"lineNumber":21,"author":{"gitId":"YoYoCiti"},"content":"        return (this.isDone ? \"X\" : \" \");","lastModifiedDate":"2021-08-17"},{"lineNumber":22,"author":{"gitId":"YoYoCiti"},"content":"    }","lastModifiedDate":"2021-08-17"},{"lineNumber":23,"author":{"gitId":"YoYoCiti"},"content":"","lastModifiedDate":"2021-08-17"},{"lineNumber":24,"author":{"gitId":"YoYoCiti"},"content":"    /**","lastModifiedDate":"2021-08-17"},{"lineNumber":25,"author":{"gitId":"YoYoCiti"},"content":"     * Mark this task as done","lastModifiedDate":"2021-08-17"},{"lineNumber":26,"author":{"gitId":"YoYoCiti"},"content":"     */","lastModifiedDate":"2021-08-17"},{"lineNumber":27,"author":{"gitId":"YoYoCiti"},"content":"    public void setDone() {","lastModifiedDate":"2021-08-17"},{"lineNumber":28,"author":{"gitId":"YoYoCiti"},"content":"        this.isDone \u003d true;","lastModifiedDate":"2021-08-17"},{"lineNumber":29,"author":{"gitId":"YoYoCiti"},"content":"    }","lastModifiedDate":"2021-08-17"},{"lineNumber":30,"author":{"gitId":"YoYoCiti"},"content":"","lastModifiedDate":"2021-08-17"},{"lineNumber":31,"author":{"gitId":"YoYoCiti"},"content":"    /**","lastModifiedDate":"2021-08-17"},{"lineNumber":32,"author":{"gitId":"YoYoCiti"},"content":"     * Returns string representation of this task","lastModifiedDate":"2021-08-17"},{"lineNumber":33,"author":{"gitId":"YoYoCiti"},"content":"     * @return string representation of task","lastModifiedDate":"2021-08-17"},{"lineNumber":34,"author":{"gitId":"YoYoCiti"},"content":"     */","lastModifiedDate":"2021-08-17"},{"lineNumber":35,"author":{"gitId":"YoYoCiti"},"content":"    @Override","lastModifiedDate":"2021-08-17"},{"lineNumber":36,"author":{"gitId":"YoYoCiti"},"content":"    public String toString() {","lastModifiedDate":"2021-08-17"},{"lineNumber":37,"author":{"gitId":"YoYoCiti"},"content":"        return String.format(\"[%s]%s\",this.getStatusIcon(), this.description);","lastModifiedDate":"2021-08-17"},{"lineNumber":38,"author":{"gitId":"YoYoCiti"},"content":"    }","lastModifiedDate":"2021-08-17"},{"lineNumber":39,"author":{"gitId":"YoYoCiti"},"content":"}","lastModifiedDate":"2021-08-17"}],"authorContributionMap":{"YoYoCiti":39}},{"path":"src/main/java/Todo.java","fileType":"java","lines":[{"lineNumber":1,"author":{"gitId":"YoYoCiti"},"content":"public class Todo extends Task{","lastModifiedDate":"2021-08-17"},{"lineNumber":2,"author":{"gitId":"YoYoCiti"},"content":"    /**","lastModifiedDate":"2021-08-17"},{"lineNumber":3,"author":{"gitId":"YoYoCiti"},"content":"     * Constructor for Todo","lastModifiedDate":"2021-08-17"},{"lineNumber":4,"author":{"gitId":"YoYoCiti"},"content":"     * @param description the description of the task","lastModifiedDate":"2021-08-17"},{"lineNumber":5,"author":{"gitId":"YoYoCiti"},"content":"     */","lastModifiedDate":"2021-08-17"},{"lineNumber":6,"author":{"gitId":"YoYoCiti"},"content":"    public Todo(String description) {","lastModifiedDate":"2021-08-17"},{"lineNumber":7,"author":{"gitId":"YoYoCiti"},"content":"        super(description);","lastModifiedDate":"2021-08-17"},{"lineNumber":8,"author":{"gitId":"YoYoCiti"},"content":"    }","lastModifiedDate":"2021-08-17"},{"lineNumber":9,"author":{"gitId":"YoYoCiti"},"content":"","lastModifiedDate":"2021-08-17"},{"lineNumber":10,"author":{"gitId":"YoYoCiti"},"content":"    /**","lastModifiedDate":"2021-08-17"},{"lineNumber":11,"author":{"gitId":"YoYoCiti"},"content":"     * Returns string representation of Todo","lastModifiedDate":"2021-08-17"},{"lineNumber":12,"author":{"gitId":"YoYoCiti"},"content":"     * @return string representation of Todo","lastModifiedDate":"2021-08-17"},{"lineNumber":13,"author":{"gitId":"YoYoCiti"},"content":"     */","lastModifiedDate":"2021-08-17"},{"lineNumber":14,"author":{"gitId":"YoYoCiti"},"content":"    @Override","lastModifiedDate":"2021-08-17"},{"lineNumber":15,"author":{"gitId":"YoYoCiti"},"content":"    public String toString() {","lastModifiedDate":"2021-08-17"},{"lineNumber":16,"author":{"gitId":"YoYoCiti"},"content":"        return \"[T]\" + super.toString();","lastModifiedDate":"2021-08-17"},{"lineNumber":17,"author":{"gitId":"YoYoCiti"},"content":"    }","lastModifiedDate":"2021-08-17"},{"lineNumber":18,"author":{"gitId":"YoYoCiti"},"content":"","lastModifiedDate":"2021-08-17"},{"lineNumber":19,"author":{"gitId":"YoYoCiti"},"content":"}","lastModifiedDate":"2021-08-17"}],"authorContributionMap":{"YoYoCiti":19}}]
