{"authorDailyContributionsMap":{"YoYoCiti":[{"date":"2021-08-17","commitResults":[{"hash":"5f1b4ab43ae700c5dc592bda29f9a26e7019affd","messageTitle":"add greet, echo and exit feature","messageBody":"","tags":["Level-1"],"fileTypesAndContributionMap":{"java":{"insertions":59,"deletions":6}}},{"hash":"79b3d9960c141f5226ef675b572ddc2792892ff4","messageTitle":"add store text in list and display list feature","messageBody":"","tags":["Level-2"],"fileTypesAndContributionMap":{"java":{"insertions":31,"deletions":2}}},{"hash":"a9b70f378fa3ea59ce83f50d8a559045a689615d","messageTitle":"tasks are stored in list and add ability to mark tasks as done","messageBody":"","tags":["Level-3"],"fileTypesAndContributionMap":{"java":{"insertions":63,"deletions":13}}},{"hash":"0907f8936b62c345388d4b1ad860b3c2528984ed","messageTitle":"add support for tracking todos, events and deadlines","messageBody":"","tags":["Level-4"],"fileTypesAndContributionMap":{"java":{"insertions":103,"deletions":21}}}]},{"date":"2021-08-18","commitResults":[{"hash":"fcc14eafadfd03ba484505971c56c4244d7b26cf","messageTitle":"update test files for automated testing","messageBody":"","tags":["A-TextUiTesting"],"fileTypesAndContributionMap":{"txt":{"insertions":12,"deletions":0}}},{"hash":"fc70184a8456f622d4198ba0f52ed5069f87b1a7","messageTitle":"add incorrect inputs error handling","messageBody":"","tags":["Level-5"],"fileTypesAndContributionMap":{"java":{"insertions":61,"deletions":27}}},{"hash":"a83a3233a628789c95414926abbc68413f6c9156","messageTitle":"add delete tasks from list feature","messageBody":"","tags":["Level-6"],"fileTypesAndContributionMap":{"java":{"insertions":18,"deletions":0}}},{"hash":"a8d204a651db31ddc65adbbcaa6dbe218f80ecef","messageTitle":"add enumerations and improved error handling","messageBody":"","tags":["A-Enums"],"fileTypesAndContributionMap":{"java":{"insertions":37,"deletions":27}}}]},{"date":"2021-08-21","commitResults":[{"hash":"586744403f746348565281be11c49fd7c94bc30d","messageTitle":"Add feature to save tasks in hard disk and load them when Duke starts up","messageBody":"","fileTypesAndContributionMap":{"java":{"insertions":152,"deletions":21}}},{"hash":"e72569c96cd065f9bd0632d2f9a72c104d089a18","messageTitle":"Add date and time functionality","messageBody":"","fileTypesAndContributionMap":{"txt":{"insertions":4,"deletions":4},"java":{"insertions":30,"deletions":8}}},{"hash":"2a6f67ffc617998fbd67020f9ee05003a7af0608","messageTitle":"Fix date/time parsing error after merge","messageBody":"","fileTypesAndContributionMap":{"java":{"insertions":2,"deletions":2}}}]},{"date":"2021-08-22","commitResults":[{"hash":"47a81fbb9f2dc1b278c561b07b53c4d22aae254b","messageTitle":"Refactor code to extract Ui, Storage, Parser and TaskList classes","messageBody":"","tags":["A-MoreOOP"],"fileTypesAndContributionMap":{"java":{"insertions":296,"deletions":139}}},{"hash":"5a997cfc168af78638c3e30b2c523c3a872b176a","messageTitle":"Organize classes into packages","messageBody":"","tags":["A-Packages"],"fileTypesAndContributionMap":{"java":{"insertions":128,"deletions":4},"bat":{"insertions":1,"deletions":1},"sh":{"insertions":1,"deletions":1}}},{"hash":"c611ff272b0aa3ac94e1406ad996b26cf7f960a1","messageTitle":"Add JUnit tests for Parser and TaskList","messageBody":"","tags":["A-JUnit"],"fileTypesAndContributionMap":{"java":{"insertions":86,"deletions":3}}},{"hash":"1ad6fa33e7741ec712015379c81c61b3a4f9c0e9","messageTitle":"Package app as JAR file","messageBody":"","tags":["v0.1","A-Jar"],"fileTypesAndContributionMap":{"gradle":{"insertions":16,"deletions":1}}},{"hash":"7323dc8f38044a5efbaa28220997d86894127894","messageTitle":"Add JavaDoc comments","messageBody":"","fileTypesAndContributionMap":{"java":{"insertions":176,"deletions":23}}},{"hash":"fb553f0d229cef198b96790a2f9fdea85b66b416","messageTitle":"Modify code to comply with coding standard","messageBody":"","fileTypesAndContributionMap":{"java":{"insertions":25,"deletions":25}}},{"hash":"8d9eb3dfc07558d6039c8bac5450f1e49cef123a","messageTitle":"Add feature to find task by searching for keyword","messageBody":"","fileTypesAndContributionMap":{"java":{"insertions":57,"deletions":3}}}]},{"date":"2021-08-28","commitResults":[{"hash":"7273d9b3aa7dcc6f2ab9b9d2b8b0e25f07fc0a48","messageTitle":"Modify code to adhere to coding standards","messageBody":"","fileTypesAndContributionMap":{"java":{"insertions":43,"deletions":21}}},{"hash":"74d3bada537e1dcf33b2aa2bd49410dc4542c046","messageTitle":"Add Duke GUI","messageBody":"","fileTypesAndContributionMap":{"fxml":{"insertions":38,"deletions":0},"java":{"insertions":203,"deletions":77}}}]},{"date":"2021-09-03","commitResults":[{"hash":"1e547be266a3c654de0b874df9bb20ad8296a6a8","messageTitle":"add invalid index format exception","messageBody":"","fileTypesAndContributionMap":{"java":{"insertions":25,"deletions":4}}},{"hash":"cf75ad32bf825aec5cf9aaf99c94671e8245ff49","messageTitle":"update main class to Launcher for build gradle file","messageBody":"","fileTypesAndContributionMap":{"gradle":{"insertions":1,"deletions":1}}},{"hash":"6bddc64b4049b08966559fe68127aae5288f3410","messageTitle":"Extract date time format pattern into static variable in Task","messageBody":"Deadline, Event and InvalidTimeException classes have common date and\ntime format patterns which is inputted as literals.\n\nCommon date and time format patterns causes code duplication as well as\nuse of magic literals.\n\nExtracting the date time format pattern into a static variable stored in\nthe Task class prevents the use of magic literals. Format pattern can\nalso be changed conveniently without having to look for instances in\nthe code where it is used.\n","tags":["A-FullCommitMessage"],"fileTypesAndContributionMap":{"java":{"insertions":40,"deletions":9}}},{"hash":"c98d03b71383a1a7369962a0a39db8474617aa69","messageTitle":"Extract boolean expression in parse method into variable","messageBody":"The purpose of existing boolean expression i \u003d\u003d -1 is unclear to\nreaders, especially if unfamiliar to indexOf method.\n\nExtracting the expression into boolean variable allows readers to\nunderstand the purpose of the boolean expression, which is to check\nif the user input is a single word.\n","fileTypesAndContributionMap":{"java":{"insertions":4,"deletions":2}}},{"hash":"600ae1468ada1a87eb65cda26deabf7f37ef724e","messageTitle":"Refactor code to improve code quality","messageBody":"","fileTypesAndContributionMap":{"java":{"insertions":57,"deletions":21}}},{"hash":"fd77da40cea5dbbd5f8d1091d02a8f4b02894884","messageTitle":"Use streams to print task list and find tasks","messageBody":"","fileTypesAndContributionMap":{"java":{"insertions":7,"deletions":11}}},{"hash":"298f390e5d2f203c26cfb9fc3cc0f7a0de5fb850","messageTitle":"Add assertions to document assumption that data file should be written and read in the correct format","messageBody":"","fileTypesAndContributionMap":{"java":{"insertions":4,"deletions":1}}},{"hash":"3a85934fc6a5111b45045ea8a33a7744e4b8b27e","messageTitle":"Adjust dialog box min height so that all text can be displayed","messageBody":"","fileTypesAndContributionMap":{"java":{"insertions":2,"deletions":0}}}]},{"date":"2021-09-06","commitResults":[{"hash":"54fc202fa4cbac6c868ca184821a6a3df6cf2367","messageTitle":"Detect duplicate tasks and prevent user from adding them","messageBody":"","fileTypesAndContributionMap":{"java":{"insertions":62,"deletions":12}}}]},{"date":"2021-09-11","commitResults":[{"hash":"b613bdf961394c618203561554c6cd6f0e0f8220","messageTitle":"Add text box and background color into gui","messageBody":"","fileTypesAndContributionMap":{"fxml":{"insertions":14,"deletions":6},"java":{"insertions":2,"deletions":0}}},{"hash":"89b246190a5876cffa24798ae44079d13798d052","messageTitle":"Add help command","messageBody":"","fileTypesAndContributionMap":{"java":{"insertions":32,"deletions":3}}}]},{"date":"2021-09-12","commitResults":[{"hash":"156a6492b14cc324bcea5f51768e9a500b107407","messageTitle":"Adjust main window dimensions","messageBody":"","fileTypesAndContributionMap":{"fxml":{"insertions":5,"deletions":5}}},{"hash":"ff07eec4f117c0b60db84f96674769699059a711","messageTitle":"Modify find command to be case insensitive","messageBody":"","fileTypesAndContributionMap":{"java":{"insertions":2,"deletions":2}}},{"hash":"48d65188f2f51edd86bcfd51caacafbee4f8eb18","messageTitle":"Update README.md","messageBody":"","tags":["A-UserGuide"],"fileTypesAndContributionMap":{"md":{"insertions":110,"deletions":14}}},{"hash":"e41281edd3b83ddff54154a0c9b9b4c827faf38d","messageTitle":"Update README.md to include latest release file","messageBody":"","fileTypesAndContributionMap":{"md":{"insertions":1,"deletions":1}}}]},{"date":"2021-09-14","commitResults":[{"hash":"4644c795d3e47e6fb389eca758d8125fe3f069c0","messageTitle":"Fix code to pass checkstyle test","messageBody":"","fileTypesAndContributionMap":{"java":{"insertions":128,"deletions":129}}}]}]},"authorFileTypeContributionMap":{"YoYoCiti":{"java":1328,"md":101,"fxml":46,"sh":1,"bat":1,"gradle":16,"txt":12}},"authorContributionVariance":{"YoYoCiti":32697.111},"authorDisplayNameMap":{"YoYoCiti":"CS2103T-W12-1 SEOW.. WEN"}}
