{"authorDailyContributionsMap":{"uyencfi":[{"date":"2021-08-17","commitResults":[{"hash":"cdceac73c10fb0b91aa9ffa00b11476ba013aa15","messageTitle":"Add skeletal implementation to echo commands","messageBody":"","tags":["Level-1"],"fileTypesAndContributionMap":{"java":{"insertions":17,"deletions":1}}},{"hash":"2f9a7d0dc3faad3bda87e59bbc06d02664442222","messageTitle":"Store user inputs and display them","messageBody":"","tags":["Level-2"],"fileTypesAndContributionMap":{"java":{"insertions":40,"deletions":14}}},{"hash":"f88af2d0f35242ee8cd56a4e049a47474fcfeaee","messageTitle":"Implement mark as done","messageBody":"","tags":["Level-3","A-Classes"],"fileTypesAndContributionMap":{"java":{"insertions":75,"deletions":12}}},{"hash":"1c46b2f84fe92c836197e14bdb404192fd1d1cd5","messageTitle":"Add support for tracking three types of tasks","messageBody":"","fileTypesAndContributionMap":{"java":{"insertions":55,"deletions":6}}},{"hash":"d073f6371a7b6fdc8bb0ac1398cd191bab45fc19","messageTitle":"Change \u0027Task\u0027 to abstract class","messageBody":"","fileTypesAndContributionMap":{"java":{"insertions":1,"deletions":1}}},{"hash":"62848c7dd2a0afd107bfbd3af0f23627bc0b1310","messageTitle":"Fix leading whitespace included in task name","messageBody":"","tags":["Level-4","A-Inheritance"],"fileTypesAndContributionMap":{"java":{"insertions":3,"deletions":3}}},{"hash":"6d2f37189ec37276969adc900324f93c52de1224","messageTitle":"Add text UI testing","messageBody":"","tags":["A-TextUiTesting"],"fileTypesAndContributionMap":{"txt":{"insertions":14,"deletions":0},"java":{"insertions":1,"deletions":1},"sh":{"insertions":0,"deletions":0}}}]},{"date":"2021-08-18","commitResults":[{"hash":"e0321ec1396ebcdb9470a8cfdcd0591cd7f3584f","messageTitle":"Add total number of tasks to task list description","messageBody":"+ Update corresponding test cases\n","fileTypesAndContributionMap":{"java":{"insertions":2,"deletions":1}}},{"hash":"40fcf13bc3ef30cf4ae335669c6d75024b1e721c","messageTitle":"Add error handling","messageBody":"","tags":["Level-5","A-Exceptions"],"fileTypesAndContributionMap":{"java":{"insertions":99,"deletions":30}}},{"hash":"ef104e2eb22ad026e766ac9cfd9d647bc86741d2","messageTitle":"Add error handling for \u0027done\u0027 task out of range","messageBody":"","fileTypesAndContributionMap":{"java":{"insertions":15,"deletions":4}}},{"hash":"8462fa61553ca02ee075779e48eb5bf7f0a4d8c8","messageTitle":"Improve error message for better clarity","messageBody":"","fileTypesAndContributionMap":{"java":{"insertions":3,"deletions":3}}},{"hash":"04f82d603ee3f5c669eaa3413306dd6be1c78a82","messageTitle":"Fix bug: command \u0027bye bye\u0027 terminates programme","messageBody":"","fileTypesAndContributionMap":{"java":{"insertions":3,"deletions":3}}},{"hash":"26c7aee237da60aeabc36b8520924259954883fa","messageTitle":"Update tests to include tests for error","messageBody":"","fileTypesAndContributionMap":{"txt":{"insertions":11,"deletions":4}}},{"hash":"6599dade787108057c79cc83f59693d8a34852ce","messageTitle":"Add support for deleting tasks","messageBody":"","tags":["Level-6"],"fileTypesAndContributionMap":{"java":{"insertions":25,"deletions":0}}},{"hash":"0391fd2ec3ec3eeb0fba0064e72ea229959c0f22","messageTitle":"Refactor: reduce code duplicate","messageBody":"","fileTypesAndContributionMap":{"java":{"insertions":13,"deletions":19}}},{"hash":"7f88a0edbbb7a460a5d3af97a882495656d0540d","messageTitle":"Add tests for deleting a task","messageBody":"","fileTypesAndContributionMap":{"txt":{"insertions":5,"deletions":0}}}]},{"date":"2021-08-19","commitResults":[{"hash":"85a7240917be1795b928010a0c1df0a8057536c1","messageTitle":"Add clean up method after programme ends","messageBody":"","fileTypesAndContributionMap":{"java":{"insertions":6,"deletions":0}}}]}]},"authorFileTypeContributionMap":{"uyencfi":{"java":261,"md":0,"fxml":0,"sh":0,"bat":0,"gradle":0,"txt":26}},"authorContributionVariance":{"uyencfi":8667.702},"authorDisplayNameMap":{"uyencfi":"CS2103-W14-3 NGO ..UYEN"}}
