{"authorDailyContributionsMap":{"stanley-1":[{"date":"2021-08-16","commitResults":[{"hash":"141dbd23048f679a87c45d050439c370eb75fc03","messageTitle":"Added Level-1","messageBody":"","tags":["Level-1"],"fileTypesAndContributionMap":{"java":{"insertions":25,"deletions":0}}},{"hash":"d9326e115661122d8a71d9b1555a4ec6e037d0a9","messageTitle":"Added Level-2: Add, List","messageBody":"","tags":["Level-2"],"fileTypesAndContributionMap":{"java":{"insertions":12,"deletions":1}}},{"hash":"dce2fe3ae94cef8d6753afd0779f2bffd5c71b34","messageTitle":"Improved syntax by adding newlines to existing work.","messageBody":"","fileTypesAndContributionMap":{"java":{"insertions":3,"deletions":0}}}]},{"date":"2021-08-17","commitResults":[{"hash":"42dc7f891a9c0198016be2a539047b0a5f7f3676","messageTitle":"Created Task.java class and fulfilled Level 3","messageBody":"","fileTypesAndContributionMap":{"java":{"insertions":39,"deletions":4}}}]},{"date":"2021-08-18","commitResults":[{"hash":"856763a6e692037c02c01d0c120ed6bdcb885aeb","messageTitle":"Added toString() method for Task.java and implemented this with Duke.java","messageBody":"","tags":["Level-3"],"fileTypesAndContributionMap":{"java":{"insertions":7,"deletions":2}}},{"hash":"626f894d6299f43326bbfe6c4f827e16bffb90b8","messageTitle":"Added ToDo.java which inherits from Task.java","messageBody":"","fileTypesAndContributionMap":{"java":{"insertions":21,"deletions":5}}},{"hash":"668766ee02559b5f57e643781299955ff352fdd0","messageTitle":"Added Deadline.java which inherits from Task.java","messageBody":"","fileTypesAndContributionMap":{"java":{"insertions":26,"deletions":0}}},{"hash":"c27ae3237a397f78fdeb3e65f51eae4cef7f94bf","messageTitle":"Added Event.java which inherits from Task.java","messageBody":"","tags":["Level-4"],"fileTypesAndContributionMap":{"java":{"insertions":27,"deletions":0}}},{"hash":"7e2db32d9a731f34d66f5d8904df99871529bed5","messageTitle":"Modified runtest.sh for MacBook and crafted test scenarios.","messageBody":"","tags":["A-TextUiTesting"],"fileTypesAndContributionMap":{"txt":{"insertions":9,"deletions":0},"sh":{"insertions":4,"deletions":4}}},{"hash":"a5552be39d3bc0d96839da7771d6a9de75da64ad","messageTitle":"Created DukeException.java file \u0026 implemented Error Handling.","messageBody":"","tags":["Level-5"],"fileTypesAndContributionMap":{"java":{"insertions":58,"deletions":30}}},{"hash":"91f3d72576736422beb8e9e15d04421408145bff","messageTitle":"Used ArrayList as Data Structure \u0026 implemented \"Delete\" functionality.","messageBody":"","tags":["Level-6"],"fileTypesAndContributionMap":{"java":{"insertions":50,"deletions":18}}},{"hash":"3eaa0aa5869f124e4300792fdfef479a687fd1ff","messageTitle":"Made preliminary edits to the README.","messageBody":"","fileTypesAndContributionMap":{"md":{"insertions":80,"deletions":7}}}]},{"date":"2021-08-23","commitResults":[{"hash":"732a9e8dc37eb17d5bb5ca0fc12c6e284ab15ed4","messageTitle":"Create static methods for Duke.java \u0026 edit EXPECTED.txt accordingly","messageBody":"","fileTypesAndContributionMap":{"java":{"insertions":105,"deletions":85}}},{"hash":"3fb9dbfd3d940cb19ad669011c8a0b98e82c78a4","messageTitle":"Add ability to read/write files","messageBody":"","fileTypesAndContributionMap":{"txt":{"insertions":2,"deletions":0},"java":{"insertions":93,"deletions":0}}},{"hash":"d20c4744294a211eb0035622af08fe5f5e33b8ab","messageTitle":"Handle case where data file does not exist initially","messageBody":"","fileTypesAndContributionMap":{"txt":{"insertions":2,"deletions":1},"java":{"insertions":5,"deletions":0}}},{"hash":"fd1ebc9392fcde97ec7ebb14fda033211b252b73","messageTitle":"Accept date in yyyy-mm-dd and print in MMM dd yyyy format","messageBody":"","fileTypesAndContributionMap":{"java":{"insertions":6,"deletions":3}}},{"hash":"9a7b77df2c18edc1f113a09f776a10690683931b","messageTitle":"Handle different date formats","messageBody":"","fileTypesAndContributionMap":{"txt":{"insertions":2,"deletions":0},"java":{"insertions":8,"deletions":1}}},{"hash":"c9259c97b3e919394e6514c3939251cbc455c6d8","messageTitle":"Use more OOP in code","messageBody":"","tags":["A-MoreOOP"],"fileTypesAndContributionMap":{"txt":{"insertions":4,"deletions":5},"java":{"insertions":329,"deletions":235}}}]},{"date":"2021-08-24","commitResults":[{"hash":"54131351afc041c79e34995052bfb219d0980b83","messageTitle":"Divide classes into packages","messageBody":"","tags":["A-Packages"],"fileTypesAndContributionMap":{"txt":{"insertions":2,"deletions":2},"java":{"insertions":41,"deletions":1}}},{"hash":"455d26241c9b5e0d7cfd41c4cec30f7aaf42297d","messageTitle":"Add 6 tests to DukeTest.java","messageBody":"","tags":["A-Jar","A-JUnit"],"fileTypesAndContributionMap":{"java":{"insertions":51,"deletions":0}}},{"hash":"648c0e08cb3c22d3b2519bc9bf93911fc7b5965f","messageTitle":"Align format of code in Parser.java","messageBody":"","fileTypesAndContributionMap":{"java":{"insertions":2,"deletions":0}}},{"hash":"38ad49cf87da9ca20832e4ffd6370f694d9b9653","messageTitle":"Add Find function in TaskList.java and Parser.java","messageBody":"","fileTypesAndContributionMap":{"java":{"insertions":27,"deletions":0}}},{"hash":"dc481de577596ef102087a00332770c39b49d5ac","messageTitle":"Tweak code to comply with Java coding standards","messageBody":"","fileTypesAndContributionMap":{"txt":{"insertions":1,"deletions":2},"java":{"insertions":7,"deletions":12}}},{"hash":"f777af240b30397721719091442e991a404971ab","messageTitle":"Add JavaDoc comments","messageBody":"","fileTypesAndContributionMap":{"txt":{"insertions":0,"deletions":4},"java":{"insertions":121,"deletions":3}}},{"hash":"1b0f7e057b877d31839da2d3d07f64206a2e3c57","messageTitle":"Make minor edits to JavaDoc","messageBody":"","fileTypesAndContributionMap":{"java":{"insertions":23,"deletions":0}}}]},{"date":"2021-08-31","commitResults":[{"hash":"ada43b83cecbeb34d5d272e53f6d4cc0ff7d00c0","messageTitle":"Implement minor edits","messageBody":"","fileTypesAndContributionMap":{"java":{"insertions":0,"deletions":8}}},{"hash":"42268c3f25e512621d636e4e0b162cf343f26691","messageTitle":"Reverse errors in previous commit","messageBody":"","fileTypesAndContributionMap":{"java":{"insertions":8,"deletions":0}}}]}]},"authorFileTypeContributionMap":{"stanley-1":{"java":697,"md":73,"fxml":0,"sh":3,"bat":0,"gradle":0,"txt":9}},"authorContributionVariance":{"stanley-1":38406.26},"authorDisplayNameMap":{"stanley-1":"CS2103T-F11-4 STAN..HENG"}}
