{"authorDailyContributionsMap":{"hungkhoaitay":[{"date":"2021-08-18","commitResults":[{"hash":"e1c58401b59b3b9960ac257d96f7d94e92cf9374","messageTitle":"Level 0. Greet","messageBody":"","tags":["Level-0"],"fileTypesAndContributionMap":{"java":{"insertions":29,"deletions":1}}},{"hash":"b0aec871658e5cf20b83548e9375d7a50e511fe3","messageTitle":"Echo and Exit","messageBody":"","tags":["Level-1"],"fileTypesAndContributionMap":{"java":{"insertions":15,"deletions":5}}}]},{"date":"2021-08-19","commitResults":[{"hash":"584defd2889b5f0fa07322cc324d89baf3fc1cae","messageTitle":"Mark as Done","messageBody":"","tags":["Level-3","Level-2"],"fileTypesAndContributionMap":{"java":{"insertions":137,"deletions":17}}},{"hash":"e020615e03701f092e40fa27636ded2fce31f2a3","messageTitle":"ToDos, Events, Deadlines","messageBody":"","fileTypesAndContributionMap":{"java":{"insertions":69,"deletions":12}}},{"hash":"761f5abd12d29a5d94218b1cc7e592a0c308b551","messageTitle":"A-TextUiTesting","messageBody":"","tags":["A-TextUiTesting"],"fileTypesAndContributionMap":{"txt":{"insertions":2,"deletions":0},"java":{"insertions":24,"deletions":5}}},{"hash":"36bd90e85b1ca1c176a4dd558bbcabb59cfc89f0","messageTitle":"Handle Errors","messageBody":"","tags":["Level-5"],"fileTypesAndContributionMap":{"java":{"insertions":120,"deletions":41}}},{"hash":"fbc567ab608bd8622eeac3f9793f7c594cb30088","messageTitle":"Update Level 4","messageBody":"","fileTypesAndContributionMap":{"java":{"insertions":31,"deletions":29}}},{"hash":"74954ece554a159990954b1adcd52848e5350b04","messageTitle":"Delete","messageBody":"","tags":["Level-6"],"fileTypesAndContributionMap":{"java":{"insertions":40,"deletions":11}}},{"hash":"490924545a05d2578fe62622ff8d1509be8ec99e","messageTitle":"Update Level 4","messageBody":"","tags":["Level-4","A-Enums"],"fileTypesAndContributionMap":{"java":{"insertions":99,"deletions":40}}}]}]},"authorFileTypeContributionMap":{"hungkhoaitay":{"java":404,"md":0,"fxml":0,"sh":0,"bat":0,"gradle":0,"txt":2}},"authorContributionVariance":{"hungkhoaitay":37525.535},"authorDisplayNameMap":{"hungkhoaitay":"NGUY..HUNG"}}
