[{"path":"data/save.txt","fileType":"txt","lines":[{"lineNumber":1,"author":{"gitId":"Chang-CH"},"content":"E|0|lorem ipsum|2019-05-10","lastModifiedDate":"2021-08-19"}],"authorContributionMap":{"Chang-CH":1}},{"path":"src/main/java/Deadline.java","fileType":"java","lines":[{"lineNumber":1,"author":{"gitId":"Chang-CH"},"content":"import java.time.LocalDate;","lastModifiedDate":"2021-08-19"},{"lineNumber":2,"author":{"gitId":"Chang-CH"},"content":"import java.time.format.DateTimeFormatter;","lastModifiedDate":"2021-08-19"},{"lineNumber":3,"author":{"gitId":"Chang-CH"},"content":"","lastModifiedDate":"2021-08-19"},{"lineNumber":4,"author":{"gitId":"Chang-CH"},"content":"public class Deadline extends Task {","lastModifiedDate":"2021-08-15"},{"lineNumber":5,"author":{"gitId":"Chang-CH"},"content":"    protected LocalDate by;","lastModifiedDate":"2021-08-19"},{"lineNumber":6,"author":{"gitId":"Chang-CH"},"content":"","lastModifiedDate":"2021-08-15"},{"lineNumber":7,"author":{"gitId":"Chang-CH"},"content":"    public Deadline(String description, LocalDate by) {","lastModifiedDate":"2021-08-19"},{"lineNumber":8,"author":{"gitId":"Chang-CH"},"content":"        super(description);","lastModifiedDate":"2021-08-15"},{"lineNumber":9,"author":{"gitId":"Chang-CH"},"content":"        this.by \u003d by;","lastModifiedDate":"2021-08-15"},{"lineNumber":10,"author":{"gitId":"Chang-CH"},"content":"    }","lastModifiedDate":"2021-08-15"},{"lineNumber":11,"author":{"gitId":"Chang-CH"},"content":"","lastModifiedDate":"2021-08-15"},{"lineNumber":12,"author":{"gitId":"Chang-CH"},"content":"    public Deadline(boolean done, String description, LocalDate by) {","lastModifiedDate":"2021-08-19"},{"lineNumber":13,"author":{"gitId":"Chang-CH"},"content":"        super(done, description);","lastModifiedDate":"2021-08-19"},{"lineNumber":14,"author":{"gitId":"Chang-CH"},"content":"        this.by \u003d by;","lastModifiedDate":"2021-08-19"},{"lineNumber":15,"author":{"gitId":"Chang-CH"},"content":"    }","lastModifiedDate":"2021-08-19"},{"lineNumber":16,"author":{"gitId":"Chang-CH"},"content":"","lastModifiedDate":"2021-08-19"},{"lineNumber":17,"author":{"gitId":"Chang-CH"},"content":"    @Override","lastModifiedDate":"2021-08-15"},{"lineNumber":18,"author":{"gitId":"Chang-CH"},"content":"    public String toString() {","lastModifiedDate":"2021-08-15"},{"lineNumber":19,"author":{"gitId":"Chang-CH"},"content":"        return \"[D]\" + super.toString() + \" (by: \" + by.format(DateTimeFormatter.ofPattern(\"MMM d yyyy\")) + \")\";","lastModifiedDate":"2021-08-19"},{"lineNumber":20,"author":{"gitId":"Chang-CH"},"content":"    }","lastModifiedDate":"2021-08-15"},{"lineNumber":21,"author":{"gitId":"Chang-CH"},"content":"","lastModifiedDate":"2021-08-19"},{"lineNumber":22,"author":{"gitId":"Chang-CH"},"content":"    @Override","lastModifiedDate":"2021-08-19"},{"lineNumber":23,"author":{"gitId":"Chang-CH"},"content":"    public String saveString() {","lastModifiedDate":"2021-08-19"},{"lineNumber":24,"author":{"gitId":"Chang-CH"},"content":"        return \"D-\" + super.saveString() + \"-\" + by;","lastModifiedDate":"2021-08-19"},{"lineNumber":25,"author":{"gitId":"Chang-CH"},"content":"    }","lastModifiedDate":"2021-08-19"},{"lineNumber":26,"author":{"gitId":"Chang-CH"},"content":"}","lastModifiedDate":"2021-08-15"}],"authorContributionMap":{"Chang-CH":26}},{"path":"src/main/java/Duke.java","fileType":"java","lines":[{"lineNumber":1,"author":{"gitId":"Chang-CH"},"content":"import java.io.*;","lastModifiedDate":"2021-08-19"},{"lineNumber":2,"author":{"gitId":"Chang-CH"},"content":"import java.time.LocalDate;","lastModifiedDate":"2021-08-19"},{"lineNumber":3,"author":{"gitId":"Chang-CH"},"content":"import java.util.Scanner;","lastModifiedDate":"2021-08-15"},{"lineNumber":4,"author":{"gitId":"Chang-CH"},"content":"import java.util.ArrayList;","lastModifiedDate":"2021-08-15"},{"lineNumber":5,"author":{"gitId":"Chang-CH"},"content":"","lastModifiedDate":"2021-08-15"},{"lineNumber":6,"author":{"gitId":"Chang-CH"},"content":"","lastModifiedDate":"2021-08-15"},{"lineNumber":7,"author":{"gitId":"-"},"content":"public class Duke {","lastModifiedDate":"2019-07-29"},{"lineNumber":8,"author":{"gitId":"Chang-CH"},"content":"    private static String PATH;","lastModifiedDate":"2021-08-19"},{"lineNumber":9,"author":{"gitId":"Chang-CH"},"content":"","lastModifiedDate":"2021-08-19"},{"lineNumber":10,"author":{"gitId":"Chang-CH"},"content":"    private static boolean run;","lastModifiedDate":"2021-08-15"},{"lineNumber":11,"author":{"gitId":"Chang-CH"},"content":"    private static ArrayList\u003cTask\u003e tasks;","lastModifiedDate":"2021-08-15"},{"lineNumber":12,"author":{"gitId":"Chang-CH"},"content":"","lastModifiedDate":"2021-08-15"},{"lineNumber":13,"author":{"gitId":"Chang-CH"},"content":"","lastModifiedDate":"2021-08-15"},{"lineNumber":14,"author":{"gitId":"-"},"content":"    public static void main(String[] args) {","lastModifiedDate":"2019-07-29"},{"lineNumber":15,"author":{"gitId":"Chang-CH"},"content":"        PATH \u003d System.getProperty(\"user.dir\") + \"\\\\data\\\\save.txt\";","lastModifiedDate":"2021-08-19"},{"lineNumber":16,"author":{"gitId":"-"},"content":"        String logo \u003d \" ____        _        \\n\"","lastModifiedDate":"2019-07-29"},{"lineNumber":17,"author":{"gitId":"-"},"content":"                + \"|  _ \\\\ _   _| | _____ \\n\"","lastModifiedDate":"2019-07-29"},{"lineNumber":18,"author":{"gitId":"-"},"content":"                + \"| | | | | | | |/ / _ \\\\\\n\"","lastModifiedDate":"2019-07-29"},{"lineNumber":19,"author":{"gitId":"-"},"content":"                + \"| |_| | |_| |   \u003c  __/\\n\"","lastModifiedDate":"2019-07-29"},{"lineNumber":20,"author":{"gitId":"-"},"content":"                + \"|____/ \\\\__,_|_|\\\\_\\\\___|\\n\";","lastModifiedDate":"2019-07-29"},{"lineNumber":21,"author":{"gitId":"-"},"content":"        System.out.println(\"Hello from\\n\" + logo);","lastModifiedDate":"2019-07-29"},{"lineNumber":22,"author":{"gitId":"Chang-CH"},"content":"","lastModifiedDate":"2021-08-15"},{"lineNumber":23,"author":{"gitId":"Chang-CH"},"content":"        String greeting \u003d \"____________________________________________________________\\n\"","lastModifiedDate":"2021-08-15"},{"lineNumber":24,"author":{"gitId":"Chang-CH"},"content":"                + \"Hello! I\u0027m Python\u003eJava\\n\"","lastModifiedDate":"2021-08-15"},{"lineNumber":25,"author":{"gitId":"Chang-CH"},"content":"                + \"What must I do for you?\\n\"","lastModifiedDate":"2021-08-15"},{"lineNumber":26,"author":{"gitId":"Chang-CH"},"content":"                + \"____________________________________________________________\";","lastModifiedDate":"2021-08-15"},{"lineNumber":27,"author":{"gitId":"Chang-CH"},"content":"        System.out.println(greeting);","lastModifiedDate":"2021-08-15"},{"lineNumber":28,"author":{"gitId":"Chang-CH"},"content":"","lastModifiedDate":"2021-08-15"},{"lineNumber":29,"author":{"gitId":"Chang-CH"},"content":"        run \u003d true;","lastModifiedDate":"2021-08-15"},{"lineNumber":30,"author":{"gitId":"Chang-CH"},"content":"        fromFile(PATH);","lastModifiedDate":"2021-08-19"},{"lineNumber":31,"author":{"gitId":"Chang-CH"},"content":"","lastModifiedDate":"2021-08-15"},{"lineNumber":32,"author":{"gitId":"Chang-CH"},"content":"        Scanner inputReader \u003d new Scanner(System.in);","lastModifiedDate":"2021-08-15"},{"lineNumber":33,"author":{"gitId":"Chang-CH"},"content":"","lastModifiedDate":"2021-08-15"},{"lineNumber":34,"author":{"gitId":"Chang-CH"},"content":"        while(run) {","lastModifiedDate":"2021-08-15"},{"lineNumber":35,"author":{"gitId":"Chang-CH"},"content":"            String input \u003d inputReader.nextLine();","lastModifiedDate":"2021-08-15"},{"lineNumber":36,"author":{"gitId":"Chang-CH"},"content":"            run \u003d eval(input);","lastModifiedDate":"2021-08-15"},{"lineNumber":37,"author":{"gitId":"Chang-CH"},"content":"        }","lastModifiedDate":"2021-08-15"},{"lineNumber":38,"author":{"gitId":"Chang-CH"},"content":"","lastModifiedDate":"2021-08-15"},{"lineNumber":39,"author":{"gitId":"Chang-CH"},"content":"        inputReader.close();","lastModifiedDate":"2021-08-15"},{"lineNumber":40,"author":{"gitId":"-"},"content":"    }","lastModifiedDate":"2021-08-15"},{"lineNumber":41,"author":{"gitId":"Chang-CH"},"content":"","lastModifiedDate":"2021-08-15"},{"lineNumber":42,"author":{"gitId":"Chang-CH"},"content":"    public static boolean eval(String input) {","lastModifiedDate":"2021-08-15"},{"lineNumber":43,"author":{"gitId":"Chang-CH"},"content":"        String[] inputArray \u003d input.split(\" \");","lastModifiedDate":"2021-08-15"},{"lineNumber":44,"author":{"gitId":"Chang-CH"},"content":"        String[] params;","lastModifiedDate":"2021-08-15"},{"lineNumber":45,"author":{"gitId":"Chang-CH"},"content":"        int selectedTask;","lastModifiedDate":"2021-08-15"},{"lineNumber":46,"author":{"gitId":"Chang-CH"},"content":"","lastModifiedDate":"2021-08-15"},{"lineNumber":47,"author":{"gitId":"Chang-CH"},"content":"        switch (inputArray[0]) {","lastModifiedDate":"2021-08-15"},{"lineNumber":48,"author":{"gitId":"Chang-CH"},"content":"            case \"bye\":","lastModifiedDate":"2021-08-15"},{"lineNumber":49,"author":{"gitId":"Chang-CH"},"content":"                saveFile(PATH);","lastModifiedDate":"2021-08-19"},{"lineNumber":50,"author":{"gitId":"Chang-CH"},"content":"                System.out.println(\"____________________________________________________________\\n\"","lastModifiedDate":"2021-08-15"},{"lineNumber":51,"author":{"gitId":"Chang-CH"},"content":"                        + \"Bye. Don\u0027t come again!\\n\"","lastModifiedDate":"2021-08-15"},{"lineNumber":52,"author":{"gitId":"Chang-CH"},"content":"                        + \"____________________________________________________________\\n\");","lastModifiedDate":"2021-08-15"},{"lineNumber":53,"author":{"gitId":"Chang-CH"},"content":"                return false;","lastModifiedDate":"2021-08-15"},{"lineNumber":54,"author":{"gitId":"Chang-CH"},"content":"            case \"list\":","lastModifiedDate":"2021-08-15"},{"lineNumber":55,"author":{"gitId":"Chang-CH"},"content":"                System.out.println(\"____________________________________________________________\\n\");","lastModifiedDate":"2021-08-15"},{"lineNumber":56,"author":{"gitId":"Chang-CH"},"content":"                for(int i \u003d 0; i \u003c tasks.size(); i++) {","lastModifiedDate":"2021-08-19"},{"lineNumber":57,"author":{"gitId":"Chang-CH"},"content":"                    System.out.printf(\"%d. %s\\n\", i + 1, tasks.get(i).toString());","lastModifiedDate":"2021-08-15"},{"lineNumber":58,"author":{"gitId":"Chang-CH"},"content":"                }","lastModifiedDate":"2021-08-15"},{"lineNumber":59,"author":{"gitId":"Chang-CH"},"content":"                System.out.println(\"____________________________________________________________\\n\");","lastModifiedDate":"2021-08-15"},{"lineNumber":60,"author":{"gitId":"Chang-CH"},"content":"                return true;","lastModifiedDate":"2021-08-15"},{"lineNumber":61,"author":{"gitId":"Chang-CH"},"content":"            case \"done\":","lastModifiedDate":"2021-08-15"},{"lineNumber":62,"author":{"gitId":"Chang-CH"},"content":"                selectedTask \u003d Integer.parseInt(inputArray[1]) - 1;","lastModifiedDate":"2021-08-15"},{"lineNumber":63,"author":{"gitId":"Chang-CH"},"content":"                tasks.get(selectedTask).setDone();","lastModifiedDate":"2021-08-15"},{"lineNumber":64,"author":{"gitId":"Chang-CH"},"content":"","lastModifiedDate":"2021-08-15"},{"lineNumber":65,"author":{"gitId":"Chang-CH"},"content":"                System.out.println(\"____________________________________________________________\\n\"","lastModifiedDate":"2021-08-15"},{"lineNumber":66,"author":{"gitId":"Chang-CH"},"content":"                + \"Nice! I\u0027ve marked this task as done: \\n\"","lastModifiedDate":"2021-08-15"},{"lineNumber":67,"author":{"gitId":"Chang-CH"},"content":"                + tasks.get(selectedTask).toString() + \"\\n\"","lastModifiedDate":"2021-08-15"},{"lineNumber":68,"author":{"gitId":"Chang-CH"},"content":"                + \"____________________________________________________________\\n\");","lastModifiedDate":"2021-08-15"},{"lineNumber":69,"author":{"gitId":"Chang-CH"},"content":"                return true;","lastModifiedDate":"2021-08-15"},{"lineNumber":70,"author":{"gitId":"Chang-CH"},"content":"            case \"delete\":","lastModifiedDate":"2021-08-15"},{"lineNumber":71,"author":{"gitId":"Chang-CH"},"content":"                selectedTask \u003d Integer.parseInt(inputArray[1]) - 1;","lastModifiedDate":"2021-08-15"},{"lineNumber":72,"author":{"gitId":"Chang-CH"},"content":"                System.out.println(\"Noted. I\u0027ve removed this task:\\n\" +","lastModifiedDate":"2021-08-15"},{"lineNumber":73,"author":{"gitId":"Chang-CH"},"content":"                        tasks.get(selectedTask).toString() + \"\\n\" +","lastModifiedDate":"2021-08-15"},{"lineNumber":74,"author":{"gitId":"Chang-CH"},"content":"                        \"Now you have \" + tasks.size() + \" tasks in the list.\\n\");","lastModifiedDate":"2021-08-19"},{"lineNumber":75,"author":{"gitId":"Chang-CH"},"content":"                tasks.remove(selectedTask);","lastModifiedDate":"2021-08-15"},{"lineNumber":76,"author":{"gitId":"Chang-CH"},"content":"                return true;","lastModifiedDate":"2021-08-15"},{"lineNumber":77,"author":{"gitId":"Chang-CH"},"content":"            case \"event\":","lastModifiedDate":"2021-08-15"},{"lineNumber":78,"author":{"gitId":"Chang-CH"},"content":"                params \u003d input.split(\"/at\");","lastModifiedDate":"2021-08-15"},{"lineNumber":79,"author":{"gitId":"Chang-CH"},"content":"                params[0] \u003d params[0].substring(6, params[0].length() - 1);","lastModifiedDate":"2021-08-15"},{"lineNumber":80,"author":{"gitId":"Chang-CH"},"content":"                params[1] \u003d params[1].substring(1);","lastModifiedDate":"2021-08-15"},{"lineNumber":81,"author":{"gitId":"Chang-CH"},"content":"                tasks.add(new Event(params[0], LocalDate.parse(params[1])));","lastModifiedDate":"2021-08-19"},{"lineNumber":82,"author":{"gitId":"Chang-CH"},"content":"","lastModifiedDate":"2021-08-15"},{"lineNumber":83,"author":{"gitId":"Chang-CH"},"content":"                System.out.println(\"____________________________________________________________\\n\"","lastModifiedDate":"2021-08-15"},{"lineNumber":84,"author":{"gitId":"Chang-CH"},"content":"                        + \"Got it. I\u0027ve added this task:\\n\"","lastModifiedDate":"2021-08-15"},{"lineNumber":85,"author":{"gitId":"Chang-CH"},"content":"                        + tasks.get(tasks.size() - 1).toString() + \"\\n\"","lastModifiedDate":"2021-08-19"},{"lineNumber":86,"author":{"gitId":"Chang-CH"},"content":"                        + \"____________________________________________________________\\n\");","lastModifiedDate":"2021-08-15"},{"lineNumber":87,"author":{"gitId":"Chang-CH"},"content":"                return true;","lastModifiedDate":"2021-08-15"},{"lineNumber":88,"author":{"gitId":"Chang-CH"},"content":"            case \"deadline\":","lastModifiedDate":"2021-08-15"},{"lineNumber":89,"author":{"gitId":"Chang-CH"},"content":"                params \u003d input.split(\"/by\");","lastModifiedDate":"2021-08-15"},{"lineNumber":90,"author":{"gitId":"Chang-CH"},"content":"                params[0] \u003d params[0].substring(9, params[0].length() - 1);","lastModifiedDate":"2021-08-15"},{"lineNumber":91,"author":{"gitId":"Chang-CH"},"content":"                params[1] \u003d params[1].substring(1);","lastModifiedDate":"2021-08-15"},{"lineNumber":92,"author":{"gitId":"Chang-CH"},"content":"                tasks.add(new Deadline(params[0], LocalDate.parse(params[1])));","lastModifiedDate":"2021-08-19"},{"lineNumber":93,"author":{"gitId":"Chang-CH"},"content":"","lastModifiedDate":"2021-08-15"},{"lineNumber":94,"author":{"gitId":"Chang-CH"},"content":"                System.out.println(\"____________________________________________________________\\n\"","lastModifiedDate":"2021-08-15"},{"lineNumber":95,"author":{"gitId":"Chang-CH"},"content":"                        + \"Got it. I\u0027ve added this task:\\n\"","lastModifiedDate":"2021-08-15"},{"lineNumber":96,"author":{"gitId":"Chang-CH"},"content":"                        + tasks.get(tasks.size() - 1).toString() + \"\\n\"","lastModifiedDate":"2021-08-19"},{"lineNumber":97,"author":{"gitId":"Chang-CH"},"content":"                        + \"____________________________________________________________\\n\");","lastModifiedDate":"2021-08-15"},{"lineNumber":98,"author":{"gitId":"Chang-CH"},"content":"                return true;","lastModifiedDate":"2021-08-15"},{"lineNumber":99,"author":{"gitId":"Chang-CH"},"content":"            case \"todo\":","lastModifiedDate":"2021-08-15"},{"lineNumber":100,"author":{"gitId":"Chang-CH"},"content":"                try {","lastModifiedDate":"2021-08-15"},{"lineNumber":101,"author":{"gitId":"Chang-CH"},"content":"                    String name \u003d input.substring(5);","lastModifiedDate":"2021-08-15"},{"lineNumber":102,"author":{"gitId":"Chang-CH"},"content":"                    if (name.equals(\"\")) {","lastModifiedDate":"2021-08-15"},{"lineNumber":103,"author":{"gitId":"Chang-CH"},"content":"                        throw new StringIndexOutOfBoundsException(\"empty todo description\");","lastModifiedDate":"2021-08-15"},{"lineNumber":104,"author":{"gitId":"Chang-CH"},"content":"                    }","lastModifiedDate":"2021-08-15"},{"lineNumber":105,"author":{"gitId":"Chang-CH"},"content":"                    tasks.add(new ToDo(name));","lastModifiedDate":"2021-08-15"},{"lineNumber":106,"author":{"gitId":"Chang-CH"},"content":"                    System.out.println(\"____________________________________________________________\\n\"","lastModifiedDate":"2021-08-15"},{"lineNumber":107,"author":{"gitId":"Chang-CH"},"content":"                            + \"Got it. I\u0027ve added this task:\\n\"","lastModifiedDate":"2021-08-15"},{"lineNumber":108,"author":{"gitId":"Chang-CH"},"content":"                            + tasks.get(tasks.size() - 1).toString() + \"\\n\"","lastModifiedDate":"2021-08-19"},{"lineNumber":109,"author":{"gitId":"Chang-CH"},"content":"                            + \"____________________________________________________________\\n\");","lastModifiedDate":"2021-08-15"},{"lineNumber":110,"author":{"gitId":"Chang-CH"},"content":"                }","lastModifiedDate":"2021-08-15"},{"lineNumber":111,"author":{"gitId":"Chang-CH"},"content":"                catch (StringIndexOutOfBoundsException e) {","lastModifiedDate":"2021-08-15"},{"lineNumber":112,"author":{"gitId":"Chang-CH"},"content":"                    System.out.println(\"____________________________________________________________\\n\" +","lastModifiedDate":"2021-08-15"},{"lineNumber":113,"author":{"gitId":"Chang-CH"},"content":"                            \"OOPS!!! The description of a todo cannot be empty.\\n\" +","lastModifiedDate":"2021-08-15"},{"lineNumber":114,"author":{"gitId":"Chang-CH"},"content":"                            \"____________________________________________________________\\n\");","lastModifiedDate":"2021-08-15"},{"lineNumber":115,"author":{"gitId":"Chang-CH"},"content":"                }","lastModifiedDate":"2021-08-15"},{"lineNumber":116,"author":{"gitId":"Chang-CH"},"content":"","lastModifiedDate":"2021-08-15"},{"lineNumber":117,"author":{"gitId":"Chang-CH"},"content":"                return true;","lastModifiedDate":"2021-08-15"},{"lineNumber":118,"author":{"gitId":"Chang-CH"},"content":"            default:","lastModifiedDate":"2021-08-15"},{"lineNumber":119,"author":{"gitId":"Chang-CH"},"content":"                System.out.println(\"____________________________________________________________\\n\" +","lastModifiedDate":"2021-08-15"},{"lineNumber":120,"author":{"gitId":"Chang-CH"},"content":"                        \"OOPS!!! I\u0027m sorry, but I don\u0027t know what that means :-(\\n\" +","lastModifiedDate":"2021-08-15"},{"lineNumber":121,"author":{"gitId":"Chang-CH"},"content":"                        \"____________________________________________________________\\n\");","lastModifiedDate":"2021-08-15"},{"lineNumber":122,"author":{"gitId":"Chang-CH"},"content":"                return true;","lastModifiedDate":"2021-08-15"},{"lineNumber":123,"author":{"gitId":"Chang-CH"},"content":"        }","lastModifiedDate":"2021-08-15"},{"lineNumber":124,"author":{"gitId":"-"},"content":"    }","lastModifiedDate":"2019-07-29"},{"lineNumber":125,"author":{"gitId":"Chang-CH"},"content":"","lastModifiedDate":"2021-08-19"},{"lineNumber":126,"author":{"gitId":"Chang-CH"},"content":"    public static void fromFile(String path) {","lastModifiedDate":"2021-08-19"},{"lineNumber":127,"author":{"gitId":"Chang-CH"},"content":"        try {","lastModifiedDate":"2021-08-19"},{"lineNumber":128,"author":{"gitId":"Chang-CH"},"content":"            BufferedReader bufferedReader \u003d new BufferedReader(new FileReader(path));","lastModifiedDate":"2021-08-19"},{"lineNumber":129,"author":{"gitId":"Chang-CH"},"content":"            String line;","lastModifiedDate":"2021-08-19"},{"lineNumber":130,"author":{"gitId":"Chang-CH"},"content":"            String[] arr;","lastModifiedDate":"2021-08-19"},{"lineNumber":131,"author":{"gitId":"Chang-CH"},"content":"            boolean done;","lastModifiedDate":"2021-08-19"},{"lineNumber":132,"author":{"gitId":"Chang-CH"},"content":"            tasks \u003d new ArrayList\u003c\u003e();","lastModifiedDate":"2021-08-19"},{"lineNumber":133,"author":{"gitId":"Chang-CH"},"content":"","lastModifiedDate":"2021-08-19"},{"lineNumber":134,"author":{"gitId":"Chang-CH"},"content":"            while((line \u003d bufferedReader.readLine()) !\u003d null) {","lastModifiedDate":"2021-08-19"},{"lineNumber":135,"author":{"gitId":"Chang-CH"},"content":"                arr \u003d line.split(\"\\\\|\");","lastModifiedDate":"2021-08-19"},{"lineNumber":136,"author":{"gitId":"Chang-CH"},"content":"                done \u003d arr[1].equals(\"1\");","lastModifiedDate":"2021-08-19"},{"lineNumber":137,"author":{"gitId":"Chang-CH"},"content":"","lastModifiedDate":"2021-08-19"},{"lineNumber":138,"author":{"gitId":"Chang-CH"},"content":"                switch (arr[0]) {","lastModifiedDate":"2021-08-19"},{"lineNumber":139,"author":{"gitId":"Chang-CH"},"content":"                    case \"T\":","lastModifiedDate":"2021-08-19"},{"lineNumber":140,"author":{"gitId":"Chang-CH"},"content":"                        tasks.add(new ToDo(done, arr[2]));","lastModifiedDate":"2021-08-19"},{"lineNumber":141,"author":{"gitId":"Chang-CH"},"content":"                        break;","lastModifiedDate":"2021-08-19"},{"lineNumber":142,"author":{"gitId":"Chang-CH"},"content":"                    case \"E\":","lastModifiedDate":"2021-08-19"},{"lineNumber":143,"author":{"gitId":"Chang-CH"},"content":"                        tasks.add(new Event(done, arr[2], LocalDate.parse(arr[3])));","lastModifiedDate":"2021-08-19"},{"lineNumber":144,"author":{"gitId":"Chang-CH"},"content":"                        break;","lastModifiedDate":"2021-08-19"},{"lineNumber":145,"author":{"gitId":"Chang-CH"},"content":"                    case \"D\":","lastModifiedDate":"2021-08-19"},{"lineNumber":146,"author":{"gitId":"Chang-CH"},"content":"                        tasks.add(new Deadline(done, arr[2], LocalDate.parse(arr[3])));","lastModifiedDate":"2021-08-19"},{"lineNumber":147,"author":{"gitId":"Chang-CH"},"content":"                        break;","lastModifiedDate":"2021-08-19"},{"lineNumber":148,"author":{"gitId":"Chang-CH"},"content":"                    default:","lastModifiedDate":"2021-08-19"},{"lineNumber":149,"author":{"gitId":"Chang-CH"},"content":"                        throw new IllegalArgumentException(\"Unrecognized task flag\");","lastModifiedDate":"2021-08-19"},{"lineNumber":150,"author":{"gitId":"Chang-CH"},"content":"                }","lastModifiedDate":"2021-08-19"},{"lineNumber":151,"author":{"gitId":"Chang-CH"},"content":"            }","lastModifiedDate":"2021-08-19"},{"lineNumber":152,"author":{"gitId":"Chang-CH"},"content":"        } catch(IOException e) {","lastModifiedDate":"2021-08-19"},{"lineNumber":153,"author":{"gitId":"Chang-CH"},"content":"            System.out.println(e.toString());","lastModifiedDate":"2021-08-19"},{"lineNumber":154,"author":{"gitId":"Chang-CH"},"content":"        }","lastModifiedDate":"2021-08-19"},{"lineNumber":155,"author":{"gitId":"Chang-CH"},"content":"    }","lastModifiedDate":"2021-08-19"},{"lineNumber":156,"author":{"gitId":"Chang-CH"},"content":"","lastModifiedDate":"2021-08-19"},{"lineNumber":157,"author":{"gitId":"Chang-CH"},"content":"    public static void saveFile(String path) {","lastModifiedDate":"2021-08-19"},{"lineNumber":158,"author":{"gitId":"Chang-CH"},"content":"        StringBuilder stringBuilder \u003d new StringBuilder();","lastModifiedDate":"2021-08-19"},{"lineNumber":159,"author":{"gitId":"Chang-CH"},"content":"        for (Task task : tasks) {","lastModifiedDate":"2021-08-19"},{"lineNumber":160,"author":{"gitId":"Chang-CH"},"content":"            if (stringBuilder.length() !\u003d 0) {","lastModifiedDate":"2021-08-19"},{"lineNumber":161,"author":{"gitId":"Chang-CH"},"content":"                stringBuilder.append(\"\\n\");","lastModifiedDate":"2021-08-19"},{"lineNumber":162,"author":{"gitId":"Chang-CH"},"content":"            }","lastModifiedDate":"2021-08-19"},{"lineNumber":163,"author":{"gitId":"Chang-CH"},"content":"            stringBuilder.append(task.saveString());","lastModifiedDate":"2021-08-19"},{"lineNumber":164,"author":{"gitId":"Chang-CH"},"content":"        }","lastModifiedDate":"2021-08-19"},{"lineNumber":165,"author":{"gitId":"Chang-CH"},"content":"        try {","lastModifiedDate":"2021-08-19"},{"lineNumber":166,"author":{"gitId":"Chang-CH"},"content":"            FileWriter fileWriter \u003d new FileWriter(path);","lastModifiedDate":"2021-08-19"},{"lineNumber":167,"author":{"gitId":"Chang-CH"},"content":"            String output \u003d stringBuilder.toString();","lastModifiedDate":"2021-08-19"},{"lineNumber":168,"author":{"gitId":"Chang-CH"},"content":"            fileWriter.write(output);","lastModifiedDate":"2021-08-19"},{"lineNumber":169,"author":{"gitId":"Chang-CH"},"content":"            fileWriter.close();","lastModifiedDate":"2021-08-19"},{"lineNumber":170,"author":{"gitId":"Chang-CH"},"content":"        } catch (IOException e) {","lastModifiedDate":"2021-08-19"},{"lineNumber":171,"author":{"gitId":"Chang-CH"},"content":"            System.out.println(e);","lastModifiedDate":"2021-08-19"},{"lineNumber":172,"author":{"gitId":"Chang-CH"},"content":"        }","lastModifiedDate":"2021-08-19"},{"lineNumber":173,"author":{"gitId":"Chang-CH"},"content":"    }","lastModifiedDate":"2021-08-19"},{"lineNumber":174,"author":{"gitId":"Chang-CH"},"content":"","lastModifiedDate":"2021-08-19"},{"lineNumber":175,"author":{"gitId":"-"},"content":"}","lastModifiedDate":"2019-07-29"}],"authorContributionMap":{"Chang-CH":164,"-":11}},{"path":"src/main/java/Event.java","fileType":"java","lines":[{"lineNumber":1,"author":{"gitId":"Chang-CH"},"content":"import java.time.LocalDate;","lastModifiedDate":"2021-08-19"},{"lineNumber":2,"author":{"gitId":"Chang-CH"},"content":"import java.time.format.DateTimeFormatter;","lastModifiedDate":"2021-08-19"},{"lineNumber":3,"author":{"gitId":"Chang-CH"},"content":"","lastModifiedDate":"2021-08-19"},{"lineNumber":4,"author":{"gitId":"Chang-CH"},"content":"public class Event extends Task {","lastModifiedDate":"2021-08-15"},{"lineNumber":5,"author":{"gitId":"Chang-CH"},"content":"    protected LocalDate at;","lastModifiedDate":"2021-08-19"},{"lineNumber":6,"author":{"gitId":"Chang-CH"},"content":"","lastModifiedDate":"2021-08-15"},{"lineNumber":7,"author":{"gitId":"Chang-CH"},"content":"    public Event(String description, LocalDate at) {","lastModifiedDate":"2021-08-19"},{"lineNumber":8,"author":{"gitId":"Chang-CH"},"content":"        super(description);","lastModifiedDate":"2021-08-15"},{"lineNumber":9,"author":{"gitId":"Chang-CH"},"content":"        this.at \u003d at;","lastModifiedDate":"2021-08-15"},{"lineNumber":10,"author":{"gitId":"Chang-CH"},"content":"    }","lastModifiedDate":"2021-08-15"},{"lineNumber":11,"author":{"gitId":"Chang-CH"},"content":"","lastModifiedDate":"2021-08-15"},{"lineNumber":12,"author":{"gitId":"Chang-CH"},"content":"    public Event(boolean done, String description, LocalDate at) {","lastModifiedDate":"2021-08-19"},{"lineNumber":13,"author":{"gitId":"Chang-CH"},"content":"        super(done, description);","lastModifiedDate":"2021-08-19"},{"lineNumber":14,"author":{"gitId":"Chang-CH"},"content":"        this.at \u003d at;","lastModifiedDate":"2021-08-19"},{"lineNumber":15,"author":{"gitId":"Chang-CH"},"content":"    }","lastModifiedDate":"2021-08-19"},{"lineNumber":16,"author":{"gitId":"Chang-CH"},"content":"","lastModifiedDate":"2021-08-19"},{"lineNumber":17,"author":{"gitId":"Chang-CH"},"content":"    @Override","lastModifiedDate":"2021-08-15"},{"lineNumber":18,"author":{"gitId":"Chang-CH"},"content":"    public String toString() {","lastModifiedDate":"2021-08-15"},{"lineNumber":19,"author":{"gitId":"Chang-CH"},"content":"        return \"[E]\" + super.toString() + \" (at: \" + at.format(DateTimeFormatter.ofPattern(\"MMM d yyyy\")) + \")\";","lastModifiedDate":"2021-08-19"},{"lineNumber":20,"author":{"gitId":"Chang-CH"},"content":"    }","lastModifiedDate":"2021-08-15"},{"lineNumber":21,"author":{"gitId":"Chang-CH"},"content":"","lastModifiedDate":"2021-08-19"},{"lineNumber":22,"author":{"gitId":"Chang-CH"},"content":"    @Override","lastModifiedDate":"2021-08-19"},{"lineNumber":23,"author":{"gitId":"Chang-CH"},"content":"    public String saveString() {","lastModifiedDate":"2021-08-19"},{"lineNumber":24,"author":{"gitId":"Chang-CH"},"content":"        return \"E-\" + super.saveString() + \"-\" + at;","lastModifiedDate":"2021-08-19"},{"lineNumber":25,"author":{"gitId":"Chang-CH"},"content":"    }","lastModifiedDate":"2021-08-19"},{"lineNumber":26,"author":{"gitId":"Chang-CH"},"content":"}","lastModifiedDate":"2021-08-15"}],"authorContributionMap":{"Chang-CH":26}},{"path":"src/main/java/Task.java","fileType":"java","lines":[{"lineNumber":1,"author":{"gitId":"Chang-CH"},"content":"import java.time.LocalDate;","lastModifiedDate":"2021-08-19"},{"lineNumber":2,"author":{"gitId":"Chang-CH"},"content":"","lastModifiedDate":"2021-08-19"},{"lineNumber":3,"author":{"gitId":"Chang-CH"},"content":"public class Task {","lastModifiedDate":"2021-08-15"},{"lineNumber":4,"author":{"gitId":"Chang-CH"},"content":"    private boolean done \u003d false;","lastModifiedDate":"2021-08-15"},{"lineNumber":5,"author":{"gitId":"Chang-CH"},"content":"    private String description;","lastModifiedDate":"2021-08-15"},{"lineNumber":6,"author":{"gitId":"Chang-CH"},"content":"","lastModifiedDate":"2021-08-15"},{"lineNumber":7,"author":{"gitId":"Chang-CH"},"content":"    public Task(String description) {","lastModifiedDate":"2021-08-15"},{"lineNumber":8,"author":{"gitId":"Chang-CH"},"content":"        this.description \u003d description;","lastModifiedDate":"2021-08-15"},{"lineNumber":9,"author":{"gitId":"Chang-CH"},"content":"    }","lastModifiedDate":"2021-08-15"},{"lineNumber":10,"author":{"gitId":"Chang-CH"},"content":"","lastModifiedDate":"2021-08-15"},{"lineNumber":11,"author":{"gitId":"Chang-CH"},"content":"    public Task(boolean done, String description) {","lastModifiedDate":"2021-08-19"},{"lineNumber":12,"author":{"gitId":"Chang-CH"},"content":"        this.description \u003d description;","lastModifiedDate":"2021-08-19"},{"lineNumber":13,"author":{"gitId":"Chang-CH"},"content":"        this.done \u003d done;","lastModifiedDate":"2021-08-19"},{"lineNumber":14,"author":{"gitId":"Chang-CH"},"content":"    }","lastModifiedDate":"2021-08-19"},{"lineNumber":15,"author":{"gitId":"Chang-CH"},"content":"","lastModifiedDate":"2021-08-19"},{"lineNumber":16,"author":{"gitId":"Chang-CH"},"content":"    public void setDone() {","lastModifiedDate":"2021-08-15"},{"lineNumber":17,"author":{"gitId":"Chang-CH"},"content":"        done \u003d true;","lastModifiedDate":"2021-08-15"},{"lineNumber":18,"author":{"gitId":"Chang-CH"},"content":"    }","lastModifiedDate":"2021-08-15"},{"lineNumber":19,"author":{"gitId":"Chang-CH"},"content":"","lastModifiedDate":"2021-08-15"},{"lineNumber":20,"author":{"gitId":"Chang-CH"},"content":"    @Override","lastModifiedDate":"2021-08-15"},{"lineNumber":21,"author":{"gitId":"Chang-CH"},"content":"    public String toString() {","lastModifiedDate":"2021-08-15"},{"lineNumber":22,"author":{"gitId":"Chang-CH"},"content":"        char indicator \u003d \u0027 \u0027;","lastModifiedDate":"2021-08-15"},{"lineNumber":23,"author":{"gitId":"Chang-CH"},"content":"        if (done) {","lastModifiedDate":"2021-08-15"},{"lineNumber":24,"author":{"gitId":"Chang-CH"},"content":"            indicator \u003d \u0027X\u0027;","lastModifiedDate":"2021-08-15"},{"lineNumber":25,"author":{"gitId":"Chang-CH"},"content":"        }","lastModifiedDate":"2021-08-15"},{"lineNumber":26,"author":{"gitId":"Chang-CH"},"content":"        return \"[\" + indicator + \"] \" + this.description;","lastModifiedDate":"2021-08-15"},{"lineNumber":27,"author":{"gitId":"Chang-CH"},"content":"    }","lastModifiedDate":"2021-08-15"},{"lineNumber":28,"author":{"gitId":"Chang-CH"},"content":"","lastModifiedDate":"2021-08-19"},{"lineNumber":29,"author":{"gitId":"Chang-CH"},"content":"    public String saveString() {","lastModifiedDate":"2021-08-19"},{"lineNumber":30,"author":{"gitId":"Chang-CH"},"content":"        char indicator \u003d \u00270\u0027;","lastModifiedDate":"2021-08-19"},{"lineNumber":31,"author":{"gitId":"Chang-CH"},"content":"        if (done) {","lastModifiedDate":"2021-08-19"},{"lineNumber":32,"author":{"gitId":"Chang-CH"},"content":"            indicator \u003d \u00271\u0027;","lastModifiedDate":"2021-08-19"},{"lineNumber":33,"author":{"gitId":"Chang-CH"},"content":"        }","lastModifiedDate":"2021-08-19"},{"lineNumber":34,"author":{"gitId":"Chang-CH"},"content":"        return indicator + \"-\" + this.description;","lastModifiedDate":"2021-08-19"},{"lineNumber":35,"author":{"gitId":"Chang-CH"},"content":"    }","lastModifiedDate":"2021-08-19"},{"lineNumber":36,"author":{"gitId":"Chang-CH"},"content":"}","lastModifiedDate":"2021-08-15"}],"authorContributionMap":{"Chang-CH":36}},{"path":"src/main/java/ToDo.java","fileType":"java","lines":[{"lineNumber":1,"author":{"gitId":"Chang-CH"},"content":"public class ToDo extends Task{","lastModifiedDate":"2021-08-15"},{"lineNumber":2,"author":{"gitId":"Chang-CH"},"content":"    public ToDo(String description) {","lastModifiedDate":"2021-08-15"},{"lineNumber":3,"author":{"gitId":"Chang-CH"},"content":"        super(description);","lastModifiedDate":"2021-08-15"},{"lineNumber":4,"author":{"gitId":"Chang-CH"},"content":"    }","lastModifiedDate":"2021-08-15"},{"lineNumber":5,"author":{"gitId":"Chang-CH"},"content":"","lastModifiedDate":"2021-08-15"},{"lineNumber":6,"author":{"gitId":"Chang-CH"},"content":"    public ToDo(boolean done, String description) {","lastModifiedDate":"2021-08-19"},{"lineNumber":7,"author":{"gitId":"Chang-CH"},"content":"        super(done, description);","lastModifiedDate":"2021-08-19"},{"lineNumber":8,"author":{"gitId":"Chang-CH"},"content":"    }","lastModifiedDate":"2021-08-19"},{"lineNumber":9,"author":{"gitId":"Chang-CH"},"content":"","lastModifiedDate":"2021-08-19"},{"lineNumber":10,"author":{"gitId":"Chang-CH"},"content":"    @Override","lastModifiedDate":"2021-08-15"},{"lineNumber":11,"author":{"gitId":"Chang-CH"},"content":"    public String toString() {","lastModifiedDate":"2021-08-15"},{"lineNumber":12,"author":{"gitId":"Chang-CH"},"content":"        return \"[T]\" + super.toString();","lastModifiedDate":"2021-08-15"},{"lineNumber":13,"author":{"gitId":"Chang-CH"},"content":"    }","lastModifiedDate":"2021-08-15"},{"lineNumber":14,"author":{"gitId":"Chang-CH"},"content":"","lastModifiedDate":"2021-08-19"},{"lineNumber":15,"author":{"gitId":"Chang-CH"},"content":"    @Override","lastModifiedDate":"2021-08-19"},{"lineNumber":16,"author":{"gitId":"Chang-CH"},"content":"    public String saveString() {","lastModifiedDate":"2021-08-19"},{"lineNumber":17,"author":{"gitId":"Chang-CH"},"content":"        return \"T-\" + super.saveString();","lastModifiedDate":"2021-08-19"},{"lineNumber":18,"author":{"gitId":"Chang-CH"},"content":"    }","lastModifiedDate":"2021-08-19"},{"lineNumber":19,"author":{"gitId":"Chang-CH"},"content":"}","lastModifiedDate":"2021-08-15"}],"authorContributionMap":{"Chang-CH":19}},{"path":"text-ui-test/input.txt","fileType":"txt","lines":[{"lineNumber":1,"author":{"gitId":"Chang-CH"},"content":"todo fail 2103T","lastModifiedDate":"2021-08-15"},{"lineNumber":2,"author":{"gitId":"Chang-CH"},"content":"todo","lastModifiedDate":"2021-08-15"},{"lineNumber":3,"author":{"gitId":"Chang-CH"},"content":"todo","lastModifiedDate":"2021-08-15"},{"lineNumber":4,"author":{"gitId":"Chang-CH"},"content":"blah","lastModifiedDate":"2021-08-15"},{"lineNumber":5,"author":{"gitId":"Chang-CH"},"content":"deadline fail 2103T /by 2077 something","lastModifiedDate":"2021-08-15"},{"lineNumber":6,"author":{"gitId":"Chang-CH"},"content":"event fail 2103T /at 2077 something","lastModifiedDate":"2021-08-15"},{"lineNumber":7,"author":{"gitId":"Chang-CH"},"content":"bye","lastModifiedDate":"2021-08-15"}],"authorContributionMap":{"Chang-CH":7}}]
