[{"path":"README.md","fileType":"md","lines":[{"lineNumber":1,"author":{"gitId":"Chang-CH"},"content":"# duke.Duke project template","lastModifiedDate":"2021-08-20"},{"lineNumber":2,"author":{"gitId":"-"},"content":"","lastModifiedDate":"2020-05-25"},{"lineNumber":3,"author":{"gitId":"-"},"content":"This is a project template for a greenfield Java project. It\u0027s named after the Java mascot _Duke_. Given below are instructions on how to use it.","lastModifiedDate":"2020-05-25"},{"lineNumber":4,"author":{"gitId":"-"},"content":"","lastModifiedDate":"2020-05-25"},{"lineNumber":5,"author":{"gitId":"-"},"content":"## Setting up in Intellij","lastModifiedDate":"2020-05-25"},{"lineNumber":6,"author":{"gitId":"-"},"content":"","lastModifiedDate":"2020-05-25"},{"lineNumber":7,"author":{"gitId":"-"},"content":"Prerequisites: JDK 11, update Intellij to the most recent version.","lastModifiedDate":"2020-05-25"},{"lineNumber":8,"author":{"gitId":"-"},"content":"","lastModifiedDate":"2020-05-25"},{"lineNumber":9,"author":{"gitId":"-"},"content":"1. Open Intellij (if you are not in the welcome screen, click `File` \u003e `Close Project` to close the existing project first)","lastModifiedDate":"2021-01-17"},{"lineNumber":10,"author":{"gitId":"-"},"content":"1. Open the project into Intellij as follows:","lastModifiedDate":"2021-01-17"},{"lineNumber":11,"author":{"gitId":"-"},"content":"   1. Click `Open`.","lastModifiedDate":"2021-01-17"},{"lineNumber":12,"author":{"gitId":"-"},"content":"   1. Select the project directory, and click `OK`.","lastModifiedDate":"2021-01-17"},{"lineNumber":13,"author":{"gitId":"-"},"content":"   1. If there are any further prompts, accept the defaults.","lastModifiedDate":"2020-05-25"},{"lineNumber":14,"author":{"gitId":"-"},"content":"1. Configure the project to use **JDK 11** (not other versions) as explained in [here](https://www.jetbrains.com/help/idea/sdk.html#set-up-jdk).\u003cbr\u003e","lastModifiedDate":"2021-07-29"},{"lineNumber":15,"author":{"gitId":"-"},"content":"   In the same dialog, set the **Project language level** field to the `SDK default` option.","lastModifiedDate":"2021-07-29"},{"lineNumber":16,"author":{"gitId":"Chang-CH"},"content":"3. After that, locate the `src/main/java/duke.Duke.java` file, right-click it, and choose `Run duke.Duke.main()` (if the code editor is showing compile errors, try restarting the IDE). If the setup is correct, you should see something like the below as the output:","lastModifiedDate":"2021-08-20"},{"lineNumber":17,"author":{"gitId":"-"},"content":"   ```","lastModifiedDate":"2020-05-25"},{"lineNumber":18,"author":{"gitId":"-"},"content":"   Hello from","lastModifiedDate":"2020-05-25"},{"lineNumber":19,"author":{"gitId":"-"},"content":"    ____        _        ","lastModifiedDate":"2020-05-25"},{"lineNumber":20,"author":{"gitId":"-"},"content":"   |  _ \\ _   _| | _____ ","lastModifiedDate":"2020-05-25"},{"lineNumber":21,"author":{"gitId":"-"},"content":"   | | | | | | | |/ / _ \\","lastModifiedDate":"2020-05-25"},{"lineNumber":22,"author":{"gitId":"-"},"content":"   | |_| | |_| |   \u003c  __/","lastModifiedDate":"2020-05-25"},{"lineNumber":23,"author":{"gitId":"-"},"content":"   |____/ \\__,_|_|\\_\\___|","lastModifiedDate":"2020-05-25"},{"lineNumber":24,"author":{"gitId":"-"},"content":"   ```","lastModifiedDate":"2020-05-25"}],"authorContributionMap":{"Chang-CH":2,"-":22}},{"path":"build.gradle","fileType":"gradle","lines":[{"lineNumber":1,"author":{"gitId":"-"},"content":"plugins {","lastModifiedDate":"2020-05-25"},{"lineNumber":2,"author":{"gitId":"-"},"content":"    id \u0027java\u0027","lastModifiedDate":"2020-05-25"},{"lineNumber":3,"author":{"gitId":"-"},"content":"    id \u0027application\u0027","lastModifiedDate":"2020-05-25"},{"lineNumber":4,"author":{"gitId":"-"},"content":"    id \u0027checkstyle\u0027","lastModifiedDate":"2020-05-25"},{"lineNumber":5,"author":{"gitId":"-"},"content":"    id \u0027com.github.johnrengelman.shadow\u0027 version \u00275.1.0\u0027","lastModifiedDate":"2020-05-25"},{"lineNumber":6,"author":{"gitId":"-"},"content":"}","lastModifiedDate":"2020-05-25"},{"lineNumber":7,"author":{"gitId":"-"},"content":"","lastModifiedDate":"2020-05-25"},{"lineNumber":8,"author":{"gitId":"-"},"content":"repositories {","lastModifiedDate":"2020-05-25"},{"lineNumber":9,"author":{"gitId":"-"},"content":"    mavenCentral()","lastModifiedDate":"2020-05-25"},{"lineNumber":10,"author":{"gitId":"-"},"content":"}","lastModifiedDate":"2020-05-25"},{"lineNumber":11,"author":{"gitId":"-"},"content":"","lastModifiedDate":"2020-05-25"},{"lineNumber":12,"author":{"gitId":"-"},"content":"dependencies {","lastModifiedDate":"2020-05-25"},{"lineNumber":13,"author":{"gitId":"-"},"content":"    testImplementation group: \u0027org.junit.jupiter\u0027, name: \u0027junit-jupiter-api\u0027, version: \u00275.5.0\u0027","lastModifiedDate":"2020-05-25"},{"lineNumber":14,"author":{"gitId":"-"},"content":"    testRuntimeOnly group: \u0027org.junit.jupiter\u0027, name: \u0027junit-jupiter-engine\u0027, version: \u00275.5.0\u0027","lastModifiedDate":"2020-05-25"},{"lineNumber":15,"author":{"gitId":"-"},"content":"}","lastModifiedDate":"2020-05-25"},{"lineNumber":16,"author":{"gitId":"-"},"content":"","lastModifiedDate":"2020-05-25"},{"lineNumber":17,"author":{"gitId":"-"},"content":"test {","lastModifiedDate":"2020-05-25"},{"lineNumber":18,"author":{"gitId":"-"},"content":"    useJUnitPlatform()","lastModifiedDate":"2020-05-25"},{"lineNumber":19,"author":{"gitId":"-"},"content":"","lastModifiedDate":"2020-05-25"},{"lineNumber":20,"author":{"gitId":"-"},"content":"    testLogging {","lastModifiedDate":"2020-05-25"},{"lineNumber":21,"author":{"gitId":"-"},"content":"        events \"passed\", \"skipped\", \"failed\"","lastModifiedDate":"2020-05-25"},{"lineNumber":22,"author":{"gitId":"-"},"content":"","lastModifiedDate":"2020-05-25"},{"lineNumber":23,"author":{"gitId":"-"},"content":"        showExceptions true","lastModifiedDate":"2020-05-25"},{"lineNumber":24,"author":{"gitId":"-"},"content":"        exceptionFormat \"full\"","lastModifiedDate":"2020-05-25"},{"lineNumber":25,"author":{"gitId":"-"},"content":"        showCauses true","lastModifiedDate":"2020-05-25"},{"lineNumber":26,"author":{"gitId":"-"},"content":"        showStackTraces true","lastModifiedDate":"2020-05-25"},{"lineNumber":27,"author":{"gitId":"-"},"content":"        showStandardStreams \u003d false","lastModifiedDate":"2020-05-25"},{"lineNumber":28,"author":{"gitId":"-"},"content":"    }","lastModifiedDate":"2020-05-25"},{"lineNumber":29,"author":{"gitId":"-"},"content":"}","lastModifiedDate":"2020-05-25"},{"lineNumber":30,"author":{"gitId":"-"},"content":"","lastModifiedDate":"2020-05-25"},{"lineNumber":31,"author":{"gitId":"-"},"content":"application {","lastModifiedDate":"2020-05-25"},{"lineNumber":32,"author":{"gitId":"Chang-CH"},"content":"    mainClassName \u003d \"seedu.duke.duke.Duke\"","lastModifiedDate":"2021-08-20"},{"lineNumber":33,"author":{"gitId":"-"},"content":"}","lastModifiedDate":"2020-05-25"},{"lineNumber":34,"author":{"gitId":"-"},"content":"","lastModifiedDate":"2020-05-25"},{"lineNumber":35,"author":{"gitId":"-"},"content":"shadowJar {","lastModifiedDate":"2020-05-25"},{"lineNumber":36,"author":{"gitId":"-"},"content":"    archiveBaseName \u003d \"duke\"","lastModifiedDate":"2020-05-25"},{"lineNumber":37,"author":{"gitId":"-"},"content":"    archiveClassifier \u003d null","lastModifiedDate":"2020-05-25"},{"lineNumber":38,"author":{"gitId":"-"},"content":"}","lastModifiedDate":"2020-05-25"},{"lineNumber":39,"author":{"gitId":"-"},"content":"","lastModifiedDate":"2020-05-25"},{"lineNumber":40,"author":{"gitId":"-"},"content":"checkstyle {","lastModifiedDate":"2020-05-25"},{"lineNumber":41,"author":{"gitId":"-"},"content":"    toolVersion \u003d \u00278.29\u0027","lastModifiedDate":"2020-05-25"},{"lineNumber":42,"author":{"gitId":"-"},"content":"}","lastModifiedDate":"2020-05-25"},{"lineNumber":43,"author":{"gitId":"-"},"content":"","lastModifiedDate":"2020-05-25"},{"lineNumber":44,"author":{"gitId":"-"},"content":"run{","lastModifiedDate":"2020-05-25"},{"lineNumber":45,"author":{"gitId":"-"},"content":"    standardInput \u003d System.in","lastModifiedDate":"2020-05-25"},{"lineNumber":46,"author":{"gitId":"-"},"content":"}","lastModifiedDate":"2020-05-25"}],"authorContributionMap":{"-":45,"Chang-CH":1}},{"path":"src/main/java/duke/Duke.java","fileType":"java","lines":[{"lineNumber":1,"author":{"gitId":"Chang-CH"},"content":"package duke;","lastModifiedDate":"2021-08-20"},{"lineNumber":2,"author":{"gitId":"Chang-CH"},"content":"","lastModifiedDate":"2021-08-20"},{"lineNumber":3,"author":{"gitId":"Chang-CH"},"content":"import duke.command.Command;","lastModifiedDate":"2021-08-20"},{"lineNumber":4,"author":{"gitId":"Chang-CH"},"content":"import duke.exception.DukeException;","lastModifiedDate":"2021-08-20"},{"lineNumber":5,"author":{"gitId":"Chang-CH"},"content":"","lastModifiedDate":"2021-08-20"},{"lineNumber":6,"author":{"gitId":"Chang-CH"},"content":"","lastModifiedDate":"2021-08-20"},{"lineNumber":7,"author":{"gitId":"Chang-CH"},"content":"public class Duke {","lastModifiedDate":"2021-08-20"},{"lineNumber":8,"author":{"gitId":"Chang-CH"},"content":"    private static String PATH;","lastModifiedDate":"2021-08-20"},{"lineNumber":9,"author":{"gitId":"Chang-CH"},"content":"","lastModifiedDate":"2021-08-20"},{"lineNumber":10,"author":{"gitId":"Chang-CH"},"content":"    private Storage storage;","lastModifiedDate":"2021-08-20"},{"lineNumber":11,"author":{"gitId":"Chang-CH"},"content":"    private Ui ui;","lastModifiedDate":"2021-08-20"},{"lineNumber":12,"author":{"gitId":"Chang-CH"},"content":"    private TaskList tasks;","lastModifiedDate":"2021-08-20"},{"lineNumber":13,"author":{"gitId":"Chang-CH"},"content":"","lastModifiedDate":"2021-08-20"},{"lineNumber":14,"author":{"gitId":"Chang-CH"},"content":"    public Duke(String filePath) {","lastModifiedDate":"2021-08-20"},{"lineNumber":15,"author":{"gitId":"Chang-CH"},"content":"        ui \u003d new Ui();","lastModifiedDate":"2021-08-20"},{"lineNumber":16,"author":{"gitId":"Chang-CH"},"content":"        storage \u003d new Storage(filePath);","lastModifiedDate":"2021-08-20"},{"lineNumber":17,"author":{"gitId":"Chang-CH"},"content":"        tasks \u003d storage.load();","lastModifiedDate":"2021-08-20"},{"lineNumber":18,"author":{"gitId":"Chang-CH"},"content":"        storage \u003d new Storage(filePath);","lastModifiedDate":"2021-08-20"},{"lineNumber":19,"author":{"gitId":"Chang-CH"},"content":"    }","lastModifiedDate":"2021-08-20"},{"lineNumber":20,"author":{"gitId":"Chang-CH"},"content":"","lastModifiedDate":"2021-08-20"},{"lineNumber":21,"author":{"gitId":"Chang-CH"},"content":"","lastModifiedDate":"2021-08-20"},{"lineNumber":22,"author":{"gitId":"Chang-CH"},"content":"    public static void main(String[] args) {","lastModifiedDate":"2021-08-20"},{"lineNumber":23,"author":{"gitId":"Chang-CH"},"content":"        PATH \u003d System.getProperty(\"user.dir\") + \"\\\\data\\\\save.txt\";","lastModifiedDate":"2021-08-20"},{"lineNumber":24,"author":{"gitId":"Chang-CH"},"content":"        new Duke(PATH).run();","lastModifiedDate":"2021-08-20"},{"lineNumber":25,"author":{"gitId":"Chang-CH"},"content":"    }","lastModifiedDate":"2021-08-20"},{"lineNumber":26,"author":{"gitId":"Chang-CH"},"content":"","lastModifiedDate":"2021-08-20"},{"lineNumber":27,"author":{"gitId":"Chang-CH"},"content":"    public void run() {","lastModifiedDate":"2021-08-20"},{"lineNumber":28,"author":{"gitId":"Chang-CH"},"content":"        ui.showWelcome();","lastModifiedDate":"2021-08-20"},{"lineNumber":29,"author":{"gitId":"Chang-CH"},"content":"        boolean isExit \u003d false;","lastModifiedDate":"2021-08-20"},{"lineNumber":30,"author":{"gitId":"Chang-CH"},"content":"        while (!isExit) {","lastModifiedDate":"2021-08-20"},{"lineNumber":31,"author":{"gitId":"Chang-CH"},"content":"            ui.showLine();","lastModifiedDate":"2021-08-20"},{"lineNumber":32,"author":{"gitId":"Chang-CH"},"content":"            try {","lastModifiedDate":"2021-08-20"},{"lineNumber":33,"author":{"gitId":"Chang-CH"},"content":"                String fullCommand \u003d ui.readCommand();","lastModifiedDate":"2021-08-20"},{"lineNumber":34,"author":{"gitId":"Chang-CH"},"content":"                Command c \u003d Parser.parse(fullCommand);","lastModifiedDate":"2021-08-20"},{"lineNumber":35,"author":{"gitId":"Chang-CH"},"content":"                c.execute(tasks, ui, storage);","lastModifiedDate":"2021-08-20"},{"lineNumber":36,"author":{"gitId":"Chang-CH"},"content":"                isExit \u003d c.isExit();","lastModifiedDate":"2021-08-20"},{"lineNumber":37,"author":{"gitId":"Chang-CH"},"content":"            } catch (DukeException e) {","lastModifiedDate":"2021-08-20"},{"lineNumber":38,"author":{"gitId":"Chang-CH"},"content":"                ui.showError(e.getMessage());","lastModifiedDate":"2021-08-20"},{"lineNumber":39,"author":{"gitId":"Chang-CH"},"content":"            }","lastModifiedDate":"2021-08-20"},{"lineNumber":40,"author":{"gitId":"Chang-CH"},"content":"            ui.showLine();","lastModifiedDate":"2021-08-20"},{"lineNumber":41,"author":{"gitId":"Chang-CH"},"content":"        }","lastModifiedDate":"2021-08-20"},{"lineNumber":42,"author":{"gitId":"Chang-CH"},"content":"    }","lastModifiedDate":"2021-08-20"},{"lineNumber":43,"author":{"gitId":"Chang-CH"},"content":"}","lastModifiedDate":"2021-08-20"}],"authorContributionMap":{"Chang-CH":43}},{"path":"src/main/java/duke/Parser.java","fileType":"java","lines":[{"lineNumber":1,"author":{"gitId":"Chang-CH"},"content":"package duke;","lastModifiedDate":"2021-08-20"},{"lineNumber":2,"author":{"gitId":"Chang-CH"},"content":"","lastModifiedDate":"2021-08-20"},{"lineNumber":3,"author":{"gitId":"Chang-CH"},"content":"import duke.command.*;","lastModifiedDate":"2021-08-20"},{"lineNumber":4,"author":{"gitId":"Chang-CH"},"content":"import duke.exception.DukeException;","lastModifiedDate":"2021-08-20"},{"lineNumber":5,"author":{"gitId":"Chang-CH"},"content":"import duke.task.Deadline;","lastModifiedDate":"2021-08-20"},{"lineNumber":6,"author":{"gitId":"Chang-CH"},"content":"import duke.task.Event;","lastModifiedDate":"2021-08-20"},{"lineNumber":7,"author":{"gitId":"Chang-CH"},"content":"import duke.task.ToDo;","lastModifiedDate":"2021-08-20"},{"lineNumber":8,"author":{"gitId":"Chang-CH"},"content":"","lastModifiedDate":"2021-08-20"},{"lineNumber":9,"author":{"gitId":"Chang-CH"},"content":"import java.time.LocalDate;","lastModifiedDate":"2021-08-20"},{"lineNumber":10,"author":{"gitId":"Chang-CH"},"content":"","lastModifiedDate":"2021-08-20"},{"lineNumber":11,"author":{"gitId":"Chang-CH"},"content":"public class Parser {","lastModifiedDate":"2021-08-20"},{"lineNumber":12,"author":{"gitId":"Chang-CH"},"content":"    public static Command parse(String input) throws DukeException {","lastModifiedDate":"2021-08-20"},{"lineNumber":13,"author":{"gitId":"Chang-CH"},"content":"        String[] inputArray \u003d input.split(\" \");","lastModifiedDate":"2021-08-20"},{"lineNumber":14,"author":{"gitId":"Chang-CH"},"content":"        String[] params;","lastModifiedDate":"2021-08-20"},{"lineNumber":15,"author":{"gitId":"Chang-CH"},"content":"        int selectedTask;","lastModifiedDate":"2021-08-20"},{"lineNumber":16,"author":{"gitId":"Chang-CH"},"content":"","lastModifiedDate":"2021-08-20"},{"lineNumber":17,"author":{"gitId":"Chang-CH"},"content":"        switch (inputArray[0]) {","lastModifiedDate":"2021-08-20"},{"lineNumber":18,"author":{"gitId":"Chang-CH"},"content":"            case \"bye\":","lastModifiedDate":"2021-08-20"},{"lineNumber":19,"author":{"gitId":"Chang-CH"},"content":"                return new ExitCommand();","lastModifiedDate":"2021-08-20"},{"lineNumber":20,"author":{"gitId":"Chang-CH"},"content":"            case \"list\":","lastModifiedDate":"2021-08-20"},{"lineNumber":21,"author":{"gitId":"Chang-CH"},"content":"                return new ListCommand();","lastModifiedDate":"2021-08-20"},{"lineNumber":22,"author":{"gitId":"Chang-CH"},"content":"            case \"done\":","lastModifiedDate":"2021-08-20"},{"lineNumber":23,"author":{"gitId":"Chang-CH"},"content":"                selectedTask \u003d Integer.parseInt(inputArray[1]) - 1;","lastModifiedDate":"2021-08-20"},{"lineNumber":24,"author":{"gitId":"Chang-CH"},"content":"                return new DoneCommand(selectedTask);","lastModifiedDate":"2021-08-20"},{"lineNumber":25,"author":{"gitId":"Chang-CH"},"content":"            case \"delete\":","lastModifiedDate":"2021-08-20"},{"lineNumber":26,"author":{"gitId":"Chang-CH"},"content":"                selectedTask \u003d Integer.parseInt(inputArray[1]) - 1;","lastModifiedDate":"2021-08-20"},{"lineNumber":27,"author":{"gitId":"Chang-CH"},"content":"                return new DeleteCommand(selectedTask);","lastModifiedDate":"2021-08-20"},{"lineNumber":28,"author":{"gitId":"Chang-CH"},"content":"            case \"event\":","lastModifiedDate":"2021-08-20"},{"lineNumber":29,"author":{"gitId":"Chang-CH"},"content":"                params \u003d input.split(\"/at\");","lastModifiedDate":"2021-08-20"},{"lineNumber":30,"author":{"gitId":"Chang-CH"},"content":"                params[0] \u003d params[0].substring(6, params[0].length() - 1);","lastModifiedDate":"2021-08-20"},{"lineNumber":31,"author":{"gitId":"Chang-CH"},"content":"                params[1] \u003d params[1].substring(1);","lastModifiedDate":"2021-08-20"},{"lineNumber":32,"author":{"gitId":"Chang-CH"},"content":"                return new AddCommand(new Event(params[0], LocalDate.parse(params[1])));","lastModifiedDate":"2021-08-20"},{"lineNumber":33,"author":{"gitId":"Chang-CH"},"content":"            case \"deadline\":","lastModifiedDate":"2021-08-20"},{"lineNumber":34,"author":{"gitId":"Chang-CH"},"content":"                params \u003d input.split(\"/by\");","lastModifiedDate":"2021-08-20"},{"lineNumber":35,"author":{"gitId":"Chang-CH"},"content":"                params[0] \u003d params[0].substring(9, params[0].length() - 1);","lastModifiedDate":"2021-08-20"},{"lineNumber":36,"author":{"gitId":"Chang-CH"},"content":"                params[1] \u003d params[1].substring(1);","lastModifiedDate":"2021-08-20"},{"lineNumber":37,"author":{"gitId":"Chang-CH"},"content":"                return new AddCommand(new Deadline(params[0], LocalDate.parse(params[1])));","lastModifiedDate":"2021-08-20"},{"lineNumber":38,"author":{"gitId":"Chang-CH"},"content":"            case \"todo\":","lastModifiedDate":"2021-08-20"},{"lineNumber":39,"author":{"gitId":"Chang-CH"},"content":"                try {","lastModifiedDate":"2021-08-20"},{"lineNumber":40,"author":{"gitId":"Chang-CH"},"content":"                    String name \u003d input.substring(5);","lastModifiedDate":"2021-08-20"},{"lineNumber":41,"author":{"gitId":"Chang-CH"},"content":"                    if (name.equals(\"\")) {","lastModifiedDate":"2021-08-20"},{"lineNumber":42,"author":{"gitId":"Chang-CH"},"content":"                        throw new DukeException(\"OOPS!!! The description of a todo cannot be empty.\");","lastModifiedDate":"2021-08-20"},{"lineNumber":43,"author":{"gitId":"Chang-CH"},"content":"                    }","lastModifiedDate":"2021-08-20"},{"lineNumber":44,"author":{"gitId":"Chang-CH"},"content":"                    return new AddCommand(new ToDo(name));","lastModifiedDate":"2021-08-20"},{"lineNumber":45,"author":{"gitId":"Chang-CH"},"content":"                }","lastModifiedDate":"2021-08-20"},{"lineNumber":46,"author":{"gitId":"Chang-CH"},"content":"                catch (StringIndexOutOfBoundsException e) {","lastModifiedDate":"2021-08-20"},{"lineNumber":47,"author":{"gitId":"Chang-CH"},"content":"                    throw new DukeException(\"OOPS!!! The description of a todo cannot be empty.\");","lastModifiedDate":"2021-08-20"},{"lineNumber":48,"author":{"gitId":"Chang-CH"},"content":"                }","lastModifiedDate":"2021-08-20"},{"lineNumber":49,"author":{"gitId":"Chang-CH"},"content":"            default:","lastModifiedDate":"2021-08-20"},{"lineNumber":50,"author":{"gitId":"Chang-CH"},"content":"                throw new DukeException(\"OOPS!!! I\u0027m sorry, but I don\u0027t know what that means :-(\");","lastModifiedDate":"2021-08-20"},{"lineNumber":51,"author":{"gitId":"Chang-CH"},"content":"        }","lastModifiedDate":"2021-08-20"},{"lineNumber":52,"author":{"gitId":"Chang-CH"},"content":"    }","lastModifiedDate":"2021-08-20"},{"lineNumber":53,"author":{"gitId":"Chang-CH"},"content":"}","lastModifiedDate":"2021-08-20"}],"authorContributionMap":{"Chang-CH":53}},{"path":"src/main/java/duke/Storage.java","fileType":"java","lines":[{"lineNumber":1,"author":{"gitId":"Chang-CH"},"content":"package duke;","lastModifiedDate":"2021-08-20"},{"lineNumber":2,"author":{"gitId":"Chang-CH"},"content":"","lastModifiedDate":"2021-08-20"},{"lineNumber":3,"author":{"gitId":"Chang-CH"},"content":"import duke.task.Deadline;","lastModifiedDate":"2021-08-20"},{"lineNumber":4,"author":{"gitId":"Chang-CH"},"content":"import duke.task.Event;","lastModifiedDate":"2021-08-20"},{"lineNumber":5,"author":{"gitId":"Chang-CH"},"content":"import duke.task.ToDo;","lastModifiedDate":"2021-08-20"},{"lineNumber":6,"author":{"gitId":"Chang-CH"},"content":"","lastModifiedDate":"2021-08-20"},{"lineNumber":7,"author":{"gitId":"Chang-CH"},"content":"import java.io.BufferedReader;","lastModifiedDate":"2021-08-20"},{"lineNumber":8,"author":{"gitId":"Chang-CH"},"content":"import java.io.FileReader;","lastModifiedDate":"2021-08-20"},{"lineNumber":9,"author":{"gitId":"Chang-CH"},"content":"import java.io.FileWriter;","lastModifiedDate":"2021-08-20"},{"lineNumber":10,"author":{"gitId":"Chang-CH"},"content":"import java.io.IOException;","lastModifiedDate":"2021-08-20"},{"lineNumber":11,"author":{"gitId":"Chang-CH"},"content":"import java.time.LocalDate;","lastModifiedDate":"2021-08-20"},{"lineNumber":12,"author":{"gitId":"Chang-CH"},"content":"","lastModifiedDate":"2021-08-20"},{"lineNumber":13,"author":{"gitId":"Chang-CH"},"content":"public class Storage {","lastModifiedDate":"2021-08-20"},{"lineNumber":14,"author":{"gitId":"Chang-CH"},"content":"    private String path;","lastModifiedDate":"2021-08-20"},{"lineNumber":15,"author":{"gitId":"Chang-CH"},"content":"","lastModifiedDate":"2021-08-20"},{"lineNumber":16,"author":{"gitId":"Chang-CH"},"content":"    public Storage(String path) {","lastModifiedDate":"2021-08-20"},{"lineNumber":17,"author":{"gitId":"Chang-CH"},"content":"        this.path \u003d path;","lastModifiedDate":"2021-08-20"},{"lineNumber":18,"author":{"gitId":"Chang-CH"},"content":"    }","lastModifiedDate":"2021-08-20"},{"lineNumber":19,"author":{"gitId":"Chang-CH"},"content":"","lastModifiedDate":"2021-08-20"},{"lineNumber":20,"author":{"gitId":"Chang-CH"},"content":"","lastModifiedDate":"2021-08-20"},{"lineNumber":21,"author":{"gitId":"Chang-CH"},"content":"    public TaskList load() {","lastModifiedDate":"2021-08-20"},{"lineNumber":22,"author":{"gitId":"Chang-CH"},"content":"        TaskList tasks \u003d new TaskList();","lastModifiedDate":"2021-08-20"},{"lineNumber":23,"author":{"gitId":"Chang-CH"},"content":"        try {","lastModifiedDate":"2021-08-20"},{"lineNumber":24,"author":{"gitId":"Chang-CH"},"content":"            BufferedReader bufferedReader \u003d new BufferedReader(new FileReader(path));","lastModifiedDate":"2021-08-20"},{"lineNumber":25,"author":{"gitId":"Chang-CH"},"content":"            String line;","lastModifiedDate":"2021-08-20"},{"lineNumber":26,"author":{"gitId":"Chang-CH"},"content":"            String[] arr;","lastModifiedDate":"2021-08-20"},{"lineNumber":27,"author":{"gitId":"Chang-CH"},"content":"            boolean done;","lastModifiedDate":"2021-08-20"},{"lineNumber":28,"author":{"gitId":"Chang-CH"},"content":"","lastModifiedDate":"2021-08-20"},{"lineNumber":29,"author":{"gitId":"Chang-CH"},"content":"            while((line \u003d bufferedReader.readLine()) !\u003d null) {","lastModifiedDate":"2021-08-20"},{"lineNumber":30,"author":{"gitId":"Chang-CH"},"content":"                arr \u003d line.split(\"\\\\|\");","lastModifiedDate":"2021-08-20"},{"lineNumber":31,"author":{"gitId":"Chang-CH"},"content":"                done \u003d arr[1].equals(\"1\");","lastModifiedDate":"2021-08-20"},{"lineNumber":32,"author":{"gitId":"Chang-CH"},"content":"","lastModifiedDate":"2021-08-20"},{"lineNumber":33,"author":{"gitId":"Chang-CH"},"content":"                switch (arr[0]) {","lastModifiedDate":"2021-08-20"},{"lineNumber":34,"author":{"gitId":"Chang-CH"},"content":"                    case \"T\":","lastModifiedDate":"2021-08-20"},{"lineNumber":35,"author":{"gitId":"Chang-CH"},"content":"                        tasks.add(new ToDo(done, arr[2]));","lastModifiedDate":"2021-08-20"},{"lineNumber":36,"author":{"gitId":"Chang-CH"},"content":"                        break;","lastModifiedDate":"2021-08-20"},{"lineNumber":37,"author":{"gitId":"Chang-CH"},"content":"                    case \"E\":","lastModifiedDate":"2021-08-20"},{"lineNumber":38,"author":{"gitId":"Chang-CH"},"content":"                        tasks.add(new Event(done, arr[2], LocalDate.parse(arr[3])));","lastModifiedDate":"2021-08-20"},{"lineNumber":39,"author":{"gitId":"Chang-CH"},"content":"                        break;","lastModifiedDate":"2021-08-20"},{"lineNumber":40,"author":{"gitId":"Chang-CH"},"content":"                    case \"D\":","lastModifiedDate":"2021-08-20"},{"lineNumber":41,"author":{"gitId":"Chang-CH"},"content":"                        tasks.add(new Deadline(done, arr[2], LocalDate.parse(arr[3])));","lastModifiedDate":"2021-08-20"},{"lineNumber":42,"author":{"gitId":"Chang-CH"},"content":"                        break;","lastModifiedDate":"2021-08-20"},{"lineNumber":43,"author":{"gitId":"Chang-CH"},"content":"                    default:","lastModifiedDate":"2021-08-20"},{"lineNumber":44,"author":{"gitId":"Chang-CH"},"content":"                        throw new IllegalArgumentException(\"Unrecognized task flag\");","lastModifiedDate":"2021-08-20"},{"lineNumber":45,"author":{"gitId":"Chang-CH"},"content":"                }","lastModifiedDate":"2021-08-20"},{"lineNumber":46,"author":{"gitId":"Chang-CH"},"content":"            }","lastModifiedDate":"2021-08-20"},{"lineNumber":47,"author":{"gitId":"Chang-CH"},"content":"        } catch(IOException e) {","lastModifiedDate":"2021-08-20"},{"lineNumber":48,"author":{"gitId":"Chang-CH"},"content":"            System.out.println(e.toString());","lastModifiedDate":"2021-08-20"},{"lineNumber":49,"author":{"gitId":"Chang-CH"},"content":"        }","lastModifiedDate":"2021-08-20"},{"lineNumber":50,"author":{"gitId":"Chang-CH"},"content":"        return tasks;","lastModifiedDate":"2021-08-20"},{"lineNumber":51,"author":{"gitId":"Chang-CH"},"content":"    }","lastModifiedDate":"2021-08-20"},{"lineNumber":52,"author":{"gitId":"Chang-CH"},"content":"","lastModifiedDate":"2021-08-20"},{"lineNumber":53,"author":{"gitId":"Chang-CH"},"content":"    public void saveFile(TaskList tasks) {","lastModifiedDate":"2021-08-20"},{"lineNumber":54,"author":{"gitId":"Chang-CH"},"content":"        try {","lastModifiedDate":"2021-08-20"},{"lineNumber":55,"author":{"gitId":"Chang-CH"},"content":"            FileWriter fileWriter \u003d new FileWriter(path);","lastModifiedDate":"2021-08-20"},{"lineNumber":56,"author":{"gitId":"Chang-CH"},"content":"            fileWriter.write(tasks.toString());","lastModifiedDate":"2021-08-20"},{"lineNumber":57,"author":{"gitId":"Chang-CH"},"content":"            fileWriter.close();","lastModifiedDate":"2021-08-20"},{"lineNumber":58,"author":{"gitId":"Chang-CH"},"content":"        } catch (IOException e) {","lastModifiedDate":"2021-08-20"},{"lineNumber":59,"author":{"gitId":"Chang-CH"},"content":"            System.out.println(e);","lastModifiedDate":"2021-08-20"},{"lineNumber":60,"author":{"gitId":"Chang-CH"},"content":"        }","lastModifiedDate":"2021-08-20"},{"lineNumber":61,"author":{"gitId":"Chang-CH"},"content":"    }","lastModifiedDate":"2021-08-20"},{"lineNumber":62,"author":{"gitId":"Chang-CH"},"content":"}","lastModifiedDate":"2021-08-20"}],"authorContributionMap":{"Chang-CH":62}},{"path":"src/main/java/duke/TaskList.java","fileType":"java","lines":[{"lineNumber":1,"author":{"gitId":"Chang-CH"},"content":"package duke;","lastModifiedDate":"2021-08-20"},{"lineNumber":2,"author":{"gitId":"Chang-CH"},"content":"","lastModifiedDate":"2021-08-20"},{"lineNumber":3,"author":{"gitId":"Chang-CH"},"content":"import duke.task.Task;","lastModifiedDate":"2021-08-20"},{"lineNumber":4,"author":{"gitId":"Chang-CH"},"content":"","lastModifiedDate":"2021-08-20"},{"lineNumber":5,"author":{"gitId":"Chang-CH"},"content":"import java.util.ArrayList;","lastModifiedDate":"2021-08-20"},{"lineNumber":6,"author":{"gitId":"Chang-CH"},"content":"","lastModifiedDate":"2021-08-20"},{"lineNumber":7,"author":{"gitId":"Chang-CH"},"content":"public class TaskList {","lastModifiedDate":"2021-08-20"},{"lineNumber":8,"author":{"gitId":"Chang-CH"},"content":"    ArrayList\u003cTask\u003e tList;","lastModifiedDate":"2021-08-20"},{"lineNumber":9,"author":{"gitId":"Chang-CH"},"content":"    public TaskList() {","lastModifiedDate":"2021-08-20"},{"lineNumber":10,"author":{"gitId":"Chang-CH"},"content":"        tList \u003d new ArrayList\u003c\u003e();","lastModifiedDate":"2021-08-20"},{"lineNumber":11,"author":{"gitId":"Chang-CH"},"content":"    }","lastModifiedDate":"2021-08-20"},{"lineNumber":12,"author":{"gitId":"Chang-CH"},"content":"","lastModifiedDate":"2021-08-20"},{"lineNumber":13,"author":{"gitId":"Chang-CH"},"content":"    public void add(Task task) {","lastModifiedDate":"2021-08-20"},{"lineNumber":14,"author":{"gitId":"Chang-CH"},"content":"        tList.add(task);","lastModifiedDate":"2021-08-20"},{"lineNumber":15,"author":{"gitId":"Chang-CH"},"content":"    }","lastModifiedDate":"2021-08-20"},{"lineNumber":16,"author":{"gitId":"Chang-CH"},"content":"","lastModifiedDate":"2021-08-20"},{"lineNumber":17,"author":{"gitId":"Chang-CH"},"content":"    @Override","lastModifiedDate":"2021-08-20"},{"lineNumber":18,"author":{"gitId":"Chang-CH"},"content":"    public String toString() {","lastModifiedDate":"2021-08-20"},{"lineNumber":19,"author":{"gitId":"Chang-CH"},"content":"        StringBuilder stringBuilder \u003d new StringBuilder();","lastModifiedDate":"2021-08-20"},{"lineNumber":20,"author":{"gitId":"Chang-CH"},"content":"        for (Task task : tList) {","lastModifiedDate":"2021-08-20"},{"lineNumber":21,"author":{"gitId":"Chang-CH"},"content":"            if (stringBuilder.length() !\u003d 0) {","lastModifiedDate":"2021-08-20"},{"lineNumber":22,"author":{"gitId":"Chang-CH"},"content":"                stringBuilder.append(\"\\n\");","lastModifiedDate":"2021-08-20"},{"lineNumber":23,"author":{"gitId":"Chang-CH"},"content":"            }","lastModifiedDate":"2021-08-20"},{"lineNumber":24,"author":{"gitId":"Chang-CH"},"content":"            String save \u003d task.saveString();","lastModifiedDate":"2021-08-20"},{"lineNumber":25,"author":{"gitId":"Chang-CH"},"content":"            System.out.println(save);","lastModifiedDate":"2021-08-20"},{"lineNumber":26,"author":{"gitId":"Chang-CH"},"content":"            stringBuilder.append(save);","lastModifiedDate":"2021-08-20"},{"lineNumber":27,"author":{"gitId":"Chang-CH"},"content":"        }","lastModifiedDate":"2021-08-20"},{"lineNumber":28,"author":{"gitId":"Chang-CH"},"content":"        return stringBuilder.toString();","lastModifiedDate":"2021-08-20"},{"lineNumber":29,"author":{"gitId":"Chang-CH"},"content":"    }","lastModifiedDate":"2021-08-20"},{"lineNumber":30,"author":{"gitId":"Chang-CH"},"content":"","lastModifiedDate":"2021-08-20"},{"lineNumber":31,"author":{"gitId":"Chang-CH"},"content":"    public int size() {","lastModifiedDate":"2021-08-20"},{"lineNumber":32,"author":{"gitId":"Chang-CH"},"content":"        return tList.size();","lastModifiedDate":"2021-08-20"},{"lineNumber":33,"author":{"gitId":"Chang-CH"},"content":"    }","lastModifiedDate":"2021-08-20"},{"lineNumber":34,"author":{"gitId":"Chang-CH"},"content":"","lastModifiedDate":"2021-08-20"},{"lineNumber":35,"author":{"gitId":"Chang-CH"},"content":"    public Task getIndex(int index) {","lastModifiedDate":"2021-08-20"},{"lineNumber":36,"author":{"gitId":"Chang-CH"},"content":"        return tList.get(index);","lastModifiedDate":"2021-08-20"},{"lineNumber":37,"author":{"gitId":"Chang-CH"},"content":"    }","lastModifiedDate":"2021-08-20"},{"lineNumber":38,"author":{"gitId":"Chang-CH"},"content":"","lastModifiedDate":"2021-08-20"},{"lineNumber":39,"author":{"gitId":"Chang-CH"},"content":"    public void removeIndex(int index) {","lastModifiedDate":"2021-08-20"},{"lineNumber":40,"author":{"gitId":"Chang-CH"},"content":"        tList.remove(index);","lastModifiedDate":"2021-08-20"},{"lineNumber":41,"author":{"gitId":"Chang-CH"},"content":"    }","lastModifiedDate":"2021-08-20"},{"lineNumber":42,"author":{"gitId":"Chang-CH"},"content":"}","lastModifiedDate":"2021-08-20"}],"authorContributionMap":{"Chang-CH":42}},{"path":"src/main/java/duke/Ui.java","fileType":"java","lines":[{"lineNumber":1,"author":{"gitId":"Chang-CH"},"content":"package duke;","lastModifiedDate":"2021-08-20"},{"lineNumber":2,"author":{"gitId":"Chang-CH"},"content":"","lastModifiedDate":"2021-08-20"},{"lineNumber":3,"author":{"gitId":"Chang-CH"},"content":"import duke.command.Command;","lastModifiedDate":"2021-08-20"},{"lineNumber":4,"author":{"gitId":"Chang-CH"},"content":"","lastModifiedDate":"2021-08-20"},{"lineNumber":5,"author":{"gitId":"Chang-CH"},"content":"import java.util.Scanner;","lastModifiedDate":"2021-08-20"},{"lineNumber":6,"author":{"gitId":"Chang-CH"},"content":"","lastModifiedDate":"2021-08-20"},{"lineNumber":7,"author":{"gitId":"Chang-CH"},"content":"public class Ui {","lastModifiedDate":"2021-08-20"},{"lineNumber":8,"author":{"gitId":"Chang-CH"},"content":"    private Scanner inputReader;","lastModifiedDate":"2021-08-20"},{"lineNumber":9,"author":{"gitId":"Chang-CH"},"content":"    public Ui() {","lastModifiedDate":"2021-08-20"},{"lineNumber":10,"author":{"gitId":"Chang-CH"},"content":"        super();","lastModifiedDate":"2021-08-20"},{"lineNumber":11,"author":{"gitId":"Chang-CH"},"content":"        inputReader \u003d new Scanner(System.in);","lastModifiedDate":"2021-08-20"},{"lineNumber":12,"author":{"gitId":"Chang-CH"},"content":"    }","lastModifiedDate":"2021-08-20"},{"lineNumber":13,"author":{"gitId":"Chang-CH"},"content":"    public String readCommand() {","lastModifiedDate":"2021-08-20"},{"lineNumber":14,"author":{"gitId":"Chang-CH"},"content":"        return inputReader.nextLine();","lastModifiedDate":"2021-08-20"},{"lineNumber":15,"author":{"gitId":"Chang-CH"},"content":"    }","lastModifiedDate":"2021-08-20"},{"lineNumber":16,"author":{"gitId":"Chang-CH"},"content":"","lastModifiedDate":"2021-08-20"},{"lineNumber":17,"author":{"gitId":"Chang-CH"},"content":"    public void showLoadingError(String error) {","lastModifiedDate":"2021-08-20"},{"lineNumber":18,"author":{"gitId":"Chang-CH"},"content":"//        System.out.println(error);","lastModifiedDate":"2021-08-20"},{"lineNumber":19,"author":{"gitId":"Chang-CH"},"content":"        System.out.println(\"OOPS!!! I\u0027m sorry, but I don\u0027t know what that means :-(\");","lastModifiedDate":"2021-08-20"},{"lineNumber":20,"author":{"gitId":"Chang-CH"},"content":"    }","lastModifiedDate":"2021-08-20"},{"lineNumber":21,"author":{"gitId":"Chang-CH"},"content":"","lastModifiedDate":"2021-08-20"},{"lineNumber":22,"author":{"gitId":"Chang-CH"},"content":"    public void exit() {","lastModifiedDate":"2021-08-20"},{"lineNumber":23,"author":{"gitId":"Chang-CH"},"content":"        inputReader.close();","lastModifiedDate":"2021-08-20"},{"lineNumber":24,"author":{"gitId":"Chang-CH"},"content":"    }","lastModifiedDate":"2021-08-20"},{"lineNumber":25,"author":{"gitId":"Chang-CH"},"content":"","lastModifiedDate":"2021-08-20"},{"lineNumber":26,"author":{"gitId":"Chang-CH"},"content":"    public void showLine() {","lastModifiedDate":"2021-08-20"},{"lineNumber":27,"author":{"gitId":"Chang-CH"},"content":"        System.out.println(\"____________________________________________________________\");","lastModifiedDate":"2021-08-20"},{"lineNumber":28,"author":{"gitId":"Chang-CH"},"content":"    }","lastModifiedDate":"2021-08-20"},{"lineNumber":29,"author":{"gitId":"Chang-CH"},"content":"","lastModifiedDate":"2021-08-20"},{"lineNumber":30,"author":{"gitId":"Chang-CH"},"content":"    public void showMessage(String message) {","lastModifiedDate":"2021-08-20"},{"lineNumber":31,"author":{"gitId":"Chang-CH"},"content":"        System.out.println(message);","lastModifiedDate":"2021-08-20"},{"lineNumber":32,"author":{"gitId":"Chang-CH"},"content":"    }","lastModifiedDate":"2021-08-20"},{"lineNumber":33,"author":{"gitId":"Chang-CH"},"content":"","lastModifiedDate":"2021-08-20"},{"lineNumber":34,"author":{"gitId":"Chang-CH"},"content":"    public void showError(String message) {","lastModifiedDate":"2021-08-20"},{"lineNumber":35,"author":{"gitId":"Chang-CH"},"content":"        System.out.println(message);","lastModifiedDate":"2021-08-20"},{"lineNumber":36,"author":{"gitId":"Chang-CH"},"content":"    }","lastModifiedDate":"2021-08-20"},{"lineNumber":37,"author":{"gitId":"Chang-CH"},"content":"","lastModifiedDate":"2021-08-20"},{"lineNumber":38,"author":{"gitId":"Chang-CH"},"content":"    public void showWelcome() {","lastModifiedDate":"2021-08-20"},{"lineNumber":39,"author":{"gitId":"Chang-CH"},"content":"        String logo \u003d \" ____        _        \\n\"","lastModifiedDate":"2021-08-20"},{"lineNumber":40,"author":{"gitId":"Chang-CH"},"content":"                + \"|  _ \\\\ _   _| | _____ \\n\"","lastModifiedDate":"2021-08-20"},{"lineNumber":41,"author":{"gitId":"Chang-CH"},"content":"                + \"| | | | | | | |/ / _ \\\\\\n\"","lastModifiedDate":"2021-08-20"},{"lineNumber":42,"author":{"gitId":"Chang-CH"},"content":"                + \"| |_| | |_| |   \u003c  __/\\n\"","lastModifiedDate":"2021-08-20"},{"lineNumber":43,"author":{"gitId":"Chang-CH"},"content":"                + \"|____/ \\\\__,_|_|\\\\_\\\\___|\\n\";","lastModifiedDate":"2021-08-20"},{"lineNumber":44,"author":{"gitId":"Chang-CH"},"content":"        System.out.println(\"Hello from\\n\" + logo);","lastModifiedDate":"2021-08-20"},{"lineNumber":45,"author":{"gitId":"Chang-CH"},"content":"","lastModifiedDate":"2021-08-20"},{"lineNumber":46,"author":{"gitId":"Chang-CH"},"content":"        String greeting \u003d \"____________________________________________________________\\n\"","lastModifiedDate":"2021-08-20"},{"lineNumber":47,"author":{"gitId":"Chang-CH"},"content":"                + \"Hello! I\u0027m Python\u003eJava\\n\"","lastModifiedDate":"2021-08-20"},{"lineNumber":48,"author":{"gitId":"Chang-CH"},"content":"                + \"What must I do for you?\\n\"","lastModifiedDate":"2021-08-20"},{"lineNumber":49,"author":{"gitId":"Chang-CH"},"content":"                + \"____________________________________________________________\";","lastModifiedDate":"2021-08-20"},{"lineNumber":50,"author":{"gitId":"Chang-CH"},"content":"        System.out.println(greeting);","lastModifiedDate":"2021-08-20"},{"lineNumber":51,"author":{"gitId":"Chang-CH"},"content":"    }","lastModifiedDate":"2021-08-20"},{"lineNumber":52,"author":{"gitId":"Chang-CH"},"content":"","lastModifiedDate":"2021-08-20"},{"lineNumber":53,"author":{"gitId":"Chang-CH"},"content":"}","lastModifiedDate":"2021-08-20"}],"authorContributionMap":{"Chang-CH":53}},{"path":"src/main/java/duke/command/AddCommand.java","fileType":"java","lines":[{"lineNumber":1,"author":{"gitId":"Chang-CH"},"content":"package duke.command;","lastModifiedDate":"2021-08-20"},{"lineNumber":2,"author":{"gitId":"Chang-CH"},"content":"","lastModifiedDate":"2021-08-20"},{"lineNumber":3,"author":{"gitId":"Chang-CH"},"content":"import duke.*;","lastModifiedDate":"2021-08-20"},{"lineNumber":4,"author":{"gitId":"Chang-CH"},"content":"import duke.task.Task;","lastModifiedDate":"2021-08-20"},{"lineNumber":5,"author":{"gitId":"Chang-CH"},"content":"","lastModifiedDate":"2021-08-20"},{"lineNumber":6,"author":{"gitId":"Chang-CH"},"content":"public class AddCommand extends Command {","lastModifiedDate":"2021-08-20"},{"lineNumber":7,"author":{"gitId":"Chang-CH"},"content":"    private Task task;","lastModifiedDate":"2021-08-20"},{"lineNumber":8,"author":{"gitId":"Chang-CH"},"content":"    public AddCommand(Task task) {","lastModifiedDate":"2021-08-20"},{"lineNumber":9,"author":{"gitId":"Chang-CH"},"content":"        this.task \u003d task;","lastModifiedDate":"2021-08-20"},{"lineNumber":10,"author":{"gitId":"Chang-CH"},"content":"    }","lastModifiedDate":"2021-08-20"},{"lineNumber":11,"author":{"gitId":"Chang-CH"},"content":"","lastModifiedDate":"2021-08-20"},{"lineNumber":12,"author":{"gitId":"Chang-CH"},"content":"    @Override","lastModifiedDate":"2021-08-20"},{"lineNumber":13,"author":{"gitId":"Chang-CH"},"content":"    public void execute(TaskList tasks, Ui ui, Storage storage) {","lastModifiedDate":"2021-08-20"},{"lineNumber":14,"author":{"gitId":"Chang-CH"},"content":"        tasks.add(task);","lastModifiedDate":"2021-08-20"},{"lineNumber":15,"author":{"gitId":"Chang-CH"},"content":"        ui.showMessage(this.message(tasks));","lastModifiedDate":"2021-08-20"},{"lineNumber":16,"author":{"gitId":"Chang-CH"},"content":"    }","lastModifiedDate":"2021-08-20"},{"lineNumber":17,"author":{"gitId":"Chang-CH"},"content":"","lastModifiedDate":"2021-08-20"},{"lineNumber":18,"author":{"gitId":"Chang-CH"},"content":"    @Override","lastModifiedDate":"2021-08-20"},{"lineNumber":19,"author":{"gitId":"Chang-CH"},"content":"    public String message(TaskList tasks) {","lastModifiedDate":"2021-08-20"},{"lineNumber":20,"author":{"gitId":"Chang-CH"},"content":"        return \"Got it. I\u0027ve added this task:\\n\"","lastModifiedDate":"2021-08-20"},{"lineNumber":21,"author":{"gitId":"Chang-CH"},"content":"                + task.toString() + \"\\n\";","lastModifiedDate":"2021-08-20"},{"lineNumber":22,"author":{"gitId":"Chang-CH"},"content":"    }","lastModifiedDate":"2021-08-20"},{"lineNumber":23,"author":{"gitId":"Chang-CH"},"content":"}","lastModifiedDate":"2021-08-20"}],"authorContributionMap":{"Chang-CH":23}},{"path":"src/main/java/duke/command/Command.java","fileType":"java","lines":[{"lineNumber":1,"author":{"gitId":"Chang-CH"},"content":"package duke.command;","lastModifiedDate":"2021-08-20"},{"lineNumber":2,"author":{"gitId":"Chang-CH"},"content":"","lastModifiedDate":"2021-08-20"},{"lineNumber":3,"author":{"gitId":"Chang-CH"},"content":"import duke.*;","lastModifiedDate":"2021-08-20"},{"lineNumber":4,"author":{"gitId":"Chang-CH"},"content":"import duke.task.Task;","lastModifiedDate":"2021-08-20"},{"lineNumber":5,"author":{"gitId":"Chang-CH"},"content":"","lastModifiedDate":"2021-08-20"},{"lineNumber":6,"author":{"gitId":"Chang-CH"},"content":"public abstract class Command {","lastModifiedDate":"2021-08-20"},{"lineNumber":7,"author":{"gitId":"Chang-CH"},"content":"    public abstract void execute(TaskList tasks, Ui ui, Storage storage);","lastModifiedDate":"2021-08-20"},{"lineNumber":8,"author":{"gitId":"Chang-CH"},"content":"","lastModifiedDate":"2021-08-20"},{"lineNumber":9,"author":{"gitId":"Chang-CH"},"content":"    public boolean isExit() {return false;}","lastModifiedDate":"2021-08-20"},{"lineNumber":10,"author":{"gitId":"Chang-CH"},"content":"","lastModifiedDate":"2021-08-20"},{"lineNumber":11,"author":{"gitId":"Chang-CH"},"content":"    public abstract String message(TaskList tasks);","lastModifiedDate":"2021-08-20"},{"lineNumber":12,"author":{"gitId":"Chang-CH"},"content":"}","lastModifiedDate":"2021-08-20"}],"authorContributionMap":{"Chang-CH":12}},{"path":"src/main/java/duke/command/DeleteCommand.java","fileType":"java","lines":[{"lineNumber":1,"author":{"gitId":"Chang-CH"},"content":"package duke.command;","lastModifiedDate":"2021-08-20"},{"lineNumber":2,"author":{"gitId":"Chang-CH"},"content":"","lastModifiedDate":"2021-08-20"},{"lineNumber":3,"author":{"gitId":"Chang-CH"},"content":"import duke.Storage;","lastModifiedDate":"2021-08-20"},{"lineNumber":4,"author":{"gitId":"Chang-CH"},"content":"import duke.TaskList;","lastModifiedDate":"2021-08-20"},{"lineNumber":5,"author":{"gitId":"Chang-CH"},"content":"import duke.Ui;","lastModifiedDate":"2021-08-20"},{"lineNumber":6,"author":{"gitId":"Chang-CH"},"content":"import duke.task.Task;","lastModifiedDate":"2021-08-20"},{"lineNumber":7,"author":{"gitId":"Chang-CH"},"content":"","lastModifiedDate":"2021-08-20"},{"lineNumber":8,"author":{"gitId":"Chang-CH"},"content":"public class DeleteCommand extends Command {","lastModifiedDate":"2021-08-20"},{"lineNumber":9,"author":{"gitId":"Chang-CH"},"content":"    private int index;","lastModifiedDate":"2021-08-20"},{"lineNumber":10,"author":{"gitId":"Chang-CH"},"content":"    public DeleteCommand(int index) {","lastModifiedDate":"2021-08-20"},{"lineNumber":11,"author":{"gitId":"Chang-CH"},"content":"        this.index \u003d index;","lastModifiedDate":"2021-08-20"},{"lineNumber":12,"author":{"gitId":"Chang-CH"},"content":"    }","lastModifiedDate":"2021-08-20"},{"lineNumber":13,"author":{"gitId":"Chang-CH"},"content":"","lastModifiedDate":"2021-08-20"},{"lineNumber":14,"author":{"gitId":"Chang-CH"},"content":"    @Override","lastModifiedDate":"2021-08-20"},{"lineNumber":15,"author":{"gitId":"Chang-CH"},"content":"    public void execute(TaskList tasks, Ui ui, Storage storage) {","lastModifiedDate":"2021-08-20"},{"lineNumber":16,"author":{"gitId":"Chang-CH"},"content":"        ui.showMessage(this.message(tasks));","lastModifiedDate":"2021-08-20"},{"lineNumber":17,"author":{"gitId":"Chang-CH"},"content":"        tasks.removeIndex(index);","lastModifiedDate":"2021-08-20"},{"lineNumber":18,"author":{"gitId":"Chang-CH"},"content":"    }","lastModifiedDate":"2021-08-20"},{"lineNumber":19,"author":{"gitId":"Chang-CH"},"content":"","lastModifiedDate":"2021-08-20"},{"lineNumber":20,"author":{"gitId":"Chang-CH"},"content":"    @Override","lastModifiedDate":"2021-08-20"},{"lineNumber":21,"author":{"gitId":"Chang-CH"},"content":"    public String message(TaskList tasks) {","lastModifiedDate":"2021-08-20"},{"lineNumber":22,"author":{"gitId":"Chang-CH"},"content":"        return \"Noted. I\u0027ve removed this task:\\n\" +","lastModifiedDate":"2021-08-20"},{"lineNumber":23,"author":{"gitId":"Chang-CH"},"content":"                tasks.getIndex(index).toString() + \"\\n\" +","lastModifiedDate":"2021-08-20"},{"lineNumber":24,"author":{"gitId":"Chang-CH"},"content":"                \"Now you have \" + (tasks.size() - 1) + \" tasks in the list.\\n\";","lastModifiedDate":"2021-08-20"},{"lineNumber":25,"author":{"gitId":"Chang-CH"},"content":"    }","lastModifiedDate":"2021-08-20"},{"lineNumber":26,"author":{"gitId":"Chang-CH"},"content":"}","lastModifiedDate":"2021-08-20"}],"authorContributionMap":{"Chang-CH":26}},{"path":"src/main/java/duke/command/DoneCommand.java","fileType":"java","lines":[{"lineNumber":1,"author":{"gitId":"Chang-CH"},"content":"package duke.command;","lastModifiedDate":"2021-08-20"},{"lineNumber":2,"author":{"gitId":"Chang-CH"},"content":"","lastModifiedDate":"2021-08-20"},{"lineNumber":3,"author":{"gitId":"Chang-CH"},"content":"import duke.Storage;","lastModifiedDate":"2021-08-20"},{"lineNumber":4,"author":{"gitId":"Chang-CH"},"content":"import duke.TaskList;","lastModifiedDate":"2021-08-20"},{"lineNumber":5,"author":{"gitId":"Chang-CH"},"content":"import duke.Ui;","lastModifiedDate":"2021-08-20"},{"lineNumber":6,"author":{"gitId":"Chang-CH"},"content":"","lastModifiedDate":"2021-08-20"},{"lineNumber":7,"author":{"gitId":"Chang-CH"},"content":"public class DoneCommand extends Command{","lastModifiedDate":"2021-08-20"},{"lineNumber":8,"author":{"gitId":"Chang-CH"},"content":"    private int index;","lastModifiedDate":"2021-08-20"},{"lineNumber":9,"author":{"gitId":"Chang-CH"},"content":"    public DoneCommand(int index) {","lastModifiedDate":"2021-08-20"},{"lineNumber":10,"author":{"gitId":"Chang-CH"},"content":"        this.index \u003d index;","lastModifiedDate":"2021-08-20"},{"lineNumber":11,"author":{"gitId":"Chang-CH"},"content":"    }","lastModifiedDate":"2021-08-20"},{"lineNumber":12,"author":{"gitId":"Chang-CH"},"content":"    @Override","lastModifiedDate":"2021-08-20"},{"lineNumber":13,"author":{"gitId":"Chang-CH"},"content":"    public void execute(TaskList tasks, Ui ui, Storage storage) {","lastModifiedDate":"2021-08-20"},{"lineNumber":14,"author":{"gitId":"Chang-CH"},"content":"        tasks.getIndex(index).setDone();","lastModifiedDate":"2021-08-20"},{"lineNumber":15,"author":{"gitId":"Chang-CH"},"content":"        ui.showMessage(message(tasks));","lastModifiedDate":"2021-08-20"},{"lineNumber":16,"author":{"gitId":"Chang-CH"},"content":"    }","lastModifiedDate":"2021-08-20"},{"lineNumber":17,"author":{"gitId":"Chang-CH"},"content":"","lastModifiedDate":"2021-08-20"},{"lineNumber":18,"author":{"gitId":"Chang-CH"},"content":"    @Override","lastModifiedDate":"2021-08-20"},{"lineNumber":19,"author":{"gitId":"Chang-CH"},"content":"    public String message(TaskList tasks) {","lastModifiedDate":"2021-08-20"},{"lineNumber":20,"author":{"gitId":"Chang-CH"},"content":"        return \"Nice! I\u0027ve marked this task as done: \\n\"","lastModifiedDate":"2021-08-20"},{"lineNumber":21,"author":{"gitId":"Chang-CH"},"content":"                + tasks.getIndex(index).toString() + \"\\n\";","lastModifiedDate":"2021-08-20"},{"lineNumber":22,"author":{"gitId":"Chang-CH"},"content":"    }","lastModifiedDate":"2021-08-20"},{"lineNumber":23,"author":{"gitId":"Chang-CH"},"content":"}","lastModifiedDate":"2021-08-20"}],"authorContributionMap":{"Chang-CH":23}},{"path":"src/main/java/duke/command/ExitCommand.java","fileType":"java","lines":[{"lineNumber":1,"author":{"gitId":"Chang-CH"},"content":"package duke.command;","lastModifiedDate":"2021-08-20"},{"lineNumber":2,"author":{"gitId":"Chang-CH"},"content":"","lastModifiedDate":"2021-08-20"},{"lineNumber":3,"author":{"gitId":"Chang-CH"},"content":"import duke.Storage;","lastModifiedDate":"2021-08-20"},{"lineNumber":4,"author":{"gitId":"Chang-CH"},"content":"import duke.TaskList;","lastModifiedDate":"2021-08-20"},{"lineNumber":5,"author":{"gitId":"Chang-CH"},"content":"import duke.Ui;","lastModifiedDate":"2021-08-20"},{"lineNumber":6,"author":{"gitId":"Chang-CH"},"content":"","lastModifiedDate":"2021-08-20"},{"lineNumber":7,"author":{"gitId":"Chang-CH"},"content":"public class ExitCommand extends Command {","lastModifiedDate":"2021-08-20"},{"lineNumber":8,"author":{"gitId":"Chang-CH"},"content":"    @Override","lastModifiedDate":"2021-08-20"},{"lineNumber":9,"author":{"gitId":"Chang-CH"},"content":"    public void execute(TaskList tasks, Ui ui, Storage storage) {","lastModifiedDate":"2021-08-20"},{"lineNumber":10,"author":{"gitId":"Chang-CH"},"content":"        storage.saveFile(tasks);","lastModifiedDate":"2021-08-20"},{"lineNumber":11,"author":{"gitId":"Chang-CH"},"content":"        ui.showMessage(this.message(tasks));","lastModifiedDate":"2021-08-20"},{"lineNumber":12,"author":{"gitId":"Chang-CH"},"content":"        ui.exit();","lastModifiedDate":"2021-08-20"},{"lineNumber":13,"author":{"gitId":"Chang-CH"},"content":"    }","lastModifiedDate":"2021-08-20"},{"lineNumber":14,"author":{"gitId":"Chang-CH"},"content":"","lastModifiedDate":"2021-08-20"},{"lineNumber":15,"author":{"gitId":"Chang-CH"},"content":"    @Override","lastModifiedDate":"2021-08-20"},{"lineNumber":16,"author":{"gitId":"Chang-CH"},"content":"    public String message(TaskList tasks) {","lastModifiedDate":"2021-08-20"},{"lineNumber":17,"author":{"gitId":"Chang-CH"},"content":"        return \"Bye. Don\u0027t come again!\";","lastModifiedDate":"2021-08-20"},{"lineNumber":18,"author":{"gitId":"Chang-CH"},"content":"    }","lastModifiedDate":"2021-08-20"},{"lineNumber":19,"author":{"gitId":"Chang-CH"},"content":"","lastModifiedDate":"2021-08-20"},{"lineNumber":20,"author":{"gitId":"Chang-CH"},"content":"    @Override","lastModifiedDate":"2021-08-20"},{"lineNumber":21,"author":{"gitId":"Chang-CH"},"content":"    public boolean isExit() {","lastModifiedDate":"2021-08-20"},{"lineNumber":22,"author":{"gitId":"Chang-CH"},"content":"        return true;","lastModifiedDate":"2021-08-20"},{"lineNumber":23,"author":{"gitId":"Chang-CH"},"content":"    }","lastModifiedDate":"2021-08-20"},{"lineNumber":24,"author":{"gitId":"Chang-CH"},"content":"}","lastModifiedDate":"2021-08-20"}],"authorContributionMap":{"Chang-CH":24}},{"path":"src/main/java/duke/command/ListCommand.java","fileType":"java","lines":[{"lineNumber":1,"author":{"gitId":"Chang-CH"},"content":"package duke.command;","lastModifiedDate":"2021-08-20"},{"lineNumber":2,"author":{"gitId":"Chang-CH"},"content":"","lastModifiedDate":"2021-08-20"},{"lineNumber":3,"author":{"gitId":"Chang-CH"},"content":"import duke.Storage;","lastModifiedDate":"2021-08-20"},{"lineNumber":4,"author":{"gitId":"Chang-CH"},"content":"import duke.TaskList;","lastModifiedDate":"2021-08-20"},{"lineNumber":5,"author":{"gitId":"Chang-CH"},"content":"import duke.Ui;","lastModifiedDate":"2021-08-20"},{"lineNumber":6,"author":{"gitId":"Chang-CH"},"content":"","lastModifiedDate":"2021-08-20"},{"lineNumber":7,"author":{"gitId":"Chang-CH"},"content":"public class ListCommand extends Command {","lastModifiedDate":"2021-08-20"},{"lineNumber":8,"author":{"gitId":"Chang-CH"},"content":"    @Override","lastModifiedDate":"2021-08-20"},{"lineNumber":9,"author":{"gitId":"Chang-CH"},"content":"    public void execute(TaskList tasks, Ui ui, Storage storage) {","lastModifiedDate":"2021-08-20"},{"lineNumber":10,"author":{"gitId":"Chang-CH"},"content":"        ui.showMessage(this.message(tasks));","lastModifiedDate":"2021-08-20"},{"lineNumber":11,"author":{"gitId":"Chang-CH"},"content":"    }","lastModifiedDate":"2021-08-20"},{"lineNumber":12,"author":{"gitId":"Chang-CH"},"content":"","lastModifiedDate":"2021-08-20"},{"lineNumber":13,"author":{"gitId":"Chang-CH"},"content":"    @Override","lastModifiedDate":"2021-08-20"},{"lineNumber":14,"author":{"gitId":"Chang-CH"},"content":"    public String message(TaskList tasks) {","lastModifiedDate":"2021-08-20"},{"lineNumber":15,"author":{"gitId":"Chang-CH"},"content":"        StringBuilder stringBuilder \u003d new StringBuilder();","lastModifiedDate":"2021-08-20"},{"lineNumber":16,"author":{"gitId":"Chang-CH"},"content":"        for(int i \u003d 0; i \u003c tasks.size(); i++) {","lastModifiedDate":"2021-08-20"},{"lineNumber":17,"author":{"gitId":"Chang-CH"},"content":"            stringBuilder.append(String.format(\"%d. %s\\n\", i + 1, tasks.getIndex(i).toString()));","lastModifiedDate":"2021-08-20"},{"lineNumber":18,"author":{"gitId":"Chang-CH"},"content":"        }","lastModifiedDate":"2021-08-20"},{"lineNumber":19,"author":{"gitId":"Chang-CH"},"content":"        return stringBuilder.toString();","lastModifiedDate":"2021-08-20"},{"lineNumber":20,"author":{"gitId":"Chang-CH"},"content":"    }","lastModifiedDate":"2021-08-20"},{"lineNumber":21,"author":{"gitId":"Chang-CH"},"content":"}","lastModifiedDate":"2021-08-20"}],"authorContributionMap":{"Chang-CH":21}},{"path":"src/main/java/duke/exception/DukeException.java","fileType":"java","lines":[{"lineNumber":1,"author":{"gitId":"Chang-CH"},"content":"package duke.exception;","lastModifiedDate":"2021-08-20"},{"lineNumber":2,"author":{"gitId":"Chang-CH"},"content":"","lastModifiedDate":"2021-08-20"},{"lineNumber":3,"author":{"gitId":"Chang-CH"},"content":"public class DukeException extends Exception {","lastModifiedDate":"2021-08-20"},{"lineNumber":4,"author":{"gitId":"Chang-CH"},"content":"    private String message;","lastModifiedDate":"2021-08-20"},{"lineNumber":5,"author":{"gitId":"Chang-CH"},"content":"","lastModifiedDate":"2021-08-20"},{"lineNumber":6,"author":{"gitId":"Chang-CH"},"content":"    public DukeException(String message) {","lastModifiedDate":"2021-08-20"},{"lineNumber":7,"author":{"gitId":"Chang-CH"},"content":"        this.message \u003d message;","lastModifiedDate":"2021-08-20"},{"lineNumber":8,"author":{"gitId":"Chang-CH"},"content":"    }","lastModifiedDate":"2021-08-20"},{"lineNumber":9,"author":{"gitId":"Chang-CH"},"content":"","lastModifiedDate":"2021-08-20"},{"lineNumber":10,"author":{"gitId":"Chang-CH"},"content":"    public String getMessage() {","lastModifiedDate":"2021-08-20"},{"lineNumber":11,"author":{"gitId":"Chang-CH"},"content":"        return this.message;","lastModifiedDate":"2021-08-20"},{"lineNumber":12,"author":{"gitId":"Chang-CH"},"content":"    }","lastModifiedDate":"2021-08-20"},{"lineNumber":13,"author":{"gitId":"Chang-CH"},"content":"}","lastModifiedDate":"2021-08-20"}],"authorContributionMap":{"Chang-CH":13}},{"path":"src/main/java/duke/task/Deadline.java","fileType":"java","lines":[{"lineNumber":1,"author":{"gitId":"Chang-CH"},"content":"package duke.task;","lastModifiedDate":"2021-08-20"},{"lineNumber":2,"author":{"gitId":"Chang-CH"},"content":"","lastModifiedDate":"2021-08-20"},{"lineNumber":3,"author":{"gitId":"Chang-CH"},"content":"import java.time.LocalDate;","lastModifiedDate":"2021-08-19"},{"lineNumber":4,"author":{"gitId":"Chang-CH"},"content":"import java.time.format.DateTimeFormatter;","lastModifiedDate":"2021-08-19"},{"lineNumber":5,"author":{"gitId":"Chang-CH"},"content":"","lastModifiedDate":"2021-08-19"},{"lineNumber":6,"author":{"gitId":"Chang-CH"},"content":"public class Deadline extends Task {","lastModifiedDate":"2021-08-15"},{"lineNumber":7,"author":{"gitId":"Chang-CH"},"content":"    protected LocalDate by;","lastModifiedDate":"2021-08-19"},{"lineNumber":8,"author":{"gitId":"Chang-CH"},"content":"","lastModifiedDate":"2021-08-15"},{"lineNumber":9,"author":{"gitId":"Chang-CH"},"content":"    public Deadline(String description, LocalDate by) {","lastModifiedDate":"2021-08-19"},{"lineNumber":10,"author":{"gitId":"Chang-CH"},"content":"        super(description);","lastModifiedDate":"2021-08-15"},{"lineNumber":11,"author":{"gitId":"Chang-CH"},"content":"        this.by \u003d by;","lastModifiedDate":"2021-08-15"},{"lineNumber":12,"author":{"gitId":"Chang-CH"},"content":"    }","lastModifiedDate":"2021-08-15"},{"lineNumber":13,"author":{"gitId":"Chang-CH"},"content":"","lastModifiedDate":"2021-08-15"},{"lineNumber":14,"author":{"gitId":"Chang-CH"},"content":"    public Deadline(boolean done, String description, LocalDate by) {","lastModifiedDate":"2021-08-19"},{"lineNumber":15,"author":{"gitId":"Chang-CH"},"content":"        super(done, description);","lastModifiedDate":"2021-08-19"},{"lineNumber":16,"author":{"gitId":"Chang-CH"},"content":"        this.by \u003d by;","lastModifiedDate":"2021-08-19"},{"lineNumber":17,"author":{"gitId":"Chang-CH"},"content":"    }","lastModifiedDate":"2021-08-19"},{"lineNumber":18,"author":{"gitId":"Chang-CH"},"content":"","lastModifiedDate":"2021-08-19"},{"lineNumber":19,"author":{"gitId":"Chang-CH"},"content":"    @Override","lastModifiedDate":"2021-08-15"},{"lineNumber":20,"author":{"gitId":"Chang-CH"},"content":"    public String toString() {","lastModifiedDate":"2021-08-15"},{"lineNumber":21,"author":{"gitId":"Chang-CH"},"content":"        return \"[D]\" + super.toString() + \" (by: \" + by.format(DateTimeFormatter.ofPattern(\"MMM d yyyy\")) + \")\";","lastModifiedDate":"2021-08-19"},{"lineNumber":22,"author":{"gitId":"Chang-CH"},"content":"    }","lastModifiedDate":"2021-08-15"},{"lineNumber":23,"author":{"gitId":"Chang-CH"},"content":"","lastModifiedDate":"2021-08-19"},{"lineNumber":24,"author":{"gitId":"Chang-CH"},"content":"    @Override","lastModifiedDate":"2021-08-19"},{"lineNumber":25,"author":{"gitId":"Chang-CH"},"content":"    public String saveString() {","lastModifiedDate":"2021-08-19"},{"lineNumber":26,"author":{"gitId":"Chang-CH"},"content":"        return \"D|\" + super.saveString() + \"|\" + by;","lastModifiedDate":"2021-08-20"},{"lineNumber":27,"author":{"gitId":"Chang-CH"},"content":"    }","lastModifiedDate":"2021-08-19"},{"lineNumber":28,"author":{"gitId":"Chang-CH"},"content":"}","lastModifiedDate":"2021-08-15"}],"authorContributionMap":{"Chang-CH":28}},{"path":"src/main/java/duke/task/Event.java","fileType":"java","lines":[{"lineNumber":1,"author":{"gitId":"Chang-CH"},"content":"package duke.task;","lastModifiedDate":"2021-08-20"},{"lineNumber":2,"author":{"gitId":"Chang-CH"},"content":"","lastModifiedDate":"2021-08-20"},{"lineNumber":3,"author":{"gitId":"Chang-CH"},"content":"import java.time.LocalDate;","lastModifiedDate":"2021-08-19"},{"lineNumber":4,"author":{"gitId":"Chang-CH"},"content":"import java.time.format.DateTimeFormatter;","lastModifiedDate":"2021-08-19"},{"lineNumber":5,"author":{"gitId":"Chang-CH"},"content":"","lastModifiedDate":"2021-08-19"},{"lineNumber":6,"author":{"gitId":"Chang-CH"},"content":"public class Event extends Task {","lastModifiedDate":"2021-08-15"},{"lineNumber":7,"author":{"gitId":"Chang-CH"},"content":"    protected LocalDate at;","lastModifiedDate":"2021-08-19"},{"lineNumber":8,"author":{"gitId":"Chang-CH"},"content":"","lastModifiedDate":"2021-08-15"},{"lineNumber":9,"author":{"gitId":"Chang-CH"},"content":"    public Event(String description, LocalDate at) {","lastModifiedDate":"2021-08-19"},{"lineNumber":10,"author":{"gitId":"Chang-CH"},"content":"        super(description);","lastModifiedDate":"2021-08-15"},{"lineNumber":11,"author":{"gitId":"Chang-CH"},"content":"        this.at \u003d at;","lastModifiedDate":"2021-08-15"},{"lineNumber":12,"author":{"gitId":"Chang-CH"},"content":"    }","lastModifiedDate":"2021-08-15"},{"lineNumber":13,"author":{"gitId":"Chang-CH"},"content":"","lastModifiedDate":"2021-08-15"},{"lineNumber":14,"author":{"gitId":"Chang-CH"},"content":"    public Event(boolean done, String description, LocalDate at) {","lastModifiedDate":"2021-08-19"},{"lineNumber":15,"author":{"gitId":"Chang-CH"},"content":"        super(done, description);","lastModifiedDate":"2021-08-19"},{"lineNumber":16,"author":{"gitId":"Chang-CH"},"content":"        this.at \u003d at;","lastModifiedDate":"2021-08-19"},{"lineNumber":17,"author":{"gitId":"Chang-CH"},"content":"    }","lastModifiedDate":"2021-08-19"},{"lineNumber":18,"author":{"gitId":"Chang-CH"},"content":"","lastModifiedDate":"2021-08-19"},{"lineNumber":19,"author":{"gitId":"Chang-CH"},"content":"    @Override","lastModifiedDate":"2021-08-15"},{"lineNumber":20,"author":{"gitId":"Chang-CH"},"content":"    public String toString() {","lastModifiedDate":"2021-08-15"},{"lineNumber":21,"author":{"gitId":"Chang-CH"},"content":"        return \"[E]\" + super.toString() + \" (at: \" + at.format(DateTimeFormatter.ofPattern(\"MMM d yyyy\")) + \")\";","lastModifiedDate":"2021-08-19"},{"lineNumber":22,"author":{"gitId":"Chang-CH"},"content":"    }","lastModifiedDate":"2021-08-15"},{"lineNumber":23,"author":{"gitId":"Chang-CH"},"content":"","lastModifiedDate":"2021-08-19"},{"lineNumber":24,"author":{"gitId":"Chang-CH"},"content":"    @Override","lastModifiedDate":"2021-08-19"},{"lineNumber":25,"author":{"gitId":"Chang-CH"},"content":"    public String saveString() {","lastModifiedDate":"2021-08-19"},{"lineNumber":26,"author":{"gitId":"Chang-CH"},"content":"        return \"E|\" + super.saveString() + \"|\" + at;","lastModifiedDate":"2021-08-20"},{"lineNumber":27,"author":{"gitId":"Chang-CH"},"content":"    }","lastModifiedDate":"2021-08-19"},{"lineNumber":28,"author":{"gitId":"Chang-CH"},"content":"}","lastModifiedDate":"2021-08-15"}],"authorContributionMap":{"Chang-CH":28}},{"path":"src/main/java/duke/task/Task.java","fileType":"java","lines":[{"lineNumber":1,"author":{"gitId":"Chang-CH"},"content":"package duke.task;","lastModifiedDate":"2021-08-20"},{"lineNumber":2,"author":{"gitId":"Chang-CH"},"content":"","lastModifiedDate":"2021-08-20"},{"lineNumber":3,"author":{"gitId":"Chang-CH"},"content":"import java.time.LocalDate;","lastModifiedDate":"2021-08-19"},{"lineNumber":4,"author":{"gitId":"Chang-CH"},"content":"","lastModifiedDate":"2021-08-19"},{"lineNumber":5,"author":{"gitId":"Chang-CH"},"content":"public class Task {","lastModifiedDate":"2021-08-15"},{"lineNumber":6,"author":{"gitId":"Chang-CH"},"content":"    private boolean done \u003d false;","lastModifiedDate":"2021-08-15"},{"lineNumber":7,"author":{"gitId":"Chang-CH"},"content":"    private String description;","lastModifiedDate":"2021-08-15"},{"lineNumber":8,"author":{"gitId":"Chang-CH"},"content":"","lastModifiedDate":"2021-08-15"},{"lineNumber":9,"author":{"gitId":"Chang-CH"},"content":"    public Task(String description) {","lastModifiedDate":"2021-08-15"},{"lineNumber":10,"author":{"gitId":"Chang-CH"},"content":"        this.description \u003d description;","lastModifiedDate":"2021-08-15"},{"lineNumber":11,"author":{"gitId":"Chang-CH"},"content":"    }","lastModifiedDate":"2021-08-15"},{"lineNumber":12,"author":{"gitId":"Chang-CH"},"content":"","lastModifiedDate":"2021-08-15"},{"lineNumber":13,"author":{"gitId":"Chang-CH"},"content":"    public Task(boolean done, String description) {","lastModifiedDate":"2021-08-19"},{"lineNumber":14,"author":{"gitId":"Chang-CH"},"content":"        this.description \u003d description;","lastModifiedDate":"2021-08-19"},{"lineNumber":15,"author":{"gitId":"Chang-CH"},"content":"        this.done \u003d done;","lastModifiedDate":"2021-08-19"},{"lineNumber":16,"author":{"gitId":"Chang-CH"},"content":"    }","lastModifiedDate":"2021-08-19"},{"lineNumber":17,"author":{"gitId":"Chang-CH"},"content":"","lastModifiedDate":"2021-08-19"},{"lineNumber":18,"author":{"gitId":"Chang-CH"},"content":"    public void setDone() {","lastModifiedDate":"2021-08-15"},{"lineNumber":19,"author":{"gitId":"Chang-CH"},"content":"        done \u003d true;","lastModifiedDate":"2021-08-15"},{"lineNumber":20,"author":{"gitId":"Chang-CH"},"content":"    }","lastModifiedDate":"2021-08-15"},{"lineNumber":21,"author":{"gitId":"Chang-CH"},"content":"","lastModifiedDate":"2021-08-15"},{"lineNumber":22,"author":{"gitId":"Chang-CH"},"content":"    @Override","lastModifiedDate":"2021-08-15"},{"lineNumber":23,"author":{"gitId":"Chang-CH"},"content":"    public String toString() {","lastModifiedDate":"2021-08-15"},{"lineNumber":24,"author":{"gitId":"Chang-CH"},"content":"        char indicator \u003d \u0027 \u0027;","lastModifiedDate":"2021-08-15"},{"lineNumber":25,"author":{"gitId":"Chang-CH"},"content":"        if (done) {","lastModifiedDate":"2021-08-15"},{"lineNumber":26,"author":{"gitId":"Chang-CH"},"content":"            indicator \u003d \u0027X\u0027;","lastModifiedDate":"2021-08-15"},{"lineNumber":27,"author":{"gitId":"Chang-CH"},"content":"        }","lastModifiedDate":"2021-08-15"},{"lineNumber":28,"author":{"gitId":"Chang-CH"},"content":"        return \"[\" + indicator + \"] \" + this.description;","lastModifiedDate":"2021-08-15"},{"lineNumber":29,"author":{"gitId":"Chang-CH"},"content":"    }","lastModifiedDate":"2021-08-15"},{"lineNumber":30,"author":{"gitId":"Chang-CH"},"content":"","lastModifiedDate":"2021-08-19"},{"lineNumber":31,"author":{"gitId":"Chang-CH"},"content":"    public String saveString() {","lastModifiedDate":"2021-08-19"},{"lineNumber":32,"author":{"gitId":"Chang-CH"},"content":"        char indicator \u003d \u00270\u0027;","lastModifiedDate":"2021-08-19"},{"lineNumber":33,"author":{"gitId":"Chang-CH"},"content":"        if (done) {","lastModifiedDate":"2021-08-19"},{"lineNumber":34,"author":{"gitId":"Chang-CH"},"content":"            indicator \u003d \u00271\u0027;","lastModifiedDate":"2021-08-19"},{"lineNumber":35,"author":{"gitId":"Chang-CH"},"content":"        }","lastModifiedDate":"2021-08-19"},{"lineNumber":36,"author":{"gitId":"Chang-CH"},"content":"        return indicator + \"|\" + this.description;","lastModifiedDate":"2021-08-20"},{"lineNumber":37,"author":{"gitId":"Chang-CH"},"content":"    }","lastModifiedDate":"2021-08-19"},{"lineNumber":38,"author":{"gitId":"Chang-CH"},"content":"}","lastModifiedDate":"2021-08-15"}],"authorContributionMap":{"Chang-CH":38}},{"path":"src/main/java/duke/task/ToDo.java","fileType":"java","lines":[{"lineNumber":1,"author":{"gitId":"Chang-CH"},"content":"package duke.task;","lastModifiedDate":"2021-08-20"},{"lineNumber":2,"author":{"gitId":"Chang-CH"},"content":"","lastModifiedDate":"2021-08-20"},{"lineNumber":3,"author":{"gitId":"Chang-CH"},"content":"public class ToDo extends Task{","lastModifiedDate":"2021-08-15"},{"lineNumber":4,"author":{"gitId":"Chang-CH"},"content":"    public ToDo(String description) {","lastModifiedDate":"2021-08-15"},{"lineNumber":5,"author":{"gitId":"Chang-CH"},"content":"        super(description);","lastModifiedDate":"2021-08-15"},{"lineNumber":6,"author":{"gitId":"Chang-CH"},"content":"    }","lastModifiedDate":"2021-08-15"},{"lineNumber":7,"author":{"gitId":"Chang-CH"},"content":"","lastModifiedDate":"2021-08-15"},{"lineNumber":8,"author":{"gitId":"Chang-CH"},"content":"    public ToDo(boolean done, String description) {","lastModifiedDate":"2021-08-19"},{"lineNumber":9,"author":{"gitId":"Chang-CH"},"content":"        super(done, description);","lastModifiedDate":"2021-08-19"},{"lineNumber":10,"author":{"gitId":"Chang-CH"},"content":"    }","lastModifiedDate":"2021-08-19"},{"lineNumber":11,"author":{"gitId":"Chang-CH"},"content":"","lastModifiedDate":"2021-08-19"},{"lineNumber":12,"author":{"gitId":"Chang-CH"},"content":"    @Override","lastModifiedDate":"2021-08-15"},{"lineNumber":13,"author":{"gitId":"Chang-CH"},"content":"    public String toString() {","lastModifiedDate":"2021-08-15"},{"lineNumber":14,"author":{"gitId":"Chang-CH"},"content":"        return \"[T]\" + super.toString();","lastModifiedDate":"2021-08-15"},{"lineNumber":15,"author":{"gitId":"Chang-CH"},"content":"    }","lastModifiedDate":"2021-08-15"},{"lineNumber":16,"author":{"gitId":"Chang-CH"},"content":"","lastModifiedDate":"2021-08-19"},{"lineNumber":17,"author":{"gitId":"Chang-CH"},"content":"    @Override","lastModifiedDate":"2021-08-19"},{"lineNumber":18,"author":{"gitId":"Chang-CH"},"content":"    public String saveString() {","lastModifiedDate":"2021-08-19"},{"lineNumber":19,"author":{"gitId":"Chang-CH"},"content":"        return \"T|\" + super.saveString();","lastModifiedDate":"2021-08-20"},{"lineNumber":20,"author":{"gitId":"Chang-CH"},"content":"    }","lastModifiedDate":"2021-08-19"},{"lineNumber":21,"author":{"gitId":"Chang-CH"},"content":"}","lastModifiedDate":"2021-08-15"}],"authorContributionMap":{"Chang-CH":21}},{"path":"text-ui-test/input.txt","fileType":"txt","lines":[{"lineNumber":1,"author":{"gitId":"Chang-CH"},"content":"todo fail 2103T","lastModifiedDate":"2021-08-15"},{"lineNumber":2,"author":{"gitId":"Chang-CH"},"content":"todo","lastModifiedDate":"2021-08-15"},{"lineNumber":3,"author":{"gitId":"Chang-CH"},"content":"todo","lastModifiedDate":"2021-08-15"},{"lineNumber":4,"author":{"gitId":"Chang-CH"},"content":"blah","lastModifiedDate":"2021-08-15"},{"lineNumber":5,"author":{"gitId":"Chang-CH"},"content":"deadline fail 2103T /by 2077 something","lastModifiedDate":"2021-08-15"},{"lineNumber":6,"author":{"gitId":"Chang-CH"},"content":"event fail 2103T /at 2077 something","lastModifiedDate":"2021-08-15"},{"lineNumber":7,"author":{"gitId":"Chang-CH"},"content":"bye","lastModifiedDate":"2021-08-15"}],"authorContributionMap":{"Chang-CH":7}}]
