{"authorDailyContributionsMap":{"Chang-CH":[{"date":"2021-08-15","commitResults":[{"hash":"6458a5eb4efa18e86ae745297c19a8cadc9cd05f","messageTitle":"Added Greet, Echo, Exit","messageBody":"","tags":["Level-1"],"fileTypesAndContributionMap":{"java":{"insertions":32,"deletions":0}}},{"hash":"008c4897009289f69c04277d66a3b19ef3e016ef","messageTitle":"Update JDK version","messageBody":"","fileTypesAndContributionMap":{"java":{"insertions":11,"deletions":12}}},{"hash":"92628ee3e8ed30b131d69baa5f110743dc9b60ca","messageTitle":"Reverted to switch statements","messageBody":"","fileTypesAndContributionMap":{"java":{"insertions":21,"deletions":14}}},{"hash":"7eb349b11e3c7fe9897b27f79336d4dacdc581c7","messageTitle":"Completed Add, List","messageBody":"","tags":["Level-2"],"fileTypesAndContributionMap":{"java":{"insertions":14,"deletions":4}}},{"hash":"a4cb939aa0393ea63b360b506ba60716f55884a8","messageTitle":"Completed Mark as Done","messageBody":"","tags":["Level-3","A-Classes"],"fileTypesAndContributionMap":{"java":{"insertions":34,"deletions":5}}},{"hash":"f82e61c9c82306fb67e58083616a4de08a33c2df","messageTitle":"Update Duke.java","messageBody":"","fileTypesAndContributionMap":{"java":{"insertions":11,"deletions":10}}},{"hash":"eeac228c2cf350d4d86d173117a26ddaf3823dce","messageTitle":"Completed ToDos, Events, Deadlines","messageBody":"","tags":["Level-4","A-Inheritance"],"fileTypesAndContributionMap":{"java":{"insertions":67,"deletions":4}}},{"hash":"2b98dc28f0faa4d40f69ba7eda7dece6aafc602e","messageTitle":"Added Text UI testing","messageBody":"","tags":["A-TextUiTesting"],"fileTypesAndContributionMap":{"txt":{"insertions":4,"deletions":0},"java":{"insertions":5,"deletions":4}}},{"hash":"0fce68164e9480e233b2f86994ba5297eeb4f941","messageTitle":"Fix Todo entries","messageBody":"","fileTypesAndContributionMap":{"java":{"insertions":11,"deletions":1}}},{"hash":"a3ee5ee714d7e141d7dd6fb62df2a38b7249f512","messageTitle":"Completed Handle Errors","messageBody":"","tags":["Level-5"],"fileTypesAndContributionMap":{"java":{"insertions":33,"deletions":20}}},{"hash":"edd96e7c7b1b8845dc061396c92d46fd68e1cac4","messageTitle":"Completed Delete","messageBody":"","tags":["Level-6","A-Collections"],"fileTypesAndContributionMap":{"java":{"insertions":9,"deletions":0}}},{"hash":"d5ec7d97004719ddad5b7b0e352b3bd7b8c050d5","messageTitle":"Fix trailing space in tests","messageBody":"","fileTypesAndContributionMap":{"txt":{"insertions":5,"deletions":2},"java":{"insertions":16,"deletions":14}}}]},{"date":"2021-08-19","commitResults":[{"hash":"22137c1efe017cb479e527d5436cf5cbd7c04877","messageTitle":"Completed Level 7. Save","messageBody":"","fileTypesAndContributionMap":{"txt":{"insertions":2,"deletions":0},"java":{"insertions":103,"deletions":16}}},{"hash":"8203fee5c346b47d919e787411fe80218c7027ab","messageTitle":"Completed Level 8. Dates and Times","messageBody":"","fileTypesAndContributionMap":{"java":{"insertions":17,"deletions":8}}},{"hash":"2ec4d2808922bae6a17accf69fcfcc3f847917ed","messageTitle":"Fixed event date processing","messageBody":"","fileTypesAndContributionMap":{"java":{"insertions":1,"deletions":1}}},{"hash":"d6bb4895a601f544d2e288d440129a956e4e1847","messageTitle":"Fix merge errors","messageBody":"","fileTypesAndContributionMap":{"txt":{"insertions":0,"deletions":2},"java":{"insertions":15,"deletions":11}}},{"hash":"824e82b113156a1cb77489d5be7fe2885af024c6","messageTitle":"Revert \"Fix merge errors\"","messageBody":"This reverts commit d6bb4895a601f544d2e288d440129a956e4e1847.\n","fileTypesAndContributionMap":{"txt":{"insertions":2,"deletions":0},"java":{"insertions":11,"deletions":15}}},{"hash":"a82722287225455bb9942275ed8596d1a117a73b","messageTitle":"Fix date commit conflict with save regex","messageBody":"","fileTypesAndContributionMap":{"txt":{"insertions":1,"deletions":2},"java":{"insertions":1,"deletions":1}}}]},{"date":"2021-08-20","commitResults":[{"hash":"48f3807a41cc670d7558624018eb38190f1f03c4","messageTitle":"Completed Use More OOP","messageBody":"","tags":["A-MoreOOP"],"fileTypesAndContributionMap":{"gradle":{"insertions":1,"deletions":1},"txt":{"insertions":0,"deletions":1},"java":{"insertions":410,"deletions":179},"md":{"insertions":2,"deletions":2}}},{"hash":"c1dc32bb183397725894ca222f4ce2d7096c8880","messageTitle":"Completed Organize into Packages","messageBody":"","tags":["A-Packages"],"fileTypesAndContributionMap":{"java":{"insertions":3,"deletions":6}}}]},{"date":"2021-08-22","commitResults":[{"hash":"d2e40e8306e7c45fdc08a88febd609210db59848","messageTitle":"Complete Add JUnit Tests","messageBody":"","tags":["A-JUnit"],"fileTypesAndContributionMap":{"gradle":{"insertions":1,"deletions":0},"java":{"insertions":101,"deletions":40}}},{"hash":"8124c99d98fad571016ace90ff68192c952ca036","messageTitle":"Update build scripts","messageBody":"","tags":["v0.1","A-Jar"],"fileTypesAndContributionMap":{"gradle":{"insertions":15,"deletions":0}}},{"hash":"f8a32ec89e39369992df51c5a1dd6b86d046ab9d","messageTitle":"Add javadocs","messageBody":"","fileTypesAndContributionMap":{"java":{"insertions":366,"deletions":10}}},{"hash":"4c34e3c0a13f47c92fa0143f7fc382334259357d","messageTitle":"Updated coding standard","messageBody":"","fileTypesAndContributionMap":{"java":{"insertions":69,"deletions":47}}},{"hash":"b4812367c1bf427099f667c13e2314beb01bba60","messageTitle":"Completed Level 9 Find.","messageBody":"","fileTypesAndContributionMap":{"txt":{"insertions":2,"deletions":0},"java":{"insertions":77,"deletions":7}}},{"hash":"1fce1544f9e23fe7b21573973add11b3f641f87a","messageTitle":"Revert merge branch \u0027branch-A-CodingStandard\u0027","messageBody":"","fileTypesAndContributionMap":{"java":{"insertions":66,"deletions":50}}},{"hash":"4d8f19eb1a872b33a4b4d18b8c39c4cfa96eb5a8","messageTitle":"Add javadoc comments","messageBody":"","fileTypesAndContributionMap":{"java":{"insertions":366,"deletions":10}}}]},{"date":"2021-08-26","commitResults":[{"hash":"915aca2306f55f8ef6da52b96c0cefbaba8a8695","messageTitle":"Complete A-Gradle","messageBody":"","tags":["A-Gradle"],"fileTypesAndContributionMap":{"java":{"insertions":1,"deletions":1}}},{"hash":"6faac03b679e6b0a5358a6e7e1701163af259f5a","messageTitle":"Fix checkstyle audit","messageBody":"","tags":["A-CheckStyle"],"fileTypesAndContributionMap":{"java":{"insertions":59,"deletions":44}}}]},{"date":"2021-08-29","commitResults":[{"hash":"bca903da2ccaabd13862a204fbfe19a0fab8af89","messageTitle":"Complete Level-10","messageBody":"","fileTypesAndContributionMap":{"java":{"insertions":265,"deletions":28}}}]},{"date":"2021-08-31","commitResults":[{"hash":"f2fafcd26c56f27df9fd59c9e9106d89daa1e947","messageTitle":"Add padding","messageBody":"","tags":["Level-10"],"fileTypesAndContributionMap":{"java":{"insertions":4,"deletions":1}}}]},{"date":"2021-09-03","commitResults":[{"hash":"d816827ca0c8e26851eaaa932e23ba1d1e1fa4cb","messageTitle":"update gradle","messageBody":"","fileTypesAndContributionMap":{"gradle":{"insertions":2,"deletions":2}}},{"hash":"f48faf31b769e99f3cebdb3b10f739b6b09915de","messageTitle":"Complete A-Assertions","messageBody":"Assertions missing for all classes and methods\n\nAssertions help verify assumptions about the program at runtime.\n\nLet\u0027s add assertions to verify arguments of private/protected methods\n\nThere are several private/protected methods that should only recieve certain inputs.\n\nRefer to the project requirements [here](https://nus-cs2103-ay2122s1.github.io/website/schedule/week5/project.html#a-assertions)\n","fileTypesAndContributionMap":{"txt":{"insertions":1,"deletions":1},"java":{"insertions":31,"deletions":26}}},{"hash":"8d195bc99ec108880a288d2ec6e7eebc75a81878","messageTitle":"Complete A-Streams","messageBody":"Streams could be used to satisfy project increments.\n\nStreams make code simpler and easy to read.\n\nLet\u0027s process GUI images as streams.\n\nStream usage is preferable.\n","fileTypesAndContributionMap":{"java":{"insertions":5,"deletions":2}}}]},{"date":"2021-09-04","commitResults":[{"hash":"23d68584b981d22949f6361357a6e6c4b7f9261e","messageTitle":"Complete A-CodeQuality","messageBody":"","fileTypesAndContributionMap":{"java":{"insertions":68,"deletions":62}}}]},{"date":"2021-09-05","commitResults":[{"hash":"bd1377735a50ea1eda4a9fb3ebef669ad27b1a4e","messageTitle":"Complete C-Help","messageBody":"","tags":["C-Help"],"fileTypesAndContributionMap":{"java":{"insertions":64,"deletions":22}}},{"hash":"be9a71e1d0412fb57ef9fe786e7d5a3bda60cfa7","messageTitle":"Complete A-Assertions","messageBody":"Assertions missing for all classes and methods\n\nAssertions help verify assumptions about the program at runtime.\n\nLet\u0027s add assertions to verify arguments of private/protected methods\n\nThere are several private/protected methods that should only recieve certain inputs.\n\nRefer to the cs2103T project requirements.\n","fileTypesAndContributionMap":{"txt":{"insertions":1,"deletions":1},"java":{"insertions":31,"deletions":26}}},{"hash":"eee0804eb20dba696c5e13e1123fc3a33a3b625c","messageTitle":"Add additional assertions","messageBody":"","fileTypesAndContributionMap":{"java":{"insertions":9,"deletions":2}}},{"hash":"0bfb02970b7d7c2c14cc26c2de0fad287e8f218b","messageTitle":"Fix Parser imports","messageBody":"","fileTypesAndContributionMap":{"java":{"insertions":1,"deletions":2}}},{"hash":"a1c935af28e9db95d9aeb7f6c31d07bd1f5aa58d","messageTitle":"Fix coding standard","messageBody":"","fileTypesAndContributionMap":{"java":{"insertions":11,"deletions":18}}},{"hash":"476d7a4e7cae5c47310cc55f9b8947e549cc52f9","messageTitle":"Update README.md","messageBody":"","fileTypesAndContributionMap":{"md":{"insertions":1,"deletions":0}}}]},{"date":"2021-09-06","commitResults":[{"hash":"3648a70774716d2acf84dbd69f8b53ca5328bf07","messageTitle":"Update Ui.java","messageBody":"","fileTypesAndContributionMap":{"java":{"insertions":2,"deletions":4}}},{"hash":"f56b6e0bfca75a3f32619366f6c43ab9b0d84a47","messageTitle":"Update Ui.java","messageBody":"Removed unused imports\n","fileTypesAndContributionMap":{"java":{"insertions":0,"deletions":1}}},{"hash":"768cb13fb4793f9c79a133ffd1535193b0093ae9","messageTitle":"Improve code quality","messageBody":"","fileTypesAndContributionMap":{"java":{"insertions":57,"deletions":41}}},{"hash":"e15ecb7ce899786c32333ad63f3d4c4d36caf6dc","messageTitle":"Update Storage.java","messageBody":"","fileTypesAndContributionMap":{"java":{"insertions":1,"deletions":0}}}]},{"date":"2021-09-13","commitResults":[{"hash":"ec59b8898615e0f171e67fe6183a34267bfcb9b7","messageTitle":"Update visuals","messageBody":"","tags":["A-BetterGui"],"fileTypesAndContributionMap":{"txt":{"insertions":0,"deletions":2},"java":{"insertions":55,"deletions":9}}},{"hash":"74a09d819ff915ae28377db03c164ded7e693c03","messageTitle":"Add user guide","messageBody":"","tags":["A-UserGuide"],"fileTypesAndContributionMap":{"md":{"insertions":129,"deletions":10}}},{"hash":"55fb674c19c2595a78eee317f083a3f34840bc03","messageTitle":"Add folder creation support","messageBody":"","tags":["v0.2"],"fileTypesAndContributionMap":{"java":{"insertions":7,"deletions":0}}}]},{"date":"2021-09-14","commitResults":[{"hash":"e3acffb2eec40b24646f75ff93643e8919d238da","messageTitle":"Update coding standard","messageBody":"","fileTypesAndContributionMap":{"java":{"insertions":68,"deletions":24}}}]}]},"authorFileTypeContributionMap":{"Chang-CH":{"java":1448,"md":124,"fxml":0,"sh":0,"bat":0,"gradle":18,"txt":7}},"authorContributionVariance":{"Chang-CH":51746.742},"authorDisplayNameMap":{"Chang-CH":"CS2103T-F12-2 CHAN.. HAO"}}
