{"authorDailyContributionsMap":{"moreTriangles":[{"date":"2021-08-18","commitResults":[{"hash":"99729759ca79f62ffac1cf0b51e3279de5b7c427","messageTitle":"Implement skeletal functions: Greet, Echo, Exit","messageBody":"","tags":["Level-1"],"fileTypesAndContributionMap":{"java":{"insertions":20,"deletions":0}}},{"hash":"37d865e1c02bf8e1cac9020977e5ff62f7231c6e","messageTitle":"Create Task.java","messageBody":"","fileTypesAndContributionMap":{"java":{"insertions":7,"deletions":0}}},{"hash":"945299818bb7e5ffc4022a605afd7b72e9c01d1a","messageTitle":"Create TaskManager.java","messageBody":"","fileTypesAndContributionMap":{"java":{"insertions":16,"deletions":0}}},{"hash":"8e0c13f5ef8ffea5e39dd90310cd6052fb16cae7","messageTitle":"Fix bug in TaskManager and Task","messageBody":"","fileTypesAndContributionMap":{"java":{"insertions":7,"deletions":2}}},{"hash":"28c73ccf43cf6ebbfcf92247c115b35ac176f573","messageTitle":"Fix typos in TaskManager.java","messageBody":"","fileTypesAndContributionMap":{"java":{"insertions":3,"deletions":1}}},{"hash":"df0721f1800d6391947713b4738e40b48cf423e1","messageTitle":"Implement Add and List functionality, added some spacing","messageBody":"","tags":["Level-2"],"fileTypesAndContributionMap":{"java":{"insertions":17,"deletions":8}}},{"hash":"a07b50749564d96bdb72b63be826accdcc0bc8d5","messageTitle":"Add isDone class variable to Task","messageBody":"","fileTypesAndContributionMap":{"java":{"insertions":10,"deletions":1}}},{"hash":"02e309d245f39715188a00404f51d791903db2d0","messageTitle":"Add done field in list","messageBody":"","fileTypesAndContributionMap":{"java":{"insertions":3,"deletions":2}}},{"hash":"1ed4eb3f094bd04624c342cb2739df0438ec717c","messageTitle":"Add setter for isDone","messageBody":"","fileTypesAndContributionMap":{"java":{"insertions":4,"deletions":0}}}]},{"date":"2021-08-19","commitResults":[{"hash":"8974b2cfafe7f63add4be42cba5032df2ee1ae84","messageTitle":"Add Mark as Done functionality and simplified Duke responses","messageBody":"","tags":["Level-3"],"fileTypesAndContributionMap":{"java":{"insertions":21,"deletions":9}}}]}]},"authorFileTypeContributionMap":{"moreTriangles":{"java":83,"md":0,"fxml":0,"sh":0,"bat":0,"gradle":0,"txt":0}},"authorContributionVariance":{"moreTriangles":867.35547},"authorDisplayNameMap":{"moreTriangles":"ADAM..HONG"}}
