{"authorDailyContributionsMap":{"chongjunwei":[{"date":"2021-08-19","commitResults":[{"hash":"0c8bc1e47415f8eb0f1dee224ae2e578e82577fb","messageTitle":"Level-1","messageBody":"","tags":["Level-1"],"fileTypesAndContributionMap":{"java":{"insertions":24,"deletions":1}}},{"hash":"638be364782cfb15a8a04c61f07b26c4906f824a","messageTitle":"Level-2","messageBody":"","tags":["Level-2"],"fileTypesAndContributionMap":{"java":{"insertions":15,"deletions":4}}},{"hash":"e882b7b1d79102dc04ef36aeef01a862c55b0c9b","messageTitle":"Level-3","messageBody":"","tags":["Level-3"],"fileTypesAndContributionMap":{"java":{"insertions":32,"deletions":3}}}]},{"date":"2021-08-28","commitResults":[{"hash":"095834be575adbcaf8396b037be249b2c06fbfc5","messageTitle":"Level-4","messageBody":"","tags":["Level-4"],"fileTypesAndContributionMap":{"java":{"insertions":96,"deletions":3}}},{"hash":"a0cff102d73b8b62ff035905fa2428838ac1d1f2","messageTitle":"A-TextUiTesting","messageBody":"","tags":["A-TextUiTesting"],"fileTypesAndContributionMap":{"txt":{"insertions":9,"deletions":0},"sh":{"insertions":0,"deletions":0}}},{"hash":"90ac543132165e21a4e600d181bf47f3af6c7594","messageTitle":"Level-5","messageBody":"","tags":["Level-6","Level-5"],"fileTypesAndContributionMap":{"java":{"insertions":2,"deletions":0}}},{"hash":"8505d95a6fbb4830568f7b26bb1cd87bb2d0e220","messageTitle":"Level 5, 6","messageBody":"","fileTypesAndContributionMap":{"java":{"insertions":67,"deletions":24}}}]},{"date":"2021-08-31","commitResults":[{"hash":"23e16cc759807fd8c674f057e73f7fc6e1d74335","messageTitle":"Level-7","messageBody":"","tags":["Level-7"],"fileTypesAndContributionMap":{"txt":{"insertions":4,"deletions":0},"java":{"insertions":91,"deletions":24}}},{"hash":"5c22aee07320c1b7674ccb365bafcd0333394824","messageTitle":"Level-8","messageBody":"","tags":["Level-8"],"fileTypesAndContributionMap":{"java":{"insertions":0,"deletions":1}}},{"hash":"f6aa48962746994d11361ae14cf6060d9a336a89","messageTitle":"Level 7, 8","messageBody":"","fileTypesAndContributionMap":{"java":{"insertions":91,"deletions":23}}}]},{"date":"2021-09-09","commitResults":[{"hash":"4a0dbbb9b087f9341fce9c7cf78eb6cb5886646a","messageTitle":"test","messageBody":"","tags":["A-Jar"],"fileTypesAndContributionMap":{"txt":{"insertions":4,"deletions":2},"java":{"insertions":110,"deletions":16}}}]},{"date":"2021-09-15","commitResults":[{"hash":"2231690a0ffec1fe159605a8e7de16950bba489e","messageTitle":"test","messageBody":"","fileTypesAndContributionMap":{"java":{"insertions":103,"deletions":1}}}]},{"date":"2021-09-19","commitResults":[{"hash":"f1c3f07294cc32d8c35174dc608d0124bffc2af3","messageTitle":"A-MoreOOP","messageBody":"","tags":["A-MoreOOP"],"fileTypesAndContributionMap":{"txt":{"insertions":4,"deletions":3},"java":{"insertions":289,"deletions":363}}},{"hash":"730eb411f491755a7488953b4e6af9032fdde9ed","messageTitle":"A-Packages","messageBody":"","tags":["A-Packages"],"fileTypesAndContributionMap":{"java":{"insertions":25,"deletions":5},"bat":{"insertions":1,"deletions":1},"md":{"insertions":2,"deletions":2}}}]}]},"authorFileTypeContributionMap":{"chongjunwei":{"java":419,"md":2,"fxml":0,"sh":0,"bat":1,"gradle":0,"txt":16}},"authorContributionVariance":{"chongjunwei":13403.525},"authorDisplayNameMap":{"chongjunwei":"CS2103T-T15-4 CHON.. WEI"}}
