{"authorDailyContributionsMap":{"lrnshk":[{"date":"2021-08-16","commitResults":[{"hash":"edda9901353a100872a823527675b2aad92bbd6f","messageTitle":"no message","messageBody":"","tags":["Level-1"],"fileTypesAndContributionMap":{"java":{"insertions":31,"deletions":4}}},{"hash":"10f12a8769f2eec0769f29e86667d1a6c94bb727","messageTitle":"no message","messageBody":"","tags":["Level-2"],"fileTypesAndContributionMap":{"java":{"insertions":28,"deletions":5}}},{"hash":"46bcf4e5bdd675085480be8565568a072f118991","messageTitle":"no message","messageBody":"","tags":["Level-3"],"fileTypesAndContributionMap":{"java":{"insertions":41,"deletions":8}}},{"hash":"89aad27f81df70faf44f2bae04e6a22a8370818c","messageTitle":"no message","messageBody":"","tags":["Level-4"],"fileTypesAndContributionMap":{"java":{"insertions":92,"deletions":7}}}]},{"date":"2021-08-17","commitResults":[{"hash":"78b21cded7ed29b2d72971f80990f79496191acb","messageTitle":"Implemented Text Ui Testing. Fixed a bug in Todo class.","messageBody":"","tags":["A-TextUiTesting"],"fileTypesAndContributionMap":{"txt":{"insertions":5,"deletions":0},"java":{"insertions":3,"deletions":3}}},{"hash":"d0186b8e0511757fc271e3d18c5c58a1a8b5fa7b","messageTitle":"Implemented the ability to handle errors","messageBody":"","tags":["Level-5"],"fileTypesAndContributionMap":{"java":{"insertions":62,"deletions":17}}},{"hash":"6bfeabcbe375302e8c95f2481727fada92a17282","messageTitle":"Implemented the delete function. Fixed an error in Event.","messageBody":"","tags":["Level-6"],"fileTypesAndContributionMap":{"java":{"insertions":27,"deletions":7}}}]}]},"authorFileTypeContributionMap":{"lrnshk":{"java":233,"md":0,"fxml":0,"sh":0,"bat":0,"gradle":0,"txt":5}},"authorContributionVariance":{"lrnshk":5465.2837},"authorDisplayNameMap":{"lrnshk":"LAUR.. JUN"}}
