[{"path":"data/duke.txt","fileType":"txt","lines":[{"lineNumber":1,"author":{"gitId":"KengXIII"},"content":"E | 0 | idk | 2019-02-23 23:00","lastModifiedDate":"2021-08-26"},{"lineNumber":2,"author":{"gitId":"KengXIII"},"content":"D | 0 | cool | 1999-08-13 17:35","lastModifiedDate":"2021-08-26"}],"authorContributionMap":{"KengXIII":2}},{"path":"src/main/java/Deadline.java","fileType":"java","lines":[{"lineNumber":1,"author":{"gitId":"KengXIII"},"content":"import java.time.LocalDate;","lastModifiedDate":"2021-08-26"},{"lineNumber":2,"author":{"gitId":"KengXIII"},"content":"import java.time.LocalTime;","lastModifiedDate":"2021-08-26"},{"lineNumber":3,"author":{"gitId":"KengXIII"},"content":"import java.time.format.DateTimeFormatter;","lastModifiedDate":"2021-08-26"},{"lineNumber":4,"author":{"gitId":"KengXIII"},"content":"import java.time.format.DateTimeParseException;","lastModifiedDate":"2021-08-26"},{"lineNumber":5,"author":{"gitId":"KengXIII"},"content":"","lastModifiedDate":"2021-08-26"},{"lineNumber":6,"author":{"gitId":"KengXIII"},"content":"public class Deadline extends Task {","lastModifiedDate":"2021-08-19"},{"lineNumber":7,"author":{"gitId":"KengXIII"},"content":"","lastModifiedDate":"2021-08-19"},{"lineNumber":8,"author":{"gitId":"KengXIII"},"content":"    private LocalDate date;","lastModifiedDate":"2021-08-26"},{"lineNumber":9,"author":{"gitId":"KengXIII"},"content":"    private LocalTime time;","lastModifiedDate":"2021-08-26"},{"lineNumber":10,"author":{"gitId":"KengXIII"},"content":"","lastModifiedDate":"2021-08-19"},{"lineNumber":11,"author":{"gitId":"KengXIII"},"content":"    DateTimeFormatter dayOutputFormatter \u003d DateTimeFormatter.ofPattern(\"MMM dd yyyy\");","lastModifiedDate":"2021-08-26"},{"lineNumber":12,"author":{"gitId":"KengXIII"},"content":"    DateTimeFormatter timeOutputFormatter \u003d DateTimeFormatter.ofPattern(\"ha\");","lastModifiedDate":"2021-08-26"},{"lineNumber":13,"author":{"gitId":"KengXIII"},"content":"","lastModifiedDate":"2021-08-26"},{"lineNumber":14,"author":{"gitId":"KengXIII"},"content":"    DateTimeFormatter dayInputFormatter \u003d DateTimeFormatter.ofPattern(\"yyyy-MM-dd\");","lastModifiedDate":"2021-08-26"},{"lineNumber":15,"author":{"gitId":"KengXIII"},"content":"    DateTimeFormatter timeInputFormatter \u003d DateTimeFormatter.ofPattern(\"HH:mm\");","lastModifiedDate":"2021-08-26"},{"lineNumber":16,"author":{"gitId":"KengXIII"},"content":"","lastModifiedDate":"2021-08-26"},{"lineNumber":17,"author":{"gitId":"KengXIII"},"content":"    public Deadline(String description, String deadline, boolean completed) throws InvalidDateFormat {","lastModifiedDate":"2021-08-26"},{"lineNumber":18,"author":{"gitId":"KengXIII"},"content":"        super(description, completed);","lastModifiedDate":"2021-08-26"},{"lineNumber":19,"author":{"gitId":"KengXIII"},"content":"        String date \u003d deadline.split(\" \")[0];","lastModifiedDate":"2021-08-26"},{"lineNumber":20,"author":{"gitId":"KengXIII"},"content":"        String time \u003d deadline.split(\" \")[1];","lastModifiedDate":"2021-08-26"},{"lineNumber":21,"author":{"gitId":"KengXIII"},"content":"        try {","lastModifiedDate":"2021-08-26"},{"lineNumber":22,"author":{"gitId":"KengXIII"},"content":"            this.date \u003d LocalDate.parse(date,dayInputFormatter);","lastModifiedDate":"2021-08-26"},{"lineNumber":23,"author":{"gitId":"KengXIII"},"content":"            this.time \u003d LocalTime.parse(time,timeInputFormatter);","lastModifiedDate":"2021-08-26"},{"lineNumber":24,"author":{"gitId":"KengXIII"},"content":"        } catch (DateTimeParseException e) {","lastModifiedDate":"2021-08-26"},{"lineNumber":25,"author":{"gitId":"KengXIII"},"content":"            throw new InvalidDateFormat();","lastModifiedDate":"2021-08-26"},{"lineNumber":26,"author":{"gitId":"KengXIII"},"content":"        }","lastModifiedDate":"2021-08-26"},{"lineNumber":27,"author":{"gitId":"KengXIII"},"content":"    }","lastModifiedDate":"2021-08-19"},{"lineNumber":28,"author":{"gitId":"KengXIII"},"content":"","lastModifiedDate":"2021-08-19"},{"lineNumber":29,"author":{"gitId":"KengXIII"},"content":"    @Override","lastModifiedDate":"2021-08-19"},{"lineNumber":30,"author":{"gitId":"KengXIII"},"content":"    public String toString() {","lastModifiedDate":"2021-08-19"},{"lineNumber":31,"author":{"gitId":"KengXIII"},"content":"        return String.format(\"[D]%s (by: %s %s)\", super.toString(),","lastModifiedDate":"2021-08-26"},{"lineNumber":32,"author":{"gitId":"KengXIII"},"content":"                date.format(dayOutputFormatter), time.format(timeOutputFormatter));","lastModifiedDate":"2021-08-26"},{"lineNumber":33,"author":{"gitId":"KengXIII"},"content":"    }","lastModifiedDate":"2021-08-19"},{"lineNumber":34,"author":{"gitId":"KengXIII"},"content":"","lastModifiedDate":"2021-08-25"},{"lineNumber":35,"author":{"gitId":"KengXIII"},"content":"    @Override","lastModifiedDate":"2021-08-25"},{"lineNumber":36,"author":{"gitId":"KengXIII"},"content":"    public String getType() {","lastModifiedDate":"2021-08-25"},{"lineNumber":37,"author":{"gitId":"KengXIII"},"content":"        return \"D\";","lastModifiedDate":"2021-08-25"},{"lineNumber":38,"author":{"gitId":"KengXIII"},"content":"    }","lastModifiedDate":"2021-08-25"},{"lineNumber":39,"author":{"gitId":"KengXIII"},"content":"","lastModifiedDate":"2021-08-25"},{"lineNumber":40,"author":{"gitId":"KengXIII"},"content":"    @Override","lastModifiedDate":"2021-08-25"},{"lineNumber":41,"author":{"gitId":"KengXIII"},"content":"    public String getDeadline() {","lastModifiedDate":"2021-08-25"},{"lineNumber":42,"author":{"gitId":"KengXIII"},"content":"        return this.date.toString() + \" \" + this.time.toString();","lastModifiedDate":"2021-08-26"},{"lineNumber":43,"author":{"gitId":"KengXIII"},"content":"    }","lastModifiedDate":"2021-08-25"},{"lineNumber":44,"author":{"gitId":"KengXIII"},"content":"}","lastModifiedDate":"2021-08-19"}],"authorContributionMap":{"KengXIII":44}},{"path":"src/main/java/Duke.java","fileType":"java","lines":[{"lineNumber":1,"author":{"gitId":"KengXIII"},"content":"import java.util.ArrayList;","lastModifiedDate":"2021-08-21"},{"lineNumber":2,"author":{"gitId":"KengXIII"},"content":"import java.util.Scanner;","lastModifiedDate":"2021-08-18"},{"lineNumber":3,"author":{"gitId":"KengXIII"},"content":"import java.io.FileWriter;","lastModifiedDate":"2021-08-25"},{"lineNumber":4,"author":{"gitId":"KengXIII"},"content":"import java.io.IOException;","lastModifiedDate":"2021-08-25"},{"lineNumber":5,"author":{"gitId":"KengXIII"},"content":"import java.io.File;","lastModifiedDate":"2021-08-25"},{"lineNumber":6,"author":{"gitId":"KengXIII"},"content":"import java.time.LocalDate;","lastModifiedDate":"2021-08-26"},{"lineNumber":7,"author":{"gitId":"KengXIII"},"content":"","lastModifiedDate":"2021-08-25"},{"lineNumber":8,"author":{"gitId":"KengXIII"},"content":"","lastModifiedDate":"2021-08-18"},{"lineNumber":9,"author":{"gitId":"KengXIII"},"content":"/**","lastModifiedDate":"2021-08-18"},{"lineNumber":10,"author":{"gitId":"KengXIII"},"content":" * Project Duke is an educational software project.","lastModifiedDate":"2021-08-26"},{"lineNumber":11,"author":{"gitId":"KengXIII"},"content":" * It is designed to take you through the steps of building a small software incrementally.","lastModifiedDate":"2021-08-18"},{"lineNumber":12,"author":{"gitId":"KengXIII"},"content":" */","lastModifiedDate":"2021-08-18"},{"lineNumber":13,"author":{"gitId":"KengXIII"},"content":"","lastModifiedDate":"2021-08-18"},{"lineNumber":14,"author":{"gitId":"-"},"content":"public class Duke {","lastModifiedDate":"2019-07-29"},{"lineNumber":15,"author":{"gitId":"KengXIII"},"content":"    /**","lastModifiedDate":"2021-08-18"},{"lineNumber":16,"author":{"gitId":"KengXIII"},"content":"     * This is the scanner object used to get user input.","lastModifiedDate":"2021-08-18"},{"lineNumber":17,"author":{"gitId":"KengXIII"},"content":"     */","lastModifiedDate":"2021-08-18"},{"lineNumber":18,"author":{"gitId":"KengXIII"},"content":"    private static final Scanner sc \u003d new Scanner(System.in);","lastModifiedDate":"2021-08-25"},{"lineNumber":19,"author":{"gitId":"KengXIII"},"content":"","lastModifiedDate":"2021-08-18"},{"lineNumber":20,"author":{"gitId":"KengXIII"},"content":"    /**","lastModifiedDate":"2021-08-18"},{"lineNumber":21,"author":{"gitId":"KengXIII"},"content":"     * Stores the array of todos","lastModifiedDate":"2021-08-18"},{"lineNumber":22,"author":{"gitId":"KengXIII"},"content":"     */","lastModifiedDate":"2021-08-18"},{"lineNumber":23,"author":{"gitId":"KengXIII"},"content":"    private static final ArrayList\u003cTask\u003e todos \u003d new ArrayList\u003c\u003e();","lastModifiedDate":"2021-08-25"},{"lineNumber":24,"author":{"gitId":"KengXIII"},"content":"","lastModifiedDate":"2021-08-18"},{"lineNumber":25,"author":{"gitId":"KengXIII"},"content":"    /**","lastModifiedDate":"2021-08-18"},{"lineNumber":26,"author":{"gitId":"KengXIII"},"content":"     * Prints out the initial greeting message.","lastModifiedDate":"2021-08-18"},{"lineNumber":27,"author":{"gitId":"KengXIII"},"content":"     */","lastModifiedDate":"2021-08-18"},{"lineNumber":28,"author":{"gitId":"KengXIII"},"content":"    private static void greet() {","lastModifiedDate":"2021-08-18"},{"lineNumber":29,"author":{"gitId":"KengXIII"},"content":"        System.out.println(\"\\t____________________________________________________________\\n\" +","lastModifiedDate":"2021-08-18"},{"lineNumber":30,"author":{"gitId":"KengXIII"},"content":"                \"\\tHello! I\u0027m Duke. \\n\\tWhat can I do for you?\\n\" +","lastModifiedDate":"2021-08-18"},{"lineNumber":31,"author":{"gitId":"KengXIII"},"content":"                \"\\t____________________________________________________________\");","lastModifiedDate":"2021-08-18"},{"lineNumber":32,"author":{"gitId":"KengXIII"},"content":"    }","lastModifiedDate":"2021-08-18"},{"lineNumber":33,"author":{"gitId":"KengXIII"},"content":"","lastModifiedDate":"2021-08-18"},{"lineNumber":34,"author":{"gitId":"KengXIII"},"content":"    private static void writeToFile(String filePath, String textToAdd) throws IOException {","lastModifiedDate":"2021-08-25"},{"lineNumber":35,"author":{"gitId":"KengXIII"},"content":"        FileWriter fw \u003d new FileWriter(filePath);","lastModifiedDate":"2021-08-25"},{"lineNumber":36,"author":{"gitId":"KengXIII"},"content":"        fw.write(textToAdd);","lastModifiedDate":"2021-08-25"},{"lineNumber":37,"author":{"gitId":"KengXIII"},"content":"        fw.close();","lastModifiedDate":"2021-08-25"},{"lineNumber":38,"author":{"gitId":"KengXIII"},"content":"    }","lastModifiedDate":"2021-08-25"},{"lineNumber":39,"author":{"gitId":"KengXIII"},"content":"","lastModifiedDate":"2021-08-25"},{"lineNumber":40,"author":{"gitId":"KengXIII"},"content":"    private static void handleSaveText() {","lastModifiedDate":"2021-08-25"},{"lineNumber":41,"author":{"gitId":"KengXIII"},"content":"        String folderName \u003d \"./data\";","lastModifiedDate":"2021-08-25"},{"lineNumber":42,"author":{"gitId":"KengXIII"},"content":"        String fileName \u003d \"./data/duke.txt\";","lastModifiedDate":"2021-08-25"},{"lineNumber":43,"author":{"gitId":"KengXIII"},"content":"        File directory \u003d new File(folderName);","lastModifiedDate":"2021-08-25"},{"lineNumber":44,"author":{"gitId":"KengXIII"},"content":"","lastModifiedDate":"2021-08-25"},{"lineNumber":45,"author":{"gitId":"KengXIII"},"content":"        if (!directory.exists()) {","lastModifiedDate":"2021-08-25"},{"lineNumber":46,"author":{"gitId":"KengXIII"},"content":"            directory.mkdir();","lastModifiedDate":"2021-08-25"},{"lineNumber":47,"author":{"gitId":"KengXIII"},"content":"        }","lastModifiedDate":"2021-08-25"},{"lineNumber":48,"author":{"gitId":"KengXIII"},"content":"","lastModifiedDate":"2021-08-25"},{"lineNumber":49,"author":{"gitId":"KengXIII"},"content":"        String output \u003d \"\";","lastModifiedDate":"2021-08-25"},{"lineNumber":50,"author":{"gitId":"KengXIII"},"content":"        String separator \u003d \" | \";","lastModifiedDate":"2021-08-25"},{"lineNumber":51,"author":{"gitId":"KengXIII"},"content":"","lastModifiedDate":"2021-08-25"},{"lineNumber":52,"author":{"gitId":"KengXIII"},"content":"        for (Task t : todos) {","lastModifiedDate":"2021-08-25"},{"lineNumber":53,"author":{"gitId":"KengXIII"},"content":"            output \u003d output + t.getType() + separator + ((t.checkDone()) ? 1 : 0) + separator +","lastModifiedDate":"2021-08-25"},{"lineNumber":54,"author":{"gitId":"KengXIII"},"content":"                    t.getDescription() + separator + t.getDeadline() + \"\\n\";","lastModifiedDate":"2021-08-25"},{"lineNumber":55,"author":{"gitId":"KengXIII"},"content":"        }","lastModifiedDate":"2021-08-25"},{"lineNumber":56,"author":{"gitId":"KengXIII"},"content":"        try {","lastModifiedDate":"2021-08-25"},{"lineNumber":57,"author":{"gitId":"KengXIII"},"content":"            writeToFile(fileName, output);","lastModifiedDate":"2021-08-25"},{"lineNumber":58,"author":{"gitId":"KengXIII"},"content":"        } catch (IOException e) {","lastModifiedDate":"2021-08-25"},{"lineNumber":59,"author":{"gitId":"KengXIII"},"content":"            System.out.println(\"Something went wrong: \" + e.getMessage());","lastModifiedDate":"2021-08-25"},{"lineNumber":60,"author":{"gitId":"KengXIII"},"content":"        }","lastModifiedDate":"2021-08-25"},{"lineNumber":61,"author":{"gitId":"KengXIII"},"content":"    }","lastModifiedDate":"2021-08-25"},{"lineNumber":62,"author":{"gitId":"KengXIII"},"content":"","lastModifiedDate":"2021-08-25"},{"lineNumber":63,"author":{"gitId":"KengXIII"},"content":"    private static void handleLoadText() {","lastModifiedDate":"2021-08-25"},{"lineNumber":64,"author":{"gitId":"KengXIII"},"content":"        String folderName \u003d \"./data\";","lastModifiedDate":"2021-08-25"},{"lineNumber":65,"author":{"gitId":"KengXIII"},"content":"        String fileName \u003d \"./data/duke.txt\";","lastModifiedDate":"2021-08-25"},{"lineNumber":66,"author":{"gitId":"KengXIII"},"content":"        File directory \u003d new File(folderName);","lastModifiedDate":"2021-08-25"},{"lineNumber":67,"author":{"gitId":"KengXIII"},"content":"        File doc \u003d new File(fileName);","lastModifiedDate":"2021-08-26"},{"lineNumber":68,"author":{"gitId":"KengXIII"},"content":"","lastModifiedDate":"2021-08-25"},{"lineNumber":69,"author":{"gitId":"KengXIII"},"content":"        if (!directory.exists()) {","lastModifiedDate":"2021-08-25"},{"lineNumber":70,"author":{"gitId":"KengXIII"},"content":"            directory.mkdir();","lastModifiedDate":"2021-08-25"},{"lineNumber":71,"author":{"gitId":"KengXIII"},"content":"        }","lastModifiedDate":"2021-08-25"},{"lineNumber":72,"author":{"gitId":"KengXIII"},"content":"","lastModifiedDate":"2021-08-25"},{"lineNumber":73,"author":{"gitId":"KengXIII"},"content":"        try {","lastModifiedDate":"2021-08-25"},{"lineNumber":74,"author":{"gitId":"KengXIII"},"content":"            if (doc.exists()) {","lastModifiedDate":"2021-08-26"},{"lineNumber":75,"author":{"gitId":"KengXIII"},"content":"                Scanner scanner \u003d new Scanner(new File(fileName));","lastModifiedDate":"2021-08-25"},{"lineNumber":76,"author":{"gitId":"KengXIII"},"content":"                while (scanner.hasNextLine()) {","lastModifiedDate":"2021-08-25"},{"lineNumber":77,"author":{"gitId":"KengXIII"},"content":"                    String line \u003d scanner.nextLine();","lastModifiedDate":"2021-08-25"},{"lineNumber":78,"author":{"gitId":"KengXIII"},"content":"                    // process the line","lastModifiedDate":"2021-08-25"},{"lineNumber":79,"author":{"gitId":"KengXIII"},"content":"                    String[] output \u003d line.split(\"\\\\s\\\\|\\\\s\");","lastModifiedDate":"2021-08-25"},{"lineNumber":80,"author":{"gitId":"KengXIII"},"content":"                    switch (output[0]) {","lastModifiedDate":"2021-08-25"},{"lineNumber":81,"author":{"gitId":"KengXIII"},"content":"                        case \"T\":","lastModifiedDate":"2021-08-25"},{"lineNumber":82,"author":{"gitId":"KengXIII"},"content":"                            Task newTodo \u003d new Todo(output[2], output[1] \u003d\u003d \"1\");","lastModifiedDate":"2021-08-26"},{"lineNumber":83,"author":{"gitId":"KengXIII"},"content":"                            todos.add(newTodo);","lastModifiedDate":"2021-08-25"},{"lineNumber":84,"author":{"gitId":"KengXIII"},"content":"                            break;","lastModifiedDate":"2021-08-25"},{"lineNumber":85,"author":{"gitId":"KengXIII"},"content":"                        case \"D\":","lastModifiedDate":"2021-08-25"},{"lineNumber":86,"author":{"gitId":"KengXIII"},"content":"                            Task newDeadline \u003d new Deadline(output[2], output[3], output[1] \u003d\u003d \"1\");","lastModifiedDate":"2021-08-26"},{"lineNumber":87,"author":{"gitId":"KengXIII"},"content":"                            todos.add(newDeadline);","lastModifiedDate":"2021-08-25"},{"lineNumber":88,"author":{"gitId":"KengXIII"},"content":"                            break;","lastModifiedDate":"2021-08-25"},{"lineNumber":89,"author":{"gitId":"KengXIII"},"content":"                        case \"E\":","lastModifiedDate":"2021-08-25"},{"lineNumber":90,"author":{"gitId":"KengXIII"},"content":"                            Task newEvent \u003d new Event(output[2], output[3], output[1] \u003d\u003d \"1\");","lastModifiedDate":"2021-08-26"},{"lineNumber":91,"author":{"gitId":"KengXIII"},"content":"                            todos.add(newEvent);","lastModifiedDate":"2021-08-25"},{"lineNumber":92,"author":{"gitId":"KengXIII"},"content":"                            break;","lastModifiedDate":"2021-08-25"},{"lineNumber":93,"author":{"gitId":"KengXIII"},"content":"                        default:","lastModifiedDate":"2021-08-25"},{"lineNumber":94,"author":{"gitId":"KengXIII"},"content":"                            System.out.println(\"Detected invalid task type. Please check...\");","lastModifiedDate":"2021-08-25"},{"lineNumber":95,"author":{"gitId":"KengXIII"},"content":"                            break;","lastModifiedDate":"2021-08-25"},{"lineNumber":96,"author":{"gitId":"KengXIII"},"content":"                    }","lastModifiedDate":"2021-08-25"},{"lineNumber":97,"author":{"gitId":"KengXIII"},"content":"                }","lastModifiedDate":"2021-08-25"},{"lineNumber":98,"author":{"gitId":"KengXIII"},"content":"            } else {","lastModifiedDate":"2021-08-26"},{"lineNumber":99,"author":{"gitId":"KengXIII"},"content":"                writeToFile(fileName, \"\");","lastModifiedDate":"2021-08-26"},{"lineNumber":100,"author":{"gitId":"KengXIII"},"content":"            }","lastModifiedDate":"2021-08-26"},{"lineNumber":101,"author":{"gitId":"KengXIII"},"content":"        } catch (IOException e1) {","lastModifiedDate":"2021-08-26"},{"lineNumber":102,"author":{"gitId":"KengXIII"},"content":"            System.out.println(\"Something went wrong: \" + e1.getMessage());","lastModifiedDate":"2021-08-26"},{"lineNumber":103,"author":{"gitId":"KengXIII"},"content":"        } catch (InvalidDateFormat e2) {","lastModifiedDate":"2021-08-26"},{"lineNumber":104,"author":{"gitId":"KengXIII"},"content":"            System.out.println(e2.getMessage());","lastModifiedDate":"2021-08-26"},{"lineNumber":105,"author":{"gitId":"KengXIII"},"content":"        }","lastModifiedDate":"2021-08-25"},{"lineNumber":106,"author":{"gitId":"KengXIII"},"content":"    }","lastModifiedDate":"2021-08-25"},{"lineNumber":107,"author":{"gitId":"KengXIII"},"content":"","lastModifiedDate":"2021-08-25"},{"lineNumber":108,"author":{"gitId":"KengXIII"},"content":"    /**","lastModifiedDate":"2021-08-20"},{"lineNumber":109,"author":{"gitId":"KengXIII"},"content":"     * Throws the corresponding DukeException when the Task input is empty.","lastModifiedDate":"2021-08-25"},{"lineNumber":110,"author":{"gitId":"KengXIII"},"content":"     *","lastModifiedDate":"2021-08-20"},{"lineNumber":111,"author":{"gitId":"KengXIII"},"content":"     * @param input the array of String input to check","lastModifiedDate":"2021-08-20"},{"lineNumber":112,"author":{"gitId":"KengXIII"},"content":"     * @param type  the type of Task it is called with","lastModifiedDate":"2021-08-20"},{"lineNumber":113,"author":{"gitId":"KengXIII"},"content":"     * @throws DukeException throws the NullDescription","lastModifiedDate":"2021-08-20"},{"lineNumber":114,"author":{"gitId":"KengXIII"},"content":"     */","lastModifiedDate":"2021-08-20"},{"lineNumber":115,"author":{"gitId":"KengXIII"},"content":"    private static void checkInput(String[] input, String type) throws DukeException {","lastModifiedDate":"2021-08-20"},{"lineNumber":116,"author":{"gitId":"KengXIII"},"content":"        if (input.length \u003d\u003d 1) {","lastModifiedDate":"2021-08-20"},{"lineNumber":117,"author":{"gitId":"KengXIII"},"content":"            throw new NullDescription(type);","lastModifiedDate":"2021-08-20"},{"lineNumber":118,"author":{"gitId":"KengXIII"},"content":"        }","lastModifiedDate":"2021-08-20"},{"lineNumber":119,"author":{"gitId":"KengXIII"},"content":"    }","lastModifiedDate":"2021-08-20"},{"lineNumber":120,"author":{"gitId":"KengXIII"},"content":"","lastModifiedDate":"2021-08-20"},{"lineNumber":121,"author":{"gitId":"KengXIII"},"content":"    /**","lastModifiedDate":"2021-08-20"},{"lineNumber":122,"author":{"gitId":"KengXIII"},"content":"     * Prints out the feedback when users enter their response.","lastModifiedDate":"2021-08-20"},{"lineNumber":123,"author":{"gitId":"KengXIII"},"content":"     *","lastModifiedDate":"2021-08-20"},{"lineNumber":124,"author":{"gitId":"KengXIII"},"content":"     * @param response the array of String input to check","lastModifiedDate":"2021-08-20"},{"lineNumber":125,"author":{"gitId":"KengXIII"},"content":"     * @throws DukeException throws the NullDescription","lastModifiedDate":"2021-08-20"},{"lineNumber":126,"author":{"gitId":"KengXIII"},"content":"     */","lastModifiedDate":"2021-08-20"},{"lineNumber":127,"author":{"gitId":"KengXIII"},"content":"    private static void handleInput(String response) throws DukeException {","lastModifiedDate":"2021-08-20"},{"lineNumber":128,"author":{"gitId":"KengXIII"},"content":"        String[] output \u003d response.split(\" \");","lastModifiedDate":"2021-08-19"},{"lineNumber":129,"author":{"gitId":"KengXIII"},"content":"","lastModifiedDate":"2021-08-21"},{"lineNumber":130,"author":{"gitId":"KengXIII"},"content":"        if (output.length \u003d\u003d 0 || output[0].isEmpty() || output[0].equals(\" \")) {","lastModifiedDate":"2021-08-21"},{"lineNumber":131,"author":{"gitId":"KengXIII"},"content":"            throw new InvalidCommand();","lastModifiedDate":"2021-08-21"},{"lineNumber":132,"author":{"gitId":"KengXIII"},"content":"        }","lastModifiedDate":"2021-08-21"},{"lineNumber":133,"author":{"gitId":"KengXIII"},"content":"","lastModifiedDate":"2021-08-21"},{"lineNumber":134,"author":{"gitId":"KengXIII"},"content":"        String command \u003d output[0];","lastModifiedDate":"2021-08-19"},{"lineNumber":135,"author":{"gitId":"KengXIII"},"content":"        Task newTask;","lastModifiedDate":"2021-08-25"},{"lineNumber":136,"author":{"gitId":"KengXIII"},"content":"","lastModifiedDate":"2021-08-21"},{"lineNumber":137,"author":{"gitId":"KengXIII"},"content":"        switch (command) {","lastModifiedDate":"2021-08-21"},{"lineNumber":138,"author":{"gitId":"KengXIII"},"content":"            case \"done\":","lastModifiedDate":"2021-08-21"},{"lineNumber":139,"author":{"gitId":"KengXIII"},"content":"                Task editedTask \u003d todos.get(Integer.parseInt(output[1]) - 1);","lastModifiedDate":"2021-08-21"},{"lineNumber":140,"author":{"gitId":"KengXIII"},"content":"                editedTask.markIsDone();","lastModifiedDate":"2021-08-19"},{"lineNumber":141,"author":{"gitId":"KengXIII"},"content":"                System.out.printf(\"\\t____________________________________________________________\\n\" +","lastModifiedDate":"2021-08-25"},{"lineNumber":142,"author":{"gitId":"KengXIII"},"content":"                        \"\\tNice! I\u0027ve marked this task as done:\\n\" +","lastModifiedDate":"2021-08-19"},{"lineNumber":143,"author":{"gitId":"KengXIII"},"content":"                        \"\\t%s\\n\" +","lastModifiedDate":"2021-08-19"},{"lineNumber":144,"author":{"gitId":"KengXIII"},"content":"                        \"\\t____________________________________________________________%n\", editedTask);","lastModifiedDate":"2021-08-25"},{"lineNumber":145,"author":{"gitId":"KengXIII"},"content":"                break;","lastModifiedDate":"2021-08-21"},{"lineNumber":146,"author":{"gitId":"KengXIII"},"content":"            case \"delete\":","lastModifiedDate":"2021-08-21"},{"lineNumber":147,"author":{"gitId":"KengXIII"},"content":"                try {","lastModifiedDate":"2021-08-21"},{"lineNumber":148,"author":{"gitId":"KengXIII"},"content":"                    int index \u003d Integer.parseInt(output[1]) - 1;","lastModifiedDate":"2021-08-21"},{"lineNumber":149,"author":{"gitId":"KengXIII"},"content":"                    Task removedTask \u003d todos.remove(index);","lastModifiedDate":"2021-08-21"},{"lineNumber":150,"author":{"gitId":"KengXIII"},"content":"                    System.out.printf(\"\\tNoted. I\u0027ve removed this task:\\n\" +","lastModifiedDate":"2021-08-25"},{"lineNumber":151,"author":{"gitId":"KengXIII"},"content":"                            \"\\t%s\\n\" +","lastModifiedDate":"2021-08-21"},{"lineNumber":152,"author":{"gitId":"KengXIII"},"content":"                            \"\\tNow you have %d tasks in the list.%n\", removedTask.toString(), todos.size());","lastModifiedDate":"2021-08-25"},{"lineNumber":153,"author":{"gitId":"KengXIII"},"content":"                } catch (IndexOutOfBoundsException | NumberFormatException f) {","lastModifiedDate":"2021-08-21"},{"lineNumber":154,"author":{"gitId":"KengXIII"},"content":"                    throw new InvalidValue();","lastModifiedDate":"2021-08-21"},{"lineNumber":155,"author":{"gitId":"KengXIII"},"content":"                }","lastModifiedDate":"2021-08-21"},{"lineNumber":156,"author":{"gitId":"KengXIII"},"content":"                break;","lastModifiedDate":"2021-08-21"},{"lineNumber":157,"author":{"gitId":"KengXIII"},"content":"            case \"todo\":","lastModifiedDate":"2021-08-19"},{"lineNumber":158,"author":{"gitId":"KengXIII"},"content":"                checkInput(output, \"todo\");","lastModifiedDate":"2021-08-20"},{"lineNumber":159,"author":{"gitId":"KengXIII"},"content":"                String todoDescription \u003d response.substring(5);","lastModifiedDate":"2021-08-19"},{"lineNumber":160,"author":{"gitId":"KengXIII"},"content":"                newTask \u003d new Todo(todoDescription, false);","lastModifiedDate":"2021-08-26"},{"lineNumber":161,"author":{"gitId":"KengXIII"},"content":"                handleAdd(newTask);","lastModifiedDate":"2021-08-21"},{"lineNumber":162,"author":{"gitId":"KengXIII"},"content":"                break;","lastModifiedDate":"2021-08-19"},{"lineNumber":163,"author":{"gitId":"KengXIII"},"content":"            case \"deadline\":","lastModifiedDate":"2021-08-19"},{"lineNumber":164,"author":{"gitId":"KengXIII"},"content":"                checkInput(output, \"deadline\");","lastModifiedDate":"2021-08-20"},{"lineNumber":165,"author":{"gitId":"KengXIII"},"content":"                String deadlineDescription \u003d response.substring(9).split(\" /by \")[0];","lastModifiedDate":"2021-08-25"},{"lineNumber":166,"author":{"gitId":"KengXIII"},"content":"                String deadlineDate \u003d response.substring(9).split(\" /by \")[1];","lastModifiedDate":"2021-08-25"},{"lineNumber":167,"author":{"gitId":"KengXIII"},"content":"                newTask \u003d new Deadline(deadlineDescription, deadlineDate, false);","lastModifiedDate":"2021-08-26"},{"lineNumber":168,"author":{"gitId":"KengXIII"},"content":"                handleAdd(newTask);","lastModifiedDate":"2021-08-21"},{"lineNumber":169,"author":{"gitId":"KengXIII"},"content":"                break;","lastModifiedDate":"2021-08-19"},{"lineNumber":170,"author":{"gitId":"KengXIII"},"content":"            case \"event\":","lastModifiedDate":"2021-08-19"},{"lineNumber":171,"author":{"gitId":"KengXIII"},"content":"                checkInput(output, \"event\");","lastModifiedDate":"2021-08-20"},{"lineNumber":172,"author":{"gitId":"KengXIII"},"content":"                String eventDescription \u003d response.substring(6).split(\" /at \")[0];","lastModifiedDate":"2021-08-25"},{"lineNumber":173,"author":{"gitId":"KengXIII"},"content":"                String eventDate \u003d response.substring(6).split(\" /at \")[1];","lastModifiedDate":"2021-08-25"},{"lineNumber":174,"author":{"gitId":"KengXIII"},"content":"                newTask \u003d new Event(eventDescription, eventDate, false);","lastModifiedDate":"2021-08-26"},{"lineNumber":175,"author":{"gitId":"KengXIII"},"content":"                handleAdd(newTask);","lastModifiedDate":"2021-08-21"},{"lineNumber":176,"author":{"gitId":"KengXIII"},"content":"                break;","lastModifiedDate":"2021-08-19"},{"lineNumber":177,"author":{"gitId":"KengXIII"},"content":"            default:","lastModifiedDate":"2021-08-19"},{"lineNumber":178,"author":{"gitId":"KengXIII"},"content":"                throw new InvalidCommand();","lastModifiedDate":"2021-08-20"},{"lineNumber":179,"author":{"gitId":"KengXIII"},"content":"        }","lastModifiedDate":"2021-08-19"},{"lineNumber":180,"author":{"gitId":"KengXIII"},"content":"","lastModifiedDate":"2021-08-25"},{"lineNumber":181,"author":{"gitId":"KengXIII"},"content":"        handleSaveText();","lastModifiedDate":"2021-08-25"},{"lineNumber":182,"author":{"gitId":"KengXIII"},"content":"    }","lastModifiedDate":"2021-08-21"},{"lineNumber":183,"author":{"gitId":"KengXIII"},"content":"","lastModifiedDate":"2021-08-19"},{"lineNumber":184,"author":{"gitId":"KengXIII"},"content":"    private static void handleAdd(Task newTask) {","lastModifiedDate":"2021-08-21"},{"lineNumber":185,"author":{"gitId":"KengXIII"},"content":"        todos.add(newTask);","lastModifiedDate":"2021-08-21"},{"lineNumber":186,"author":{"gitId":"KengXIII"},"content":"","lastModifiedDate":"2021-08-19"},{"lineNumber":187,"author":{"gitId":"KengXIII"},"content":"        System.out.println(\"\\t____________________________________________________________\\n\\t\" +","lastModifiedDate":"2021-08-19"},{"lineNumber":188,"author":{"gitId":"KengXIII"},"content":"                String.format(\"Got it. I\u0027ve added this task:\\n\" +","lastModifiedDate":"2021-08-19"},{"lineNumber":189,"author":{"gitId":"KengXIII"},"content":"                        \"\\t  %s\\n\" +","lastModifiedDate":"2021-08-19"},{"lineNumber":190,"author":{"gitId":"KengXIII"},"content":"                        \"\\tNow you have %d tasks in the list.\", newTask.toString(), todos.size()) +","lastModifiedDate":"2021-08-21"},{"lineNumber":191,"author":{"gitId":"KengXIII"},"content":"                \"\\n\\t____________________________________________________________\");","lastModifiedDate":"2021-08-19"},{"lineNumber":192,"author":{"gitId":"KengXIII"},"content":"    }","lastModifiedDate":"2021-08-19"},{"lineNumber":193,"author":{"gitId":"KengXIII"},"content":"","lastModifiedDate":"2021-08-19"},{"lineNumber":194,"author":{"gitId":"KengXIII"},"content":"    /**","lastModifiedDate":"2021-08-18"},{"lineNumber":195,"author":{"gitId":"KengXIII"},"content":"     * Starts the Duke chatbot.","lastModifiedDate":"2021-08-18"},{"lineNumber":196,"author":{"gitId":"KengXIII"},"content":"     * Users can input String to interact with the chatbot.","lastModifiedDate":"2021-08-18"},{"lineNumber":197,"author":{"gitId":"KengXIII"},"content":"     * Entering \u0027bye\u0027 exits the program.","lastModifiedDate":"2021-08-19"},{"lineNumber":198,"author":{"gitId":"KengXIII"},"content":"     * Entering \u0027done\u0027 followed by an int will mark the task at that index as complete","lastModifiedDate":"2021-08-19"},{"lineNumber":199,"author":{"gitId":"KengXIII"},"content":"     * Entering any other string will create a new todo.","lastModifiedDate":"2021-08-19"},{"lineNumber":200,"author":{"gitId":"KengXIII"},"content":"     */","lastModifiedDate":"2021-08-18"},{"lineNumber":201,"author":{"gitId":"-"},"content":"    public static void main(String[] args) {","lastModifiedDate":"2021-08-18"},{"lineNumber":202,"author":{"gitId":"-"},"content":"        String logo \u003d \" ____        _        \\n\"","lastModifiedDate":"2021-08-18"},{"lineNumber":203,"author":{"gitId":"-"},"content":"                + \"|  _ \\\\ _   _| | _____ \\n\"","lastModifiedDate":"2021-08-18"},{"lineNumber":204,"author":{"gitId":"-"},"content":"                + \"| | | | | | | |/ / _ \\\\\\n\"","lastModifiedDate":"2021-08-18"},{"lineNumber":205,"author":{"gitId":"-"},"content":"                + \"| |_| | |_| |   \u003c  __/\\n\"","lastModifiedDate":"2021-08-18"},{"lineNumber":206,"author":{"gitId":"-"},"content":"                + \"|____/ \\\\__,_|_|\\\\_\\\\___|\\n\";","lastModifiedDate":"2021-08-18"},{"lineNumber":207,"author":{"gitId":"KengXIII"},"content":"        // Initial greeting of user","lastModifiedDate":"2021-08-18"},{"lineNumber":208,"author":{"gitId":"KengXIII"},"content":"        greet();","lastModifiedDate":"2021-08-18"},{"lineNumber":209,"author":{"gitId":"KengXIII"},"content":"        handleLoadText();","lastModifiedDate":"2021-08-25"},{"lineNumber":210,"author":{"gitId":"KengXIII"},"content":"","lastModifiedDate":"2021-08-18"},{"lineNumber":211,"author":{"gitId":"KengXIII"},"content":"        // Starts to ask for string of instruction","lastModifiedDate":"2021-08-18"},{"lineNumber":212,"author":{"gitId":"KengXIII"},"content":"        // boolean flag to indicate if loop should be exited","lastModifiedDate":"2021-08-18"},{"lineNumber":213,"author":{"gitId":"KengXIII"},"content":"        boolean exit \u003d false;","lastModifiedDate":"2021-08-18"},{"lineNumber":214,"author":{"gitId":"KengXIII"},"content":"","lastModifiedDate":"2021-08-18"},{"lineNumber":215,"author":{"gitId":"KengXIII"},"content":"        // if boolean is false, loop will be run","lastModifiedDate":"2021-08-25"},{"lineNumber":216,"author":{"gitId":"KengXIII"},"content":"        while (!exit) {","lastModifiedDate":"2021-08-18"},{"lineNumber":217,"author":{"gitId":"KengXIII"},"content":"            String response \u003d sc.nextLine();","lastModifiedDate":"2021-08-18"},{"lineNumber":218,"author":{"gitId":"KengXIII"},"content":"","lastModifiedDate":"2021-08-18"},{"lineNumber":219,"author":{"gitId":"KengXIII"},"content":"            switch (response) {","lastModifiedDate":"2021-08-18"},{"lineNumber":220,"author":{"gitId":"KengXIII"},"content":"                case \"list\":","lastModifiedDate":"2021-08-18"},{"lineNumber":221,"author":{"gitId":"KengXIII"},"content":"                    System.out.println(\"\\t____________________________________________________________\");","lastModifiedDate":"2021-08-18"},{"lineNumber":222,"author":{"gitId":"KengXIII"},"content":"                    for (int i \u003d 0; i \u003c todos.size(); i++) {","lastModifiedDate":"2021-08-21"},{"lineNumber":223,"author":{"gitId":"KengXIII"},"content":"                        System.out.printf(\"\\t%d.%s%n\", (i + 1), todos.get(i).toString());","lastModifiedDate":"2021-08-25"},{"lineNumber":224,"author":{"gitId":"KengXIII"},"content":"                    }","lastModifiedDate":"2021-08-18"},{"lineNumber":225,"author":{"gitId":"KengXIII"},"content":"                    System.out.println(\"\\t____________________________________________________________\");","lastModifiedDate":"2021-08-18"},{"lineNumber":226,"author":{"gitId":"KengXIII"},"content":"                    break;","lastModifiedDate":"2021-08-18"},{"lineNumber":227,"author":{"gitId":"KengXIII"},"content":"                case \"bye\":","lastModifiedDate":"2021-08-18"},{"lineNumber":228,"author":{"gitId":"KengXIII"},"content":"                    System.out.println(\"\\t____________________________________________________________\\n\\t\" +","lastModifiedDate":"2021-08-18"},{"lineNumber":229,"author":{"gitId":"KengXIII"},"content":"                            \"Bye. Hope to see you again soon!\" +","lastModifiedDate":"2021-08-18"},{"lineNumber":230,"author":{"gitId":"KengXIII"},"content":"                            \"\\n\\t____________________________________________________________\");","lastModifiedDate":"2021-08-18"},{"lineNumber":231,"author":{"gitId":"KengXIII"},"content":"                    exit \u003d true;","lastModifiedDate":"2021-08-18"},{"lineNumber":232,"author":{"gitId":"KengXIII"},"content":"                    break;","lastModifiedDate":"2021-08-18"},{"lineNumber":233,"author":{"gitId":"KengXIII"},"content":"                default:","lastModifiedDate":"2021-08-18"},{"lineNumber":234,"author":{"gitId":"KengXIII"},"content":"                    try {","lastModifiedDate":"2021-08-20"},{"lineNumber":235,"author":{"gitId":"KengXIII"},"content":"                        handleInput(response);","lastModifiedDate":"2021-08-19"},{"lineNumber":236,"author":{"gitId":"KengXIII"},"content":"                    } catch (DukeException e) {","lastModifiedDate":"2021-08-20"},{"lineNumber":237,"author":{"gitId":"KengXIII"},"content":"                        System.out.printf(\"\\t____________________________________________________________\\n\" +","lastModifiedDate":"2021-08-25"},{"lineNumber":238,"author":{"gitId":"KengXIII"},"content":"                                \"\\t%s\\n\" +","lastModifiedDate":"2021-08-20"},{"lineNumber":239,"author":{"gitId":"KengXIII"},"content":"                                \"\\t____________________________________________________________%n\", e);","lastModifiedDate":"2021-08-25"},{"lineNumber":240,"author":{"gitId":"KengXIII"},"content":"                    }","lastModifiedDate":"2021-08-20"},{"lineNumber":241,"author":{"gitId":"KengXIII"},"content":"                    break;","lastModifiedDate":"2021-08-18"},{"lineNumber":242,"author":{"gitId":"KengXIII"},"content":"            }","lastModifiedDate":"2021-08-18"},{"lineNumber":243,"author":{"gitId":"KengXIII"},"content":"        }","lastModifiedDate":"2021-08-18"},{"lineNumber":244,"author":{"gitId":"-"},"content":"    }","lastModifiedDate":"2021-08-18"},{"lineNumber":245,"author":{"gitId":"-"},"content":"}","lastModifiedDate":"2019-07-29"}],"authorContributionMap":{"-":9,"KengXIII":236}},{"path":"src/main/java/DukeException.java","fileType":"java","lines":[{"lineNumber":1,"author":{"gitId":"KengXIII"},"content":"public abstract class DukeException extends Exception {","lastModifiedDate":"2021-08-21"},{"lineNumber":2,"author":{"gitId":"KengXIII"},"content":"","lastModifiedDate":"2021-08-20"},{"lineNumber":3,"author":{"gitId":"KengXIII"},"content":"}","lastModifiedDate":"2021-08-20"}],"authorContributionMap":{"KengXIII":3}},{"path":"src/main/java/Event.java","fileType":"java","lines":[{"lineNumber":1,"author":{"gitId":"KengXIII"},"content":"import java.time.LocalDate;","lastModifiedDate":"2021-08-26"},{"lineNumber":2,"author":{"gitId":"KengXIII"},"content":"import java.time.LocalTime;","lastModifiedDate":"2021-08-26"},{"lineNumber":3,"author":{"gitId":"KengXIII"},"content":"import java.time.format.DateTimeFormatter;","lastModifiedDate":"2021-08-26"},{"lineNumber":4,"author":{"gitId":"KengXIII"},"content":"import java.time.format.DateTimeParseException;","lastModifiedDate":"2021-08-26"},{"lineNumber":5,"author":{"gitId":"KengXIII"},"content":"","lastModifiedDate":"2021-08-26"},{"lineNumber":6,"author":{"gitId":"KengXIII"},"content":"public class Event extends Task {","lastModifiedDate":"2021-08-19"},{"lineNumber":7,"author":{"gitId":"KengXIII"},"content":"","lastModifiedDate":"2021-08-19"},{"lineNumber":8,"author":{"gitId":"KengXIII"},"content":"    private LocalDate date;","lastModifiedDate":"2021-08-26"},{"lineNumber":9,"author":{"gitId":"KengXIII"},"content":"    private LocalTime time;","lastModifiedDate":"2021-08-26"},{"lineNumber":10,"author":{"gitId":"KengXIII"},"content":"","lastModifiedDate":"2021-08-26"},{"lineNumber":11,"author":{"gitId":"KengXIII"},"content":"    DateTimeFormatter dayOutputFormatter \u003d DateTimeFormatter.ofPattern(\"MMM dd yyyy\");","lastModifiedDate":"2021-08-26"},{"lineNumber":12,"author":{"gitId":"KengXIII"},"content":"    DateTimeFormatter timeOutputFormatter \u003d DateTimeFormatter.ofPattern(\"ha\");","lastModifiedDate":"2021-08-26"},{"lineNumber":13,"author":{"gitId":"KengXIII"},"content":"","lastModifiedDate":"2021-08-26"},{"lineNumber":14,"author":{"gitId":"KengXIII"},"content":"    DateTimeFormatter dayInputFormatter \u003d DateTimeFormatter.ofPattern(\"yyyy-MM-dd\");","lastModifiedDate":"2021-08-26"},{"lineNumber":15,"author":{"gitId":"KengXIII"},"content":"    DateTimeFormatter timeInputFormatter \u003d DateTimeFormatter.ofPattern(\"HH:mm\");","lastModifiedDate":"2021-08-26"},{"lineNumber":16,"author":{"gitId":"KengXIII"},"content":"","lastModifiedDate":"2021-08-19"},{"lineNumber":17,"author":{"gitId":"KengXIII"},"content":"    public Event(String description, String deadline, boolean completed) throws InvalidDateFormat {","lastModifiedDate":"2021-08-26"},{"lineNumber":18,"author":{"gitId":"KengXIII"},"content":"        super(description, completed);","lastModifiedDate":"2021-08-26"},{"lineNumber":19,"author":{"gitId":"KengXIII"},"content":"        String date \u003d deadline.split(\" \")[0];","lastModifiedDate":"2021-08-26"},{"lineNumber":20,"author":{"gitId":"KengXIII"},"content":"        String time \u003d deadline.split(\" \")[1];","lastModifiedDate":"2021-08-26"},{"lineNumber":21,"author":{"gitId":"KengXIII"},"content":"        try {","lastModifiedDate":"2021-08-26"},{"lineNumber":22,"author":{"gitId":"KengXIII"},"content":"            this.date \u003d LocalDate.parse(date,dayInputFormatter);","lastModifiedDate":"2021-08-26"},{"lineNumber":23,"author":{"gitId":"KengXIII"},"content":"            this.time \u003d LocalTime.parse(time,timeInputFormatter);","lastModifiedDate":"2021-08-26"},{"lineNumber":24,"author":{"gitId":"KengXIII"},"content":"        } catch (DateTimeParseException e) {","lastModifiedDate":"2021-08-26"},{"lineNumber":25,"author":{"gitId":"KengXIII"},"content":"            throw new InvalidDateFormat();","lastModifiedDate":"2021-08-26"},{"lineNumber":26,"author":{"gitId":"KengXIII"},"content":"        }","lastModifiedDate":"2021-08-26"},{"lineNumber":27,"author":{"gitId":"KengXIII"},"content":"    }","lastModifiedDate":"2021-08-19"},{"lineNumber":28,"author":{"gitId":"KengXIII"},"content":"","lastModifiedDate":"2021-08-19"},{"lineNumber":29,"author":{"gitId":"KengXIII"},"content":"    @Override","lastModifiedDate":"2021-08-19"},{"lineNumber":30,"author":{"gitId":"KengXIII"},"content":"    public String toString() {","lastModifiedDate":"2021-08-19"},{"lineNumber":31,"author":{"gitId":"KengXIII"},"content":"        return String.format(\"[E]%s (at: %s %s)\", super.toString(),","lastModifiedDate":"2021-08-26"},{"lineNumber":32,"author":{"gitId":"KengXIII"},"content":"                date.format(dayOutputFormatter), time.format(timeOutputFormatter));","lastModifiedDate":"2021-08-26"},{"lineNumber":33,"author":{"gitId":"KengXIII"},"content":"    }","lastModifiedDate":"2021-08-19"},{"lineNumber":34,"author":{"gitId":"KengXIII"},"content":"","lastModifiedDate":"2021-08-25"},{"lineNumber":35,"author":{"gitId":"KengXIII"},"content":"    @Override","lastModifiedDate":"2021-08-25"},{"lineNumber":36,"author":{"gitId":"KengXIII"},"content":"    public String getType() {","lastModifiedDate":"2021-08-25"},{"lineNumber":37,"author":{"gitId":"KengXIII"},"content":"        return \"E\";","lastModifiedDate":"2021-08-25"},{"lineNumber":38,"author":{"gitId":"KengXIII"},"content":"    }","lastModifiedDate":"2021-08-25"},{"lineNumber":39,"author":{"gitId":"KengXIII"},"content":"","lastModifiedDate":"2021-08-25"},{"lineNumber":40,"author":{"gitId":"KengXIII"},"content":"    @Override","lastModifiedDate":"2021-08-25"},{"lineNumber":41,"author":{"gitId":"KengXIII"},"content":"    public String getDeadline() {","lastModifiedDate":"2021-08-25"},{"lineNumber":42,"author":{"gitId":"KengXIII"},"content":"        return this.date.toString() + \" \" + this.time.toString();","lastModifiedDate":"2021-08-26"},{"lineNumber":43,"author":{"gitId":"KengXIII"},"content":"    }","lastModifiedDate":"2021-08-25"},{"lineNumber":44,"author":{"gitId":"KengXIII"},"content":"}","lastModifiedDate":"2021-08-19"}],"authorContributionMap":{"KengXIII":44}},{"path":"src/main/java/InvalidCommand.java","fileType":"java","lines":[{"lineNumber":1,"author":{"gitId":"KengXIII"},"content":"public class InvalidCommand extends DukeException{","lastModifiedDate":"2021-08-20"},{"lineNumber":2,"author":{"gitId":"KengXIII"},"content":"","lastModifiedDate":"2021-08-20"},{"lineNumber":3,"author":{"gitId":"KengXIII"},"content":"    @Override","lastModifiedDate":"2021-08-20"},{"lineNumber":4,"author":{"gitId":"KengXIII"},"content":"    public String toString() {","lastModifiedDate":"2021-08-20"},{"lineNumber":5,"author":{"gitId":"KengXIII"},"content":"        return \"☹ OOPS!!! I\u0027m sorry, but I don\u0027t know what that means :-(\";","lastModifiedDate":"2021-08-20"},{"lineNumber":6,"author":{"gitId":"KengXIII"},"content":"    }","lastModifiedDate":"2021-08-20"},{"lineNumber":7,"author":{"gitId":"KengXIII"},"content":"}","lastModifiedDate":"2021-08-20"}],"authorContributionMap":{"KengXIII":7}},{"path":"src/main/java/InvalidDateFormat.java","fileType":"java","lines":[{"lineNumber":1,"author":{"gitId":"KengXIII"},"content":"public class InvalidDateFormat extends DukeException{","lastModifiedDate":"2021-08-26"},{"lineNumber":2,"author":{"gitId":"KengXIII"},"content":"","lastModifiedDate":"2021-08-26"},{"lineNumber":3,"author":{"gitId":"KengXIII"},"content":"    @Override","lastModifiedDate":"2021-08-26"},{"lineNumber":4,"author":{"gitId":"KengXIII"},"content":"    public String toString() {","lastModifiedDate":"2021-08-26"},{"lineNumber":5,"author":{"gitId":"KengXIII"},"content":"        return \"Invalid format, please use yyyy-MM-dd for date and HH:mm for time in 24hr format.\";","lastModifiedDate":"2021-08-26"},{"lineNumber":6,"author":{"gitId":"KengXIII"},"content":"    }","lastModifiedDate":"2021-08-26"},{"lineNumber":7,"author":{"gitId":"KengXIII"},"content":"}","lastModifiedDate":"2021-08-26"}],"authorContributionMap":{"KengXIII":7}},{"path":"src/main/java/InvalidValue.java","fileType":"java","lines":[{"lineNumber":1,"author":{"gitId":"KengXIII"},"content":"public class InvalidValue extends DukeException {","lastModifiedDate":"2021-08-21"},{"lineNumber":2,"author":{"gitId":"KengXIII"},"content":"","lastModifiedDate":"2021-08-21"},{"lineNumber":3,"author":{"gitId":"KengXIII"},"content":"    @Override","lastModifiedDate":"2021-08-21"},{"lineNumber":4,"author":{"gitId":"KengXIII"},"content":"    public String toString() {","lastModifiedDate":"2021-08-21"},{"lineNumber":5,"author":{"gitId":"KengXIII"},"content":"        return \"☹ OOPS!!! I\u0027m sorry, but the task number seems to be invalid.\";","lastModifiedDate":"2021-08-21"},{"lineNumber":6,"author":{"gitId":"KengXIII"},"content":"    }","lastModifiedDate":"2021-08-21"},{"lineNumber":7,"author":{"gitId":"KengXIII"},"content":"}","lastModifiedDate":"2021-08-21"}],"authorContributionMap":{"KengXIII":7}},{"path":"src/main/java/NullDescription.java","fileType":"java","lines":[{"lineNumber":1,"author":{"gitId":"KengXIII"},"content":"public class NullDescription extends DukeException {","lastModifiedDate":"2021-08-20"},{"lineNumber":2,"author":{"gitId":"KengXIII"},"content":"","lastModifiedDate":"2021-08-20"},{"lineNumber":3,"author":{"gitId":"KengXIII"},"content":"    private String type;","lastModifiedDate":"2021-08-20"},{"lineNumber":4,"author":{"gitId":"KengXIII"},"content":"","lastModifiedDate":"2021-08-20"},{"lineNumber":5,"author":{"gitId":"KengXIII"},"content":"    public NullDescription(String type) {","lastModifiedDate":"2021-08-20"},{"lineNumber":6,"author":{"gitId":"KengXIII"},"content":"        this.type \u003d type;","lastModifiedDate":"2021-08-20"},{"lineNumber":7,"author":{"gitId":"KengXIII"},"content":"    }","lastModifiedDate":"2021-08-20"},{"lineNumber":8,"author":{"gitId":"KengXIII"},"content":"    @Override","lastModifiedDate":"2021-08-20"},{"lineNumber":9,"author":{"gitId":"KengXIII"},"content":"    public String toString() {","lastModifiedDate":"2021-08-20"},{"lineNumber":10,"author":{"gitId":"KengXIII"},"content":"        return \"☹ OOPS!!! The description of a \" + type + \" cannot be empty.\";","lastModifiedDate":"2021-08-20"},{"lineNumber":11,"author":{"gitId":"KengXIII"},"content":"    }","lastModifiedDate":"2021-08-20"},{"lineNumber":12,"author":{"gitId":"KengXIII"},"content":"}","lastModifiedDate":"2021-08-20"}],"authorContributionMap":{"KengXIII":12}},{"path":"src/main/java/Task.java","fileType":"java","lines":[{"lineNumber":1,"author":{"gitId":"KengXIII"},"content":"public abstract class Task {","lastModifiedDate":"2021-08-25"},{"lineNumber":2,"author":{"gitId":"KengXIII"},"content":"    protected String description;","lastModifiedDate":"2021-08-18"},{"lineNumber":3,"author":{"gitId":"KengXIII"},"content":"    protected boolean isDone;","lastModifiedDate":"2021-08-18"},{"lineNumber":4,"author":{"gitId":"KengXIII"},"content":"","lastModifiedDate":"2021-08-18"},{"lineNumber":5,"author":{"gitId":"KengXIII"},"content":"    public Task(String description, boolean completed) {","lastModifiedDate":"2021-08-26"},{"lineNumber":6,"author":{"gitId":"KengXIII"},"content":"        this.description \u003d description;","lastModifiedDate":"2021-08-18"},{"lineNumber":7,"author":{"gitId":"KengXIII"},"content":"        this.isDone \u003d completed;","lastModifiedDate":"2021-08-26"},{"lineNumber":8,"author":{"gitId":"KengXIII"},"content":"    }","lastModifiedDate":"2021-08-18"},{"lineNumber":9,"author":{"gitId":"KengXIII"},"content":"","lastModifiedDate":"2021-08-18"},{"lineNumber":10,"author":{"gitId":"KengXIII"},"content":"    public String getStatusIcon() {","lastModifiedDate":"2021-08-18"},{"lineNumber":11,"author":{"gitId":"KengXIII"},"content":"        return (isDone ? \"X\" : \" \"); // mark done task with X","lastModifiedDate":"2021-08-18"},{"lineNumber":12,"author":{"gitId":"KengXIII"},"content":"    }","lastModifiedDate":"2021-08-18"},{"lineNumber":13,"author":{"gitId":"KengXIII"},"content":"","lastModifiedDate":"2021-08-18"},{"lineNumber":14,"author":{"gitId":"KengXIII"},"content":"    public String getDescription() {","lastModifiedDate":"2021-08-18"},{"lineNumber":15,"author":{"gitId":"KengXIII"},"content":"        return this.description;","lastModifiedDate":"2021-08-18"},{"lineNumber":16,"author":{"gitId":"KengXIII"},"content":"    }","lastModifiedDate":"2021-08-18"},{"lineNumber":17,"author":{"gitId":"KengXIII"},"content":"    public void markIsDone() {","lastModifiedDate":"2021-08-18"},{"lineNumber":18,"author":{"gitId":"KengXIII"},"content":"        this.isDone \u003d true;","lastModifiedDate":"2021-08-18"},{"lineNumber":19,"author":{"gitId":"KengXIII"},"content":"    }","lastModifiedDate":"2021-08-18"},{"lineNumber":20,"author":{"gitId":"KengXIII"},"content":"","lastModifiedDate":"2021-08-18"},{"lineNumber":21,"author":{"gitId":"KengXIII"},"content":"    public boolean checkDone() {","lastModifiedDate":"2021-08-25"},{"lineNumber":22,"author":{"gitId":"KengXIII"},"content":"        return this.isDone;","lastModifiedDate":"2021-08-25"},{"lineNumber":23,"author":{"gitId":"KengXIII"},"content":"    }","lastModifiedDate":"2021-08-25"},{"lineNumber":24,"author":{"gitId":"KengXIII"},"content":"","lastModifiedDate":"2021-08-25"},{"lineNumber":25,"author":{"gitId":"KengXIII"},"content":"    @Override","lastModifiedDate":"2021-08-18"},{"lineNumber":26,"author":{"gitId":"KengXIII"},"content":"    public String toString() {","lastModifiedDate":"2021-08-18"},{"lineNumber":27,"author":{"gitId":"KengXIII"},"content":"        return String.format(\"[%s] %s\", this.getStatusIcon(), this.description);","lastModifiedDate":"2021-08-18"},{"lineNumber":28,"author":{"gitId":"KengXIII"},"content":"","lastModifiedDate":"2021-08-18"},{"lineNumber":29,"author":{"gitId":"KengXIII"},"content":"    }","lastModifiedDate":"2021-08-18"},{"lineNumber":30,"author":{"gitId":"KengXIII"},"content":"","lastModifiedDate":"2021-08-25"},{"lineNumber":31,"author":{"gitId":"KengXIII"},"content":"    public abstract String getType();","lastModifiedDate":"2021-08-25"},{"lineNumber":32,"author":{"gitId":"KengXIII"},"content":"    public abstract String getDeadline();","lastModifiedDate":"2021-08-25"},{"lineNumber":33,"author":{"gitId":"KengXIII"},"content":"}","lastModifiedDate":"2021-08-18"}],"authorContributionMap":{"KengXIII":33}},{"path":"src/main/java/Todo.java","fileType":"java","lines":[{"lineNumber":1,"author":{"gitId":"KengXIII"},"content":"/**","lastModifiedDate":"2021-08-19"},{"lineNumber":2,"author":{"gitId":"KengXIII"},"content":" * Todo is a subclass of a Task.","lastModifiedDate":"2021-08-19"},{"lineNumber":3,"author":{"gitId":"KengXIII"},"content":" * It has the same behaviour of a task except printing out the Task type when using","lastModifiedDate":"2021-08-19"},{"lineNumber":4,"author":{"gitId":"KengXIII"},"content":" * ToString method call.","lastModifiedDate":"2021-08-19"},{"lineNumber":5,"author":{"gitId":"KengXIII"},"content":" */","lastModifiedDate":"2021-08-19"},{"lineNumber":6,"author":{"gitId":"KengXIII"},"content":"","lastModifiedDate":"2021-08-19"},{"lineNumber":7,"author":{"gitId":"KengXIII"},"content":"public class Todo extends Task{","lastModifiedDate":"2021-08-19"},{"lineNumber":8,"author":{"gitId":"KengXIII"},"content":"    /**","lastModifiedDate":"2021-08-19"},{"lineNumber":9,"author":{"gitId":"KengXIII"},"content":"     * Constructor for Todo object.","lastModifiedDate":"2021-08-19"},{"lineNumber":10,"author":{"gitId":"KengXIII"},"content":"     *","lastModifiedDate":"2021-08-19"},{"lineNumber":11,"author":{"gitId":"KengXIII"},"content":"     * @param description the task description","lastModifiedDate":"2021-08-19"},{"lineNumber":12,"author":{"gitId":"KengXIII"},"content":"     */","lastModifiedDate":"2021-08-19"},{"lineNumber":13,"author":{"gitId":"KengXIII"},"content":"    public Todo(String description, boolean completed) {","lastModifiedDate":"2021-08-26"},{"lineNumber":14,"author":{"gitId":"KengXIII"},"content":"        super(description, completed);","lastModifiedDate":"2021-08-26"},{"lineNumber":15,"author":{"gitId":"KengXIII"},"content":"    }","lastModifiedDate":"2021-08-19"},{"lineNumber":16,"author":{"gitId":"KengXIII"},"content":"","lastModifiedDate":"2021-08-19"},{"lineNumber":17,"author":{"gitId":"KengXIII"},"content":"    /**","lastModifiedDate":"2021-08-19"},{"lineNumber":18,"author":{"gitId":"KengXIII"},"content":"     * Returns out the Task description and the task type in String","lastModifiedDate":"2021-08-19"},{"lineNumber":19,"author":{"gitId":"KengXIII"},"content":"     *","lastModifiedDate":"2021-08-19"},{"lineNumber":20,"author":{"gitId":"KengXIII"},"content":"     * @return the String representation of a Todo","lastModifiedDate":"2021-08-19"},{"lineNumber":21,"author":{"gitId":"KengXIII"},"content":"     */","lastModifiedDate":"2021-08-19"},{"lineNumber":22,"author":{"gitId":"KengXIII"},"content":"    @Override","lastModifiedDate":"2021-08-19"},{"lineNumber":23,"author":{"gitId":"KengXIII"},"content":"    public String toString() {","lastModifiedDate":"2021-08-19"},{"lineNumber":24,"author":{"gitId":"KengXIII"},"content":"        return String.format(\"[T]%s\", super.toString());","lastModifiedDate":"2021-08-19"},{"lineNumber":25,"author":{"gitId":"KengXIII"},"content":"    }","lastModifiedDate":"2021-08-19"},{"lineNumber":26,"author":{"gitId":"KengXIII"},"content":"","lastModifiedDate":"2021-08-25"},{"lineNumber":27,"author":{"gitId":"KengXIII"},"content":"    @Override","lastModifiedDate":"2021-08-25"},{"lineNumber":28,"author":{"gitId":"KengXIII"},"content":"    public String getType() {","lastModifiedDate":"2021-08-25"},{"lineNumber":29,"author":{"gitId":"KengXIII"},"content":"        return \"T\";","lastModifiedDate":"2021-08-25"},{"lineNumber":30,"author":{"gitId":"KengXIII"},"content":"    }","lastModifiedDate":"2021-08-25"},{"lineNumber":31,"author":{"gitId":"KengXIII"},"content":"","lastModifiedDate":"2021-08-25"},{"lineNumber":32,"author":{"gitId":"KengXIII"},"content":"    @Override","lastModifiedDate":"2021-08-25"},{"lineNumber":33,"author":{"gitId":"KengXIII"},"content":"    public String getDeadline() {","lastModifiedDate":"2021-08-25"},{"lineNumber":34,"author":{"gitId":"KengXIII"},"content":"        return \"\";","lastModifiedDate":"2021-08-25"},{"lineNumber":35,"author":{"gitId":"KengXIII"},"content":"    }","lastModifiedDate":"2021-08-25"},{"lineNumber":36,"author":{"gitId":"KengXIII"},"content":"}","lastModifiedDate":"2021-08-19"}],"authorContributionMap":{"KengXIII":36}},{"path":"text-ui-test/data/duke.txt","fileType":"txt","lines":[{"lineNumber":1,"author":{"gitId":"KengXIII"},"content":"T | 1 | 1 | ","lastModifiedDate":"2021-08-25"},{"lineNumber":2,"author":{"gitId":"KengXIII"},"content":"D | 1 | 1 | 1","lastModifiedDate":"2021-08-26"},{"lineNumber":3,"author":{"gitId":"KengXIII"},"content":"E | 1 | 1 | 1","lastModifiedDate":"2021-08-26"},{"lineNumber":4,"author":{"gitId":"KengXIII"},"content":"T | 0 | 0 | ","lastModifiedDate":"2021-08-26"},{"lineNumber":5,"author":{"gitId":"KengXIII"},"content":"D | 0 | 0 | return book","lastModifiedDate":"2021-08-26"},{"lineNumber":6,"author":{"gitId":"KengXIII"},"content":"E | 0 | 0 | project meeting","lastModifiedDate":"2021-08-26"},{"lineNumber":7,"author":{"gitId":"KengXIII"},"content":"T | 0 | borrow book | ","lastModifiedDate":"2021-08-25"},{"lineNumber":8,"author":{"gitId":"KengXIII"},"content":"D | 0 | return book | Sunday","lastModifiedDate":"2021-08-25"},{"lineNumber":9,"author":{"gitId":"KengXIII"},"content":"E | 0 | project meeting | Mon 2-4pm","lastModifiedDate":"2021-08-25"}],"authorContributionMap":{"KengXIII":9}},{"path":"text-ui-test/input.txt","fileType":"txt","lines":[{"lineNumber":1,"author":{"gitId":"KengXIII"},"content":"todo borrow book","lastModifiedDate":"2021-08-19"},{"lineNumber":2,"author":{"gitId":"KengXIII"},"content":"list","lastModifiedDate":"2021-08-19"},{"lineNumber":3,"author":{"gitId":"KengXIII"},"content":"deadline return book /by Sunday","lastModifiedDate":"2021-08-19"},{"lineNumber":4,"author":{"gitId":"KengXIII"},"content":"event project meeting /at Mon 2-4pm","lastModifiedDate":"2021-08-19"},{"lineNumber":5,"author":{"gitId":"KengXIII"},"content":"done 1","lastModifiedDate":"2021-08-19"},{"lineNumber":6,"author":{"gitId":"KengXIII"},"content":"done 2","lastModifiedDate":"2021-08-19"},{"lineNumber":7,"author":{"gitId":"KengXIII"},"content":"done 3","lastModifiedDate":"2021-08-19"},{"lineNumber":8,"author":{"gitId":"KengXIII"},"content":"todo","lastModifiedDate":"2021-08-20"},{"lineNumber":9,"author":{"gitId":"KengXIII"},"content":"event","lastModifiedDate":"2021-08-20"},{"lineNumber":10,"author":{"gitId":"KengXIII"},"content":"deadline","lastModifiedDate":"2021-08-20"},{"lineNumber":11,"author":{"gitId":"KengXIII"},"content":"trolololololol","lastModifiedDate":"2021-08-20"},{"lineNumber":12,"author":{"gitId":"KengXIII"},"content":"bye","lastModifiedDate":"2021-08-19"}],"authorContributionMap":{"KengXIII":12}}]
