[{"path":"src/main/java/Deadline.java","fileType":"java","lines":[{"lineNumber":1,"author":{"gitId":"tsy24"},"content":"public class Deadline extends Task {","lastModifiedDate":"2021-08-18"},{"lineNumber":2,"author":{"gitId":"tsy24"},"content":"","lastModifiedDate":"2021-08-18"},{"lineNumber":3,"author":{"gitId":"tsy24"},"content":"    protected String by;","lastModifiedDate":"2021-08-18"},{"lineNumber":4,"author":{"gitId":"tsy24"},"content":"","lastModifiedDate":"2021-08-18"},{"lineNumber":5,"author":{"gitId":"tsy24"},"content":"    public Deadline(String description, String by) {","lastModifiedDate":"2021-08-18"},{"lineNumber":6,"author":{"gitId":"tsy24"},"content":"        super(description);","lastModifiedDate":"2021-08-18"},{"lineNumber":7,"author":{"gitId":"tsy24"},"content":"        this.by \u003d by;","lastModifiedDate":"2021-08-18"},{"lineNumber":8,"author":{"gitId":"tsy24"},"content":"    }","lastModifiedDate":"2021-08-18"},{"lineNumber":9,"author":{"gitId":"tsy24"},"content":"","lastModifiedDate":"2021-08-18"},{"lineNumber":10,"author":{"gitId":"tsy24"},"content":"    @Override","lastModifiedDate":"2021-08-18"},{"lineNumber":11,"author":{"gitId":"tsy24"},"content":"    public String toString() {","lastModifiedDate":"2021-08-18"},{"lineNumber":12,"author":{"gitId":"tsy24"},"content":"        return \"[D]\" + super.toString() + \" (by: \" + by + \")\";","lastModifiedDate":"2021-08-18"},{"lineNumber":13,"author":{"gitId":"tsy24"},"content":"    }","lastModifiedDate":"2021-08-18"},{"lineNumber":14,"author":{"gitId":"tsy24"},"content":"}","lastModifiedDate":"2021-08-18"}],"authorContributionMap":{"tsy24":14}},{"path":"src/main/java/Duke.java","fileType":"java","lines":[{"lineNumber":1,"author":{"gitId":"tsy24"},"content":"import java.util.ArrayList;","lastModifiedDate":"2021-08-18"},{"lineNumber":2,"author":{"gitId":"tsy24"},"content":"import java.util.Scanner;","lastModifiedDate":"2021-08-18"},{"lineNumber":3,"author":{"gitId":"tsy24"},"content":"","lastModifiedDate":"2021-08-18"},{"lineNumber":4,"author":{"gitId":"-"},"content":"public class Duke {","lastModifiedDate":"2019-07-29"},{"lineNumber":5,"author":{"gitId":"tsy24"},"content":"","lastModifiedDate":"2021-08-18"},{"lineNumber":6,"author":{"gitId":"tsy24"},"content":"    private ArrayList\u003cTask\u003e taskList;","lastModifiedDate":"2021-08-18"},{"lineNumber":7,"author":{"gitId":"tsy24"},"content":"    private Scanner sc;","lastModifiedDate":"2021-08-18"},{"lineNumber":8,"author":{"gitId":"tsy24"},"content":"","lastModifiedDate":"2021-08-18"},{"lineNumber":9,"author":{"gitId":"tsy24"},"content":"    public Duke() {","lastModifiedDate":"2021-08-18"},{"lineNumber":10,"author":{"gitId":"tsy24"},"content":"        taskList \u003d new ArrayList\u003c\u003e();","lastModifiedDate":"2021-08-18"},{"lineNumber":11,"author":{"gitId":"tsy24"},"content":"    }","lastModifiedDate":"2021-08-18"},{"lineNumber":12,"author":{"gitId":"tsy24"},"content":"","lastModifiedDate":"2021-08-18"},{"lineNumber":13,"author":{"gitId":"tsy24"},"content":"    public void chat() {","lastModifiedDate":"2021-08-18"},{"lineNumber":14,"author":{"gitId":"tsy24"},"content":"        String startText \u003d \"Hello! I\u0027m Duke\\n\" + \"What can I do for you?\";","lastModifiedDate":"2021-08-18"},{"lineNumber":15,"author":{"gitId":"tsy24"},"content":"        System.out.println(startText);","lastModifiedDate":"2021-08-18"},{"lineNumber":16,"author":{"gitId":"tsy24"},"content":"        sc \u003d new Scanner(System.in);","lastModifiedDate":"2021-08-18"},{"lineNumber":17,"author":{"gitId":"tsy24"},"content":"        label:","lastModifiedDate":"2021-08-18"},{"lineNumber":18,"author":{"gitId":"tsy24"},"content":"        while (sc.hasNext()) {","lastModifiedDate":"2021-08-18"},{"lineNumber":19,"author":{"gitId":"tsy24"},"content":"            try {","lastModifiedDate":"2021-08-18"},{"lineNumber":20,"author":{"gitId":"tsy24"},"content":"                String command \u003d sc.next();","lastModifiedDate":"2021-08-18"},{"lineNumber":21,"author":{"gitId":"tsy24"},"content":"                switch (command) {","lastModifiedDate":"2021-08-18"},{"lineNumber":22,"author":{"gitId":"tsy24"},"content":"                    case \"bye\":","lastModifiedDate":"2021-08-18"},{"lineNumber":23,"author":{"gitId":"tsy24"},"content":"                        String closingMessage \u003d \"Goodbye! Hope to see you again soon!\\n\";","lastModifiedDate":"2021-08-18"},{"lineNumber":24,"author":{"gitId":"tsy24"},"content":"                        System.out.println(outputTemplate(closingMessage));","lastModifiedDate":"2021-08-18"},{"lineNumber":25,"author":{"gitId":"tsy24"},"content":"                        sc.close();","lastModifiedDate":"2021-08-18"},{"lineNumber":26,"author":{"gitId":"tsy24"},"content":"                        break label;","lastModifiedDate":"2021-08-18"},{"lineNumber":27,"author":{"gitId":"tsy24"},"content":"                    case \"list\":","lastModifiedDate":"2021-08-18"},{"lineNumber":28,"author":{"gitId":"tsy24"},"content":"                        String list \u003d \"These are the tasks in your list:\\n\";","lastModifiedDate":"2021-08-18"},{"lineNumber":29,"author":{"gitId":"tsy24"},"content":"                        for (int i \u003d 0; i \u003c taskList.size(); i++) {","lastModifiedDate":"2021-08-18"},{"lineNumber":30,"author":{"gitId":"tsy24"},"content":"                            list +\u003d (i + 1) + \". \" + taskList.get(i).toString() + \"\\n\";","lastModifiedDate":"2021-08-18"},{"lineNumber":31,"author":{"gitId":"tsy24"},"content":"                        }","lastModifiedDate":"2021-08-18"},{"lineNumber":32,"author":{"gitId":"tsy24"},"content":"                        System.out.println(outputTemplate(list));","lastModifiedDate":"2021-08-18"},{"lineNumber":33,"author":{"gitId":"tsy24"},"content":"                        break;","lastModifiedDate":"2021-08-18"},{"lineNumber":34,"author":{"gitId":"tsy24"},"content":"                    case \"done\": {","lastModifiedDate":"2021-08-18"},{"lineNumber":35,"author":{"gitId":"tsy24"},"content":"                        int taskNumber \u003d getTaskNumber();","lastModifiedDate":"2021-08-18"},{"lineNumber":36,"author":{"gitId":"tsy24"},"content":"                        Task completedTask \u003d taskList.get(taskNumber - 1);","lastModifiedDate":"2021-08-18"},{"lineNumber":37,"author":{"gitId":"tsy24"},"content":"                        completedTask.markAsDone();","lastModifiedDate":"2021-08-18"},{"lineNumber":38,"author":{"gitId":"tsy24"},"content":"                        String message \u003d \"Good work! Task is now marked as done:\\n\" + completedTask + \"\\n\";","lastModifiedDate":"2021-08-18"},{"lineNumber":39,"author":{"gitId":"tsy24"},"content":"                        System.out.println(outputTemplate(message));","lastModifiedDate":"2021-08-18"},{"lineNumber":40,"author":{"gitId":"tsy24"},"content":"                        break;","lastModifiedDate":"2021-08-18"},{"lineNumber":41,"author":{"gitId":"tsy24"},"content":"                    }","lastModifiedDate":"2021-08-18"},{"lineNumber":42,"author":{"gitId":"tsy24"},"content":"                    case \"todo\": {","lastModifiedDate":"2021-08-18"},{"lineNumber":43,"author":{"gitId":"tsy24"},"content":"                        String description \u003d getDescription(\"todo\");","lastModifiedDate":"2021-08-18"},{"lineNumber":44,"author":{"gitId":"tsy24"},"content":"                        ToDo task \u003d new ToDo(description.trim());","lastModifiedDate":"2021-08-18"},{"lineNumber":45,"author":{"gitId":"tsy24"},"content":"                        taskList.add(task);","lastModifiedDate":"2021-08-18"},{"lineNumber":46,"author":{"gitId":"tsy24"},"content":"                        String message \u003d \"Alright! New task added:\\n\" + task +","lastModifiedDate":"2021-08-18"},{"lineNumber":47,"author":{"gitId":"tsy24"},"content":"                                String.format(\"\\nThere are now %d tasks in your list\\n\", taskList.size());","lastModifiedDate":"2021-08-18"},{"lineNumber":48,"author":{"gitId":"tsy24"},"content":"                        System.out.println(outputTemplate(message));","lastModifiedDate":"2021-08-18"},{"lineNumber":49,"author":{"gitId":"tsy24"},"content":"                        break;","lastModifiedDate":"2021-08-18"},{"lineNumber":50,"author":{"gitId":"tsy24"},"content":"                    }","lastModifiedDate":"2021-08-18"},{"lineNumber":51,"author":{"gitId":"tsy24"},"content":"                    case \"deadline\": {","lastModifiedDate":"2021-08-18"},{"lineNumber":52,"author":{"gitId":"tsy24"},"content":"                        String description \u003d getDescription(\"deadline\");","lastModifiedDate":"2021-08-18"},{"lineNumber":53,"author":{"gitId":"tsy24"},"content":"                        String[] parameters \u003d description.split(\" /by \");","lastModifiedDate":"2021-08-18"},{"lineNumber":54,"author":{"gitId":"tsy24"},"content":"                        Deadline task \u003d new Deadline(parameters[0].trim(), parameters[1]);","lastModifiedDate":"2021-08-18"},{"lineNumber":55,"author":{"gitId":"tsy24"},"content":"                        taskList.add(task);","lastModifiedDate":"2021-08-18"},{"lineNumber":56,"author":{"gitId":"tsy24"},"content":"                        String message \u003d \"Alright! New task added:\\n\" + task +","lastModifiedDate":"2021-08-18"},{"lineNumber":57,"author":{"gitId":"tsy24"},"content":"                                String.format(\"\\nThere are now %d tasks in your list\\n\", taskList.size());","lastModifiedDate":"2021-08-18"},{"lineNumber":58,"author":{"gitId":"tsy24"},"content":"                        System.out.println(outputTemplate(message));","lastModifiedDate":"2021-08-18"},{"lineNumber":59,"author":{"gitId":"tsy24"},"content":"                        break;","lastModifiedDate":"2021-08-18"},{"lineNumber":60,"author":{"gitId":"tsy24"},"content":"                    }","lastModifiedDate":"2021-08-18"},{"lineNumber":61,"author":{"gitId":"tsy24"},"content":"                    case \"event\": {","lastModifiedDate":"2021-08-18"},{"lineNumber":62,"author":{"gitId":"tsy24"},"content":"                        String description \u003d getDescription(\"event\");","lastModifiedDate":"2021-08-18"},{"lineNumber":63,"author":{"gitId":"tsy24"},"content":"                        String[] parameters \u003d description.split(\" /at \");","lastModifiedDate":"2021-08-18"},{"lineNumber":64,"author":{"gitId":"tsy24"},"content":"                        Event task \u003d new Event(parameters[0], parameters[1]);","lastModifiedDate":"2021-08-18"},{"lineNumber":65,"author":{"gitId":"tsy24"},"content":"                        taskList.add(task);","lastModifiedDate":"2021-08-18"},{"lineNumber":66,"author":{"gitId":"tsy24"},"content":"                        String message \u003d \"Alright! New task added:\\n\" + task +","lastModifiedDate":"2021-08-18"},{"lineNumber":67,"author":{"gitId":"tsy24"},"content":"                                String.format(\"\\nThere are now %d tasks in your list\\n\", taskList.size());","lastModifiedDate":"2021-08-18"},{"lineNumber":68,"author":{"gitId":"tsy24"},"content":"                        System.out.println(outputTemplate(message));","lastModifiedDate":"2021-08-18"},{"lineNumber":69,"author":{"gitId":"tsy24"},"content":"                        break;","lastModifiedDate":"2021-08-18"},{"lineNumber":70,"author":{"gitId":"tsy24"},"content":"                    }","lastModifiedDate":"2021-08-18"},{"lineNumber":71,"author":{"gitId":"tsy24"},"content":"                    default: {","lastModifiedDate":"2021-08-18"},{"lineNumber":72,"author":{"gitId":"tsy24"},"content":"                        throw new DukeException(\"I\u0027m sorry, but I don\u0027t know what that means :-(\");","lastModifiedDate":"2021-08-18"},{"lineNumber":73,"author":{"gitId":"tsy24"},"content":"                    }","lastModifiedDate":"2021-08-18"},{"lineNumber":74,"author":{"gitId":"tsy24"},"content":"                }","lastModifiedDate":"2021-08-18"},{"lineNumber":75,"author":{"gitId":"tsy24"},"content":"            } catch (DukeException e) {","lastModifiedDate":"2021-08-18"},{"lineNumber":76,"author":{"gitId":"tsy24"},"content":"                System.out.println(outputTemplate(e + \"\\n\"));","lastModifiedDate":"2021-08-18"},{"lineNumber":77,"author":{"gitId":"tsy24"},"content":"            }","lastModifiedDate":"2021-08-18"},{"lineNumber":78,"author":{"gitId":"tsy24"},"content":"        }","lastModifiedDate":"2021-08-18"},{"lineNumber":79,"author":{"gitId":"tsy24"},"content":"    }","lastModifiedDate":"2021-08-18"},{"lineNumber":80,"author":{"gitId":"tsy24"},"content":"","lastModifiedDate":"2021-08-18"},{"lineNumber":81,"author":{"gitId":"-"},"content":"    public static void main(String[] args) {","lastModifiedDate":"2021-08-18"},{"lineNumber":82,"author":{"gitId":"tsy24"},"content":"        Duke duke \u003d new Duke();","lastModifiedDate":"2021-08-18"},{"lineNumber":83,"author":{"gitId":"tsy24"},"content":"        duke.chat();","lastModifiedDate":"2021-08-18"},{"lineNumber":84,"author":{"gitId":"tsy24"},"content":"    }","lastModifiedDate":"2021-08-18"},{"lineNumber":85,"author":{"gitId":"tsy24"},"content":"","lastModifiedDate":"2021-08-18"},{"lineNumber":86,"author":{"gitId":"tsy24"},"content":"    private String outputTemplate(String output) {","lastModifiedDate":"2021-08-18"},{"lineNumber":87,"author":{"gitId":"tsy24"},"content":"        String line \u003d \"~ * ~ * ~ * ~ * ~ * ~ * ~ * ~ * ~ * ~ * ~ * ~ * ~ * ~ * ~ * ~ * ~\";","lastModifiedDate":"2021-08-18"},{"lineNumber":88,"author":{"gitId":"tsy24"},"content":"        return line + \"\\n\" + output + line;","lastModifiedDate":"2021-08-18"},{"lineNumber":89,"author":{"gitId":"-"},"content":"    }","lastModifiedDate":"2019-07-29"},{"lineNumber":90,"author":{"gitId":"tsy24"},"content":"","lastModifiedDate":"2021-08-18"},{"lineNumber":91,"author":{"gitId":"tsy24"},"content":"    private String getDescription(String taskType) throws DukeException {","lastModifiedDate":"2021-08-18"},{"lineNumber":92,"author":{"gitId":"tsy24"},"content":"        String description \u003d sc.nextLine().trim();","lastModifiedDate":"2021-08-18"},{"lineNumber":93,"author":{"gitId":"tsy24"},"content":"        if (description.isEmpty()) {","lastModifiedDate":"2021-08-18"},{"lineNumber":94,"author":{"gitId":"tsy24"},"content":"            throw new DukeException(String.format(\"The description of a %s cannot be empty!\", taskType));","lastModifiedDate":"2021-08-18"},{"lineNumber":95,"author":{"gitId":"tsy24"},"content":"        } else {","lastModifiedDate":"2021-08-18"},{"lineNumber":96,"author":{"gitId":"tsy24"},"content":"            return description;","lastModifiedDate":"2021-08-18"},{"lineNumber":97,"author":{"gitId":"tsy24"},"content":"        }","lastModifiedDate":"2021-08-18"},{"lineNumber":98,"author":{"gitId":"tsy24"},"content":"    }","lastModifiedDate":"2021-08-18"},{"lineNumber":99,"author":{"gitId":"tsy24"},"content":"","lastModifiedDate":"2021-08-18"},{"lineNumber":100,"author":{"gitId":"tsy24"},"content":"    private int getTaskNumber() throws DukeException {","lastModifiedDate":"2021-08-18"},{"lineNumber":101,"author":{"gitId":"tsy24"},"content":"        int taskNumber \u003d sc.nextInt();","lastModifiedDate":"2021-08-18"},{"lineNumber":102,"author":{"gitId":"tsy24"},"content":"        if (taskNumber \u003c 1 || taskNumber \u003e taskList.size()) {","lastModifiedDate":"2021-08-18"},{"lineNumber":103,"author":{"gitId":"tsy24"},"content":"            throw new DukeException(\"I cannot find this task number!\");","lastModifiedDate":"2021-08-18"},{"lineNumber":104,"author":{"gitId":"tsy24"},"content":"        } else {","lastModifiedDate":"2021-08-18"},{"lineNumber":105,"author":{"gitId":"tsy24"},"content":"            return taskNumber;","lastModifiedDate":"2021-08-18"},{"lineNumber":106,"author":{"gitId":"tsy24"},"content":"        }","lastModifiedDate":"2021-08-18"},{"lineNumber":107,"author":{"gitId":"-"},"content":"    }","lastModifiedDate":"2021-08-18"},{"lineNumber":108,"author":{"gitId":"-"},"content":"}","lastModifiedDate":"2019-07-29"}],"authorContributionMap":{"tsy24":103,"-":5}},{"path":"src/main/java/DukeException.java","fileType":"java","lines":[{"lineNumber":1,"author":{"gitId":"tsy24"},"content":"public class DukeException extends Exception{","lastModifiedDate":"2021-08-18"},{"lineNumber":2,"author":{"gitId":"tsy24"},"content":"","lastModifiedDate":"2021-08-18"},{"lineNumber":3,"author":{"gitId":"tsy24"},"content":"    public DukeException(String errorMessage) {","lastModifiedDate":"2021-08-18"},{"lineNumber":4,"author":{"gitId":"tsy24"},"content":"        super(errorMessage);","lastModifiedDate":"2021-08-18"},{"lineNumber":5,"author":{"gitId":"tsy24"},"content":"    }","lastModifiedDate":"2021-08-18"},{"lineNumber":6,"author":{"gitId":"tsy24"},"content":"","lastModifiedDate":"2021-08-18"},{"lineNumber":7,"author":{"gitId":"tsy24"},"content":"    @Override","lastModifiedDate":"2021-08-18"},{"lineNumber":8,"author":{"gitId":"tsy24"},"content":"    public String toString() {","lastModifiedDate":"2021-08-18"},{"lineNumber":9,"author":{"gitId":"tsy24"},"content":"        return \"Oh no! \" + this.getMessage();","lastModifiedDate":"2021-08-18"},{"lineNumber":10,"author":{"gitId":"tsy24"},"content":"    }","lastModifiedDate":"2021-08-18"},{"lineNumber":11,"author":{"gitId":"tsy24"},"content":"}","lastModifiedDate":"2021-08-18"}],"authorContributionMap":{"tsy24":11}},{"path":"src/main/java/Event.java","fileType":"java","lines":[{"lineNumber":1,"author":{"gitId":"tsy24"},"content":"public class Event extends Task {","lastModifiedDate":"2021-08-18"},{"lineNumber":2,"author":{"gitId":"tsy24"},"content":"","lastModifiedDate":"2021-08-18"},{"lineNumber":3,"author":{"gitId":"tsy24"},"content":"    protected String time;","lastModifiedDate":"2021-08-18"},{"lineNumber":4,"author":{"gitId":"tsy24"},"content":"","lastModifiedDate":"2021-08-18"},{"lineNumber":5,"author":{"gitId":"tsy24"},"content":"    public Event(String description, String time) {","lastModifiedDate":"2021-08-18"},{"lineNumber":6,"author":{"gitId":"tsy24"},"content":"        super(description);","lastModifiedDate":"2021-08-18"},{"lineNumber":7,"author":{"gitId":"tsy24"},"content":"        this.time \u003d time;","lastModifiedDate":"2021-08-18"},{"lineNumber":8,"author":{"gitId":"tsy24"},"content":"    }","lastModifiedDate":"2021-08-18"},{"lineNumber":9,"author":{"gitId":"tsy24"},"content":"","lastModifiedDate":"2021-08-18"},{"lineNumber":10,"author":{"gitId":"tsy24"},"content":"    @Override","lastModifiedDate":"2021-08-18"},{"lineNumber":11,"author":{"gitId":"tsy24"},"content":"    public String toString() {","lastModifiedDate":"2021-08-18"},{"lineNumber":12,"author":{"gitId":"tsy24"},"content":"        return \"[E]\" + super.toString() + \" (at: \" + time + \")\";","lastModifiedDate":"2021-08-18"},{"lineNumber":13,"author":{"gitId":"tsy24"},"content":"    }","lastModifiedDate":"2021-08-18"},{"lineNumber":14,"author":{"gitId":"tsy24"},"content":"}","lastModifiedDate":"2021-08-18"}],"authorContributionMap":{"tsy24":14}},{"path":"src/main/java/Task.java","fileType":"java","lines":[{"lineNumber":1,"author":{"gitId":"tsy24"},"content":"public class Task {","lastModifiedDate":"2021-08-18"},{"lineNumber":2,"author":{"gitId":"tsy24"},"content":"    protected String description;","lastModifiedDate":"2021-08-18"},{"lineNumber":3,"author":{"gitId":"tsy24"},"content":"    protected boolean isDone;","lastModifiedDate":"2021-08-18"},{"lineNumber":4,"author":{"gitId":"tsy24"},"content":"","lastModifiedDate":"2021-08-18"},{"lineNumber":5,"author":{"gitId":"tsy24"},"content":"    public Task(String description) {","lastModifiedDate":"2021-08-18"},{"lineNumber":6,"author":{"gitId":"tsy24"},"content":"        this.description \u003d description;","lastModifiedDate":"2021-08-18"},{"lineNumber":7,"author":{"gitId":"tsy24"},"content":"        this.isDone \u003d false;","lastModifiedDate":"2021-08-18"},{"lineNumber":8,"author":{"gitId":"tsy24"},"content":"    }","lastModifiedDate":"2021-08-18"},{"lineNumber":9,"author":{"gitId":"tsy24"},"content":"","lastModifiedDate":"2021-08-18"},{"lineNumber":10,"author":{"gitId":"tsy24"},"content":"    public String getStatusIcon() {","lastModifiedDate":"2021-08-18"},{"lineNumber":11,"author":{"gitId":"tsy24"},"content":"        return (isDone ? \"X\" : \" \"); // mark done task with X","lastModifiedDate":"2021-08-18"},{"lineNumber":12,"author":{"gitId":"tsy24"},"content":"    }","lastModifiedDate":"2021-08-18"},{"lineNumber":13,"author":{"gitId":"tsy24"},"content":"","lastModifiedDate":"2021-08-18"},{"lineNumber":14,"author":{"gitId":"tsy24"},"content":"    public void markAsDone() {","lastModifiedDate":"2021-08-18"},{"lineNumber":15,"author":{"gitId":"tsy24"},"content":"        isDone \u003d true;","lastModifiedDate":"2021-08-18"},{"lineNumber":16,"author":{"gitId":"tsy24"},"content":"    }","lastModifiedDate":"2021-08-18"},{"lineNumber":17,"author":{"gitId":"tsy24"},"content":"","lastModifiedDate":"2021-08-18"},{"lineNumber":18,"author":{"gitId":"tsy24"},"content":"    @Override","lastModifiedDate":"2021-08-18"},{"lineNumber":19,"author":{"gitId":"tsy24"},"content":"    public String toString() {","lastModifiedDate":"2021-08-18"},{"lineNumber":20,"author":{"gitId":"tsy24"},"content":"        return String.format(\"[%s] %s\", getStatusIcon(), this.description);","lastModifiedDate":"2021-08-18"},{"lineNumber":21,"author":{"gitId":"tsy24"},"content":"    }","lastModifiedDate":"2021-08-18"},{"lineNumber":22,"author":{"gitId":"tsy24"},"content":"}","lastModifiedDate":"2021-08-18"}],"authorContributionMap":{"tsy24":22}},{"path":"src/main/java/ToDo.java","fileType":"java","lines":[{"lineNumber":1,"author":{"gitId":"tsy24"},"content":"public class ToDo extends Task {","lastModifiedDate":"2021-08-18"},{"lineNumber":2,"author":{"gitId":"tsy24"},"content":"","lastModifiedDate":"2021-08-18"},{"lineNumber":3,"author":{"gitId":"tsy24"},"content":"    public ToDo(String description) {","lastModifiedDate":"2021-08-18"},{"lineNumber":4,"author":{"gitId":"tsy24"},"content":"        super(description);","lastModifiedDate":"2021-08-18"},{"lineNumber":5,"author":{"gitId":"tsy24"},"content":"    }","lastModifiedDate":"2021-08-18"},{"lineNumber":6,"author":{"gitId":"tsy24"},"content":"","lastModifiedDate":"2021-08-18"},{"lineNumber":7,"author":{"gitId":"tsy24"},"content":"    @Override","lastModifiedDate":"2021-08-18"},{"lineNumber":8,"author":{"gitId":"tsy24"},"content":"    public String toString() {","lastModifiedDate":"2021-08-18"},{"lineNumber":9,"author":{"gitId":"tsy24"},"content":"        return \"[T]\" + super.toString();","lastModifiedDate":"2021-08-18"},{"lineNumber":10,"author":{"gitId":"tsy24"},"content":"    }","lastModifiedDate":"2021-08-18"},{"lineNumber":11,"author":{"gitId":"tsy24"},"content":"}","lastModifiedDate":"2021-08-18"}],"authorContributionMap":{"tsy24":11}},{"path":"text-ui-test/input.txt","fileType":"txt","lines":[{"lineNumber":1,"author":{"gitId":"tsy24"},"content":"todo borrow book","lastModifiedDate":"2021-08-18"},{"lineNumber":2,"author":{"gitId":"tsy24"},"content":"deadline return book /by June 6th","lastModifiedDate":"2021-08-18"},{"lineNumber":3,"author":{"gitId":"tsy24"},"content":"deadline do homework /by no idea :-p","lastModifiedDate":"2021-08-18"},{"lineNumber":4,"author":{"gitId":"tsy24"},"content":"event project meeting /at Mon 2-4pm","lastModifiedDate":"2021-08-18"},{"lineNumber":5,"author":{"gitId":"tsy24"},"content":"done 3","lastModifiedDate":"2021-08-18"},{"lineNumber":6,"author":{"gitId":"tsy24"},"content":"list","lastModifiedDate":"2021-08-18"},{"lineNumber":7,"author":{"gitId":"tsy24"},"content":"todo read book","lastModifiedDate":"2021-08-18"},{"lineNumber":8,"author":{"gitId":"tsy24"},"content":"done 1","lastModifiedDate":"2021-08-18"},{"lineNumber":9,"author":{"gitId":"tsy24"},"content":"list","lastModifiedDate":"2021-08-18"},{"lineNumber":10,"author":{"gitId":"tsy24"},"content":"bye","lastModifiedDate":"2021-08-18"}],"authorContributionMap":{"tsy24":10}}]
