[{"path":"src/main/java/DeadlineTest.java","fileType":"java","lines":[{"lineNumber":1,"author":{"gitId":"tsy24"},"content":"import duke.task.Deadline;","lastModifiedDate":"2021-08-26"},{"lineNumber":2,"author":{"gitId":"tsy24"},"content":"import org.junit.jupiter.api.Test;","lastModifiedDate":"2021-08-26"},{"lineNumber":3,"author":{"gitId":"tsy24"},"content":"","lastModifiedDate":"2021-08-26"},{"lineNumber":4,"author":{"gitId":"tsy24"},"content":"import java.time.LocalDate;","lastModifiedDate":"2021-08-26"},{"lineNumber":5,"author":{"gitId":"tsy24"},"content":"","lastModifiedDate":"2021-08-26"},{"lineNumber":6,"author":{"gitId":"tsy24"},"content":"import static org.junit.jupiter.api.Assertions.assertEquals;","lastModifiedDate":"2021-08-26"},{"lineNumber":7,"author":{"gitId":"tsy24"},"content":"import static org.junit.jupiter.api.Assertions.fail;","lastModifiedDate":"2021-08-26"},{"lineNumber":8,"author":{"gitId":"tsy24"},"content":"","lastModifiedDate":"2021-08-26"},{"lineNumber":9,"author":{"gitId":"tsy24"},"content":"public class DeadlineTest {","lastModifiedDate":"2021-08-26"},{"lineNumber":10,"author":{"gitId":"tsy24"},"content":"","lastModifiedDate":"2021-08-26"},{"lineNumber":11,"author":{"gitId":"tsy24"},"content":"    @Test","lastModifiedDate":"2021-08-26"},{"lineNumber":12,"author":{"gitId":"tsy24"},"content":"    public void testStringConversion() {","lastModifiedDate":"2021-08-26"},{"lineNumber":13,"author":{"gitId":"tsy24"},"content":"        Deadline deadline \u003d new Deadline(\"project\", LocalDate.of(2021, 9, 1));","lastModifiedDate":"2021-08-26"},{"lineNumber":14,"author":{"gitId":"tsy24"},"content":"        assertEquals(\"[D][ ] project (by: Sep 1 2021)\", deadline.toString());","lastModifiedDate":"2021-08-26"},{"lineNumber":15,"author":{"gitId":"tsy24"},"content":"    }","lastModifiedDate":"2021-08-26"},{"lineNumber":16,"author":{"gitId":"tsy24"},"content":"","lastModifiedDate":"2021-08-26"},{"lineNumber":17,"author":{"gitId":"tsy24"},"content":"    @Test","lastModifiedDate":"2021-08-26"},{"lineNumber":18,"author":{"gitId":"tsy24"},"content":"    public void stringConversion_doneTask_indicated() {","lastModifiedDate":"2021-08-26"},{"lineNumber":19,"author":{"gitId":"tsy24"},"content":"        Deadline deadline \u003d new Deadline(\"project\", LocalDate.of(2021, 9, 1));","lastModifiedDate":"2021-08-26"},{"lineNumber":20,"author":{"gitId":"tsy24"},"content":"        deadline.markAsDone();","lastModifiedDate":"2021-08-26"},{"lineNumber":21,"author":{"gitId":"tsy24"},"content":"        assertEquals(\"[D][X] project (by: Sep 1 2021)\", deadline.toString());","lastModifiedDate":"2021-08-26"},{"lineNumber":22,"author":{"gitId":"tsy24"},"content":"    }","lastModifiedDate":"2021-08-26"},{"lineNumber":23,"author":{"gitId":"tsy24"},"content":"","lastModifiedDate":"2021-08-26"},{"lineNumber":24,"author":{"gitId":"tsy24"},"content":"    @Test","lastModifiedDate":"2021-08-26"},{"lineNumber":25,"author":{"gitId":"tsy24"},"content":"    public void testFileFormatConversion() {","lastModifiedDate":"2021-08-26"},{"lineNumber":26,"author":{"gitId":"tsy24"},"content":"        Deadline deadline \u003d new Deadline(\"project\", LocalDate.of(2021, 9, 1));","lastModifiedDate":"2021-08-26"},{"lineNumber":27,"author":{"gitId":"tsy24"},"content":"        assertEquals(\"D / 0 / project / 2021-09-01\", deadline.toFileFormat());","lastModifiedDate":"2021-08-26"},{"lineNumber":28,"author":{"gitId":"tsy24"},"content":"    }","lastModifiedDate":"2021-08-26"},{"lineNumber":29,"author":{"gitId":"tsy24"},"content":"","lastModifiedDate":"2021-08-26"},{"lineNumber":30,"author":{"gitId":"tsy24"},"content":"    @Test","lastModifiedDate":"2021-08-26"},{"lineNumber":31,"author":{"gitId":"tsy24"},"content":"    public void fileFormatConversion_doneTask_indicated() {","lastModifiedDate":"2021-08-26"},{"lineNumber":32,"author":{"gitId":"tsy24"},"content":"        Deadline deadline \u003d new Deadline(\"project\", LocalDate.of(2021, 9, 1));","lastModifiedDate":"2021-08-26"},{"lineNumber":33,"author":{"gitId":"tsy24"},"content":"        deadline.markAsDone();","lastModifiedDate":"2021-08-26"},{"lineNumber":34,"author":{"gitId":"tsy24"},"content":"        assertEquals(\"D / 1 / project / 2021-09-01\", deadline.toFileFormat());","lastModifiedDate":"2021-08-26"},{"lineNumber":35,"author":{"gitId":"tsy24"},"content":"    }","lastModifiedDate":"2021-08-26"},{"lineNumber":36,"author":{"gitId":"tsy24"},"content":"}","lastModifiedDate":"2021-08-26"}],"authorContributionMap":{"tsy24":36}},{"path":"src/main/java/EventTest.java","fileType":"java","lines":[{"lineNumber":1,"author":{"gitId":"tsy24"},"content":"import duke.task.Event;","lastModifiedDate":"2021-08-26"},{"lineNumber":2,"author":{"gitId":"tsy24"},"content":"import org.junit.jupiter.api.Test;","lastModifiedDate":"2021-08-26"},{"lineNumber":3,"author":{"gitId":"tsy24"},"content":"","lastModifiedDate":"2021-08-26"},{"lineNumber":4,"author":{"gitId":"tsy24"},"content":"import java.time.LocalDate;","lastModifiedDate":"2021-08-26"},{"lineNumber":5,"author":{"gitId":"tsy24"},"content":"","lastModifiedDate":"2021-08-26"},{"lineNumber":6,"author":{"gitId":"tsy24"},"content":"import static org.junit.jupiter.api.Assertions.assertEquals;","lastModifiedDate":"2021-08-26"},{"lineNumber":7,"author":{"gitId":"tsy24"},"content":"","lastModifiedDate":"2021-08-26"},{"lineNumber":8,"author":{"gitId":"tsy24"},"content":"public class EventTest {","lastModifiedDate":"2021-08-26"},{"lineNumber":9,"author":{"gitId":"tsy24"},"content":"","lastModifiedDate":"2021-08-26"},{"lineNumber":10,"author":{"gitId":"tsy24"},"content":"    @Test","lastModifiedDate":"2021-08-26"},{"lineNumber":11,"author":{"gitId":"tsy24"},"content":"    public void testStringConversion() {","lastModifiedDate":"2021-08-26"},{"lineNumber":12,"author":{"gitId":"tsy24"},"content":"        Event event \u003d new Event(\"orientation\", LocalDate.of(2021, 9, 1));","lastModifiedDate":"2021-08-26"},{"lineNumber":13,"author":{"gitId":"tsy24"},"content":"        assertEquals(\"[E][ ] orientation (at: Sep 1 2021)\", event.toString());","lastModifiedDate":"2021-08-26"},{"lineNumber":14,"author":{"gitId":"tsy24"},"content":"    }","lastModifiedDate":"2021-08-26"},{"lineNumber":15,"author":{"gitId":"tsy24"},"content":"","lastModifiedDate":"2021-08-26"},{"lineNumber":16,"author":{"gitId":"tsy24"},"content":"    @Test","lastModifiedDate":"2021-08-26"},{"lineNumber":17,"author":{"gitId":"tsy24"},"content":"    public void stringConversion_doneTask_indicated() {","lastModifiedDate":"2021-08-26"},{"lineNumber":18,"author":{"gitId":"tsy24"},"content":"        Event event \u003d new Event(\"orientation\", LocalDate.of(2021, 9, 1));","lastModifiedDate":"2021-08-26"},{"lineNumber":19,"author":{"gitId":"tsy24"},"content":"        event.markAsDone();","lastModifiedDate":"2021-08-26"},{"lineNumber":20,"author":{"gitId":"tsy24"},"content":"        assertEquals(\"[E][X] orientation (at: Sep 1 2021)\", event.toString());","lastModifiedDate":"2021-08-26"},{"lineNumber":21,"author":{"gitId":"tsy24"},"content":"    }","lastModifiedDate":"2021-08-26"},{"lineNumber":22,"author":{"gitId":"tsy24"},"content":"","lastModifiedDate":"2021-08-26"},{"lineNumber":23,"author":{"gitId":"tsy24"},"content":"    @Test","lastModifiedDate":"2021-08-26"},{"lineNumber":24,"author":{"gitId":"tsy24"},"content":"    public void testFileFormatConversion() {","lastModifiedDate":"2021-08-26"},{"lineNumber":25,"author":{"gitId":"tsy24"},"content":"        Event event \u003d new Event(\"orientation\", LocalDate.of(2021, 9, 1));","lastModifiedDate":"2021-08-26"},{"lineNumber":26,"author":{"gitId":"tsy24"},"content":"        assertEquals(\"E / 0 / orientation / 2021-09-01\", event.toFileFormat());","lastModifiedDate":"2021-08-26"},{"lineNumber":27,"author":{"gitId":"tsy24"},"content":"    }","lastModifiedDate":"2021-08-26"},{"lineNumber":28,"author":{"gitId":"tsy24"},"content":"","lastModifiedDate":"2021-08-26"},{"lineNumber":29,"author":{"gitId":"tsy24"},"content":"    @Test","lastModifiedDate":"2021-08-26"},{"lineNumber":30,"author":{"gitId":"tsy24"},"content":"    public void fileFormatConversion_doneTask_indicated() {","lastModifiedDate":"2021-08-26"},{"lineNumber":31,"author":{"gitId":"tsy24"},"content":"        Event event \u003d new Event(\"orientation\", LocalDate.of(2021, 9, 1));","lastModifiedDate":"2021-08-26"},{"lineNumber":32,"author":{"gitId":"tsy24"},"content":"        event.markAsDone();","lastModifiedDate":"2021-08-26"},{"lineNumber":33,"author":{"gitId":"tsy24"},"content":"        assertEquals(\"E / 1 / orientation / 2021-09-01\", event.toFileFormat());","lastModifiedDate":"2021-08-26"},{"lineNumber":34,"author":{"gitId":"tsy24"},"content":"    }","lastModifiedDate":"2021-08-26"},{"lineNumber":35,"author":{"gitId":"tsy24"},"content":"}","lastModifiedDate":"2021-08-26"}],"authorContributionMap":{"tsy24":35}},{"path":"src/main/java/ParserTest.java","fileType":"java","lines":[{"lineNumber":1,"author":{"gitId":"tsy24"},"content":"import duke.DukeException;","lastModifiedDate":"2021-08-26"},{"lineNumber":2,"author":{"gitId":"tsy24"},"content":"import duke.Parser;","lastModifiedDate":"2021-08-26"},{"lineNumber":3,"author":{"gitId":"tsy24"},"content":"import duke.command.ExitCommand;","lastModifiedDate":"2021-08-26"},{"lineNumber":4,"author":{"gitId":"tsy24"},"content":"import org.junit.jupiter.api.Test;","lastModifiedDate":"2021-08-26"},{"lineNumber":5,"author":{"gitId":"tsy24"},"content":"","lastModifiedDate":"2021-08-26"},{"lineNumber":6,"author":{"gitId":"tsy24"},"content":"import static org.junit.jupiter.api.Assertions.assertEquals;","lastModifiedDate":"2021-08-26"},{"lineNumber":7,"author":{"gitId":"tsy24"},"content":"import static org.junit.jupiter.api.Assertions.fail;","lastModifiedDate":"2021-08-26"},{"lineNumber":8,"author":{"gitId":"tsy24"},"content":"","lastModifiedDate":"2021-08-26"},{"lineNumber":9,"author":{"gitId":"tsy24"},"content":"public class ParserTest {","lastModifiedDate":"2021-08-26"},{"lineNumber":10,"author":{"gitId":"tsy24"},"content":"","lastModifiedDate":"2021-08-26"},{"lineNumber":11,"author":{"gitId":"tsy24"},"content":"    @Test","lastModifiedDate":"2021-08-26"},{"lineNumber":12,"author":{"gitId":"tsy24"},"content":"    public void parse_randomCommand_exceptionThrown() {","lastModifiedDate":"2021-08-26"},{"lineNumber":13,"author":{"gitId":"tsy24"},"content":"        try {","lastModifiedDate":"2021-08-26"},{"lineNumber":14,"author":{"gitId":"tsy24"},"content":"            assertEquals(0, Parser.parse(\"hi\"));","lastModifiedDate":"2021-08-26"},{"lineNumber":15,"author":{"gitId":"tsy24"},"content":"            fail(); // the test should not reach this line","lastModifiedDate":"2021-08-26"},{"lineNumber":16,"author":{"gitId":"tsy24"},"content":"        } catch (Exception e) {","lastModifiedDate":"2021-08-26"},{"lineNumber":17,"author":{"gitId":"tsy24"},"content":"            assertEquals(\"I\u0027m sorry, but I don\u0027t know what that means :-(\\n\", e.getMessage());","lastModifiedDate":"2021-08-26"},{"lineNumber":18,"author":{"gitId":"tsy24"},"content":"        }","lastModifiedDate":"2021-08-26"},{"lineNumber":19,"author":{"gitId":"tsy24"},"content":"    }","lastModifiedDate":"2021-08-26"},{"lineNumber":20,"author":{"gitId":"tsy24"},"content":"","lastModifiedDate":"2021-08-26"},{"lineNumber":21,"author":{"gitId":"tsy24"},"content":"    @Test","lastModifiedDate":"2021-08-26"},{"lineNumber":22,"author":{"gitId":"tsy24"},"content":"    public void checkDeadlineDescription_noBy_exceptionThrown() {","lastModifiedDate":"2021-08-26"},{"lineNumber":23,"author":{"gitId":"tsy24"},"content":"        try {","lastModifiedDate":"2021-08-26"},{"lineNumber":24,"author":{"gitId":"tsy24"},"content":"            Parser.checkDeadlineDescription(\"project work\");","lastModifiedDate":"2021-08-26"},{"lineNumber":25,"author":{"gitId":"tsy24"},"content":"            fail(); // the test should not reach this line","lastModifiedDate":"2021-08-26"},{"lineNumber":26,"author":{"gitId":"tsy24"},"content":"        } catch (Exception e) {","lastModifiedDate":"2021-08-26"},{"lineNumber":27,"author":{"gitId":"tsy24"},"content":"            assertEquals(\"The new deadline is missing a date!\\n\", e.getMessage());","lastModifiedDate":"2021-08-26"},{"lineNumber":28,"author":{"gitId":"tsy24"},"content":"        }","lastModifiedDate":"2021-08-26"},{"lineNumber":29,"author":{"gitId":"tsy24"},"content":"    }","lastModifiedDate":"2021-08-26"},{"lineNumber":30,"author":{"gitId":"tsy24"},"content":"","lastModifiedDate":"2021-08-26"},{"lineNumber":31,"author":{"gitId":"tsy24"},"content":"    @Test","lastModifiedDate":"2021-08-26"},{"lineNumber":32,"author":{"gitId":"tsy24"},"content":"    public void testByeCommand() {","lastModifiedDate":"2021-08-26"},{"lineNumber":33,"author":{"gitId":"tsy24"},"content":"        try {","lastModifiedDate":"2021-08-26"},{"lineNumber":34,"author":{"gitId":"tsy24"},"content":"            assertEquals(new ExitCommand(), Parser.parse(\"bye\"));","lastModifiedDate":"2021-08-26"},{"lineNumber":35,"author":{"gitId":"tsy24"},"content":"        } catch (DukeException e) {","lastModifiedDate":"2021-08-26"},{"lineNumber":36,"author":{"gitId":"tsy24"},"content":"            fail();","lastModifiedDate":"2021-08-26"},{"lineNumber":37,"author":{"gitId":"tsy24"},"content":"        }","lastModifiedDate":"2021-08-26"},{"lineNumber":38,"author":{"gitId":"tsy24"},"content":"    }","lastModifiedDate":"2021-08-26"},{"lineNumber":39,"author":{"gitId":"tsy24"},"content":"","lastModifiedDate":"2021-08-26"},{"lineNumber":40,"author":{"gitId":"tsy24"},"content":"}","lastModifiedDate":"2021-08-26"}],"authorContributionMap":{"tsy24":40}},{"path":"src/main/java/duke/Duke.java","fileType":"java","lines":[{"lineNumber":1,"author":{"gitId":"tsy24"},"content":"package duke;","lastModifiedDate":"2021-08-25"},{"lineNumber":2,"author":{"gitId":"tsy24"},"content":"","lastModifiedDate":"2021-08-25"},{"lineNumber":3,"author":{"gitId":"tsy24"},"content":"import duke.command.Command;","lastModifiedDate":"2021-08-25"},{"lineNumber":4,"author":{"gitId":"tsy24"},"content":"","lastModifiedDate":"2021-08-25"},{"lineNumber":5,"author":{"gitId":"tsy24"},"content":"import java.util.ArrayList;","lastModifiedDate":"2021-08-18"},{"lineNumber":6,"author":{"gitId":"tsy24"},"content":"","lastModifiedDate":"2021-08-18"},{"lineNumber":7,"author":{"gitId":"-"},"content":"public class Duke {","lastModifiedDate":"2019-07-29"},{"lineNumber":8,"author":{"gitId":"tsy24"},"content":"","lastModifiedDate":"2021-08-18"},{"lineNumber":9,"author":{"gitId":"tsy24"},"content":"    private TaskList taskList;","lastModifiedDate":"2021-08-25"},{"lineNumber":10,"author":{"gitId":"tsy24"},"content":"    private Ui ui;","lastModifiedDate":"2021-08-25"},{"lineNumber":11,"author":{"gitId":"tsy24"},"content":"    private Storage storage;","lastModifiedDate":"2021-08-25"},{"lineNumber":12,"author":{"gitId":"tsy24"},"content":"","lastModifiedDate":"2021-08-18"},{"lineNumber":13,"author":{"gitId":"tsy24"},"content":"    public Duke(String filePath) {","lastModifiedDate":"2021-08-25"},{"lineNumber":14,"author":{"gitId":"tsy24"},"content":"        ui \u003d new Ui();","lastModifiedDate":"2021-08-25"},{"lineNumber":15,"author":{"gitId":"tsy24"},"content":"        storage \u003d new Storage(filePath);","lastModifiedDate":"2021-08-25"},{"lineNumber":16,"author":{"gitId":"tsy24"},"content":"        try {","lastModifiedDate":"2021-08-18"},{"lineNumber":17,"author":{"gitId":"tsy24"},"content":"            taskList \u003d new TaskList(storage.getFile());","lastModifiedDate":"2021-08-25"},{"lineNumber":18,"author":{"gitId":"tsy24"},"content":"        } catch (DukeException e) {","lastModifiedDate":"2021-08-18"},{"lineNumber":19,"author":{"gitId":"tsy24"},"content":"            ui.printMessage(e.getMessage());","lastModifiedDate":"2021-08-25"},{"lineNumber":20,"author":{"gitId":"tsy24"},"content":"            taskList \u003d new TaskList(new ArrayList\u003c\u003e());","lastModifiedDate":"2021-08-25"},{"lineNumber":21,"author":{"gitId":"tsy24"},"content":"        }","lastModifiedDate":"2021-08-18"},{"lineNumber":22,"author":{"gitId":"-"},"content":"    }","lastModifiedDate":"2019-07-29"},{"lineNumber":23,"author":{"gitId":"tsy24"},"content":"","lastModifiedDate":"2021-08-18"},{"lineNumber":24,"author":{"gitId":"tsy24"},"content":"    public void run() {","lastModifiedDate":"2021-08-25"},{"lineNumber":25,"author":{"gitId":"tsy24"},"content":"        ui.showWelcome();","lastModifiedDate":"2021-08-25"},{"lineNumber":26,"author":{"gitId":"tsy24"},"content":"        boolean isExit \u003d false;","lastModifiedDate":"2021-08-25"},{"lineNumber":27,"author":{"gitId":"tsy24"},"content":"        while (!isExit) {","lastModifiedDate":"2021-08-25"},{"lineNumber":28,"author":{"gitId":"tsy24"},"content":"            try {","lastModifiedDate":"2021-08-25"},{"lineNumber":29,"author":{"gitId":"tsy24"},"content":"                String fullCommand \u003d ui.readCommand();","lastModifiedDate":"2021-08-25"},{"lineNumber":30,"author":{"gitId":"tsy24"},"content":"                Command c \u003d Parser.parse(fullCommand);","lastModifiedDate":"2021-08-25"},{"lineNumber":31,"author":{"gitId":"tsy24"},"content":"                c.execute(taskList, ui, storage);","lastModifiedDate":"2021-08-25"},{"lineNumber":32,"author":{"gitId":"tsy24"},"content":"                isExit \u003d c.isExit();","lastModifiedDate":"2021-08-25"},{"lineNumber":33,"author":{"gitId":"tsy24"},"content":"            } catch (DukeException e) {","lastModifiedDate":"2021-08-25"},{"lineNumber":34,"author":{"gitId":"tsy24"},"content":"                ui.printMessage(e.getMessage());","lastModifiedDate":"2021-08-25"},{"lineNumber":35,"author":{"gitId":"tsy24"},"content":"            }","lastModifiedDate":"2021-08-25"},{"lineNumber":36,"author":{"gitId":"tsy24"},"content":"        }","lastModifiedDate":"2021-08-25"},{"lineNumber":37,"author":{"gitId":"tsy24"},"content":"    }","lastModifiedDate":"2021-08-25"},{"lineNumber":38,"author":{"gitId":"tsy24"},"content":"","lastModifiedDate":"2021-08-25"},{"lineNumber":39,"author":{"gitId":"tsy24"},"content":"    public static void main(String[] args) {","lastModifiedDate":"2021-08-25"},{"lineNumber":40,"author":{"gitId":"tsy24"},"content":"        Duke duke \u003d new Duke(\"data/duke.txt\");","lastModifiedDate":"2021-08-25"},{"lineNumber":41,"author":{"gitId":"tsy24"},"content":"        duke.run();","lastModifiedDate":"2021-08-25"},{"lineNumber":42,"author":{"gitId":"tsy24"},"content":"    }","lastModifiedDate":"2021-08-25"},{"lineNumber":43,"author":{"gitId":"tsy24"},"content":"","lastModifiedDate":"2021-08-25"},{"lineNumber":44,"author":{"gitId":"-"},"content":"}","lastModifiedDate":"2019-07-29"}],"authorContributionMap":{"tsy24":41,"-":3}},{"path":"src/main/java/duke/DukeException.java","fileType":"java","lines":[{"lineNumber":1,"author":{"gitId":"tsy24"},"content":"package duke;","lastModifiedDate":"2021-08-25"},{"lineNumber":2,"author":{"gitId":"tsy24"},"content":"","lastModifiedDate":"2021-08-25"},{"lineNumber":3,"author":{"gitId":"tsy24"},"content":"public class DukeException extends Exception{","lastModifiedDate":"2021-08-18"},{"lineNumber":4,"author":{"gitId":"tsy24"},"content":"","lastModifiedDate":"2021-08-18"},{"lineNumber":5,"author":{"gitId":"tsy24"},"content":"    public DukeException(String errorMessage) {","lastModifiedDate":"2021-08-18"},{"lineNumber":6,"author":{"gitId":"tsy24"},"content":"        super(errorMessage);","lastModifiedDate":"2021-08-18"},{"lineNumber":7,"author":{"gitId":"tsy24"},"content":"    }","lastModifiedDate":"2021-08-18"},{"lineNumber":8,"author":{"gitId":"tsy24"},"content":"","lastModifiedDate":"2021-08-18"},{"lineNumber":9,"author":{"gitId":"tsy24"},"content":"    @Override","lastModifiedDate":"2021-08-18"},{"lineNumber":10,"author":{"gitId":"tsy24"},"content":"    public String toString() {","lastModifiedDate":"2021-08-18"},{"lineNumber":11,"author":{"gitId":"tsy24"},"content":"        return \"Oh no! \" + this.getMessage();","lastModifiedDate":"2021-08-18"},{"lineNumber":12,"author":{"gitId":"tsy24"},"content":"    }","lastModifiedDate":"2021-08-18"},{"lineNumber":13,"author":{"gitId":"tsy24"},"content":"}","lastModifiedDate":"2021-08-18"}],"authorContributionMap":{"tsy24":13}},{"path":"src/main/java/duke/Parser.java","fileType":"java","lines":[{"lineNumber":1,"author":{"gitId":"tsy24"},"content":"package duke;","lastModifiedDate":"2021-08-25"},{"lineNumber":2,"author":{"gitId":"tsy24"},"content":"","lastModifiedDate":"2021-08-25"},{"lineNumber":3,"author":{"gitId":"tsy24"},"content":"import duke.command.*;","lastModifiedDate":"2021-08-25"},{"lineNumber":4,"author":{"gitId":"tsy24"},"content":"","lastModifiedDate":"2021-08-25"},{"lineNumber":5,"author":{"gitId":"tsy24"},"content":"import java.time.LocalDate;","lastModifiedDate":"2021-08-25"},{"lineNumber":6,"author":{"gitId":"tsy24"},"content":"","lastModifiedDate":"2021-08-25"},{"lineNumber":7,"author":{"gitId":"tsy24"},"content":"public class Parser {","lastModifiedDate":"2021-08-25"},{"lineNumber":8,"author":{"gitId":"tsy24"},"content":"","lastModifiedDate":"2021-08-25"},{"lineNumber":9,"author":{"gitId":"tsy24"},"content":"    public static Command parse(String commandMessage) throws DukeException {","lastModifiedDate":"2021-08-25"},{"lineNumber":10,"author":{"gitId":"tsy24"},"content":"        String[] message \u003d commandMessage.split(\" \", 2);","lastModifiedDate":"2021-08-25"},{"lineNumber":11,"author":{"gitId":"tsy24"},"content":"        String command \u003d message[0];","lastModifiedDate":"2021-08-25"},{"lineNumber":12,"author":{"gitId":"tsy24"},"content":"        switch (command) {","lastModifiedDate":"2021-08-25"},{"lineNumber":13,"author":{"gitId":"tsy24"},"content":"            case \"bye\":","lastModifiedDate":"2021-08-25"},{"lineNumber":14,"author":{"gitId":"tsy24"},"content":"                return new ExitCommand();","lastModifiedDate":"2021-08-25"},{"lineNumber":15,"author":{"gitId":"tsy24"},"content":"            case \"list\":","lastModifiedDate":"2021-08-25"},{"lineNumber":16,"author":{"gitId":"tsy24"},"content":"                return new ListCommand();","lastModifiedDate":"2021-08-25"},{"lineNumber":17,"author":{"gitId":"tsy24"},"content":"            case \"done\": {","lastModifiedDate":"2021-08-25"},{"lineNumber":18,"author":{"gitId":"tsy24"},"content":"                int taskNumber \u003d getTaskNumber(message[1]);","lastModifiedDate":"2021-08-25"},{"lineNumber":19,"author":{"gitId":"tsy24"},"content":"                return new EditCommand(EditCommand.EditType.DONE, taskNumber);","lastModifiedDate":"2021-08-25"},{"lineNumber":20,"author":{"gitId":"tsy24"},"content":"            }","lastModifiedDate":"2021-08-25"},{"lineNumber":21,"author":{"gitId":"tsy24"},"content":"            case \"todo\":","lastModifiedDate":"2021-08-25"},{"lineNumber":22,"author":{"gitId":"tsy24"},"content":"                return new AddCommand(AddCommand.TaskType.TODO, new String[] {checkToDoDescription(message[1])});","lastModifiedDate":"2021-08-25"},{"lineNumber":23,"author":{"gitId":"tsy24"},"content":"            case \"deadline\": {","lastModifiedDate":"2021-08-25"},{"lineNumber":24,"author":{"gitId":"tsy24"},"content":"                String description \u003d checkDeadlineDescription(message[1]);","lastModifiedDate":"2021-08-25"},{"lineNumber":25,"author":{"gitId":"tsy24"},"content":"                String[] parameters \u003d description.split(\" /by \");","lastModifiedDate":"2021-08-25"},{"lineNumber":26,"author":{"gitId":"tsy24"},"content":"                return new AddCommand(AddCommand.TaskType.DEADLINE, parameters);","lastModifiedDate":"2021-08-25"},{"lineNumber":27,"author":{"gitId":"tsy24"},"content":"            }","lastModifiedDate":"2021-08-25"},{"lineNumber":28,"author":{"gitId":"tsy24"},"content":"            case \"event\": {","lastModifiedDate":"2021-08-25"},{"lineNumber":29,"author":{"gitId":"tsy24"},"content":"                String description \u003d checkEventDescription(message[1]);","lastModifiedDate":"2021-08-25"},{"lineNumber":30,"author":{"gitId":"tsy24"},"content":"                String[] parameters \u003d description.split(\" /at \");","lastModifiedDate":"2021-08-25"},{"lineNumber":31,"author":{"gitId":"tsy24"},"content":"                return new AddCommand(AddCommand.TaskType.EVENT, parameters);","lastModifiedDate":"2021-08-25"},{"lineNumber":32,"author":{"gitId":"tsy24"},"content":"            }","lastModifiedDate":"2021-08-25"},{"lineNumber":33,"author":{"gitId":"tsy24"},"content":"            case \"delete\": {","lastModifiedDate":"2021-08-25"},{"lineNumber":34,"author":{"gitId":"tsy24"},"content":"                int taskNumber \u003d getTaskNumber(message[1]);","lastModifiedDate":"2021-08-25"},{"lineNumber":35,"author":{"gitId":"tsy24"},"content":"                return new EditCommand(EditCommand.EditType.DELETE, taskNumber);","lastModifiedDate":"2021-08-25"},{"lineNumber":36,"author":{"gitId":"tsy24"},"content":"            }","lastModifiedDate":"2021-08-25"},{"lineNumber":37,"author":{"gitId":"tsy24"},"content":"            case \"on\": {","lastModifiedDate":"2021-08-25"},{"lineNumber":38,"author":{"gitId":"tsy24"},"content":"                String dateString \u003d message[1]; // need to check string","lastModifiedDate":"2021-08-25"},{"lineNumber":39,"author":{"gitId":"tsy24"},"content":"                LocalDate date \u003d LocalDate.parse(dateString.trim());","lastModifiedDate":"2021-08-25"},{"lineNumber":40,"author":{"gitId":"tsy24"},"content":"                return new OnCommand(date);","lastModifiedDate":"2021-08-25"},{"lineNumber":41,"author":{"gitId":"tsy24"},"content":"            }","lastModifiedDate":"2021-08-25"},{"lineNumber":42,"author":{"gitId":"tsy24"},"content":"            default:","lastModifiedDate":"2021-08-25"},{"lineNumber":43,"author":{"gitId":"tsy24"},"content":"                throw new DukeException(\"I\u0027m sorry, but I don\u0027t know what that means :-(\\n\");","lastModifiedDate":"2021-08-25"},{"lineNumber":44,"author":{"gitId":"tsy24"},"content":"        }","lastModifiedDate":"2021-08-25"},{"lineNumber":45,"author":{"gitId":"tsy24"},"content":"    }","lastModifiedDate":"2021-08-25"},{"lineNumber":46,"author":{"gitId":"tsy24"},"content":"","lastModifiedDate":"2021-08-25"},{"lineNumber":47,"author":{"gitId":"tsy24"},"content":"    public static String checkDeadlineDescription(String des) throws DukeException {","lastModifiedDate":"2021-08-25"},{"lineNumber":48,"author":{"gitId":"tsy24"},"content":"        String description \u003d des.trim();","lastModifiedDate":"2021-08-25"},{"lineNumber":49,"author":{"gitId":"tsy24"},"content":"        if (description.isEmpty()) {","lastModifiedDate":"2021-08-25"},{"lineNumber":50,"author":{"gitId":"tsy24"},"content":"            throw new DukeException(\"The description of a deadline cannot be empty!\\n\");","lastModifiedDate":"2021-08-25"},{"lineNumber":51,"author":{"gitId":"tsy24"},"content":"        } else if (!description.contains(\" /by \")) {","lastModifiedDate":"2021-08-25"},{"lineNumber":52,"author":{"gitId":"tsy24"},"content":"            throw new DukeException(\"The new deadline is missing a date!\\n\");","lastModifiedDate":"2021-08-25"},{"lineNumber":53,"author":{"gitId":"tsy24"},"content":"        } else {","lastModifiedDate":"2021-08-25"},{"lineNumber":54,"author":{"gitId":"tsy24"},"content":"            return description;","lastModifiedDate":"2021-08-25"},{"lineNumber":55,"author":{"gitId":"tsy24"},"content":"        }","lastModifiedDate":"2021-08-25"},{"lineNumber":56,"author":{"gitId":"tsy24"},"content":"    }","lastModifiedDate":"2021-08-25"},{"lineNumber":57,"author":{"gitId":"tsy24"},"content":"","lastModifiedDate":"2021-08-25"},{"lineNumber":58,"author":{"gitId":"tsy24"},"content":"    public static String checkEventDescription(String des) throws DukeException {","lastModifiedDate":"2021-08-25"},{"lineNumber":59,"author":{"gitId":"tsy24"},"content":"        String description \u003d des.trim();","lastModifiedDate":"2021-08-25"},{"lineNumber":60,"author":{"gitId":"tsy24"},"content":"        if (description.isEmpty()) {","lastModifiedDate":"2021-08-25"},{"lineNumber":61,"author":{"gitId":"tsy24"},"content":"            throw new DukeException(\"The description of an event cannot be empty!\\n\");","lastModifiedDate":"2021-08-25"},{"lineNumber":62,"author":{"gitId":"tsy24"},"content":"        } else if (!description.contains(\" /at \")) {","lastModifiedDate":"2021-08-25"},{"lineNumber":63,"author":{"gitId":"tsy24"},"content":"            throw new DukeException(\"The new event is missing a date!\\n\");","lastModifiedDate":"2021-08-25"},{"lineNumber":64,"author":{"gitId":"tsy24"},"content":"        } else {","lastModifiedDate":"2021-08-25"},{"lineNumber":65,"author":{"gitId":"tsy24"},"content":"            return description;","lastModifiedDate":"2021-08-25"},{"lineNumber":66,"author":{"gitId":"tsy24"},"content":"        }","lastModifiedDate":"2021-08-25"},{"lineNumber":67,"author":{"gitId":"tsy24"},"content":"    }","lastModifiedDate":"2021-08-25"},{"lineNumber":68,"author":{"gitId":"tsy24"},"content":"","lastModifiedDate":"2021-08-25"},{"lineNumber":69,"author":{"gitId":"tsy24"},"content":"    public static String checkToDoDescription(String des) throws DukeException {","lastModifiedDate":"2021-08-25"},{"lineNumber":70,"author":{"gitId":"tsy24"},"content":"        String description \u003d des.trim();","lastModifiedDate":"2021-08-25"},{"lineNumber":71,"author":{"gitId":"tsy24"},"content":"        if (description.isEmpty()) {","lastModifiedDate":"2021-08-25"},{"lineNumber":72,"author":{"gitId":"tsy24"},"content":"            throw new DukeException(\"The description of a todo task cannot be empty!\\n\");","lastModifiedDate":"2021-08-25"},{"lineNumber":73,"author":{"gitId":"tsy24"},"content":"        } else {","lastModifiedDate":"2021-08-25"},{"lineNumber":74,"author":{"gitId":"tsy24"},"content":"            return description;","lastModifiedDate":"2021-08-25"},{"lineNumber":75,"author":{"gitId":"tsy24"},"content":"        }","lastModifiedDate":"2021-08-25"},{"lineNumber":76,"author":{"gitId":"tsy24"},"content":"    }","lastModifiedDate":"2021-08-25"},{"lineNumber":77,"author":{"gitId":"tsy24"},"content":"","lastModifiedDate":"2021-08-25"},{"lineNumber":78,"author":{"gitId":"tsy24"},"content":"    public static int getTaskNumber(String des) throws DukeException {","lastModifiedDate":"2021-08-25"},{"lineNumber":79,"author":{"gitId":"tsy24"},"content":"        String description \u003d des.trim();","lastModifiedDate":"2021-08-25"},{"lineNumber":80,"author":{"gitId":"tsy24"},"content":"        if (description.isEmpty()) {","lastModifiedDate":"2021-08-25"},{"lineNumber":81,"author":{"gitId":"tsy24"},"content":"            throw new DukeException(\"I do not know which task to change!\\n\");","lastModifiedDate":"2021-08-25"},{"lineNumber":82,"author":{"gitId":"tsy24"},"content":"        } else {","lastModifiedDate":"2021-08-25"},{"lineNumber":83,"author":{"gitId":"tsy24"},"content":"            int taskNumber \u003d Integer.parseInt(description);","lastModifiedDate":"2021-08-25"},{"lineNumber":84,"author":{"gitId":"tsy24"},"content":"            return taskNumber;","lastModifiedDate":"2021-08-25"},{"lineNumber":85,"author":{"gitId":"tsy24"},"content":"        }","lastModifiedDate":"2021-08-25"},{"lineNumber":86,"author":{"gitId":"tsy24"},"content":"    }","lastModifiedDate":"2021-08-25"},{"lineNumber":87,"author":{"gitId":"tsy24"},"content":"}","lastModifiedDate":"2021-08-25"}],"authorContributionMap":{"tsy24":87}},{"path":"src/main/java/duke/Storage.java","fileType":"java","lines":[{"lineNumber":1,"author":{"gitId":"tsy24"},"content":"package duke;","lastModifiedDate":"2021-08-25"},{"lineNumber":2,"author":{"gitId":"tsy24"},"content":"","lastModifiedDate":"2021-08-25"},{"lineNumber":3,"author":{"gitId":"tsy24"},"content":"import duke.task.Deadline;","lastModifiedDate":"2021-08-25"},{"lineNumber":4,"author":{"gitId":"tsy24"},"content":"import duke.task.Event;","lastModifiedDate":"2021-08-25"},{"lineNumber":5,"author":{"gitId":"tsy24"},"content":"import duke.task.Task;","lastModifiedDate":"2021-08-25"},{"lineNumber":6,"author":{"gitId":"tsy24"},"content":"import duke.task.ToDo;","lastModifiedDate":"2021-08-25"},{"lineNumber":7,"author":{"gitId":"tsy24"},"content":"","lastModifiedDate":"2021-08-25"},{"lineNumber":8,"author":{"gitId":"tsy24"},"content":"import java.io.File;","lastModifiedDate":"2021-08-25"},{"lineNumber":9,"author":{"gitId":"tsy24"},"content":"import java.io.FileWriter;","lastModifiedDate":"2021-08-25"},{"lineNumber":10,"author":{"gitId":"tsy24"},"content":"import java.io.IOException;","lastModifiedDate":"2021-08-25"},{"lineNumber":11,"author":{"gitId":"tsy24"},"content":"import java.time.LocalDate;","lastModifiedDate":"2021-08-25"},{"lineNumber":12,"author":{"gitId":"tsy24"},"content":"import java.util.ArrayList;","lastModifiedDate":"2021-08-25"},{"lineNumber":13,"author":{"gitId":"tsy24"},"content":"import java.util.Scanner;","lastModifiedDate":"2021-08-25"},{"lineNumber":14,"author":{"gitId":"tsy24"},"content":"","lastModifiedDate":"2021-08-25"},{"lineNumber":15,"author":{"gitId":"tsy24"},"content":"public class Storage {","lastModifiedDate":"2021-08-25"},{"lineNumber":16,"author":{"gitId":"tsy24"},"content":"","lastModifiedDate":"2021-08-25"},{"lineNumber":17,"author":{"gitId":"tsy24"},"content":"    private String filePath;","lastModifiedDate":"2021-08-26"},{"lineNumber":18,"author":{"gitId":"tsy24"},"content":"","lastModifiedDate":"2021-08-25"},{"lineNumber":19,"author":{"gitId":"tsy24"},"content":"    public Storage(String filePath) {","lastModifiedDate":"2021-08-25"},{"lineNumber":20,"author":{"gitId":"tsy24"},"content":"        this.filePath \u003d filePath;","lastModifiedDate":"2021-08-26"},{"lineNumber":21,"author":{"gitId":"tsy24"},"content":"    }","lastModifiedDate":"2021-08-25"},{"lineNumber":22,"author":{"gitId":"tsy24"},"content":"","lastModifiedDate":"2021-08-25"},{"lineNumber":23,"author":{"gitId":"tsy24"},"content":"    public ArrayList\u003cTask\u003e getFile() throws DukeException {","lastModifiedDate":"2021-08-25"},{"lineNumber":24,"author":{"gitId":"tsy24"},"content":"        try {","lastModifiedDate":"2021-08-25"},{"lineNumber":25,"author":{"gitId":"tsy24"},"content":"            File localFile \u003d new File(filePath);","lastModifiedDate":"2021-08-26"},{"lineNumber":26,"author":{"gitId":"tsy24"},"content":"            localFile.getParentFile().mkdir();","lastModifiedDate":"2021-08-26"},{"lineNumber":27,"author":{"gitId":"tsy24"},"content":"            if (localFile.createNewFile()) {","lastModifiedDate":"2021-08-25"},{"lineNumber":28,"author":{"gitId":"tsy24"},"content":"                return new ArrayList\u003c\u003e();","lastModifiedDate":"2021-08-25"},{"lineNumber":29,"author":{"gitId":"tsy24"},"content":"            } else {","lastModifiedDate":"2021-08-25"},{"lineNumber":30,"author":{"gitId":"tsy24"},"content":"                ArrayList\u003cTask\u003e taskList \u003d new ArrayList\u003c\u003e();","lastModifiedDate":"2021-08-25"},{"lineNumber":31,"author":{"gitId":"tsy24"},"content":"                Scanner fileScanner \u003d new Scanner(localFile);","lastModifiedDate":"2021-08-25"},{"lineNumber":32,"author":{"gitId":"tsy24"},"content":"                while (fileScanner.hasNextLine()) {","lastModifiedDate":"2021-08-25"},{"lineNumber":33,"author":{"gitId":"tsy24"},"content":"                    String data \u003d fileScanner.nextLine();","lastModifiedDate":"2021-08-25"},{"lineNumber":34,"author":{"gitId":"tsy24"},"content":"                    String[] parameters \u003d data.split(\" / \");","lastModifiedDate":"2021-08-25"},{"lineNumber":35,"author":{"gitId":"tsy24"},"content":"                    switch (parameters[0]) {","lastModifiedDate":"2021-08-25"},{"lineNumber":36,"author":{"gitId":"tsy24"},"content":"                        case \"T\": {","lastModifiedDate":"2021-08-25"},{"lineNumber":37,"author":{"gitId":"tsy24"},"content":"                            ToDo task \u003d new ToDo(parameters[2]);","lastModifiedDate":"2021-08-25"},{"lineNumber":38,"author":{"gitId":"tsy24"},"content":"                            task.setDone(Integer.parseInt(parameters[1]));","lastModifiedDate":"2021-08-25"},{"lineNumber":39,"author":{"gitId":"tsy24"},"content":"                            taskList.add(task);","lastModifiedDate":"2021-08-25"},{"lineNumber":40,"author":{"gitId":"tsy24"},"content":"                            break;","lastModifiedDate":"2021-08-25"},{"lineNumber":41,"author":{"gitId":"tsy24"},"content":"                        }","lastModifiedDate":"2021-08-25"},{"lineNumber":42,"author":{"gitId":"tsy24"},"content":"                        case \"D\": {","lastModifiedDate":"2021-08-25"},{"lineNumber":43,"author":{"gitId":"tsy24"},"content":"                            Deadline task \u003d new Deadline(parameters[2], LocalDate.parse(parameters[3]));","lastModifiedDate":"2021-08-25"},{"lineNumber":44,"author":{"gitId":"tsy24"},"content":"                            task.setDone(Integer.parseInt(parameters[1]));","lastModifiedDate":"2021-08-25"},{"lineNumber":45,"author":{"gitId":"tsy24"},"content":"                            taskList.add(task);","lastModifiedDate":"2021-08-25"},{"lineNumber":46,"author":{"gitId":"tsy24"},"content":"                            break;","lastModifiedDate":"2021-08-25"},{"lineNumber":47,"author":{"gitId":"tsy24"},"content":"                        }","lastModifiedDate":"2021-08-25"},{"lineNumber":48,"author":{"gitId":"tsy24"},"content":"                        case \"E\": {","lastModifiedDate":"2021-08-25"},{"lineNumber":49,"author":{"gitId":"tsy24"},"content":"                            Event task \u003d new Event(parameters[2], LocalDate.parse(parameters[3]));","lastModifiedDate":"2021-08-25"},{"lineNumber":50,"author":{"gitId":"tsy24"},"content":"                            task.setDone(Integer.parseInt(parameters[1]));","lastModifiedDate":"2021-08-25"},{"lineNumber":51,"author":{"gitId":"tsy24"},"content":"                            taskList.add(task);","lastModifiedDate":"2021-08-25"},{"lineNumber":52,"author":{"gitId":"tsy24"},"content":"                            break;","lastModifiedDate":"2021-08-25"},{"lineNumber":53,"author":{"gitId":"tsy24"},"content":"                        }","lastModifiedDate":"2021-08-25"},{"lineNumber":54,"author":{"gitId":"tsy24"},"content":"                    }","lastModifiedDate":"2021-08-25"},{"lineNumber":55,"author":{"gitId":"tsy24"},"content":"                }","lastModifiedDate":"2021-08-25"},{"lineNumber":56,"author":{"gitId":"tsy24"},"content":"                fileScanner.close();","lastModifiedDate":"2021-08-25"},{"lineNumber":57,"author":{"gitId":"tsy24"},"content":"                return taskList;","lastModifiedDate":"2021-08-25"},{"lineNumber":58,"author":{"gitId":"tsy24"},"content":"            }","lastModifiedDate":"2021-08-25"},{"lineNumber":59,"author":{"gitId":"tsy24"},"content":"        } catch (IOException e) {","lastModifiedDate":"2021-08-25"},{"lineNumber":60,"author":{"gitId":"tsy24"},"content":"            e.printStackTrace();","lastModifiedDate":"2021-08-26"},{"lineNumber":61,"author":{"gitId":"tsy24"},"content":"            throw new DukeException(\"An error occurred. :-(\\n\");","lastModifiedDate":"2021-08-25"},{"lineNumber":62,"author":{"gitId":"tsy24"},"content":"        }","lastModifiedDate":"2021-08-25"},{"lineNumber":63,"author":{"gitId":"tsy24"},"content":"    }","lastModifiedDate":"2021-08-25"},{"lineNumber":64,"author":{"gitId":"tsy24"},"content":"","lastModifiedDate":"2021-08-25"},{"lineNumber":65,"author":{"gitId":"tsy24"},"content":"    public void saveList(ArrayList\u003cTask\u003e taskList) throws DukeException {","lastModifiedDate":"2021-08-26"},{"lineNumber":66,"author":{"gitId":"tsy24"},"content":"        StringBuilder content \u003d new StringBuilder();","lastModifiedDate":"2021-08-25"},{"lineNumber":67,"author":{"gitId":"tsy24"},"content":"        for (Task task : taskList) {","lastModifiedDate":"2021-08-25"},{"lineNumber":68,"author":{"gitId":"tsy24"},"content":"            content.append(task.toFileFormat()).append(\"\\n\");","lastModifiedDate":"2021-08-25"},{"lineNumber":69,"author":{"gitId":"tsy24"},"content":"        }","lastModifiedDate":"2021-08-25"},{"lineNumber":70,"author":{"gitId":"tsy24"},"content":"        try {","lastModifiedDate":"2021-08-25"},{"lineNumber":71,"author":{"gitId":"tsy24"},"content":"            FileWriter myWriter \u003d new FileWriter(filePath);","lastModifiedDate":"2021-08-26"},{"lineNumber":72,"author":{"gitId":"tsy24"},"content":"            myWriter.write(content.toString());","lastModifiedDate":"2021-08-25"},{"lineNumber":73,"author":{"gitId":"tsy24"},"content":"            myWriter.close();","lastModifiedDate":"2021-08-25"},{"lineNumber":74,"author":{"gitId":"tsy24"},"content":"        } catch (IOException e) {","lastModifiedDate":"2021-08-25"},{"lineNumber":75,"author":{"gitId":"tsy24"},"content":"            throw new DukeException(\"An error occurred. :-(\\n\");","lastModifiedDate":"2021-08-26"},{"lineNumber":76,"author":{"gitId":"tsy24"},"content":"        }","lastModifiedDate":"2021-08-25"},{"lineNumber":77,"author":{"gitId":"tsy24"},"content":"    }","lastModifiedDate":"2021-08-25"},{"lineNumber":78,"author":{"gitId":"tsy24"},"content":"}","lastModifiedDate":"2021-08-25"}],"authorContributionMap":{"tsy24":78}},{"path":"src/main/java/duke/TaskList.java","fileType":"java","lines":[{"lineNumber":1,"author":{"gitId":"tsy24"},"content":"package duke;","lastModifiedDate":"2021-08-25"},{"lineNumber":2,"author":{"gitId":"tsy24"},"content":"","lastModifiedDate":"2021-08-25"},{"lineNumber":3,"author":{"gitId":"tsy24"},"content":"import duke.task.Task;","lastModifiedDate":"2021-08-25"},{"lineNumber":4,"author":{"gitId":"tsy24"},"content":"","lastModifiedDate":"2021-08-25"},{"lineNumber":5,"author":{"gitId":"tsy24"},"content":"import java.util.ArrayList;","lastModifiedDate":"2021-08-25"},{"lineNumber":6,"author":{"gitId":"tsy24"},"content":"","lastModifiedDate":"2021-08-25"},{"lineNumber":7,"author":{"gitId":"tsy24"},"content":"public class TaskList {","lastModifiedDate":"2021-08-25"},{"lineNumber":8,"author":{"gitId":"tsy24"},"content":"","lastModifiedDate":"2021-08-25"},{"lineNumber":9,"author":{"gitId":"tsy24"},"content":"    private ArrayList\u003cTask\u003e tasks;","lastModifiedDate":"2021-08-25"},{"lineNumber":10,"author":{"gitId":"tsy24"},"content":"","lastModifiedDate":"2021-08-25"},{"lineNumber":11,"author":{"gitId":"tsy24"},"content":"    public TaskList(ArrayList\u003cTask\u003e tasks) {","lastModifiedDate":"2021-08-25"},{"lineNumber":12,"author":{"gitId":"tsy24"},"content":"        this.tasks \u003d tasks;","lastModifiedDate":"2021-08-25"},{"lineNumber":13,"author":{"gitId":"tsy24"},"content":"    }","lastModifiedDate":"2021-08-25"},{"lineNumber":14,"author":{"gitId":"tsy24"},"content":"","lastModifiedDate":"2021-08-25"},{"lineNumber":15,"author":{"gitId":"tsy24"},"content":"    public void addTask(Task task) {","lastModifiedDate":"2021-08-25"},{"lineNumber":16,"author":{"gitId":"tsy24"},"content":"        tasks.add(task);","lastModifiedDate":"2021-08-25"},{"lineNumber":17,"author":{"gitId":"tsy24"},"content":"    }","lastModifiedDate":"2021-08-25"},{"lineNumber":18,"author":{"gitId":"tsy24"},"content":"","lastModifiedDate":"2021-08-25"},{"lineNumber":19,"author":{"gitId":"tsy24"},"content":"    public Task getTask(int i) {","lastModifiedDate":"2021-08-25"},{"lineNumber":20,"author":{"gitId":"tsy24"},"content":"        return tasks.get(i);","lastModifiedDate":"2021-08-25"},{"lineNumber":21,"author":{"gitId":"tsy24"},"content":"    }","lastModifiedDate":"2021-08-25"},{"lineNumber":22,"author":{"gitId":"tsy24"},"content":"","lastModifiedDate":"2021-08-25"},{"lineNumber":23,"author":{"gitId":"tsy24"},"content":"    public Task removeTask(int i) {","lastModifiedDate":"2021-08-25"},{"lineNumber":24,"author":{"gitId":"tsy24"},"content":"        return tasks.remove(i);","lastModifiedDate":"2021-08-25"},{"lineNumber":25,"author":{"gitId":"tsy24"},"content":"    }","lastModifiedDate":"2021-08-25"},{"lineNumber":26,"author":{"gitId":"tsy24"},"content":"","lastModifiedDate":"2021-08-25"},{"lineNumber":27,"author":{"gitId":"tsy24"},"content":"    public ArrayList\u003cTask\u003e getTasks() {","lastModifiedDate":"2021-08-25"},{"lineNumber":28,"author":{"gitId":"tsy24"},"content":"        return tasks;","lastModifiedDate":"2021-08-25"},{"lineNumber":29,"author":{"gitId":"tsy24"},"content":"    }","lastModifiedDate":"2021-08-25"},{"lineNumber":30,"author":{"gitId":"tsy24"},"content":"","lastModifiedDate":"2021-08-25"},{"lineNumber":31,"author":{"gitId":"tsy24"},"content":"    public int getSize() {","lastModifiedDate":"2021-08-25"},{"lineNumber":32,"author":{"gitId":"tsy24"},"content":"        return tasks.size();","lastModifiedDate":"2021-08-25"},{"lineNumber":33,"author":{"gitId":"tsy24"},"content":"    }","lastModifiedDate":"2021-08-25"},{"lineNumber":34,"author":{"gitId":"tsy24"},"content":"","lastModifiedDate":"2021-08-25"},{"lineNumber":35,"author":{"gitId":"tsy24"},"content":"    public String getTaskList() {","lastModifiedDate":"2021-08-25"},{"lineNumber":36,"author":{"gitId":"tsy24"},"content":"        String list \u003d \"These are the tasks in your list:\\n\";","lastModifiedDate":"2021-08-25"},{"lineNumber":37,"author":{"gitId":"tsy24"},"content":"        for (int i \u003d 0; i \u003c tasks.size(); i++) {","lastModifiedDate":"2021-08-25"},{"lineNumber":38,"author":{"gitId":"tsy24"},"content":"            list +\u003d (i + 1) + \". \" + tasks.get(i).toString() + \"\\n\";","lastModifiedDate":"2021-08-25"},{"lineNumber":39,"author":{"gitId":"tsy24"},"content":"        }","lastModifiedDate":"2021-08-25"},{"lineNumber":40,"author":{"gitId":"tsy24"},"content":"        return list;","lastModifiedDate":"2021-08-25"},{"lineNumber":41,"author":{"gitId":"tsy24"},"content":"    }","lastModifiedDate":"2021-08-25"},{"lineNumber":42,"author":{"gitId":"tsy24"},"content":"","lastModifiedDate":"2021-08-25"},{"lineNumber":43,"author":{"gitId":"tsy24"},"content":"    public String getListStatus() {","lastModifiedDate":"2021-08-25"},{"lineNumber":44,"author":{"gitId":"tsy24"},"content":"        if (tasks.size() \u003d\u003d 0) {","lastModifiedDate":"2021-08-25"},{"lineNumber":45,"author":{"gitId":"tsy24"},"content":"            return \"There are no tasks in the list\\n\";","lastModifiedDate":"2021-08-25"},{"lineNumber":46,"author":{"gitId":"tsy24"},"content":"        } else if (tasks.size() \u003d\u003d 1) {","lastModifiedDate":"2021-08-25"},{"lineNumber":47,"author":{"gitId":"tsy24"},"content":"            return \"\\nThere is currently 1 task in your list\\n\";","lastModifiedDate":"2021-08-25"},{"lineNumber":48,"author":{"gitId":"tsy24"},"content":"        } else {","lastModifiedDate":"2021-08-25"},{"lineNumber":49,"author":{"gitId":"tsy24"},"content":"            return String.format(\"\\nThere are currently %d tasks in your list\\n\", tasks.size());","lastModifiedDate":"2021-08-25"},{"lineNumber":50,"author":{"gitId":"tsy24"},"content":"        }","lastModifiedDate":"2021-08-25"},{"lineNumber":51,"author":{"gitId":"tsy24"},"content":"    }","lastModifiedDate":"2021-08-25"},{"lineNumber":52,"author":{"gitId":"tsy24"},"content":"","lastModifiedDate":"2021-08-25"},{"lineNumber":53,"author":{"gitId":"tsy24"},"content":"}","lastModifiedDate":"2021-08-25"}],"authorContributionMap":{"tsy24":53}},{"path":"src/main/java/duke/Ui.java","fileType":"java","lines":[{"lineNumber":1,"author":{"gitId":"tsy24"},"content":"package duke;","lastModifiedDate":"2021-08-25"},{"lineNumber":2,"author":{"gitId":"tsy24"},"content":"","lastModifiedDate":"2021-08-25"},{"lineNumber":3,"author":{"gitId":"tsy24"},"content":"import java.util.Scanner;","lastModifiedDate":"2021-08-25"},{"lineNumber":4,"author":{"gitId":"tsy24"},"content":"","lastModifiedDate":"2021-08-25"},{"lineNumber":5,"author":{"gitId":"tsy24"},"content":"public class Ui {","lastModifiedDate":"2021-08-25"},{"lineNumber":6,"author":{"gitId":"tsy24"},"content":"","lastModifiedDate":"2021-08-25"},{"lineNumber":7,"author":{"gitId":"tsy24"},"content":"    private static String template \u003d \"~ * ~ * ~ * ~ * ~ * ~ * ~ * ~ * ~ * ~ * ~ * ~ * ~ * ~ * ~ * ~ * ~\";","lastModifiedDate":"2021-08-25"},{"lineNumber":8,"author":{"gitId":"tsy24"},"content":"    private Scanner sc;","lastModifiedDate":"2021-08-25"},{"lineNumber":9,"author":{"gitId":"tsy24"},"content":"","lastModifiedDate":"2021-08-25"},{"lineNumber":10,"author":{"gitId":"tsy24"},"content":"    public Ui() {","lastModifiedDate":"2021-08-25"},{"lineNumber":11,"author":{"gitId":"tsy24"},"content":"        sc \u003d new Scanner(System.in);","lastModifiedDate":"2021-08-25"},{"lineNumber":12,"author":{"gitId":"tsy24"},"content":"    }","lastModifiedDate":"2021-08-25"},{"lineNumber":13,"author":{"gitId":"tsy24"},"content":"","lastModifiedDate":"2021-08-25"},{"lineNumber":14,"author":{"gitId":"tsy24"},"content":"    public void printMessage(String message) {","lastModifiedDate":"2021-08-25"},{"lineNumber":15,"author":{"gitId":"tsy24"},"content":"        System.out.println(template + \"\\n\" + message + template);","lastModifiedDate":"2021-08-25"},{"lineNumber":16,"author":{"gitId":"tsy24"},"content":"    }","lastModifiedDate":"2021-08-25"},{"lineNumber":17,"author":{"gitId":"tsy24"},"content":"","lastModifiedDate":"2021-08-25"},{"lineNumber":18,"author":{"gitId":"tsy24"},"content":"    public void showWelcome() {","lastModifiedDate":"2021-08-25"},{"lineNumber":19,"author":{"gitId":"tsy24"},"content":"        String startText \u003d \"Hello! I\u0027m duke.Duke\\n\" + \"What can I do for you?\";","lastModifiedDate":"2021-08-25"},{"lineNumber":20,"author":{"gitId":"tsy24"},"content":"        System.out.println(startText);","lastModifiedDate":"2021-08-25"},{"lineNumber":21,"author":{"gitId":"tsy24"},"content":"    }","lastModifiedDate":"2021-08-25"},{"lineNumber":22,"author":{"gitId":"tsy24"},"content":"","lastModifiedDate":"2021-08-25"},{"lineNumber":23,"author":{"gitId":"tsy24"},"content":"    public String readCommand() {","lastModifiedDate":"2021-08-25"},{"lineNumber":24,"author":{"gitId":"tsy24"},"content":"        return sc.nextLine();","lastModifiedDate":"2021-08-25"},{"lineNumber":25,"author":{"gitId":"tsy24"},"content":"    }","lastModifiedDate":"2021-08-25"},{"lineNumber":26,"author":{"gitId":"tsy24"},"content":"}","lastModifiedDate":"2021-08-25"}],"authorContributionMap":{"tsy24":26}},{"path":"src/main/java/duke/command/AddCommand.java","fileType":"java","lines":[{"lineNumber":1,"author":{"gitId":"tsy24"},"content":"package duke.command;","lastModifiedDate":"2021-08-25"},{"lineNumber":2,"author":{"gitId":"tsy24"},"content":"","lastModifiedDate":"2021-08-25"},{"lineNumber":3,"author":{"gitId":"tsy24"},"content":"import java.time.LocalDate;","lastModifiedDate":"2021-08-25"},{"lineNumber":4,"author":{"gitId":"tsy24"},"content":"","lastModifiedDate":"2021-08-25"},{"lineNumber":5,"author":{"gitId":"tsy24"},"content":"import duke.DukeException;","lastModifiedDate":"2021-08-26"},{"lineNumber":6,"author":{"gitId":"tsy24"},"content":"import duke.Storage;","lastModifiedDate":"2021-08-25"},{"lineNumber":7,"author":{"gitId":"tsy24"},"content":"import duke.TaskList;","lastModifiedDate":"2021-08-25"},{"lineNumber":8,"author":{"gitId":"tsy24"},"content":"import duke.Ui;","lastModifiedDate":"2021-08-25"},{"lineNumber":9,"author":{"gitId":"tsy24"},"content":"import duke.task.Deadline;","lastModifiedDate":"2021-08-25"},{"lineNumber":10,"author":{"gitId":"tsy24"},"content":"import duke.task.Event;","lastModifiedDate":"2021-08-25"},{"lineNumber":11,"author":{"gitId":"tsy24"},"content":"import duke.task.ToDo;","lastModifiedDate":"2021-08-25"},{"lineNumber":12,"author":{"gitId":"tsy24"},"content":"","lastModifiedDate":"2021-08-25"},{"lineNumber":13,"author":{"gitId":"tsy24"},"content":"public class AddCommand extends Command {","lastModifiedDate":"2021-08-25"},{"lineNumber":14,"author":{"gitId":"tsy24"},"content":"","lastModifiedDate":"2021-08-25"},{"lineNumber":15,"author":{"gitId":"tsy24"},"content":"    private TaskType type;","lastModifiedDate":"2021-08-25"},{"lineNumber":16,"author":{"gitId":"tsy24"},"content":"    private String[] parameters;","lastModifiedDate":"2021-08-25"},{"lineNumber":17,"author":{"gitId":"tsy24"},"content":"","lastModifiedDate":"2021-08-25"},{"lineNumber":18,"author":{"gitId":"tsy24"},"content":"    public enum TaskType {TODO, DEADLINE, EVENT}","lastModifiedDate":"2021-08-25"},{"lineNumber":19,"author":{"gitId":"tsy24"},"content":"","lastModifiedDate":"2021-08-25"},{"lineNumber":20,"author":{"gitId":"tsy24"},"content":"    public AddCommand(TaskType type, String[] parameters) {","lastModifiedDate":"2021-08-25"},{"lineNumber":21,"author":{"gitId":"tsy24"},"content":"        this.type \u003d type;","lastModifiedDate":"2021-08-25"},{"lineNumber":22,"author":{"gitId":"tsy24"},"content":"        this.parameters \u003d parameters;","lastModifiedDate":"2021-08-25"},{"lineNumber":23,"author":{"gitId":"tsy24"},"content":"    }","lastModifiedDate":"2021-08-25"},{"lineNumber":24,"author":{"gitId":"tsy24"},"content":"","lastModifiedDate":"2021-08-25"},{"lineNumber":25,"author":{"gitId":"tsy24"},"content":"    @Override","lastModifiedDate":"2021-08-25"},{"lineNumber":26,"author":{"gitId":"tsy24"},"content":"    public void execute(TaskList taskList, Ui ui, Storage storage) throws DukeException {","lastModifiedDate":"2021-08-26"},{"lineNumber":27,"author":{"gitId":"tsy24"},"content":"        String messageHeader \u003d \"Alright! New task added:\\n\";","lastModifiedDate":"2021-08-25"},{"lineNumber":28,"author":{"gitId":"tsy24"},"content":"        switch (type) {","lastModifiedDate":"2021-08-25"},{"lineNumber":29,"author":{"gitId":"tsy24"},"content":"            case DEADLINE: {","lastModifiedDate":"2021-08-25"},{"lineNumber":30,"author":{"gitId":"tsy24"},"content":"                Deadline task \u003d new Deadline(parameters[0].trim(), LocalDate.parse(parameters[1]));","lastModifiedDate":"2021-08-25"},{"lineNumber":31,"author":{"gitId":"tsy24"},"content":"                taskList.addTask(task);","lastModifiedDate":"2021-08-25"},{"lineNumber":32,"author":{"gitId":"tsy24"},"content":"                String message \u003d messageHeader + task + taskList.getListStatus();","lastModifiedDate":"2021-08-25"},{"lineNumber":33,"author":{"gitId":"tsy24"},"content":"                ui.printMessage(message);","lastModifiedDate":"2021-08-25"},{"lineNumber":34,"author":{"gitId":"tsy24"},"content":"                break;","lastModifiedDate":"2021-08-25"},{"lineNumber":35,"author":{"gitId":"tsy24"},"content":"            }","lastModifiedDate":"2021-08-25"},{"lineNumber":36,"author":{"gitId":"tsy24"},"content":"            case EVENT: {","lastModifiedDate":"2021-08-25"},{"lineNumber":37,"author":{"gitId":"tsy24"},"content":"                Event task \u003d new Event(parameters[0], LocalDate.parse(parameters[1]));","lastModifiedDate":"2021-08-25"},{"lineNumber":38,"author":{"gitId":"tsy24"},"content":"                taskList.addTask(task);","lastModifiedDate":"2021-08-25"},{"lineNumber":39,"author":{"gitId":"tsy24"},"content":"                String message \u003d messageHeader + task + taskList.getListStatus();","lastModifiedDate":"2021-08-25"},{"lineNumber":40,"author":{"gitId":"tsy24"},"content":"                ui.printMessage(message);","lastModifiedDate":"2021-08-25"},{"lineNumber":41,"author":{"gitId":"tsy24"},"content":"                break;","lastModifiedDate":"2021-08-25"},{"lineNumber":42,"author":{"gitId":"tsy24"},"content":"            }","lastModifiedDate":"2021-08-25"},{"lineNumber":43,"author":{"gitId":"tsy24"},"content":"            case TODO: {","lastModifiedDate":"2021-08-25"},{"lineNumber":44,"author":{"gitId":"tsy24"},"content":"                ToDo task \u003d new ToDo(parameters[0]);","lastModifiedDate":"2021-08-25"},{"lineNumber":45,"author":{"gitId":"tsy24"},"content":"                taskList.addTask(task);","lastModifiedDate":"2021-08-25"},{"lineNumber":46,"author":{"gitId":"tsy24"},"content":"                String message \u003d messageHeader + task + taskList.getListStatus();","lastModifiedDate":"2021-08-25"},{"lineNumber":47,"author":{"gitId":"tsy24"},"content":"                ui.printMessage(message);","lastModifiedDate":"2021-08-25"},{"lineNumber":48,"author":{"gitId":"tsy24"},"content":"                break;","lastModifiedDate":"2021-08-25"},{"lineNumber":49,"author":{"gitId":"tsy24"},"content":"            }","lastModifiedDate":"2021-08-25"},{"lineNumber":50,"author":{"gitId":"tsy24"},"content":"        }","lastModifiedDate":"2021-08-25"},{"lineNumber":51,"author":{"gitId":"tsy24"},"content":"        storage.saveList(taskList.getTasks());","lastModifiedDate":"2021-08-25"},{"lineNumber":52,"author":{"gitId":"tsy24"},"content":"    }","lastModifiedDate":"2021-08-25"},{"lineNumber":53,"author":{"gitId":"tsy24"},"content":"}","lastModifiedDate":"2021-08-25"}],"authorContributionMap":{"tsy24":53}},{"path":"src/main/java/duke/command/Command.java","fileType":"java","lines":[{"lineNumber":1,"author":{"gitId":"tsy24"},"content":"package duke.command;","lastModifiedDate":"2021-08-25"},{"lineNumber":2,"author":{"gitId":"tsy24"},"content":"","lastModifiedDate":"2021-08-25"},{"lineNumber":3,"author":{"gitId":"tsy24"},"content":"import duke.DukeException;","lastModifiedDate":"2021-08-25"},{"lineNumber":4,"author":{"gitId":"tsy24"},"content":"import duke.Storage;","lastModifiedDate":"2021-08-25"},{"lineNumber":5,"author":{"gitId":"tsy24"},"content":"import duke.TaskList;","lastModifiedDate":"2021-08-25"},{"lineNumber":6,"author":{"gitId":"tsy24"},"content":"import duke.Ui;","lastModifiedDate":"2021-08-25"},{"lineNumber":7,"author":{"gitId":"tsy24"},"content":"","lastModifiedDate":"2021-08-25"},{"lineNumber":8,"author":{"gitId":"tsy24"},"content":"public abstract class Command {","lastModifiedDate":"2021-08-25"},{"lineNumber":9,"author":{"gitId":"tsy24"},"content":"","lastModifiedDate":"2021-08-25"},{"lineNumber":10,"author":{"gitId":"tsy24"},"content":"    public abstract void execute(TaskList taskList, Ui ui, Storage storage) throws DukeException;","lastModifiedDate":"2021-08-25"},{"lineNumber":11,"author":{"gitId":"tsy24"},"content":"","lastModifiedDate":"2021-08-25"},{"lineNumber":12,"author":{"gitId":"tsy24"},"content":"    public boolean isExit() {","lastModifiedDate":"2021-08-25"},{"lineNumber":13,"author":{"gitId":"tsy24"},"content":"        return this instanceof ExitCommand;","lastModifiedDate":"2021-08-25"},{"lineNumber":14,"author":{"gitId":"tsy24"},"content":"    }","lastModifiedDate":"2021-08-25"},{"lineNumber":15,"author":{"gitId":"tsy24"},"content":"}","lastModifiedDate":"2021-08-25"}],"authorContributionMap":{"tsy24":15}},{"path":"src/main/java/duke/command/EditCommand.java","fileType":"java","lines":[{"lineNumber":1,"author":{"gitId":"tsy24"},"content":"package duke.command;","lastModifiedDate":"2021-08-25"},{"lineNumber":2,"author":{"gitId":"tsy24"},"content":"","lastModifiedDate":"2021-08-25"},{"lineNumber":3,"author":{"gitId":"tsy24"},"content":"import duke.DukeException;","lastModifiedDate":"2021-08-25"},{"lineNumber":4,"author":{"gitId":"tsy24"},"content":"import duke.Storage;","lastModifiedDate":"2021-08-25"},{"lineNumber":5,"author":{"gitId":"tsy24"},"content":"import duke.TaskList;","lastModifiedDate":"2021-08-25"},{"lineNumber":6,"author":{"gitId":"tsy24"},"content":"import duke.Ui;","lastModifiedDate":"2021-08-25"},{"lineNumber":7,"author":{"gitId":"tsy24"},"content":"import duke.task.Task;","lastModifiedDate":"2021-08-25"},{"lineNumber":8,"author":{"gitId":"tsy24"},"content":"","lastModifiedDate":"2021-08-25"},{"lineNumber":9,"author":{"gitId":"tsy24"},"content":"public class EditCommand extends Command {","lastModifiedDate":"2021-08-25"},{"lineNumber":10,"author":{"gitId":"tsy24"},"content":"","lastModifiedDate":"2021-08-25"},{"lineNumber":11,"author":{"gitId":"tsy24"},"content":"    private EditType type;","lastModifiedDate":"2021-08-25"},{"lineNumber":12,"author":{"gitId":"tsy24"},"content":"    private int taskNumber;","lastModifiedDate":"2021-08-25"},{"lineNumber":13,"author":{"gitId":"tsy24"},"content":"","lastModifiedDate":"2021-08-25"},{"lineNumber":14,"author":{"gitId":"tsy24"},"content":"    public enum EditType {DELETE, DONE}","lastModifiedDate":"2021-08-25"},{"lineNumber":15,"author":{"gitId":"tsy24"},"content":"","lastModifiedDate":"2021-08-25"},{"lineNumber":16,"author":{"gitId":"tsy24"},"content":"    public EditCommand(EditType type, int taskNumber) {","lastModifiedDate":"2021-08-25"},{"lineNumber":17,"author":{"gitId":"tsy24"},"content":"        this.type \u003d type;","lastModifiedDate":"2021-08-25"},{"lineNumber":18,"author":{"gitId":"tsy24"},"content":"        this.taskNumber \u003d taskNumber;","lastModifiedDate":"2021-08-25"},{"lineNumber":19,"author":{"gitId":"tsy24"},"content":"    }","lastModifiedDate":"2021-08-25"},{"lineNumber":20,"author":{"gitId":"tsy24"},"content":"","lastModifiedDate":"2021-08-25"},{"lineNumber":21,"author":{"gitId":"tsy24"},"content":"    @Override","lastModifiedDate":"2021-08-25"},{"lineNumber":22,"author":{"gitId":"tsy24"},"content":"    public void execute(TaskList taskList, Ui ui, Storage storage) throws DukeException {","lastModifiedDate":"2021-08-25"},{"lineNumber":23,"author":{"gitId":"tsy24"},"content":"        if (taskNumber \u003c 1 || taskNumber \u003e taskList.getSize()) {","lastModifiedDate":"2021-08-25"},{"lineNumber":24,"author":{"gitId":"tsy24"},"content":"            throw new DukeException(\"I cannot find this task number!\\n\");","lastModifiedDate":"2021-08-25"},{"lineNumber":25,"author":{"gitId":"tsy24"},"content":"        } else {","lastModifiedDate":"2021-08-25"},{"lineNumber":26,"author":{"gitId":"tsy24"},"content":"            switch (type) {","lastModifiedDate":"2021-08-25"},{"lineNumber":27,"author":{"gitId":"tsy24"},"content":"            case DONE: {","lastModifiedDate":"2021-08-25"},{"lineNumber":28,"author":{"gitId":"tsy24"},"content":"                Task completedTask \u003d taskList.getTask(taskNumber - 1);","lastModifiedDate":"2021-08-25"},{"lineNumber":29,"author":{"gitId":"tsy24"},"content":"                completedTask.markAsDone();","lastModifiedDate":"2021-08-25"},{"lineNumber":30,"author":{"gitId":"tsy24"},"content":"                String message \u003d \"Good work! duke.task.Task is now marked as done:\\n\" + completedTask + \"\\n\";","lastModifiedDate":"2021-08-25"},{"lineNumber":31,"author":{"gitId":"tsy24"},"content":"                ui.printMessage(message);","lastModifiedDate":"2021-08-25"},{"lineNumber":32,"author":{"gitId":"tsy24"},"content":"                storage.saveList(taskList.getTasks());","lastModifiedDate":"2021-08-25"},{"lineNumber":33,"author":{"gitId":"tsy24"},"content":"                break;","lastModifiedDate":"2021-08-25"},{"lineNumber":34,"author":{"gitId":"tsy24"},"content":"            }","lastModifiedDate":"2021-08-25"},{"lineNumber":35,"author":{"gitId":"tsy24"},"content":"            case DELETE: {","lastModifiedDate":"2021-08-25"},{"lineNumber":36,"author":{"gitId":"tsy24"},"content":"                Task deletedTask \u003d taskList.removeTask(taskNumber - 1);","lastModifiedDate":"2021-08-25"},{"lineNumber":37,"author":{"gitId":"tsy24"},"content":"                String message \u003d \"Alright! I\u0027ve deleted this task:\\n\" + deletedTask + taskList.getListStatus();","lastModifiedDate":"2021-08-25"},{"lineNumber":38,"author":{"gitId":"tsy24"},"content":"                ui.printMessage(message);","lastModifiedDate":"2021-08-25"},{"lineNumber":39,"author":{"gitId":"tsy24"},"content":"                storage.saveList(taskList.getTasks());","lastModifiedDate":"2021-08-25"},{"lineNumber":40,"author":{"gitId":"tsy24"},"content":"                break;","lastModifiedDate":"2021-08-25"},{"lineNumber":41,"author":{"gitId":"tsy24"},"content":"            }","lastModifiedDate":"2021-08-25"},{"lineNumber":42,"author":{"gitId":"tsy24"},"content":"            }","lastModifiedDate":"2021-08-25"},{"lineNumber":43,"author":{"gitId":"tsy24"},"content":"        }","lastModifiedDate":"2021-08-25"},{"lineNumber":44,"author":{"gitId":"tsy24"},"content":"    }","lastModifiedDate":"2021-08-25"},{"lineNumber":45,"author":{"gitId":"tsy24"},"content":"","lastModifiedDate":"2021-08-25"},{"lineNumber":46,"author":{"gitId":"tsy24"},"content":"","lastModifiedDate":"2021-08-25"},{"lineNumber":47,"author":{"gitId":"tsy24"},"content":"}","lastModifiedDate":"2021-08-25"}],"authorContributionMap":{"tsy24":47}},{"path":"src/main/java/duke/command/ExitCommand.java","fileType":"java","lines":[{"lineNumber":1,"author":{"gitId":"tsy24"},"content":"package duke.command;","lastModifiedDate":"2021-08-25"},{"lineNumber":2,"author":{"gitId":"tsy24"},"content":"","lastModifiedDate":"2021-08-25"},{"lineNumber":3,"author":{"gitId":"tsy24"},"content":"import duke.Storage;","lastModifiedDate":"2021-08-25"},{"lineNumber":4,"author":{"gitId":"tsy24"},"content":"import duke.TaskList;","lastModifiedDate":"2021-08-25"},{"lineNumber":5,"author":{"gitId":"tsy24"},"content":"import duke.Ui;","lastModifiedDate":"2021-08-25"},{"lineNumber":6,"author":{"gitId":"tsy24"},"content":"","lastModifiedDate":"2021-08-25"},{"lineNumber":7,"author":{"gitId":"tsy24"},"content":"public class ExitCommand extends Command {","lastModifiedDate":"2021-08-25"},{"lineNumber":8,"author":{"gitId":"tsy24"},"content":"","lastModifiedDate":"2021-08-25"},{"lineNumber":9,"author":{"gitId":"tsy24"},"content":"    @Override","lastModifiedDate":"2021-08-25"},{"lineNumber":10,"author":{"gitId":"tsy24"},"content":"    public void execute(TaskList taskList, Ui ui, Storage storage) {","lastModifiedDate":"2021-08-25"},{"lineNumber":11,"author":{"gitId":"tsy24"},"content":"        String closingMessage \u003d  \"Goodbye! Hope to see you again soon!\\n\";","lastModifiedDate":"2021-08-25"},{"lineNumber":12,"author":{"gitId":"tsy24"},"content":"        ui.printMessage(closingMessage);","lastModifiedDate":"2021-08-25"},{"lineNumber":13,"author":{"gitId":"tsy24"},"content":"    }","lastModifiedDate":"2021-08-25"},{"lineNumber":14,"author":{"gitId":"tsy24"},"content":"","lastModifiedDate":"2021-08-26"},{"lineNumber":15,"author":{"gitId":"tsy24"},"content":"    @Override","lastModifiedDate":"2021-08-26"},{"lineNumber":16,"author":{"gitId":"tsy24"},"content":"    public boolean equals(Object obj) {","lastModifiedDate":"2021-08-26"},{"lineNumber":17,"author":{"gitId":"tsy24"},"content":"        return obj instanceof ExitCommand;","lastModifiedDate":"2021-08-26"},{"lineNumber":18,"author":{"gitId":"tsy24"},"content":"    }","lastModifiedDate":"2021-08-26"},{"lineNumber":19,"author":{"gitId":"tsy24"},"content":"}","lastModifiedDate":"2021-08-25"}],"authorContributionMap":{"tsy24":19}},{"path":"src/main/java/duke/command/ListCommand.java","fileType":"java","lines":[{"lineNumber":1,"author":{"gitId":"tsy24"},"content":"package duke.command;","lastModifiedDate":"2021-08-25"},{"lineNumber":2,"author":{"gitId":"tsy24"},"content":"","lastModifiedDate":"2021-08-25"},{"lineNumber":3,"author":{"gitId":"tsy24"},"content":"import duke.Storage;","lastModifiedDate":"2021-08-25"},{"lineNumber":4,"author":{"gitId":"tsy24"},"content":"import duke.TaskList;","lastModifiedDate":"2021-08-25"},{"lineNumber":5,"author":{"gitId":"tsy24"},"content":"import duke.Ui;","lastModifiedDate":"2021-08-25"},{"lineNumber":6,"author":{"gitId":"tsy24"},"content":"","lastModifiedDate":"2021-08-25"},{"lineNumber":7,"author":{"gitId":"tsy24"},"content":"public class ListCommand extends Command {","lastModifiedDate":"2021-08-25"},{"lineNumber":8,"author":{"gitId":"tsy24"},"content":"","lastModifiedDate":"2021-08-25"},{"lineNumber":9,"author":{"gitId":"tsy24"},"content":"    @Override","lastModifiedDate":"2021-08-25"},{"lineNumber":10,"author":{"gitId":"tsy24"},"content":"    public void execute(TaskList taskList, Ui ui, Storage storage) {","lastModifiedDate":"2021-08-25"},{"lineNumber":11,"author":{"gitId":"tsy24"},"content":"        String message \u003d taskList.getTaskList() + taskList.getListStatus();","lastModifiedDate":"2021-08-25"},{"lineNumber":12,"author":{"gitId":"tsy24"},"content":"        ui.printMessage(message);","lastModifiedDate":"2021-08-25"},{"lineNumber":13,"author":{"gitId":"tsy24"},"content":"    }","lastModifiedDate":"2021-08-25"},{"lineNumber":14,"author":{"gitId":"tsy24"},"content":"}","lastModifiedDate":"2021-08-25"}],"authorContributionMap":{"tsy24":14}},{"path":"src/main/java/duke/command/OnCommand.java","fileType":"java","lines":[{"lineNumber":1,"author":{"gitId":"tsy24"},"content":"package duke.command;","lastModifiedDate":"2021-08-25"},{"lineNumber":2,"author":{"gitId":"tsy24"},"content":"","lastModifiedDate":"2021-08-25"},{"lineNumber":3,"author":{"gitId":"tsy24"},"content":"import duke.Storage;","lastModifiedDate":"2021-08-25"},{"lineNumber":4,"author":{"gitId":"tsy24"},"content":"import duke.TaskList;","lastModifiedDate":"2021-08-25"},{"lineNumber":5,"author":{"gitId":"tsy24"},"content":"import duke.Ui;","lastModifiedDate":"2021-08-25"},{"lineNumber":6,"author":{"gitId":"tsy24"},"content":"import duke.task.Deadline;","lastModifiedDate":"2021-08-25"},{"lineNumber":7,"author":{"gitId":"tsy24"},"content":"import duke.task.Event;","lastModifiedDate":"2021-08-25"},{"lineNumber":8,"author":{"gitId":"tsy24"},"content":"import duke.task.Task;","lastModifiedDate":"2021-08-25"},{"lineNumber":9,"author":{"gitId":"tsy24"},"content":"","lastModifiedDate":"2021-08-25"},{"lineNumber":10,"author":{"gitId":"tsy24"},"content":"import java.time.LocalDate;","lastModifiedDate":"2021-08-25"},{"lineNumber":11,"author":{"gitId":"tsy24"},"content":"import java.time.format.DateTimeFormatter;","lastModifiedDate":"2021-08-25"},{"lineNumber":12,"author":{"gitId":"tsy24"},"content":"","lastModifiedDate":"2021-08-25"},{"lineNumber":13,"author":{"gitId":"tsy24"},"content":"public class OnCommand extends Command {","lastModifiedDate":"2021-08-25"},{"lineNumber":14,"author":{"gitId":"tsy24"},"content":"","lastModifiedDate":"2021-08-25"},{"lineNumber":15,"author":{"gitId":"tsy24"},"content":"    private LocalDate date;","lastModifiedDate":"2021-08-25"},{"lineNumber":16,"author":{"gitId":"tsy24"},"content":"","lastModifiedDate":"2021-08-25"},{"lineNumber":17,"author":{"gitId":"tsy24"},"content":"    public OnCommand(LocalDate date) {","lastModifiedDate":"2021-08-25"},{"lineNumber":18,"author":{"gitId":"tsy24"},"content":"        this.date \u003d date;","lastModifiedDate":"2021-08-25"},{"lineNumber":19,"author":{"gitId":"tsy24"},"content":"    }","lastModifiedDate":"2021-08-25"},{"lineNumber":20,"author":{"gitId":"tsy24"},"content":"","lastModifiedDate":"2021-08-25"},{"lineNumber":21,"author":{"gitId":"tsy24"},"content":"    @Override","lastModifiedDate":"2021-08-25"},{"lineNumber":22,"author":{"gitId":"tsy24"},"content":"    public void execute(TaskList taskList, Ui ui, Storage storage) {","lastModifiedDate":"2021-08-25"},{"lineNumber":23,"author":{"gitId":"tsy24"},"content":"        DateTimeFormatter formatter \u003d DateTimeFormatter.ofPattern(\"MMM d yyyy\");","lastModifiedDate":"2021-08-25"},{"lineNumber":24,"author":{"gitId":"tsy24"},"content":"        StringBuilder message \u003d new StringBuilder(\"The tasks that you have on \" + date.format(formatter) + \" are:\\n\");","lastModifiedDate":"2021-08-25"},{"lineNumber":25,"author":{"gitId":"tsy24"},"content":"        for (int i \u003d 0; i \u003c taskList.getSize(); i++) {","lastModifiedDate":"2021-08-25"},{"lineNumber":26,"author":{"gitId":"tsy24"},"content":"            Task task \u003d taskList.getTask(i);","lastModifiedDate":"2021-08-25"},{"lineNumber":27,"author":{"gitId":"tsy24"},"content":"            if (task instanceof Deadline) {","lastModifiedDate":"2021-08-25"},{"lineNumber":28,"author":{"gitId":"tsy24"},"content":"                Deadline deadline \u003d (Deadline) task;","lastModifiedDate":"2021-08-25"},{"lineNumber":29,"author":{"gitId":"tsy24"},"content":"                if (deadline.getBy().isEqual(date)) {","lastModifiedDate":"2021-08-25"},{"lineNumber":30,"author":{"gitId":"tsy24"},"content":"                    message.append(deadline).append(\"\\n\");","lastModifiedDate":"2021-08-25"},{"lineNumber":31,"author":{"gitId":"tsy24"},"content":"                }","lastModifiedDate":"2021-08-25"},{"lineNumber":32,"author":{"gitId":"tsy24"},"content":"            } else if (task instanceof Event) {","lastModifiedDate":"2021-08-25"},{"lineNumber":33,"author":{"gitId":"tsy24"},"content":"                Event event \u003d (Event) task;","lastModifiedDate":"2021-08-25"},{"lineNumber":34,"author":{"gitId":"tsy24"},"content":"                if (event.getTime().isEqual(date)) {","lastModifiedDate":"2021-08-25"},{"lineNumber":35,"author":{"gitId":"tsy24"},"content":"                    message.append(event).append(\"\\n\");","lastModifiedDate":"2021-08-25"},{"lineNumber":36,"author":{"gitId":"tsy24"},"content":"                }","lastModifiedDate":"2021-08-25"},{"lineNumber":37,"author":{"gitId":"tsy24"},"content":"            }","lastModifiedDate":"2021-08-25"},{"lineNumber":38,"author":{"gitId":"tsy24"},"content":"        }","lastModifiedDate":"2021-08-25"},{"lineNumber":39,"author":{"gitId":"tsy24"},"content":"        ui.printMessage(message.toString());","lastModifiedDate":"2021-08-25"},{"lineNumber":40,"author":{"gitId":"tsy24"},"content":"    }","lastModifiedDate":"2021-08-25"},{"lineNumber":41,"author":{"gitId":"tsy24"},"content":"}","lastModifiedDate":"2021-08-25"}],"authorContributionMap":{"tsy24":41}},{"path":"src/main/java/duke/task/Deadline.java","fileType":"java","lines":[{"lineNumber":1,"author":{"gitId":"tsy24"},"content":"package duke.task;","lastModifiedDate":"2021-08-25"},{"lineNumber":2,"author":{"gitId":"tsy24"},"content":"","lastModifiedDate":"2021-08-25"},{"lineNumber":3,"author":{"gitId":"tsy24"},"content":"import java.time.LocalDate;","lastModifiedDate":"2021-08-25"},{"lineNumber":4,"author":{"gitId":"tsy24"},"content":"import java.time.format.DateTimeFormatter;","lastModifiedDate":"2021-08-25"},{"lineNumber":5,"author":{"gitId":"tsy24"},"content":"","lastModifiedDate":"2021-08-25"},{"lineNumber":6,"author":{"gitId":"tsy24"},"content":"public class Deadline extends Task {","lastModifiedDate":"2021-08-18"},{"lineNumber":7,"author":{"gitId":"tsy24"},"content":"","lastModifiedDate":"2021-08-18"},{"lineNumber":8,"author":{"gitId":"tsy24"},"content":"    protected static DateTimeFormatter formatter \u003d DateTimeFormatter.ofPattern(\"MMM d yyyy\");","lastModifiedDate":"2021-08-25"},{"lineNumber":9,"author":{"gitId":"tsy24"},"content":"    protected LocalDate by;","lastModifiedDate":"2021-08-25"},{"lineNumber":10,"author":{"gitId":"tsy24"},"content":"","lastModifiedDate":"2021-08-18"},{"lineNumber":11,"author":{"gitId":"tsy24"},"content":"    public Deadline(String description, LocalDate by) {","lastModifiedDate":"2021-08-25"},{"lineNumber":12,"author":{"gitId":"tsy24"},"content":"        super(description);","lastModifiedDate":"2021-08-18"},{"lineNumber":13,"author":{"gitId":"tsy24"},"content":"        this.by \u003d by;","lastModifiedDate":"2021-08-18"},{"lineNumber":14,"author":{"gitId":"tsy24"},"content":"    }","lastModifiedDate":"2021-08-18"},{"lineNumber":15,"author":{"gitId":"tsy24"},"content":"","lastModifiedDate":"2021-08-18"},{"lineNumber":16,"author":{"gitId":"tsy24"},"content":"    public LocalDate getBy() {","lastModifiedDate":"2021-08-25"},{"lineNumber":17,"author":{"gitId":"tsy24"},"content":"        return by;","lastModifiedDate":"2021-08-25"},{"lineNumber":18,"author":{"gitId":"tsy24"},"content":"    }","lastModifiedDate":"2021-08-25"},{"lineNumber":19,"author":{"gitId":"tsy24"},"content":"","lastModifiedDate":"2021-08-25"},{"lineNumber":20,"author":{"gitId":"tsy24"},"content":"    @Override","lastModifiedDate":"2021-08-18"},{"lineNumber":21,"author":{"gitId":"tsy24"},"content":"    public String toString() {","lastModifiedDate":"2021-08-18"},{"lineNumber":22,"author":{"gitId":"tsy24"},"content":"        return \"[D]\" + super.toString() + \" (by: \" + by.format(formatter) + \")\";","lastModifiedDate":"2021-08-25"},{"lineNumber":23,"author":{"gitId":"tsy24"},"content":"    }","lastModifiedDate":"2021-08-18"},{"lineNumber":24,"author":{"gitId":"tsy24"},"content":"","lastModifiedDate":"2021-08-25"},{"lineNumber":25,"author":{"gitId":"tsy24"},"content":"    @Override","lastModifiedDate":"2021-08-25"},{"lineNumber":26,"author":{"gitId":"tsy24"},"content":"    public String toFileFormat() {","lastModifiedDate":"2021-08-25"},{"lineNumber":27,"author":{"gitId":"tsy24"},"content":"        return \"D / \" + super.toFileFormat() + \" / \" + by;","lastModifiedDate":"2021-08-25"},{"lineNumber":28,"author":{"gitId":"tsy24"},"content":"    }","lastModifiedDate":"2021-08-25"},{"lineNumber":29,"author":{"gitId":"tsy24"},"content":"}","lastModifiedDate":"2021-08-18"}],"authorContributionMap":{"tsy24":29}},{"path":"src/main/java/duke/task/Event.java","fileType":"java","lines":[{"lineNumber":1,"author":{"gitId":"tsy24"},"content":"package duke.task;","lastModifiedDate":"2021-08-25"},{"lineNumber":2,"author":{"gitId":"tsy24"},"content":"","lastModifiedDate":"2021-08-25"},{"lineNumber":3,"author":{"gitId":"tsy24"},"content":"import java.time.LocalDate;","lastModifiedDate":"2021-08-25"},{"lineNumber":4,"author":{"gitId":"tsy24"},"content":"import java.time.format.DateTimeFormatter;","lastModifiedDate":"2021-08-25"},{"lineNumber":5,"author":{"gitId":"tsy24"},"content":"","lastModifiedDate":"2021-08-25"},{"lineNumber":6,"author":{"gitId":"tsy24"},"content":"public class Event extends Task {","lastModifiedDate":"2021-08-18"},{"lineNumber":7,"author":{"gitId":"tsy24"},"content":"","lastModifiedDate":"2021-08-18"},{"lineNumber":8,"author":{"gitId":"tsy24"},"content":"    protected static DateTimeFormatter formatter \u003d DateTimeFormatter.ofPattern(\"MMM d yyyy\");","lastModifiedDate":"2021-08-25"},{"lineNumber":9,"author":{"gitId":"tsy24"},"content":"    protected LocalDate time;","lastModifiedDate":"2021-08-25"},{"lineNumber":10,"author":{"gitId":"tsy24"},"content":"","lastModifiedDate":"2021-08-18"},{"lineNumber":11,"author":{"gitId":"tsy24"},"content":"    public Event(String description, LocalDate time) {","lastModifiedDate":"2021-08-25"},{"lineNumber":12,"author":{"gitId":"tsy24"},"content":"        super(description);","lastModifiedDate":"2021-08-18"},{"lineNumber":13,"author":{"gitId":"tsy24"},"content":"        this.time \u003d time;","lastModifiedDate":"2021-08-18"},{"lineNumber":14,"author":{"gitId":"tsy24"},"content":"    }","lastModifiedDate":"2021-08-18"},{"lineNumber":15,"author":{"gitId":"tsy24"},"content":"","lastModifiedDate":"2021-08-18"},{"lineNumber":16,"author":{"gitId":"tsy24"},"content":"    public LocalDate getTime() {","lastModifiedDate":"2021-08-25"},{"lineNumber":17,"author":{"gitId":"tsy24"},"content":"        return time;","lastModifiedDate":"2021-08-25"},{"lineNumber":18,"author":{"gitId":"tsy24"},"content":"    }","lastModifiedDate":"2021-08-25"},{"lineNumber":19,"author":{"gitId":"tsy24"},"content":"","lastModifiedDate":"2021-08-25"},{"lineNumber":20,"author":{"gitId":"tsy24"},"content":"    @Override","lastModifiedDate":"2021-08-18"},{"lineNumber":21,"author":{"gitId":"tsy24"},"content":"    public String toString() {","lastModifiedDate":"2021-08-18"},{"lineNumber":22,"author":{"gitId":"tsy24"},"content":"        return \"[E]\" + super.toString() + \" (at: \" + time.format(formatter) + \")\";","lastModifiedDate":"2021-08-25"},{"lineNumber":23,"author":{"gitId":"tsy24"},"content":"    }","lastModifiedDate":"2021-08-18"},{"lineNumber":24,"author":{"gitId":"tsy24"},"content":"","lastModifiedDate":"2021-08-25"},{"lineNumber":25,"author":{"gitId":"tsy24"},"content":"    @Override","lastModifiedDate":"2021-08-25"},{"lineNumber":26,"author":{"gitId":"tsy24"},"content":"    public String toFileFormat() {","lastModifiedDate":"2021-08-25"},{"lineNumber":27,"author":{"gitId":"tsy24"},"content":"        return \"E / \" + super.toFileFormat() + \" / \" + time;","lastModifiedDate":"2021-08-25"},{"lineNumber":28,"author":{"gitId":"tsy24"},"content":"    }","lastModifiedDate":"2021-08-25"},{"lineNumber":29,"author":{"gitId":"tsy24"},"content":"}","lastModifiedDate":"2021-08-18"}],"authorContributionMap":{"tsy24":29}},{"path":"src/main/java/duke/task/Task.java","fileType":"java","lines":[{"lineNumber":1,"author":{"gitId":"tsy24"},"content":"package duke.task;","lastModifiedDate":"2021-08-25"},{"lineNumber":2,"author":{"gitId":"tsy24"},"content":"","lastModifiedDate":"2021-08-25"},{"lineNumber":3,"author":{"gitId":"tsy24"},"content":"public class Task {","lastModifiedDate":"2021-08-18"},{"lineNumber":4,"author":{"gitId":"tsy24"},"content":"    protected String description;","lastModifiedDate":"2021-08-18"},{"lineNumber":5,"author":{"gitId":"tsy24"},"content":"    protected boolean isDone;","lastModifiedDate":"2021-08-18"},{"lineNumber":6,"author":{"gitId":"tsy24"},"content":"","lastModifiedDate":"2021-08-18"},{"lineNumber":7,"author":{"gitId":"tsy24"},"content":"    public Task(String description) {","lastModifiedDate":"2021-08-18"},{"lineNumber":8,"author":{"gitId":"tsy24"},"content":"        this.description \u003d description;","lastModifiedDate":"2021-08-18"},{"lineNumber":9,"author":{"gitId":"tsy24"},"content":"        this.isDone \u003d false;","lastModifiedDate":"2021-08-18"},{"lineNumber":10,"author":{"gitId":"tsy24"},"content":"    }","lastModifiedDate":"2021-08-18"},{"lineNumber":11,"author":{"gitId":"tsy24"},"content":"","lastModifiedDate":"2021-08-18"},{"lineNumber":12,"author":{"gitId":"tsy24"},"content":"    public String getStatusIcon() {","lastModifiedDate":"2021-08-18"},{"lineNumber":13,"author":{"gitId":"tsy24"},"content":"        return (isDone ? \"X\" : \" \"); // mark done task with X","lastModifiedDate":"2021-08-18"},{"lineNumber":14,"author":{"gitId":"tsy24"},"content":"    }","lastModifiedDate":"2021-08-18"},{"lineNumber":15,"author":{"gitId":"tsy24"},"content":"","lastModifiedDate":"2021-08-18"},{"lineNumber":16,"author":{"gitId":"tsy24"},"content":"    public void markAsDone() {","lastModifiedDate":"2021-08-18"},{"lineNumber":17,"author":{"gitId":"tsy24"},"content":"        isDone \u003d true;","lastModifiedDate":"2021-08-18"},{"lineNumber":18,"author":{"gitId":"tsy24"},"content":"    }","lastModifiedDate":"2021-08-18"},{"lineNumber":19,"author":{"gitId":"tsy24"},"content":"","lastModifiedDate":"2021-08-18"},{"lineNumber":20,"author":{"gitId":"tsy24"},"content":"    public void setDone(int done) {","lastModifiedDate":"2021-08-25"},{"lineNumber":21,"author":{"gitId":"tsy24"},"content":"        if (done \u003d\u003d 1) {","lastModifiedDate":"2021-08-25"},{"lineNumber":22,"author":{"gitId":"tsy24"},"content":"            isDone \u003d true;","lastModifiedDate":"2021-08-25"},{"lineNumber":23,"author":{"gitId":"tsy24"},"content":"        } else {","lastModifiedDate":"2021-08-25"},{"lineNumber":24,"author":{"gitId":"tsy24"},"content":"            isDone \u003d false;","lastModifiedDate":"2021-08-25"},{"lineNumber":25,"author":{"gitId":"tsy24"},"content":"        }","lastModifiedDate":"2021-08-25"},{"lineNumber":26,"author":{"gitId":"tsy24"},"content":"    }","lastModifiedDate":"2021-08-25"},{"lineNumber":27,"author":{"gitId":"tsy24"},"content":"","lastModifiedDate":"2021-08-25"},{"lineNumber":28,"author":{"gitId":"tsy24"},"content":"    @Override","lastModifiedDate":"2021-08-18"},{"lineNumber":29,"author":{"gitId":"tsy24"},"content":"    public String toString() {","lastModifiedDate":"2021-08-18"},{"lineNumber":30,"author":{"gitId":"tsy24"},"content":"        return String.format(\"[%s] %s\", getStatusIcon(), this.description);","lastModifiedDate":"2021-08-18"},{"lineNumber":31,"author":{"gitId":"tsy24"},"content":"    }","lastModifiedDate":"2021-08-18"},{"lineNumber":32,"author":{"gitId":"tsy24"},"content":"","lastModifiedDate":"2021-08-25"},{"lineNumber":33,"author":{"gitId":"tsy24"},"content":"    public String toFileFormat() {","lastModifiedDate":"2021-08-25"},{"lineNumber":34,"author":{"gitId":"tsy24"},"content":"        return String.format(\"%d / %s\", isDone ? 1 : 0, this.description);","lastModifiedDate":"2021-08-25"},{"lineNumber":35,"author":{"gitId":"tsy24"},"content":"    }","lastModifiedDate":"2021-08-25"},{"lineNumber":36,"author":{"gitId":"tsy24"},"content":"}","lastModifiedDate":"2021-08-18"}],"authorContributionMap":{"tsy24":36}},{"path":"src/main/java/duke/task/ToDo.java","fileType":"java","lines":[{"lineNumber":1,"author":{"gitId":"tsy24"},"content":"package duke.task;","lastModifiedDate":"2021-08-25"},{"lineNumber":2,"author":{"gitId":"tsy24"},"content":"","lastModifiedDate":"2021-08-25"},{"lineNumber":3,"author":{"gitId":"tsy24"},"content":"public class ToDo extends Task {","lastModifiedDate":"2021-08-18"},{"lineNumber":4,"author":{"gitId":"tsy24"},"content":"","lastModifiedDate":"2021-08-18"},{"lineNumber":5,"author":{"gitId":"tsy24"},"content":"    public ToDo(String description) {","lastModifiedDate":"2021-08-18"},{"lineNumber":6,"author":{"gitId":"tsy24"},"content":"        super(description);","lastModifiedDate":"2021-08-18"},{"lineNumber":7,"author":{"gitId":"tsy24"},"content":"    }","lastModifiedDate":"2021-08-18"},{"lineNumber":8,"author":{"gitId":"tsy24"},"content":"","lastModifiedDate":"2021-08-18"},{"lineNumber":9,"author":{"gitId":"tsy24"},"content":"    @Override","lastModifiedDate":"2021-08-18"},{"lineNumber":10,"author":{"gitId":"tsy24"},"content":"    public String toString() {","lastModifiedDate":"2021-08-18"},{"lineNumber":11,"author":{"gitId":"tsy24"},"content":"        return \"[T]\" + super.toString();","lastModifiedDate":"2021-08-18"},{"lineNumber":12,"author":{"gitId":"tsy24"},"content":"    }","lastModifiedDate":"2021-08-18"},{"lineNumber":13,"author":{"gitId":"tsy24"},"content":"","lastModifiedDate":"2021-08-25"},{"lineNumber":14,"author":{"gitId":"tsy24"},"content":"    @Override","lastModifiedDate":"2021-08-25"},{"lineNumber":15,"author":{"gitId":"tsy24"},"content":"    public String toFileFormat() {","lastModifiedDate":"2021-08-25"},{"lineNumber":16,"author":{"gitId":"tsy24"},"content":"        return \"T / \" + super.toFileFormat();","lastModifiedDate":"2021-08-25"},{"lineNumber":17,"author":{"gitId":"tsy24"},"content":"    }","lastModifiedDate":"2021-08-25"},{"lineNumber":18,"author":{"gitId":"tsy24"},"content":"}","lastModifiedDate":"2021-08-18"}],"authorContributionMap":{"tsy24":18}},{"path":"text-ui-test/input.txt","fileType":"txt","lines":[{"lineNumber":1,"author":{"gitId":"tsy24"},"content":"todo borrow book","lastModifiedDate":"2021-08-18"},{"lineNumber":2,"author":{"gitId":"tsy24"},"content":"deadline return book /by June 6th","lastModifiedDate":"2021-08-18"},{"lineNumber":3,"author":{"gitId":"tsy24"},"content":"deadline do homework /by no idea :-p","lastModifiedDate":"2021-08-18"},{"lineNumber":4,"author":{"gitId":"tsy24"},"content":"event project meeting /at Mon 2-4pm","lastModifiedDate":"2021-08-18"},{"lineNumber":5,"author":{"gitId":"tsy24"},"content":"done 3","lastModifiedDate":"2021-08-18"},{"lineNumber":6,"author":{"gitId":"tsy24"},"content":"list","lastModifiedDate":"2021-08-18"},{"lineNumber":7,"author":{"gitId":"tsy24"},"content":"todo read book","lastModifiedDate":"2021-08-18"},{"lineNumber":8,"author":{"gitId":"tsy24"},"content":"done 1","lastModifiedDate":"2021-08-18"},{"lineNumber":9,"author":{"gitId":"tsy24"},"content":"list","lastModifiedDate":"2021-08-18"},{"lineNumber":10,"author":{"gitId":"tsy24"},"content":"bye","lastModifiedDate":"2021-08-18"}],"authorContributionMap":{"tsy24":10}}]
