{"authorDailyContributionsMap":{"tsy24":[{"date":"2021-08-18","commitResults":[{"hash":"be49557910e65bde976bb9752cf8cea6e5b387ad","messageTitle":"Implement skeletal version of Duke","messageBody":"","tags":["Level-1"],"fileTypesAndContributionMap":{"java":{"insertions":21,"deletions":6}}},{"hash":"bd941de0011f82431892f3a58a109804e576c921","messageTitle":"Add list ability","messageBody":"","tags":["Level-2"],"fileTypesAndContributionMap":{"java":{"insertions":14,"deletions":5}}},{"hash":"3e74c9c388e730eea4293f003ed8a4baeece00b0","messageTitle":"Add ability to mark tasks as done","messageBody":"","tags":["Level-3"],"fileTypesAndContributionMap":{"java":{"insertions":36,"deletions":7}}},{"hash":"aa8b23526355b940f9dd402e5318c11934baf849","messageTitle":"Add support for tracking three types of tasks","messageBody":"","tags":["Level-4"],"fileTypesAndContributionMap":{"java":{"insertions":96,"deletions":21}}},{"hash":"e07c628baeb346e8eabd96a49c49bbe01e1b87a7","messageTitle":"Write testcases","messageBody":"","tags":["A-TextUiTesting"],"fileTypesAndContributionMap":{"txt":{"insertions":10,"deletions":0}}},{"hash":"3954cfb721149f31c483a93e169c4253faa875be","messageTitle":"Add error handling for wrong inputs","messageBody":"","tags":["Level-5"],"fileTypesAndContributionMap":{"java":{"insertions":101,"deletions":59}}}]},{"date":"2021-08-19","commitResults":[{"hash":"aa11c5e66d5159935ae9345ed68f38dd5da800a7","messageTitle":"Add delete task ability","messageBody":"","tags":["Level-6"],"fileTypesAndContributionMap":{"java":{"insertions":20,"deletions":6}}},{"hash":"33c35ff519b869ced72a871244aef79edc2fa9f8","messageTitle":"Add tasktype enum","messageBody":"","tags":["A-Enums"],"fileTypesAndContributionMap":{"java":{"insertions":37,"deletions":17}}}]},{"date":"2021-08-25","commitResults":[{"hash":"89211704fe4923bb49ac98e1269e7cdc15379948","messageTitle":"Add ability to save tasks to hard disk","messageBody":"","fileTypesAndContributionMap":{"java":{"insertions":92,"deletions":1}}},{"hash":"ec2393cfb041bf106b300f1d5ceae17a85eee6da","messageTitle":"Add ability to understand dates","messageBody":"","fileTypesAndContributionMap":{"java":{"insertions":48,"deletions":8}}},{"hash":"14707df8e21a55aa0dcb371e2660339a6cbac180","messageTitle":"Refactor code to extract out closely related code as classes","messageBody":"","tags":["A-MoreOOP"],"fileTypesAndContributionMap":{"java":{"insertions":392,"deletions":215}}},{"hash":"b27495d3f990528ed482754156a64347b6b5d844","messageTitle":"Organize classes into packages","messageBody":"","tags":["A-jar","A-Packages"],"fileTypesAndContributionMap":{"java":{"insertions":78,"deletions":8}}}]},{"date":"2021-08-26","commitResults":[{"hash":"a56049cb1319ac0ce3e918b854a9348ba6759e33","messageTitle":"Add JUnit tests","messageBody":"","tags":["A-JUnit"],"fileTypesAndContributionMap":{"java":{"insertions":116,"deletions":0}}},{"hash":"3bb2562bcdf602f22387a96ca97b58faeb37484f","messageTitle":"Fix directory creation for file path","messageBody":"","fileTypesAndContributionMap":{"java":{"insertions":10,"deletions":7}}}]}]},"authorFileTypeContributionMap":{"tsy24":{"java":710,"md":0,"fxml":0,"sh":0,"bat":0,"gradle":0,"txt":10}},"authorContributionVariance":{"tsy24":42259.14},"authorDisplayNameMap":{"tsy24":"CS2103T-F13-2 TAN ..YING"}}
