{"authorDailyContributionsMap":{"tsy24":[{"date":"2021-08-18","commitResults":[{"hash":"be49557910e65bde976bb9752cf8cea6e5b387ad","messageTitle":"Implement skeletal version of Duke","messageBody":"","tags":["Level-1"],"fileTypesAndContributionMap":{"java":{"insertions":21,"deletions":6}}},{"hash":"bd941de0011f82431892f3a58a109804e576c921","messageTitle":"Add list ability","messageBody":"","tags":["Level-2"],"fileTypesAndContributionMap":{"java":{"insertions":14,"deletions":5}}},{"hash":"3e74c9c388e730eea4293f003ed8a4baeece00b0","messageTitle":"Add ability to mark tasks as done","messageBody":"","tags":["Level-3"],"fileTypesAndContributionMap":{"java":{"insertions":36,"deletions":7}}},{"hash":"aa8b23526355b940f9dd402e5318c11934baf849","messageTitle":"Add support for tracking three types of tasks","messageBody":"","tags":["Level-4"],"fileTypesAndContributionMap":{"java":{"insertions":96,"deletions":21}}},{"hash":"e07c628baeb346e8eabd96a49c49bbe01e1b87a7","messageTitle":"Write testcases","messageBody":"","tags":["A-TextUiTesting"],"fileTypesAndContributionMap":{"txt":{"insertions":10,"deletions":0}}},{"hash":"3954cfb721149f31c483a93e169c4253faa875be","messageTitle":"Add error handling for wrong inputs","messageBody":"","tags":["Level-5"],"fileTypesAndContributionMap":{"java":{"insertions":101,"deletions":59}}}]},{"date":"2021-08-19","commitResults":[{"hash":"aa11c5e66d5159935ae9345ed68f38dd5da800a7","messageTitle":"Add delete task ability","messageBody":"","tags":["Level-6"],"fileTypesAndContributionMap":{"java":{"insertions":20,"deletions":6}}},{"hash":"33c35ff519b869ced72a871244aef79edc2fa9f8","messageTitle":"Add tasktype enum","messageBody":"","tags":["A-Enums"],"fileTypesAndContributionMap":{"java":{"insertions":37,"deletions":17}}}]},{"date":"2021-08-25","commitResults":[{"hash":"89211704fe4923bb49ac98e1269e7cdc15379948","messageTitle":"Add ability to save tasks to hard disk","messageBody":"","fileTypesAndContributionMap":{"java":{"insertions":92,"deletions":1}}},{"hash":"ec2393cfb041bf106b300f1d5ceae17a85eee6da","messageTitle":"Add ability to understand dates","messageBody":"","fileTypesAndContributionMap":{"java":{"insertions":48,"deletions":8}}},{"hash":"14707df8e21a55aa0dcb371e2660339a6cbac180","messageTitle":"Refactor code to extract out closely related code as classes","messageBody":"","tags":["A-MoreOOP"],"fileTypesAndContributionMap":{"java":{"insertions":392,"deletions":215}}},{"hash":"b27495d3f990528ed482754156a64347b6b5d844","messageTitle":"Organize classes into packages","messageBody":"","tags":["A-jar","A-Packages"],"fileTypesAndContributionMap":{"java":{"insertions":78,"deletions":8}}}]},{"date":"2021-08-26","commitResults":[{"hash":"a56049cb1319ac0ce3e918b854a9348ba6759e33","messageTitle":"Add JUnit tests","messageBody":"","tags":["A-JUnit"],"fileTypesAndContributionMap":{"java":{"insertions":116,"deletions":0}}},{"hash":"3bb2562bcdf602f22387a96ca97b58faeb37484f","messageTitle":"Fix directory creation for file path","messageBody":"","fileTypesAndContributionMap":{"java":{"insertions":10,"deletions":7}}},{"hash":"dff2be7302b00dd5d5c138ca9d5ba70e3c501124","messageTitle":"Add JavaDoc","messageBody":"","fileTypesAndContributionMap":{"java":{"insertions":236,"deletions":1}}},{"hash":"d23611dfa4de851c23acb0b530778f1bbd170b44","messageTitle":"Tweak code to comply with coding standard","messageBody":"","fileTypesAndContributionMap":{"java":{"insertions":79,"deletions":91}}},{"hash":"46ae6d2642e9e9a998af20e908fecb27e8ceda10","messageTitle":"Add ability to find a task by searching for a keyword","messageBody":"","fileTypesAndContributionMap":{"java":{"insertions":36,"deletions":0}}}]},{"date":"2021-09-01","commitResults":[{"hash":"d510b3b9b1b7f5288064957805dbf1604b2fe84f","messageTitle":"Set up gradle to run unit tests","messageBody":"","tags":["A-Gradle"],"fileTypesAndContributionMap":{"java":{"insertions":6,"deletions":0}}}]},{"date":"2021-09-02","commitResults":[{"hash":"04dd65dbcce1af37f800aca5656581644c4a11a4","messageTitle":"Add GUI to Duke","messageBody":"","fileTypesAndContributionMap":{"gradle":{"insertions":15,"deletions":0},"fxml":{"insertions":41,"deletions":0},"java":{"insertions":239,"deletions":54}}},{"hash":"95c59f895583a75a0a016180d1f1bee035ca91a2","messageTitle":"Use checkStyle to detect coding style violations","messageBody":"","fileTypesAndContributionMap":{"java":{"insertions":35,"deletions":67}}}]},{"date":"2021-09-03","commitResults":[{"hash":"8936eed29f9d27371ad241456bee32c99c56a267","messageTitle":"Edit code based on PR review","messageBody":"","fileTypesAndContributionMap":{"java":{"insertions":296,"deletions":217}}}]}]},"authorFileTypeContributionMap":{"tsy24":{"java":1204,"md":0,"fxml":41,"sh":0,"bat":0,"gradle":15,"txt":10}},"authorContributionVariance":{"tsy24":51693.547},"authorDisplayNameMap":{"tsy24":"CS2103T-F13-2 TAN ..YING"}}
