{"authorDailyContributionsMap":{"Dr-Octavius":[{"date":"2021-08-18","commitResults":[{"hash":"b5455517856664d2a3b6183277061b918765a034","messageTitle":"Greet, Echo, Exit","messageBody":"","fileTypesAndContributionMap":{"java":{"insertions":61,"deletions":6}}},{"hash":"74749ec1f2d5e6f85ee355532a6ccc5f5e2bcc60","messageTitle":"Added comments","messageBody":"","tags":["Level-1"],"fileTypesAndContributionMap":{"java":{"insertions":14,"deletions":2}}},{"hash":"9cc4fe7323dfa3d62a7ca474d12d973cd331517a","messageTitle":"Add, List w/ comments","messageBody":"","tags":["Level-2"],"fileTypesAndContributionMap":{"java":{"insertions":28,"deletions":10}}}]},{"date":"2021-08-19","commitResults":[{"hash":"c9a55c00ce5549948d482f4d69a9b42fe29e08cc","messageTitle":"Mark as Done, Added Task Class, w/ comments","messageBody":"","fileTypesAndContributionMap":{"java":{"insertions":83,"deletions":24}}},{"hash":"f14ea6ccb4e466e8132a49982e904fa0bf8ae9b0","messageTitle":"Removed Scanner Object as arguments from constructor parameters","messageBody":"","tags":["Level-3"],"fileTypesAndContributionMap":{"java":{"insertions":2,"deletions":2}}},{"hash":"15293b598dd03d86f172b19e880dcf4171e3bf50","messageTitle":"ToDo, Event, Deadline w/ comments","messageBody":"","tags":["Level-4"],"fileTypesAndContributionMap":{"java":{"insertions":161,"deletions":25}}},{"hash":"b599d9861879578793ab7225634b8f5778ac6761","messageTitle":"Added Testing Input and expected Output on text-ui-test folder","messageBody":"","fileTypesAndContributionMap":{"txt":{"insertions":10,"deletions":0},"java":{"insertions":46,"deletions":25},"bat":{"insertions":2,"deletions":0}}},{"hash":"57bc778f29d289d469bc68451c1f7ab8c477f724","messageTitle":"Automated Text UI Testing","messageBody":"","tags":["A-TextUiTesting"],"fileTypesAndContributionMap":{"java":{"insertions":24,"deletions":10}}},{"hash":"198752d1033baf5790600ad4f0dc7817f3eb8127","messageTitle":"Handle Errors - Minimal","messageBody":"","tags":["Level-5"],"fileTypesAndContributionMap":{"java":{"insertions":0,"deletions":1}}},{"hash":"9948d7e5bbf0f1832fe6231f7852c3d43c99a00a","messageTitle":"Delete","messageBody":"","tags":["Level-6"],"fileTypesAndContributionMap":{"java":{"insertions":1,"deletions":0}}},{"hash":"f145e09c455ff77b26a1b2ec5af0c81d08a5af6c","messageTitle":"Use Enums","messageBody":"","tags":["A-Enums"],"fileTypesAndContributionMap":{"java":{"insertions":1,"deletions":1}}}]}]},"authorFileTypeContributionMap":{"Dr-Octavius":{"java":318,"md":0,"fxml":0,"sh":0,"bat":2,"gradle":0,"txt":10}},"authorContributionVariance":{"Dr-Octavius":14814.0},"authorDisplayNameMap":{"Dr-Octavius":"CS2103T-W17-4 LOO ..HAEL"}}
