{"authorDailyContributionsMap":{"Dr-Octavius":[{"date":"2021-08-18","commitResults":[{"hash":"b5455517856664d2a3b6183277061b918765a034","messageTitle":"Greet, Echo, Exit","messageBody":"","fileTypesAndContributionMap":{"java":{"insertions":61,"deletions":6}}},{"hash":"74749ec1f2d5e6f85ee355532a6ccc5f5e2bcc60","messageTitle":"Added comments","messageBody":"","tags":["Level-1"],"fileTypesAndContributionMap":{"java":{"insertions":14,"deletions":2}}},{"hash":"9cc4fe7323dfa3d62a7ca474d12d973cd331517a","messageTitle":"Add, List w/ comments","messageBody":"","tags":["Level-2"],"fileTypesAndContributionMap":{"java":{"insertions":28,"deletions":10}}}]},{"date":"2021-08-19","commitResults":[{"hash":"c9a55c00ce5549948d482f4d69a9b42fe29e08cc","messageTitle":"Mark as Done, Added Task Class, w/ comments","messageBody":"","fileTypesAndContributionMap":{"java":{"insertions":83,"deletions":24}}},{"hash":"f14ea6ccb4e466e8132a49982e904fa0bf8ae9b0","messageTitle":"Removed Scanner Object as arguments from constructor parameters","messageBody":"","tags":["Level-3"],"fileTypesAndContributionMap":{"java":{"insertions":2,"deletions":2}}},{"hash":"15293b598dd03d86f172b19e880dcf4171e3bf50","messageTitle":"ToDo, Event, Deadline w/ comments","messageBody":"","tags":["Level-4"],"fileTypesAndContributionMap":{"java":{"insertions":161,"deletions":25}}},{"hash":"b599d9861879578793ab7225634b8f5778ac6761","messageTitle":"Added Testing Input and expected Output on text-ui-test folder","messageBody":"","fileTypesAndContributionMap":{"txt":{"insertions":10,"deletions":0},"java":{"insertions":46,"deletions":25},"bat":{"insertions":2,"deletions":0}}},{"hash":"57bc778f29d289d469bc68451c1f7ab8c477f724","messageTitle":"Automated Text UI Testing","messageBody":"","tags":["A-TextUiTesting"],"fileTypesAndContributionMap":{"java":{"insertions":24,"deletions":10}}},{"hash":"198752d1033baf5790600ad4f0dc7817f3eb8127","messageTitle":"Handle Errors - Minimal","messageBody":"","tags":["Level-5"],"fileTypesAndContributionMap":{"java":{"insertions":0,"deletions":1}}},{"hash":"9948d7e5bbf0f1832fe6231f7852c3d43c99a00a","messageTitle":"Delete","messageBody":"","tags":["Level-6"],"fileTypesAndContributionMap":{"java":{"insertions":1,"deletions":0}}},{"hash":"f145e09c455ff77b26a1b2ec5af0c81d08a5af6c","messageTitle":"Use Enums","messageBody":"","tags":["A-Enums"],"fileTypesAndContributionMap":{"java":{"insertions":1,"deletions":1}}}]},{"date":"2021-09-01","commitResults":[{"hash":"40e97cd152f339be92c3ce109d19a39b42ea07a4","messageTitle":"Implement Save Method","messageBody":"","tags":["Level-7"],"fileTypesAndContributionMap":{"txt":{"insertions":0,"deletions":0},"java":{"insertions":357,"deletions":220}}},{"hash":"0c0d6b38698034081f803c3781e971794a61b3e2","messageTitle":"Implement Date and Time Parsing with LocalDate","messageBody":"","fileTypesAndContributionMap":{"java":{"insertions":14,"deletions":6}}},{"hash":"d3dcaefc8c6c591647e15e5f656e055d5282283b","messageTitle":"Change Contructor Parameter Names","messageBody":"","tags":["Level-8"],"fileTypesAndContributionMap":{"java":{"insertions":3,"deletions":3}}}]},{"date":"2021-09-07","commitResults":[{"hash":"2469eff3f72e6a05c0d2fee196a1428d14f8febb","messageTitle":"Use more OOP","messageBody":"","tags":["A-MoreOOP"],"fileTypesAndContributionMap":{"txt":{"insertions":17,"deletions":4},"java":{"insertions":215,"deletions":185}}},{"hash":"360868d9cb11efb81162bd435f8c9eb5ccf73a72","messageTitle":"Organize into Packages","messageBody":"","tags":["A-Packages"],"fileTypesAndContributionMap":{"java":{"insertions":86,"deletions":33}}}]},{"date":"2021-09-08","commitResults":[{"hash":"9e268210c9b5a8f9b6490164030c3710102949e8","messageTitle":"Add A-JUnit Tests","messageBody":"","tags":["A-Jar","A-JUnit","A-CodingStandard"],"fileTypesAndContributionMap":{"java":{"insertions":43,"deletions":0}}},{"hash":"e3b3c47f3e88a726f2d902ac818ffe2a470166c2","messageTitle":"JavaDoc","messageBody":"","tags":["A-JavaDoc"],"fileTypesAndContributionMap":{"java":{"insertions":311,"deletions":71}}},{"hash":"d898063e4f327465850af019753496088cbeba92","messageTitle":"Use Checkstyle","messageBody":"","tags":["A-Checkstyle"],"fileTypesAndContributionMap":{"gradle":{"insertions":2,"deletions":0},"java":{"insertions":9,"deletions":9}}}]},{"date":"2021-09-09","commitResults":[{"hash":"8a4dfac51da83461a0fb0a9a69e9ba11a42f52d3","messageTitle":"Merge branch-Level-9 and branch-A-JavaDoc","messageBody":"","fileTypesAndContributionMap":{"gradle":{"insertions":14,"deletions":0},"txt":{"insertions":0,"deletions":10},"java":{"insertions":23,"deletions":3},"bat":{"insertions":0,"deletions":23},"sh":{"insertions":0,"deletions":38}}},{"hash":"22f333d2d1e88f354d2555307d9827175ab55d85","messageTitle":"Implement GUI","messageBody":"","fileTypesAndContributionMap":{"gradle":{"insertions":0,"deletions":1},"java":{"insertions":13,"deletions":7}}}]},{"date":"2021-09-10","commitResults":[{"hash":"f468ce546a4213804482cc0cef5c47efd19a7b46","messageTitle":"Make Gui","messageBody":"","tags":["Level-10"],"fileTypesAndContributionMap":{"java":{"insertions":24,"deletions":5}}}]},{"date":"2021-09-22","commitResults":[{"hash":"ddb9b0cb0097f82ac91e31be3450838736d44260","messageTitle":"GUI Changes: Make GUI refelct pictures as shown on tuytorial","messageBody":"","fileTypesAndContributionMap":{"fxml":{"insertions":28,"deletions":0},"java":{"insertions":78,"deletions":10}}},{"hash":"200d3ae112f4bdfeef929ce54b37bbe38f5c139c","messageTitle":"GUI Changes: Make GUI refelct pictures as shown on tutorial","messageBody":"","fileTypesAndContributionMap":{"fxml":{"insertions":28,"deletions":21},"java":{"insertions":200,"deletions":118}}}]},{"date":"2021-09-23","commitResults":[{"hash":"07db8706f40cafdaecc2f69670233d6749f657cf","messageTitle":"Task List Constructor: Able to initiate Task List from existing Storage File","messageBody":"Task List Constructor can only initiate new Task List in each new initialisation of a Bot\n\nTask List Constructor: Able to initiate Task List from existing Storage File\n\nTask List Constructor can only initiate new Task List in each new initialisation of a Bot\n","fileTypesAndContributionMap":{"txt":{"insertions":13,"deletions":13},"java":{"insertions":318,"deletions":141}}},{"hash":"e0cd632ed075a8d890e4ce0441722777e309f3a2","messageTitle":"Revert \"Task List Constructor: Able to initiate Task List from existing Storage File\"","messageBody":"This reverts commit 07db8706f40cafdaecc2f69670233d6749f657cf.\n","fileTypesAndContributionMap":{"txt":{"insertions":13,"deletions":13},"java":{"insertions":141,"deletions":318}}},{"hash":"99c77273f589157094052b5702421dd7a69da9b0","messageTitle":"Task List Constructor: Able to initiate Task List from existing Storage File","messageBody":"Task List Constructor can only initiate new Task List in each new initialisation of a Bot\n\nTask List Constructor can now accept a .txt file as input to read in historical Task values during task list initialisation\n\nTask List constructor that can read tasks from an existing storage .txt file allows for memory persistence across different instantiations of the Bot\n","tags":["A-FullCommitMessage"],"fileTypesAndContributionMap":{"java":{"insertions":1,"deletions":1}}}]}]},"authorFileTypeContributionMap":{"Dr-Octavius":{"java":1029,"md":0,"fxml":35,"sh":0,"bat":0,"gradle":15,"txt":13}},"authorContributionVariance":{"Dr-Octavius":42051.535},"authorDisplayNameMap":{"Dr-Octavius":"CS2103T-W17-4 LOO ..HAEL"}}
