{"authorDailyContributionsMap":{"rebeccalaujx":[{"date":"2021-08-19","commitResults":[{"hash":"dce5cee53fb81ffad77040c909087a384d356a58","messageTitle":"Level-1","messageBody":"","tags":["Level-1"],"fileTypesAndContributionMap":{"java":{"insertions":19,"deletions":0}}},{"hash":"247ac39ed062ecc756cb8610a77d879d7e0a6f24","messageTitle":"Level-2","messageBody":"","tags":["Level-2"],"fileTypesAndContributionMap":{"java":{"insertions":11,"deletions":1}}}]},{"date":"2021-08-20","commitResults":[{"hash":"78ea29d37f0c7d5c3f6d888350cca7d15b081fc8","messageTitle":"Level-3","messageBody":"","tags":["Level-3"],"fileTypesAndContributionMap":{"java":{"insertions":81,"deletions":6}}},{"hash":"f15709b03110a265ac7623d55a9ac2c2074ec104","messageTitle":"Level-3","messageBody":"","fileTypesAndContributionMap":{"java":{"insertions":12,"deletions":17}}},{"hash":"6a5d0e87e253652fee4f8d0199fc6a52481f1c6e","messageTitle":"Level-4","messageBody":"","tags":["Level-4"],"fileTypesAndContributionMap":{"java":{"insertions":58,"deletions":7}}},{"hash":"0be4686755ffa9e0418d689a1f19e03b4ac898ab","messageTitle":"A-TextUiTesting","messageBody":"","fileTypesAndContributionMap":{"txt":{"insertions":5,"deletions":0},"java":{"insertions":2,"deletions":4},"sh":{"insertions":2,"deletions":6}}},{"hash":"0c57b9372d56b68fe7aa999c7a6c98f0858e0aa7","messageTitle":"Level-5","messageBody":"","tags":["Level-5"],"fileTypesAndContributionMap":{"java":{"insertions":98,"deletions":46}}},{"hash":"310178c324b77f261b3113e13c419f3b47edf56f","messageTitle":"Level-5","messageBody":"","fileTypesAndContributionMap":{"java":{"insertions":8,"deletions":4}}},{"hash":"1cbdef71a0388209e67b9b70919b25fb66be7760","messageTitle":"Level-6","messageBody":"","tags":["Level-6"],"fileTypesAndContributionMap":{"java":{"insertions":23,"deletions":0}}}]}]},"authorFileTypeContributionMap":{"rebeccalaujx":{"java":226,"md":0,"fxml":0,"sh":1,"bat":0,"gradle":0,"txt":5}},"authorContributionVariance":{"rebeccalaujx":10882.806},"authorDisplayNameMap":{"rebeccalaujx":"CS2103T-T15-4 REBE..XUAN"}}
