{"authorDailyContributionsMap":{"rebeccalaujx":[{"date":"2021-08-19","commitResults":[{"hash":"dce5cee53fb81ffad77040c909087a384d356a58","messageTitle":"Level-1","messageBody":"","tags":["Level-1"],"fileTypesAndContributionMap":{"java":{"insertions":19,"deletions":0}}},{"hash":"247ac39ed062ecc756cb8610a77d879d7e0a6f24","messageTitle":"Level-2","messageBody":"","tags":["Level-2"],"fileTypesAndContributionMap":{"java":{"insertions":11,"deletions":1}}}]},{"date":"2021-08-20","commitResults":[{"hash":"78ea29d37f0c7d5c3f6d888350cca7d15b081fc8","messageTitle":"Level-3","messageBody":"","tags":["Level-3"],"fileTypesAndContributionMap":{"java":{"insertions":81,"deletions":6}}},{"hash":"f15709b03110a265ac7623d55a9ac2c2074ec104","messageTitle":"Level-3","messageBody":"","fileTypesAndContributionMap":{"java":{"insertions":12,"deletions":17}}},{"hash":"6a5d0e87e253652fee4f8d0199fc6a52481f1c6e","messageTitle":"Level-4","messageBody":"","tags":["Level-4"],"fileTypesAndContributionMap":{"java":{"insertions":58,"deletions":7}}},{"hash":"0be4686755ffa9e0418d689a1f19e03b4ac898ab","messageTitle":"A-TextUiTesting","messageBody":"","fileTypesAndContributionMap":{"txt":{"insertions":5,"deletions":0},"java":{"insertions":2,"deletions":4},"sh":{"insertions":2,"deletions":6}}},{"hash":"0c57b9372d56b68fe7aa999c7a6c98f0858e0aa7","messageTitle":"Level-5","messageBody":"","tags":["Level-5"],"fileTypesAndContributionMap":{"java":{"insertions":98,"deletions":46}}},{"hash":"310178c324b77f261b3113e13c419f3b47edf56f","messageTitle":"Level-5","messageBody":"","fileTypesAndContributionMap":{"java":{"insertions":8,"deletions":4}}},{"hash":"1cbdef71a0388209e67b9b70919b25fb66be7760","messageTitle":"Level-6","messageBody":"","tags":["Level-6"],"fileTypesAndContributionMap":{"java":{"insertions":23,"deletions":0}}}]},{"date":"2021-08-28","commitResults":[{"hash":"fd0bb3d1f1fff09544d18fec3ca4980568b9eaa2","messageTitle":"save tasks to hard disk","messageBody":"","fileTypesAndContributionMap":{"txt":{"insertions":4,"deletions":0},"java":{"insertions":101,"deletions":10}}}]},{"date":"2021-08-30","commitResults":[{"hash":"2ae58cccc2c6e0ef7260b81a4c0f5b92af85b567","messageTitle":"changes dates into a MMM dd yyyy format","messageBody":"","fileTypesAndContributionMap":{"txt":{"insertions":1,"deletions":4},"java":{"insertions":34,"deletions":15}}},{"hash":"2fcd25784840219b07e29379d00bc2521bb23c92","messageTitle":"save tasks to disk","messageBody":"","fileTypesAndContributionMap":{"txt":{"insertions":4,"deletions":0},"java":{"insertions":101,"deletions":10}}},{"hash":"e6a51b16872d90e42b7f418918d0d6fa37ce7eb9","messageTitle":"change dates to MMM dd yyyy format","messageBody":"","fileTypesAndContributionMap":{"java":{"insertions":28,"deletions":6}}}]},{"date":"2021-09-01","commitResults":[{"hash":"e4ad3854af2dfd0c645200cc55caf0c37ed7309f","messageTitle":"add more OOP","messageBody":"","tags":["A-MoreOOP"],"fileTypesAndContributionMap":{"java":{"insertions":8,"deletions":0}}},{"hash":"8e904060e14b41679f77ddd9c806f02859f39e27","messageTitle":"added some OOP","messageBody":"","fileTypesAndContributionMap":{"txt":{"insertions":0,"deletions":4}}},{"hash":"c27673f16458c8dd61691fafd61946d574b060e8","messageTitle":"added more oop","messageBody":"","fileTypesAndContributionMap":{"txt":{"insertions":4,"deletions":0},"java":{"insertions":347,"deletions":163}}},{"hash":"7fb685b32a80fc8efdd75e0df80fa13c8b0134f0","messageTitle":"add files to packages","messageBody":"","tags":["A-Packages"],"fileTypesAndContributionMap":{"txt":{"insertions":0,"deletions":4},"java":{"insertions":103,"deletions":8},"bat":{"insertions":1,"deletions":1},"md":{"insertions":2,"deletions":2}}}]},{"date":"2021-09-02","commitResults":[{"hash":"cb8b50849164b657959b488a468865d970e92cf3","messageTitle":"added JUnit tests","messageBody":"","tags":["A-JUnit"],"fileTypesAndContributionMap":{"java":{"insertions":60,"deletions":8}}},{"hash":"e48c0b5b00d5b466419baccf8a200de0281c9257","messageTitle":"packaged the app as an executable JAR file","messageBody":"","tags":["A-Jar"],"fileTypesAndContributionMap":{"txt":{"insertions":1,"deletions":0}}},{"hash":"b4758bed050fed98ec40dfda4e0828bd928b1f05","messageTitle":"added JavaDocs","messageBody":"","tags":["A-JavaDoc"],"fileTypesAndContributionMap":{"java":{"insertions":452,"deletions":41}}}]},{"date":"2021-09-03","commitResults":[{"hash":"f14f614e4ec3b041305c92bea05afcf4cb0c12d3","messageTitle":"Tweaked the code to comply with a coding standard","messageBody":"","tags":["A-CodingStandard"],"fileTypesAndContributionMap":{"txt":{"insertions":3,"deletions":1},"java":{"insertions":21,"deletions":11}}},{"hash":"db642c7debeea942451972f1a4426578d120d1f1","messageTitle":"Gave users a way to find a task by searching for a keyword","messageBody":"","tags":["Level-9"],"fileTypesAndContributionMap":{"txt":{"insertions":4,"deletions":1},"java":{"insertions":81,"deletions":0}}}]},{"date":"2021-09-06","commitResults":[{"hash":"87995c881f4030877eec955f4e2ee2fc7cf19ed1","messageTitle":"Automate project builds using Gradle and fixed some checkstyle errors","messageBody":"","tags":["A-Gradle"],"fileTypesAndContributionMap":{"java":{"insertions":7,"deletions":6}}},{"hash":"db907f2d554c16049237419640cd3638543f2733","messageTitle":"fixed checkstyle issues","messageBody":"","tags":["A-CheckStyle"],"fileTypesAndContributionMap":{"java":{"insertions":57,"deletions":52}}},{"hash":"9cf988a8454f6dd7172a02945b8b5f77befccaf6","messageTitle":"created basic GUI for Duke","messageBody":"","fileTypesAndContributionMap":{"gradle":{"insertions":21,"deletions":0},"java":{"insertions":83,"deletions":2}}}]},{"date":"2021-09-07","commitResults":[{"hash":"c6cc3a3beeb336fa01bdd1533c00ff8a1d5f6498","messageTitle":"used FXML for GUI","messageBody":"","fileTypesAndContributionMap":{"fxml":{"insertions":35,"deletions":0},"java":{"insertions":150,"deletions":68}}},{"hash":"0972eb4904c636897f7daa52a7fa47daaa18cd42","messageTitle":"merge branch-Level-10","messageBody":"","tags":["Level-10"],"fileTypesAndContributionMap":{"txt":{"insertions":2,"deletions":10},"java":{"insertions":96,"deletions":52}}}]},{"date":"2021-09-16","commitResults":[{"hash":"a4dd0dfe9fc2c6516eb098815438a94170ab6c11","messageTitle":"Ui class: cleaned up comments","messageBody":"","fileTypesAndContributionMap":{"java":{"insertions":1,"deletions":7}}},{"hash":"cc9a2e408f605cf73d4e0eed86d29943234df0bf","messageTitle":"Add assertions feature","messageBody":"The assertions feature addresses important assumptions that should\nhold in the code.\n\nA program that terminates the program early once a bug is observed\nis safer to use as it prevents the error from escalating further.\n\nLet\u0027s include the assertions feature to define assumptions about the\nprogram state so that the runtime can verify them.\n","tags":["A-Assertions"],"fileTypesAndContributionMap":{"txt":{"insertions":0,"deletions":2},"java":{"insertions":41,"deletions":79}}},{"hash":"2f301ddad898e7a4f9c2a7c0da188706a9e1dc72","messageTitle":"Improve code quality","messageBody":"Information extraction from input was largely repeated throughout\nthe code, creating long methods and convoluted expressions.\n\nExtracting common behaviour into the common Input class reduces the\namount of arrowhead style code, makes the expressions easier to\nunderstand, and shortens long methods, hence improving the code\u0027s\nreadability.\n\nLet\u0027s improve the code quality so that the code can be more readable.\n","tags":["A-FullCommitMessage","A-CodeQuality"],"fileTypesAndContributionMap":{"txt":{"insertions":1,"deletions":2},"java":{"insertions":125,"deletions":39}}}]},{"date":"2021-09-17","commitResults":[{"hash":"f29ff73a6201c16f287f3beea5ee368b07039112","messageTitle":"Add C-MassOps","messageBody":"Users might want to delete many tasks or set many tasks as done\nall in one go, instead of entering a new command line for each task.\n\nMassOps allows users to delete multiple tasks or set multiple tasks\nas done, all in one go.\n\nLet\u0027s update the functions that delete tasks and set tasks as done\nto allow them to perform their function on multiple tasks at once.\n","tags":["BCD-Extension"],"fileTypesAndContributionMap":{"txt":{"insertions":2,"deletions":4},"java":{"insertions":95,"deletions":42}}},{"hash":"35b27e9abeec03c3008519bcaf731af0370608d4","messageTitle":"Add varargs","messageBody":"","tags":["A-Varargs"],"fileTypesAndContributionMap":{"txt":{"insertions":2,"deletions":1},"java":{"insertions":8,"deletions":11}}}]}]},"authorFileTypeContributionMap":{"rebeccalaujx":{"java":1583,"md":2,"fxml":35,"sh":1,"bat":1,"gradle":21,"txt":8}},"authorContributionVariance":{"rebeccalaujx":25910.092},"authorDisplayNameMap":{"rebeccalaujx":"CS2103T-T15-4 REBE..XUAN"}}
