{"authorDailyContributionsMap":{"chrus-chong":[{"date":"2021-08-14","commitResults":[{"hash":"2031d517c44ea03bb1d45e7f136f13ebcecd2f27","messageTitle":"Complete basic level 1 functionalities (to add aesthetic features later on) and omit class files in .gitignore","messageBody":"","tags":["Level-1"],"fileTypesAndContributionMap":{"java":{"insertions":16,"deletions":0}}},{"hash":"5cfe9fb754c4f649575cb25d866458078249e989","messageTitle":"Add and List functionality working and create Task class","messageBody":"","tags":["Level-2","A-Enums"],"fileTypesAndContributionMap":{"java":{"insertions":79,"deletions":5}}},{"hash":"f4a2238c15fa536db8e82a64f6021fd8f0a315a5","messageTitle":"Add status icon and done functionality","messageBody":"","tags":["Level-3"],"fileTypesAndContributionMap":{"java":{"insertions":63,"deletions":10}}},{"hash":"9b314728bf3f6793718bb740bb9a80e23d929287","messageTitle":"Add ToDo, Event and Deadline tasks and user guide command","messageBody":"","tags":["Level-4"],"fileTypesAndContributionMap":{"java":{"insertions":156,"deletions":18}}},{"hash":"ce41a8e337bcf7a1ffe5cd771bfc382e028e09b9","messageTitle":"Warning Fixes for Duke.java","messageBody":"","fileTypesAndContributionMap":{"txt":{"insertions":1,"deletions":0},"java":{"insertions":33,"deletions":33},"bat":{"insertions":2,"deletions":1}}},{"hash":"809bb5fb27a2d76b15648bc3e6e11ee500b63bfb","messageTitle":"Enable automated text UI testing","messageBody":"","tags":["A-TextUiTesting"],"fileTypesAndContributionMap":{"txt":{"insertions":13,"deletions":1},"java":{"insertions":16,"deletions":9},"sh":{"insertions":0,"deletions":38}}},{"hash":"a9954ab899e6253e9ad2a6bdc49b16d8955f5569","messageTitle":"Create DukeException class to handle erroneous input","messageBody":"","tags":["Level-5"],"fileTypesAndContributionMap":{"txt":{"insertions":15,"deletions":2},"java":{"insertions":112,"deletions":64}}},{"hash":"cc5689f81cfbfdd59ad62d46b6f9dc5d771b46db","messageTitle":"Add delete functionality and exception handling","messageBody":"","tags":["Level-6"],"fileTypesAndContributionMap":{"java":{"insertions":4,"deletions":9}}},{"hash":"962262e84b7bf3f9214ebb64764130a9c52bfc9f","messageTitle":"Update tests to include delete tests","messageBody":"","fileTypesAndContributionMap":{"txt":{"insertions":4,"deletions":0}}},{"hash":"cb2324060641aa0c9802eebadaafadc7cf76d09f","messageTitle":"Refactoring of code from main method to run method","messageBody":"","fileTypesAndContributionMap":{"java":{"insertions":45,"deletions":42}}},{"hash":"e12afcc8eb712b7a16f03da7b3402d7c41e87e30","messageTitle":"Further refactoring of code in run method","messageBody":"","fileTypesAndContributionMap":{"java":{"insertions":47,"deletions":48}}}]},{"date":"2021-08-15","commitResults":[{"hash":"2138100d00b7f34d57a6e1479d9ec67d9d132db7","messageTitle":"Add JavaDocs and minor bug fixes for deadlineCommand and eventCommand","messageBody":"","fileTypesAndContributionMap":{"txt":{"insertions":4,"deletions":0},"java":{"insertions":170,"deletions":18}}}]},{"date":"2021-08-16","commitResults":[{"hash":"7018e0a25d3c63e21ba127ea6b7b63fe57bcc189","messageTitle":"Change all methods in Duke to private in line with OOP Principles","messageBody":"","fileTypesAndContributionMap":{"java":{"insertions":36,"deletions":34}}}]},{"date":"2021-08-17","commitResults":[{"hash":"5c67495112d0737b52824cee58b04c6b36d1a969","messageTitle":"Resolve all warnings for Levels 1-6","messageBody":"","fileTypesAndContributionMap":{"java":{"insertions":14,"deletions":17}}}]},{"date":"2021-08-18","commitResults":[{"hash":"27766386a72084c57bbb77e248139853f2596b00","messageTitle":"Bug fix for excess arguments to \"delete\" command","messageBody":"","fileTypesAndContributionMap":{"java":{"insertions":17,"deletions":13}}},{"hash":"629bc6c787fee0187b2bc920d849aa2a06c7624e","messageTitle":"Add methods to read from, write to, and create file upon changes to tasklist","messageBody":"","tags":["Level-7"],"fileTypesAndContributionMap":{"java":{"insertions":98,"deletions":2}}},{"hash":"22d932933da1ca43584c4235479dc49b060b0efa","messageTitle":"Remove unnecessary enum declaration","messageBody":"","fileTypesAndContributionMap":{"java":{"insertions":0,"deletions":2}}}]},{"date":"2021-08-19","commitResults":[{"hash":"575c36649a374d02f6c4af113daa910197295e4a","messageTitle":"Bug fixes for readFromFile so that done tasks are reflected properly","messageBody":"","fileTypesAndContributionMap":{"java":{"insertions":33,"deletions":33}}}]},{"date":"2021-08-21","commitResults":[{"hash":"233aa51be32eaf0c2490fe9c8a0a656b3add2dee","messageTitle":"Remove enum declaration and add warning fixes","messageBody":"","fileTypesAndContributionMap":{"java":{"insertions":1,"deletions":3}}}]},{"date":"2021-08-23","commitResults":[{"hash":"90446b2bfcef0125a1396947c35f4e20c755ddaf","messageTitle":"Add functionality to store dates and time as LocalDate and LocalTime respectively","messageBody":"","tags":["Level-8"],"fileTypesAndContributionMap":{"java":{"insertions":102,"deletions":42}}},{"hash":"73df8dac6a984636df442a582f981190f9ee528d","messageTitle":"Refactor code into the following classes: Ui, Storage, Parser, TaskList, Command","messageBody":"","tags":["A-MoreOOP"],"fileTypesAndContributionMap":{"java":{"insertions":570,"deletions":444}}},{"hash":"fb71473adef7a8a522d35776986158d5237d03b8","messageTitle":"Divide classes into the following packages: duke, commands, exceptions, parser, storage, tasks, ui","messageBody":"","tags":["A-Packages"],"fileTypesAndContributionMap":{"java":{"insertions":101,"deletions":16},"bat":{"insertions":2,"deletions":2},"md":{"insertions":13,"deletions":8}}}]},{"date":"2021-08-24","commitResults":[{"hash":"03dfead73fd9930fef5fbebe34e7a7c4d6e2bd7c","messageTitle":"Add JUnit tests for Parser and all Task classes","messageBody":"","tags":["A-Jar","A-JUnit"],"fileTypesAndContributionMap":{"java":{"insertions":227,"deletions":5},"bat":{"insertions":7,"deletions":1}}},{"hash":"7d53aa88eb39ac3a4eef62fa1428a45a301dcfaf","messageTitle":"Correct typo in ListCommand","messageBody":"","fileTypesAndContributionMap":{"java":{"insertions":1,"deletions":1}}}]},{"date":"2021-08-25","commitResults":[{"hash":"752dec9e273d2d19c31ceb764e5d5bcf8df94f78","messageTitle":"Add JavaDocs to all classes in duke folder","messageBody":"","tags":["A-JavaDoc"],"fileTypesAndContributionMap":{"java":{"insertions":214,"deletions":69}}},{"hash":"ce22bb934aee3dffddff4268dccaffaa7ed41d43","messageTitle":"Add FindCommand to allow search by keywords","messageBody":"","tags":["Level-9"],"fileTypesAndContributionMap":{"java":{"insertions":60,"deletions":12}}},{"hash":"a63108ae4f850a5abd7d8296b68d898486d2b3bb","messageTitle":"Format files to follow coding standard","messageBody":"Files not uniformly formatted.\nFormat files using CheckStyle to ensure uniformaity.\n","tags":["A-CodingStandard"],"fileTypesAndContributionMap":{"java":{"insertions":68,"deletions":56}}}]},{"date":"2021-08-27","commitResults":[{"hash":"eac5dcaf3373516ce1e120facea01682eff08c76","messageTitle":"Implement gradle to build, run, and run tests for Duke","messageBody":"No Javadocs for Duke, Ui, Command, FindCommand, ListCommand, and all Task class.\nCause gradle build to fail.\nbuild.gradle file list the mainClassName as \"seedu.duke.Duke\".\n\nGradle build task unable to run.\nGradle run task unable to run.\n\nAdd Javadocs for all relevant files.\nChange mainClassName from \"seedu.duke.Duke\" to \"duke.Duke\"\n","fileTypesAndContributionMap":{"gradle":{"insertions":1,"deletions":1},"java":{"insertions":54,"deletions":12},"sh":{"insertions":74,"deletions":0}}}]},{"date":"2021-08-28","commitResults":[{"hash":"26295eb092d07bfb253b4a48da239deaf0c719cb","messageTitle":"Create GUI Launcher that runs Hello World","messageBody":"Duke main method returns JavaFX runtime components are missing error.\n","fileTypesAndContributionMap":{"gradle":{"insertions":15,"deletions":1},"java":{"insertions":26,"deletions":3}}},{"hash":"43b220da076cba5104c780a66b8a6133176057ab","messageTitle":"Add GUI for Duke to echo user command","messageBody":"","fileTypesAndContributionMap":{"java":{"insertions":188,"deletions":4}}},{"hash":"87d041b866be170b70ade2eb8907be16b3a9d1b1","messageTitle":"Add spacing between each DialogBox","messageBody":"","fileTypesAndContributionMap":{"java":{"insertions":3,"deletions":2}}},{"hash":"aed7ee566dd06d3f997746f3a3e992ae964c97f7","messageTitle":"Refactor Commands to return strings and add GUI functionality","messageBody":"Commands use System.out.print to log execution.\nGUI implementation does not support input through System.out.print.\n\nGUI implementation only accepts Strings as input.\n\nModify the execute method in all Command classes to return a string.\n","fileTypesAndContributionMap":{"fxml":{"insertions":35,"deletions":0},"java":{"insertions":295,"deletions":235}}},{"hash":"eaa12cd7c16c42447da9c908021f6f16929762a3","messageTitle":"Bug fixes for deleteCommand and refining GUI","messageBody":"DeleteCommand writes to files before removing task.\nNo welcome message for user present.\n\nDoes not remove Task upon DeleteCommand.\nLack of welcome message fails to set context for user.\n\nFix DeleteCommand to remove task before write to files.\nWelcome message added upon initialisation of MainWindow\n\n{why it is done that way}\n\n{any other relevant info}\n","fileTypesAndContributionMap":{"fxml":{"insertions":26,"deletions":8},"java":{"insertions":21,"deletions":4}}}]},{"date":"2021-09-03","commitResults":[{"hash":"7a92c1cb7c9c0713b629872e8c99c01c35ef5adb","messageTitle":"Refine javadocs comments and update helpCommand","messageBody":"Javadoc header comments do not start with action verb.\nhelpCommand only contains functionalities up till delete.\n\nJavadoc header comments need to be standardised in line with Git convention.\nhelpCommand needs to be updated to include new methods of formatting tasks input and new commands such as find and help.\n\nJavadoc header comments rephrased to start with action verb.\nAdd in new commands and methods of formatting tasks in helpCommand .\n\nChanging Javadoc comments to match Git convention allows for standardization.\nhelpCommand contains the most up-to-date information on all commands and formatting.\n","tags":["A-FullCommitMessage"],"fileTypesAndContributionMap":{"gradle":{"insertions":1,"deletions":1},"fxml":{"insertions":1,"deletions":1},"java":{"insertions":80,"deletions":58}}}]},{"date":"2021-09-04","commitResults":[{"hash":"4caf8115564c0b179bcb1bc58a8ed438e1c51080","messageTitle":"Refactor Ui, GraphicUi, DoneCommand and DeleteCommand for readability","messageBody":"Implementation of Ui and GraphicUi is unneccessarily long.\nEach line of Javadoc comments in parameter section starts with non-capitalised letter.\nHappy path nested in else statement for DoneCommand and DeleteCommand classes.\n\nUi and Graphic Ui contain excess code that can be shortened.\nParameter section of Javadoc comments does not conform to Git convention.\nDoneCommand and DeleteCommand code is less intuitive and easy to understand.\n\nReplace if-else statements in Ui and GraphicUi with switch-case statements.\nReplace first letter of each line of Javadoc comments in parameter section with capitalised letter.\nRefactor DoneCommand and DeleteCommand such that happy path is unindented as much as possible.\n\nUi and GraphicUi more readable.\nJavadoc comments adhere to Git convention.\nDoneCommand and DeleteCommand more readable.\n","fileTypesAndContributionMap":{"java":{"insertions":149,"deletions":156}}},{"hash":"2ddc9abf19ac41206f1b01be9d1fa1e7a28fc2f7","messageTitle":"Use assert to ensure commands do not take in illegal descriptions","messageBody":"Command classes may take in null descriptions or illegal characters such as \u0027/\u0027.\n\nCreate method to check for valid description in abstract Command class.\n\nEnsure that command classes do not take in illegal descriptions.\n","fileTypesAndContributionMap":{"java":{"insertions":20,"deletions":0}}},{"hash":"e375c6ec03721d133d99bac2263f19e6d22c9f40","messageTitle":"Add DoAfter task functionality","messageBody":"Tasks are standalone and do not reference one another.\n\nTasks in the real world are often linked. May need to complete one task\nonly after the completion of another task.\n\nAdd DoAfter task functionality to keep track of tasks that can only be\ndone after certain tasks.\n\nDuke better able to handle various tasks.\n","tags":["BCD-Extension"],"fileTypesAndContributionMap":{"java":{"insertions":173,"deletions":19}}}]},{"date":"2021-09-06","commitResults":[{"hash":"c737b881daab11b017b8587e96b810afdcc13c64","messageTitle":"Bug fixes for Command class using assert feature","messageBody":"Gradle does not run with assertions enabled.\nWith assertions enabled, deadline and event command fails.\n\nDuke does not function as it should without deadline and event\ncommand.\n\nRemove checks for \u0027/\u0027 character in checkValidDes() method in\nCommand class.\n\nBoth event and deadline command functioning normally.\n","fileTypesAndContributionMap":{"gradle":{"insertions":1,"deletions":0},"java":{"insertions":0,"deletions":1}}}]},{"date":"2021-09-11","commitResults":[{"hash":"8259c6f7a93d159b7f6f84fcb0efe6a4af0735bd","messageTitle":"Refactor code to follow SLAP principles in Command and Parser classes","messageBody":"Code in Command and Parser classes do not follow SLAP.\n\nPracticing single level of abstraction makes code neater.\n\nRefactor Command and Parser classes such that relevant code is\nabstracted.\n\nKeeps in line with SLAP to ensure neatness and maintainability.\n","fileTypesAndContributionMap":{"java":{"insertions":232,"deletions":65}}}]},{"date":"2021-09-14","commitResults":[{"hash":"07ff8b23b0a6e0376aa04472a52fb956c0f7463b","messageTitle":"Update README and add app screenshot in /docs","messageBody":"","tags":["A-UserGuide","A-Release"],"fileTypesAndContributionMap":{"gradle":{"insertions":1,"deletions":1},"fxml":{"insertions":8,"deletions":8},"java":{"insertions":3,"deletions":2},"md":{"insertions":177,"deletions":11}}}]}]},"authorFileTypeContributionMap":{"chrus-chong":{"java":1980,"md":180,"fxml":53,"sh":74,"bat":10,"gradle":17,"txt":34}},"authorContributionVariance":{"chrus-chong":85854.23},"authorDisplayNameMap":{"chrus-chong":"CS2103T-F13-1 CHRU..NGEE"}}
