[{"path":"src/main/java/Duke.java","fileType":"java","lines":[{"lineNumber":1,"author":{"gitId":"syoopie"},"content":"import java.util.Scanner;","lastModifiedDate":"2021-08-16"},{"lineNumber":2,"author":{"gitId":"syoopie"},"content":"import java.util.ArrayList;","lastModifiedDate":"2021-08-17"},{"lineNumber":3,"author":{"gitId":"syoopie"},"content":"","lastModifiedDate":"2021-08-16"},{"lineNumber":4,"author":{"gitId":"-"},"content":"public class Duke {","lastModifiedDate":"2019-07-29"},{"lineNumber":5,"author":{"gitId":"-"},"content":"    public static void main(String[] args) {","lastModifiedDate":"2019-07-29"},{"lineNumber":6,"author":{"gitId":"-"},"content":"        String logo \u003d \" ____        _        \\n\"","lastModifiedDate":"2019-07-29"},{"lineNumber":7,"author":{"gitId":"-"},"content":"                + \"|  _ \\\\ _   _| | _____ \\n\"","lastModifiedDate":"2019-07-29"},{"lineNumber":8,"author":{"gitId":"-"},"content":"                + \"| | | | | | | |/ / _ \\\\\\n\"","lastModifiedDate":"2019-07-29"},{"lineNumber":9,"author":{"gitId":"-"},"content":"                + \"| |_| | |_| |   \u003c  __/\\n\"","lastModifiedDate":"2019-07-29"},{"lineNumber":10,"author":{"gitId":"-"},"content":"                + \"|____/ \\\\__,_|_|\\\\_\\\\___|\\n\";","lastModifiedDate":"2019-07-29"},{"lineNumber":11,"author":{"gitId":"-"},"content":"        System.out.println(\"Hello from\\n\" + logo);","lastModifiedDate":"2019-07-29"},{"lineNumber":12,"author":{"gitId":"syoopie"},"content":"        System.out.println(\"Hello! I\u0027m Duke. \\n\" + \"What can I do for you?\");","lastModifiedDate":"2021-08-16"},{"lineNumber":13,"author":{"gitId":"syoopie"},"content":"","lastModifiedDate":"2021-08-16"},{"lineNumber":14,"author":{"gitId":"syoopie"},"content":"        Scanner scan \u003d new Scanner(System.in);","lastModifiedDate":"2021-08-16"},{"lineNumber":15,"author":{"gitId":"syoopie"},"content":"        ArrayList\u003cTask\u003e myList \u003d new ArrayList\u003c\u003e();","lastModifiedDate":"2021-08-17"},{"lineNumber":16,"author":{"gitId":"syoopie"},"content":"        boolean tryMore \u003d true;","lastModifiedDate":"2021-08-17"},{"lineNumber":17,"author":{"gitId":"syoopie"},"content":"","lastModifiedDate":"2021-08-16"},{"lineNumber":18,"author":{"gitId":"syoopie"},"content":"        while (tryMore) {","lastModifiedDate":"2021-08-17"},{"lineNumber":19,"author":{"gitId":"syoopie"},"content":"            String data \u003d scan.next();","lastModifiedDate":"2021-08-17"},{"lineNumber":20,"author":{"gitId":"syoopie"},"content":"","lastModifiedDate":"2021-08-17"},{"lineNumber":21,"author":{"gitId":"syoopie"},"content":"","lastModifiedDate":"2021-08-17"},{"lineNumber":22,"author":{"gitId":"syoopie"},"content":"            switch (data.toLowerCase()) {","lastModifiedDate":"2021-08-17"},{"lineNumber":23,"author":{"gitId":"syoopie"},"content":"                case \"bye\":","lastModifiedDate":"2021-08-17"},{"lineNumber":24,"author":{"gitId":"syoopie"},"content":"                    tryMore \u003d false;","lastModifiedDate":"2021-08-17"},{"lineNumber":25,"author":{"gitId":"syoopie"},"content":"                    break;","lastModifiedDate":"2021-08-16"},{"lineNumber":26,"author":{"gitId":"syoopie"},"content":"                case \"list\":","lastModifiedDate":"2021-08-17"},{"lineNumber":27,"author":{"gitId":"syoopie"},"content":"                    for (int i \u003d 1; i \u003c\u003d myList.size(); i++) {","lastModifiedDate":"2021-08-17"},{"lineNumber":28,"author":{"gitId":"syoopie"},"content":"                        System.out.println(i + \". \" + myList.get(i - 1).toString());","lastModifiedDate":"2021-08-17"},{"lineNumber":29,"author":{"gitId":"-"},"content":"                    }","lastModifiedDate":"2019-07-29"},{"lineNumber":30,"author":{"gitId":"syoopie"},"content":"                    break;","lastModifiedDate":"2021-08-17"},{"lineNumber":31,"author":{"gitId":"syoopie"},"content":"                case \"done\":","lastModifiedDate":"2021-08-17"},{"lineNumber":32,"author":{"gitId":"syoopie"},"content":"                    Task task \u003d myList.get(scan.nextInt() - 1);","lastModifiedDate":"2021-08-17"},{"lineNumber":33,"author":{"gitId":"syoopie"},"content":"                    task.markAsDone();","lastModifiedDate":"2021-08-17"},{"lineNumber":34,"author":{"gitId":"syoopie"},"content":"                    System.out.println(\" Nice! I\u0027ve marked this task as done: \\n\"","lastModifiedDate":"2021-08-17"},{"lineNumber":35,"author":{"gitId":"syoopie"},"content":"                                + task.toString());","lastModifiedDate":"2021-08-17"},{"lineNumber":36,"author":{"gitId":"syoopie"},"content":"                    break;","lastModifiedDate":"2021-08-17"},{"lineNumber":37,"author":{"gitId":"syoopie"},"content":"                default:","lastModifiedDate":"2021-08-17"},{"lineNumber":38,"author":{"gitId":"syoopie"},"content":"                    printMsg(data);","lastModifiedDate":"2021-08-16"},{"lineNumber":39,"author":{"gitId":"syoopie"},"content":"                    myList.add(new Task(data));","lastModifiedDate":"2021-08-17"},{"lineNumber":40,"author":{"gitId":"syoopie"},"content":"            }","lastModifiedDate":"2021-08-17"},{"lineNumber":41,"author":{"gitId":"syoopie"},"content":"        }","lastModifiedDate":"2021-08-17"},{"lineNumber":42,"author":{"gitId":"syoopie"},"content":"        printMsg(\"Bye. Hope to see you again soon!\");","lastModifiedDate":"2021-08-16"},{"lineNumber":43,"author":{"gitId":"-"},"content":"    }","lastModifiedDate":"2021-08-16"},{"lineNumber":44,"author":{"gitId":"syoopie"},"content":"","lastModifiedDate":"2021-08-16"},{"lineNumber":45,"author":{"gitId":"syoopie"},"content":"    public static void printMsg(String msg) {","lastModifiedDate":"2021-08-16"},{"lineNumber":46,"author":{"gitId":"syoopie"},"content":"        System.out.println(\"-----------------------\\n\" +","lastModifiedDate":"2021-08-16"},{"lineNumber":47,"author":{"gitId":"syoopie"},"content":"                msg +","lastModifiedDate":"2021-08-16"},{"lineNumber":48,"author":{"gitId":"syoopie"},"content":"                \"\\n-----------------------\");","lastModifiedDate":"2021-08-17"},{"lineNumber":49,"author":{"gitId":"syoopie"},"content":"    }","lastModifiedDate":"2021-08-16"},{"lineNumber":50,"author":{"gitId":"syoopie"},"content":"","lastModifiedDate":"2021-08-16"},{"lineNumber":51,"author":{"gitId":"syoopie"},"content":"","lastModifiedDate":"2021-08-16"},{"lineNumber":52,"author":{"gitId":"-"},"content":"}","lastModifiedDate":"2019-07-29"}],"authorContributionMap":{"syoopie":41,"-":11}},{"path":"src/main/java/Task.java","fileType":"java","lines":[{"lineNumber":1,"author":{"gitId":"syoopie"},"content":"public class Task {","lastModifiedDate":"2021-08-17"},{"lineNumber":2,"author":{"gitId":"syoopie"},"content":"    protected String description;","lastModifiedDate":"2021-08-17"},{"lineNumber":3,"author":{"gitId":"syoopie"},"content":"    protected boolean isDone;","lastModifiedDate":"2021-08-17"},{"lineNumber":4,"author":{"gitId":"syoopie"},"content":"","lastModifiedDate":"2021-08-17"},{"lineNumber":5,"author":{"gitId":"syoopie"},"content":"    public Task(String description) {","lastModifiedDate":"2021-08-17"},{"lineNumber":6,"author":{"gitId":"syoopie"},"content":"        this.description \u003d description;","lastModifiedDate":"2021-08-17"},{"lineNumber":7,"author":{"gitId":"syoopie"},"content":"        this.isDone \u003d false;","lastModifiedDate":"2021-08-17"},{"lineNumber":8,"author":{"gitId":"syoopie"},"content":"    }","lastModifiedDate":"2021-08-17"},{"lineNumber":9,"author":{"gitId":"syoopie"},"content":"","lastModifiedDate":"2021-08-17"},{"lineNumber":10,"author":{"gitId":"syoopie"},"content":"    public String getStatusIcon() {","lastModifiedDate":"2021-08-17"},{"lineNumber":11,"author":{"gitId":"syoopie"},"content":"        return (isDone ? \"X\" : \" \"); // mark done task with X","lastModifiedDate":"2021-08-17"},{"lineNumber":12,"author":{"gitId":"syoopie"},"content":"    }","lastModifiedDate":"2021-08-17"},{"lineNumber":13,"author":{"gitId":"syoopie"},"content":"","lastModifiedDate":"2021-08-17"},{"lineNumber":14,"author":{"gitId":"syoopie"},"content":"    public void markAsDone() {","lastModifiedDate":"2021-08-17"},{"lineNumber":15,"author":{"gitId":"syoopie"},"content":"        this.isDone \u003d true;","lastModifiedDate":"2021-08-17"},{"lineNumber":16,"author":{"gitId":"syoopie"},"content":"    }","lastModifiedDate":"2021-08-17"},{"lineNumber":17,"author":{"gitId":"syoopie"},"content":"","lastModifiedDate":"2021-08-17"},{"lineNumber":18,"author":{"gitId":"syoopie"},"content":"    public String toString() {","lastModifiedDate":"2021-08-17"},{"lineNumber":19,"author":{"gitId":"syoopie"},"content":"        return \"[\" + this.getStatusIcon() + \"] \" + description;","lastModifiedDate":"2021-08-17"},{"lineNumber":20,"author":{"gitId":"syoopie"},"content":"    }","lastModifiedDate":"2021-08-17"},{"lineNumber":21,"author":{"gitId":"syoopie"},"content":"","lastModifiedDate":"2021-08-17"},{"lineNumber":22,"author":{"gitId":"syoopie"},"content":"","lastModifiedDate":"2021-08-17"},{"lineNumber":23,"author":{"gitId":"syoopie"},"content":"}","lastModifiedDate":"2021-08-17"}],"authorContributionMap":{"syoopie":23}}]
