[{"path":"data/duke.txt","fileType":"txt","lines":[{"lineNumber":1,"author":{"gitId":"rgbpokka"},"content":"E|1|project meeting|2021-12-08","lastModifiedDate":"2021-08-25"},{"lineNumber":2,"author":{"gitId":"rgbpokka"},"content":"D|1|return book|2021-11-07","lastModifiedDate":"2021-08-25"},{"lineNumber":3,"author":{"gitId":"rgbpokka"},"content":"T|1|eat breakfast","lastModifiedDate":"2021-08-25"},{"lineNumber":4,"author":{"gitId":"rgbpokka"},"content":"E|1|project work|2021-10-05","lastModifiedDate":"2021-08-25"},{"lineNumber":5,"author":{"gitId":"rgbpokka"},"content":"T|0|wake up","lastModifiedDate":"2021-08-25"}],"authorContributionMap":{"rgbpokka":5}},{"path":"src/main/java/duke/Deadline.java","fileType":"java","lines":[{"lineNumber":1,"author":{"gitId":"rgbpokka"},"content":"package duke;","lastModifiedDate":"2021-08-25"},{"lineNumber":2,"author":{"gitId":"rgbpokka"},"content":"","lastModifiedDate":"2021-08-25"},{"lineNumber":3,"author":{"gitId":"rgbpokka"},"content":"import java.time.LocalDate;","lastModifiedDate":"2021-08-25"},{"lineNumber":4,"author":{"gitId":"rgbpokka"},"content":"import java.time.format.DateTimeFormatter;","lastModifiedDate":"2021-08-25"},{"lineNumber":5,"author":{"gitId":"rgbpokka"},"content":"","lastModifiedDate":"2021-08-25"},{"lineNumber":6,"author":{"gitId":"rgbpokka"},"content":"public class Deadline extends Task {","lastModifiedDate":"2021-08-18"},{"lineNumber":7,"author":{"gitId":"rgbpokka"},"content":"    protected String by;","lastModifiedDate":"2021-08-18"},{"lineNumber":8,"author":{"gitId":"rgbpokka"},"content":"    private LocalDate deadline;","lastModifiedDate":"2021-08-25"},{"lineNumber":9,"author":{"gitId":"rgbpokka"},"content":"","lastModifiedDate":"2021-08-18"},{"lineNumber":10,"author":{"gitId":"rgbpokka"},"content":"    public Deadline(String description, String by) {","lastModifiedDate":"2021-08-18"},{"lineNumber":11,"author":{"gitId":"rgbpokka"},"content":"        super(description);","lastModifiedDate":"2021-08-18"},{"lineNumber":12,"author":{"gitId":"rgbpokka"},"content":"        this.deadline \u003d LocalDate.parse(by);","lastModifiedDate":"2021-08-25"},{"lineNumber":13,"author":{"gitId":"rgbpokka"},"content":"        this.by \u003d by;","lastModifiedDate":"2021-08-18"},{"lineNumber":14,"author":{"gitId":"rgbpokka"},"content":"    }","lastModifiedDate":"2021-08-18"},{"lineNumber":15,"author":{"gitId":"rgbpokka"},"content":"","lastModifiedDate":"2021-08-18"},{"lineNumber":16,"author":{"gitId":"rgbpokka"},"content":"    @Override","lastModifiedDate":"2021-08-25"},{"lineNumber":17,"author":{"gitId":"rgbpokka"},"content":"    public char getTaskType() { return \u0027D\u0027; }","lastModifiedDate":"2021-08-25"},{"lineNumber":18,"author":{"gitId":"rgbpokka"},"content":"","lastModifiedDate":"2021-08-25"},{"lineNumber":19,"author":{"gitId":"rgbpokka"},"content":"    @Override","lastModifiedDate":"2021-08-25"},{"lineNumber":20,"author":{"gitId":"rgbpokka"},"content":"    public String getTime() {","lastModifiedDate":"2021-08-25"},{"lineNumber":21,"author":{"gitId":"rgbpokka"},"content":"        return this.by;","lastModifiedDate":"2021-08-25"},{"lineNumber":22,"author":{"gitId":"rgbpokka"},"content":"    }","lastModifiedDate":"2021-08-25"},{"lineNumber":23,"author":{"gitId":"rgbpokka"},"content":"","lastModifiedDate":"2021-08-25"},{"lineNumber":24,"author":{"gitId":"rgbpokka"},"content":"    @Override","lastModifiedDate":"2021-08-18"},{"lineNumber":25,"author":{"gitId":"rgbpokka"},"content":"    public String toString() {","lastModifiedDate":"2021-08-18"},{"lineNumber":26,"author":{"gitId":"rgbpokka"},"content":"        String formattedDate \u003d this.deadline.format(DateTimeFormatter.ofPattern(\"d MMM yyyy\"));","lastModifiedDate":"2021-08-25"},{"lineNumber":27,"author":{"gitId":"rgbpokka"},"content":"        return \"  [D]\" + super.toString() + \" (by: \" + formattedDate + \")\";","lastModifiedDate":"2021-08-25"},{"lineNumber":28,"author":{"gitId":"rgbpokka"},"content":"    }","lastModifiedDate":"2021-08-18"},{"lineNumber":29,"author":{"gitId":"rgbpokka"},"content":"}","lastModifiedDate":"2021-08-18"}],"authorContributionMap":{"rgbpokka":29}},{"path":"src/main/java/duke/Duke.java","fileType":"java","lines":[{"lineNumber":1,"author":{"gitId":"rgbpokka"},"content":"package duke;","lastModifiedDate":"2021-08-25"},{"lineNumber":2,"author":{"gitId":"rgbpokka"},"content":"import java.io.File;","lastModifiedDate":"2021-08-25"},{"lineNumber":3,"author":{"gitId":"rgbpokka"},"content":"import java.io.FileWriter;","lastModifiedDate":"2021-08-25"},{"lineNumber":4,"author":{"gitId":"rgbpokka"},"content":"import java.io.IOException;","lastModifiedDate":"2021-08-25"},{"lineNumber":5,"author":{"gitId":"rgbpokka"},"content":"import java.util.*;","lastModifiedDate":"2021-08-18"},{"lineNumber":6,"author":{"gitId":"rgbpokka"},"content":"","lastModifiedDate":"2021-08-18"},{"lineNumber":7,"author":{"gitId":"-"},"content":"public class Duke {","lastModifiedDate":"2019-07-29"},{"lineNumber":8,"author":{"gitId":"rgbpokka"},"content":"    public TaskList taskList;","lastModifiedDate":"2021-08-25"},{"lineNumber":9,"author":{"gitId":"rgbpokka"},"content":"    public UserInterface userInterface;","lastModifiedDate":"2021-08-25"},{"lineNumber":10,"author":{"gitId":"rgbpokka"},"content":"    public Storage storage;","lastModifiedDate":"2021-08-25"},{"lineNumber":11,"author":{"gitId":"rgbpokka"},"content":"    public Parser parser;","lastModifiedDate":"2021-08-25"},{"lineNumber":12,"author":{"gitId":"rgbpokka"},"content":"","lastModifiedDate":"2021-08-25"},{"lineNumber":13,"author":{"gitId":"rgbpokka"},"content":"    public Duke(String filePath) {","lastModifiedDate":"2021-08-25"},{"lineNumber":14,"author":{"gitId":"rgbpokka"},"content":"        userInterface \u003d new UserInterface();","lastModifiedDate":"2021-08-25"},{"lineNumber":15,"author":{"gitId":"rgbpokka"},"content":"        storage \u003d new Storage(filePath);","lastModifiedDate":"2021-08-25"},{"lineNumber":16,"author":{"gitId":"rgbpokka"},"content":"","lastModifiedDate":"2021-08-25"},{"lineNumber":17,"author":{"gitId":"rgbpokka"},"content":"        try {","lastModifiedDate":"2021-08-25"},{"lineNumber":18,"author":{"gitId":"rgbpokka"},"content":"            taskList \u003d new TaskList(storage.load());","lastModifiedDate":"2021-08-25"},{"lineNumber":19,"author":{"gitId":"rgbpokka"},"content":"            userInterface \u003d new UserInterface(taskList);","lastModifiedDate":"2021-08-25"},{"lineNumber":20,"author":{"gitId":"rgbpokka"},"content":"            parser \u003d new Parser(taskList, userInterface, storage);","lastModifiedDate":"2021-08-25"},{"lineNumber":21,"author":{"gitId":"rgbpokka"},"content":"        } catch (IOException e) {","lastModifiedDate":"2021-08-25"},{"lineNumber":22,"author":{"gitId":"rgbpokka"},"content":"            taskList \u003d new TaskList();","lastModifiedDate":"2021-08-25"},{"lineNumber":23,"author":{"gitId":"rgbpokka"},"content":"            userInterface.showLoadingError();","lastModifiedDate":"2021-08-25"},{"lineNumber":24,"author":{"gitId":"rgbpokka"},"content":"            userInterface \u003d new UserInterface(taskList);","lastModifiedDate":"2021-08-25"},{"lineNumber":25,"author":{"gitId":"rgbpokka"},"content":"            parser \u003d new Parser(taskList, userInterface, storage);","lastModifiedDate":"2021-08-25"},{"lineNumber":26,"author":{"gitId":"rgbpokka"},"content":"        }","lastModifiedDate":"2021-08-25"},{"lineNumber":27,"author":{"gitId":"rgbpokka"},"content":"    }","lastModifiedDate":"2021-08-25"},{"lineNumber":28,"author":{"gitId":"rgbpokka"},"content":"","lastModifiedDate":"2021-08-25"},{"lineNumber":29,"author":{"gitId":"rgbpokka"},"content":"    public void run() {","lastModifiedDate":"2021-08-25"},{"lineNumber":30,"author":{"gitId":"rgbpokka"},"content":"        userInterface.greet();","lastModifiedDate":"2021-08-25"},{"lineNumber":31,"author":{"gitId":"rgbpokka"},"content":"","lastModifiedDate":"2021-08-25"},{"lineNumber":32,"author":{"gitId":"rgbpokka"},"content":"        Scanner sc \u003d new Scanner(System.in);","lastModifiedDate":"2021-08-18"},{"lineNumber":33,"author":{"gitId":"rgbpokka"},"content":"","lastModifiedDate":"2021-08-18"},{"lineNumber":34,"author":{"gitId":"rgbpokka"},"content":"        while (sc.hasNextLine()) {","lastModifiedDate":"2021-08-18"},{"lineNumber":35,"author":{"gitId":"rgbpokka"},"content":"            String input \u003d sc.nextLine().trim();","lastModifiedDate":"2021-08-18"},{"lineNumber":36,"author":{"gitId":"rgbpokka"},"content":"            try {","lastModifiedDate":"2021-08-18"},{"lineNumber":37,"author":{"gitId":"rgbpokka"},"content":"                parser.parse(input);","lastModifiedDate":"2021-08-25"},{"lineNumber":38,"author":{"gitId":"rgbpokka"},"content":"            } catch (InvalidCommandException | MissingToDoDescriptionException |","lastModifiedDate":"2021-08-25"},{"lineNumber":39,"author":{"gitId":"rgbpokka"},"content":"                    MissingDeadlineDescriptionException | MissingEventDescriptionException e) {","lastModifiedDate":"2021-08-25"},{"lineNumber":40,"author":{"gitId":"rgbpokka"},"content":"                System.out.println(e.getMessage());","lastModifiedDate":"2021-08-18"},{"lineNumber":41,"author":{"gitId":"rgbpokka"},"content":"            }","lastModifiedDate":"2021-08-18"},{"lineNumber":42,"author":{"gitId":"rgbpokka"},"content":"","lastModifiedDate":"2021-08-18"},{"lineNumber":43,"author":{"gitId":"rgbpokka"},"content":"            if (input.equals(\"bye\")) break;","lastModifiedDate":"2021-08-18"},{"lineNumber":44,"author":{"gitId":"rgbpokka"},"content":"        }","lastModifiedDate":"2021-08-18"},{"lineNumber":45,"author":{"gitId":"rgbpokka"},"content":"    }","lastModifiedDate":"2021-08-18"},{"lineNumber":46,"author":{"gitId":"rgbpokka"},"content":"","lastModifiedDate":"2021-08-18"},{"lineNumber":47,"author":{"gitId":"rgbpokka"},"content":"    public static void main(String[] args) {","lastModifiedDate":"2021-08-25"},{"lineNumber":48,"author":{"gitId":"rgbpokka"},"content":"        String s \u003d System.getProperty(\"user.dir\");","lastModifiedDate":"2021-08-25"},{"lineNumber":49,"author":{"gitId":"rgbpokka"},"content":"        new Duke(s+ \"/data/duke.txt\").run();","lastModifiedDate":"2021-08-25"},{"lineNumber":50,"author":{"gitId":"-"},"content":"    }","lastModifiedDate":"2019-07-29"},{"lineNumber":51,"author":{"gitId":"-"},"content":"}","lastModifiedDate":"2019-07-29"}],"authorContributionMap":{"rgbpokka":48,"-":3}},{"path":"src/main/java/duke/Event.java","fileType":"java","lines":[{"lineNumber":1,"author":{"gitId":"rgbpokka"},"content":"package duke;","lastModifiedDate":"2021-08-25"},{"lineNumber":2,"author":{"gitId":"rgbpokka"},"content":"","lastModifiedDate":"2021-08-25"},{"lineNumber":3,"author":{"gitId":"rgbpokka"},"content":"import java.time.LocalDate;","lastModifiedDate":"2021-08-25"},{"lineNumber":4,"author":{"gitId":"rgbpokka"},"content":"import java.time.format.DateTimeFormatter;","lastModifiedDate":"2021-08-25"},{"lineNumber":5,"author":{"gitId":"rgbpokka"},"content":"","lastModifiedDate":"2021-08-25"},{"lineNumber":6,"author":{"gitId":"rgbpokka"},"content":"public class Event extends Task {","lastModifiedDate":"2021-08-18"},{"lineNumber":7,"author":{"gitId":"rgbpokka"},"content":"    protected String at;","lastModifiedDate":"2021-08-18"},{"lineNumber":8,"author":{"gitId":"rgbpokka"},"content":"    private LocalDate eventDate;","lastModifiedDate":"2021-08-25"},{"lineNumber":9,"author":{"gitId":"rgbpokka"},"content":"","lastModifiedDate":"2021-08-18"},{"lineNumber":10,"author":{"gitId":"rgbpokka"},"content":"    public Event(String description, String at) {","lastModifiedDate":"2021-08-18"},{"lineNumber":11,"author":{"gitId":"rgbpokka"},"content":"        super(description);","lastModifiedDate":"2021-08-18"},{"lineNumber":12,"author":{"gitId":"rgbpokka"},"content":"        this.eventDate \u003d LocalDate.parse(at);","lastModifiedDate":"2021-08-25"},{"lineNumber":13,"author":{"gitId":"rgbpokka"},"content":"        this.at \u003d at;","lastModifiedDate":"2021-08-18"},{"lineNumber":14,"author":{"gitId":"rgbpokka"},"content":"    }","lastModifiedDate":"2021-08-18"},{"lineNumber":15,"author":{"gitId":"rgbpokka"},"content":"","lastModifiedDate":"2021-08-18"},{"lineNumber":16,"author":{"gitId":"rgbpokka"},"content":"    @Override","lastModifiedDate":"2021-08-25"},{"lineNumber":17,"author":{"gitId":"rgbpokka"},"content":"    public char getTaskType() { return \u0027E\u0027; }","lastModifiedDate":"2021-08-25"},{"lineNumber":18,"author":{"gitId":"rgbpokka"},"content":"","lastModifiedDate":"2021-08-25"},{"lineNumber":19,"author":{"gitId":"rgbpokka"},"content":"    @Override","lastModifiedDate":"2021-08-25"},{"lineNumber":20,"author":{"gitId":"rgbpokka"},"content":"    public String getTime() {","lastModifiedDate":"2021-08-25"},{"lineNumber":21,"author":{"gitId":"rgbpokka"},"content":"        return this.at;","lastModifiedDate":"2021-08-25"},{"lineNumber":22,"author":{"gitId":"rgbpokka"},"content":"    }","lastModifiedDate":"2021-08-25"},{"lineNumber":23,"author":{"gitId":"rgbpokka"},"content":"","lastModifiedDate":"2021-08-25"},{"lineNumber":24,"author":{"gitId":"rgbpokka"},"content":"    @Override","lastModifiedDate":"2021-08-18"},{"lineNumber":25,"author":{"gitId":"rgbpokka"},"content":"    public String toString() {","lastModifiedDate":"2021-08-18"},{"lineNumber":26,"author":{"gitId":"rgbpokka"},"content":"        String formattedDate \u003d this.eventDate.format(DateTimeFormatter.ofPattern(\"d MMM yyyy\"));","lastModifiedDate":"2021-08-25"},{"lineNumber":27,"author":{"gitId":"rgbpokka"},"content":"        return \"  [E]\" + super.toString() + \" (at: \" + formattedDate + \")\";","lastModifiedDate":"2021-08-25"},{"lineNumber":28,"author":{"gitId":"rgbpokka"},"content":"    }","lastModifiedDate":"2021-08-18"},{"lineNumber":29,"author":{"gitId":"rgbpokka"},"content":"}","lastModifiedDate":"2021-08-18"}],"authorContributionMap":{"rgbpokka":29}},{"path":"src/main/java/duke/InvalidCommandException.java","fileType":"java","lines":[{"lineNumber":1,"author":{"gitId":"rgbpokka"},"content":"package duke;","lastModifiedDate":"2021-08-25"},{"lineNumber":2,"author":{"gitId":"rgbpokka"},"content":"","lastModifiedDate":"2021-08-25"},{"lineNumber":3,"author":{"gitId":"rgbpokka"},"content":"public class InvalidCommandException extends Exception {","lastModifiedDate":"2021-08-18"},{"lineNumber":4,"author":{"gitId":"rgbpokka"},"content":"    public InvalidCommandException () {","lastModifiedDate":"2021-08-18"},{"lineNumber":5,"author":{"gitId":"rgbpokka"},"content":"        super(\"☹ OOPS!!! I\u0027m sorry, but I don\u0027t know what that means :-(\");","lastModifiedDate":"2021-08-18"},{"lineNumber":6,"author":{"gitId":"rgbpokka"},"content":"    }","lastModifiedDate":"2021-08-18"},{"lineNumber":7,"author":{"gitId":"rgbpokka"},"content":"}","lastModifiedDate":"2021-08-18"}],"authorContributionMap":{"rgbpokka":7}},{"path":"src/main/java/duke/MissingDeadlineDescriptionException.java","fileType":"java","lines":[{"lineNumber":1,"author":{"gitId":"rgbpokka"},"content":"package duke;","lastModifiedDate":"2021-08-25"},{"lineNumber":2,"author":{"gitId":"rgbpokka"},"content":"","lastModifiedDate":"2021-08-25"},{"lineNumber":3,"author":{"gitId":"rgbpokka"},"content":"public class MissingDeadlineDescriptionException extends Exception {","lastModifiedDate":"2021-08-18"},{"lineNumber":4,"author":{"gitId":"rgbpokka"},"content":"    public MissingDeadlineDescriptionException () {","lastModifiedDate":"2021-08-18"},{"lineNumber":5,"author":{"gitId":"rgbpokka"},"content":"        super(\"☹ OOPS!!! The description of a deadline cannot be empty.\");","lastModifiedDate":"2021-08-18"},{"lineNumber":6,"author":{"gitId":"rgbpokka"},"content":"    }","lastModifiedDate":"2021-08-18"},{"lineNumber":7,"author":{"gitId":"rgbpokka"},"content":"}","lastModifiedDate":"2021-08-18"}],"authorContributionMap":{"rgbpokka":7}},{"path":"src/main/java/duke/MissingEventDescriptionException.java","fileType":"java","lines":[{"lineNumber":1,"author":{"gitId":"rgbpokka"},"content":"package duke;","lastModifiedDate":"2021-08-25"},{"lineNumber":2,"author":{"gitId":"rgbpokka"},"content":"","lastModifiedDate":"2021-08-25"},{"lineNumber":3,"author":{"gitId":"rgbpokka"},"content":"public class MissingEventDescriptionException extends Exception {","lastModifiedDate":"2021-08-18"},{"lineNumber":4,"author":{"gitId":"rgbpokka"},"content":"    public MissingEventDescriptionException () {","lastModifiedDate":"2021-08-18"},{"lineNumber":5,"author":{"gitId":"rgbpokka"},"content":"        super(\"☹ OOPS!!! The description of an event cannot be empty.\");","lastModifiedDate":"2021-08-18"},{"lineNumber":6,"author":{"gitId":"rgbpokka"},"content":"    }","lastModifiedDate":"2021-08-18"},{"lineNumber":7,"author":{"gitId":"rgbpokka"},"content":"}","lastModifiedDate":"2021-08-18"}],"authorContributionMap":{"rgbpokka":7}},{"path":"src/main/java/duke/MissingToDoDescriptionException.java","fileType":"java","lines":[{"lineNumber":1,"author":{"gitId":"rgbpokka"},"content":"package duke;","lastModifiedDate":"2021-08-25"},{"lineNumber":2,"author":{"gitId":"rgbpokka"},"content":"","lastModifiedDate":"2021-08-25"},{"lineNumber":3,"author":{"gitId":"rgbpokka"},"content":"public class MissingToDoDescriptionException extends Exception {","lastModifiedDate":"2021-08-18"},{"lineNumber":4,"author":{"gitId":"rgbpokka"},"content":"    public MissingToDoDescriptionException () {","lastModifiedDate":"2021-08-18"},{"lineNumber":5,"author":{"gitId":"rgbpokka"},"content":"        super(\"☹ OOPS!!! The description of a todo cannot be empty.\");","lastModifiedDate":"2021-08-18"},{"lineNumber":6,"author":{"gitId":"rgbpokka"},"content":"    }","lastModifiedDate":"2021-08-18"},{"lineNumber":7,"author":{"gitId":"rgbpokka"},"content":"}","lastModifiedDate":"2021-08-18"}],"authorContributionMap":{"rgbpokka":7}},{"path":"src/main/java/duke/Parser.java","fileType":"java","lines":[{"lineNumber":1,"author":{"gitId":"rgbpokka"},"content":"package duke;","lastModifiedDate":"2021-08-25"},{"lineNumber":2,"author":{"gitId":"rgbpokka"},"content":"","lastModifiedDate":"2021-08-25"},{"lineNumber":3,"author":{"gitId":"rgbpokka"},"content":"import java.io.IOException;","lastModifiedDate":"2021-08-25"},{"lineNumber":4,"author":{"gitId":"rgbpokka"},"content":"import java.util.List;","lastModifiedDate":"2021-08-25"},{"lineNumber":5,"author":{"gitId":"rgbpokka"},"content":"","lastModifiedDate":"2021-08-25"},{"lineNumber":6,"author":{"gitId":"rgbpokka"},"content":"public class Parser {","lastModifiedDate":"2021-08-25"},{"lineNumber":7,"author":{"gitId":"rgbpokka"},"content":"    public TaskList taskList;","lastModifiedDate":"2021-08-25"},{"lineNumber":8,"author":{"gitId":"rgbpokka"},"content":"    public UserInterface userInterface;","lastModifiedDate":"2021-08-25"},{"lineNumber":9,"author":{"gitId":"rgbpokka"},"content":"    public Storage storage;","lastModifiedDate":"2021-08-25"},{"lineNumber":10,"author":{"gitId":"rgbpokka"},"content":"","lastModifiedDate":"2021-08-25"},{"lineNumber":11,"author":{"gitId":"rgbpokka"},"content":"    public Parser(TaskList taskList, UserInterface userInterface, Storage storage) {","lastModifiedDate":"2021-08-25"},{"lineNumber":12,"author":{"gitId":"rgbpokka"},"content":"        this.storage \u003d storage;","lastModifiedDate":"2021-08-25"},{"lineNumber":13,"author":{"gitId":"rgbpokka"},"content":"        this.taskList \u003d taskList;","lastModifiedDate":"2021-08-25"},{"lineNumber":14,"author":{"gitId":"rgbpokka"},"content":"        this.userInterface \u003d userInterface;","lastModifiedDate":"2021-08-25"},{"lineNumber":15,"author":{"gitId":"rgbpokka"},"content":"    }","lastModifiedDate":"2021-08-25"},{"lineNumber":16,"author":{"gitId":"rgbpokka"},"content":"","lastModifiedDate":"2021-08-25"},{"lineNumber":17,"author":{"gitId":"rgbpokka"},"content":"    public void parse(String input) throws InvalidCommandException,","lastModifiedDate":"2021-08-25"},{"lineNumber":18,"author":{"gitId":"rgbpokka"},"content":"            MissingToDoDescriptionException, MissingDeadlineDescriptionException,","lastModifiedDate":"2021-08-25"},{"lineNumber":19,"author":{"gitId":"rgbpokka"},"content":"            MissingEventDescriptionException {","lastModifiedDate":"2021-08-25"},{"lineNumber":20,"author":{"gitId":"rgbpokka"},"content":"        try {","lastModifiedDate":"2021-08-25"},{"lineNumber":21,"author":{"gitId":"rgbpokka"},"content":"            if (input.equals(\"bye\")) {","lastModifiedDate":"2021-08-25"},{"lineNumber":22,"author":{"gitId":"rgbpokka"},"content":"                System.out.println(\"Bye. Hope to see you again soon!\");","lastModifiedDate":"2021-08-25"},{"lineNumber":23,"author":{"gitId":"rgbpokka"},"content":"            } else if (input.equals(\"list\")){","lastModifiedDate":"2021-08-25"},{"lineNumber":24,"author":{"gitId":"rgbpokka"},"content":"                userInterface.showList();","lastModifiedDate":"2021-08-25"},{"lineNumber":25,"author":{"gitId":"rgbpokka"},"content":"            } else if (input.contains(\"done\")) {","lastModifiedDate":"2021-08-25"},{"lineNumber":26,"author":{"gitId":"rgbpokka"},"content":"                int index \u003d Integer.parseInt(input.split(\" \")[1]) - 1;","lastModifiedDate":"2021-08-25"},{"lineNumber":27,"author":{"gitId":"rgbpokka"},"content":"                taskList.markAsDone(index);","lastModifiedDate":"2021-08-25"},{"lineNumber":28,"author":{"gitId":"rgbpokka"},"content":"                userInterface.showCompletedTask(taskList.getTask(index));","lastModifiedDate":"2021-08-25"},{"lineNumber":29,"author":{"gitId":"rgbpokka"},"content":"                storage.write();","lastModifiedDate":"2021-08-25"},{"lineNumber":30,"author":{"gitId":"rgbpokka"},"content":"            } else if (input.contains(\"todo\") || input.contains(\"deadline\") || input.contains(\"event\")){","lastModifiedDate":"2021-08-25"},{"lineNumber":31,"author":{"gitId":"rgbpokka"},"content":"                if (input.contains(\"todo\") \u0026\u0026 input.length() \u003d\u003d 4) {","lastModifiedDate":"2021-08-25"},{"lineNumber":32,"author":{"gitId":"rgbpokka"},"content":"                    throw new MissingToDoDescriptionException();","lastModifiedDate":"2021-08-25"},{"lineNumber":33,"author":{"gitId":"rgbpokka"},"content":"                } else if (input.contains(\"deadline\") \u0026\u0026 input.length() \u003d\u003d 8) {","lastModifiedDate":"2021-08-25"},{"lineNumber":34,"author":{"gitId":"rgbpokka"},"content":"                    throw new MissingDeadlineDescriptionException();","lastModifiedDate":"2021-08-25"},{"lineNumber":35,"author":{"gitId":"rgbpokka"},"content":"                } else if (input.contains(\"event\") \u0026\u0026 input.length() \u003d\u003d 5) {","lastModifiedDate":"2021-08-25"},{"lineNumber":36,"author":{"gitId":"rgbpokka"},"content":"                    throw new MissingEventDescriptionException();","lastModifiedDate":"2021-08-25"},{"lineNumber":37,"author":{"gitId":"rgbpokka"},"content":"                } else {","lastModifiedDate":"2021-08-25"},{"lineNumber":38,"author":{"gitId":"rgbpokka"},"content":"                    Task t \u003d taskList.addItem(input);","lastModifiedDate":"2021-08-25"},{"lineNumber":39,"author":{"gitId":"rgbpokka"},"content":"                    userInterface.showAddedTask(t);","lastModifiedDate":"2021-08-25"},{"lineNumber":40,"author":{"gitId":"rgbpokka"},"content":"                    storage.write();","lastModifiedDate":"2021-08-25"},{"lineNumber":41,"author":{"gitId":"rgbpokka"},"content":"                }","lastModifiedDate":"2021-08-25"},{"lineNumber":42,"author":{"gitId":"rgbpokka"},"content":"            } else if (input.contains(\"delete\")) {","lastModifiedDate":"2021-08-25"},{"lineNumber":43,"author":{"gitId":"rgbpokka"},"content":"                int index \u003d Integer.parseInt(input.split(\" \" )[1]) - 1;","lastModifiedDate":"2021-08-25"},{"lineNumber":44,"author":{"gitId":"rgbpokka"},"content":"                Task t \u003d taskList.deleteItem(index);","lastModifiedDate":"2021-08-25"},{"lineNumber":45,"author":{"gitId":"rgbpokka"},"content":"                userInterface.showDeletedTask(t);","lastModifiedDate":"2021-08-25"},{"lineNumber":46,"author":{"gitId":"rgbpokka"},"content":"                storage.write();","lastModifiedDate":"2021-08-25"},{"lineNumber":47,"author":{"gitId":"rgbpokka"},"content":"            } else if (input.contains(\"find\")) {","lastModifiedDate":"2021-08-25"},{"lineNumber":48,"author":{"gitId":"rgbpokka"},"content":"                String keyword \u003d input.split(\" \")[1];","lastModifiedDate":"2021-08-25"},{"lineNumber":49,"author":{"gitId":"rgbpokka"},"content":"                List\u003cTask\u003e results \u003d taskList.find(keyword);","lastModifiedDate":"2021-08-25"},{"lineNumber":50,"author":{"gitId":"rgbpokka"},"content":"                userInterface.showResults(results);","lastModifiedDate":"2021-08-25"},{"lineNumber":51,"author":{"gitId":"rgbpokka"},"content":"            } else {","lastModifiedDate":"2021-08-25"},{"lineNumber":52,"author":{"gitId":"rgbpokka"},"content":"                throw new InvalidCommandException();","lastModifiedDate":"2021-08-25"},{"lineNumber":53,"author":{"gitId":"rgbpokka"},"content":"            }","lastModifiedDate":"2021-08-25"},{"lineNumber":54,"author":{"gitId":"rgbpokka"},"content":"        } catch (IOException e) {","lastModifiedDate":"2021-08-25"},{"lineNumber":55,"author":{"gitId":"rgbpokka"},"content":"            System.out.println(e.getMessage());","lastModifiedDate":"2021-08-25"},{"lineNumber":56,"author":{"gitId":"rgbpokka"},"content":"        }","lastModifiedDate":"2021-08-25"},{"lineNumber":57,"author":{"gitId":"rgbpokka"},"content":"","lastModifiedDate":"2021-08-25"},{"lineNumber":58,"author":{"gitId":"rgbpokka"},"content":"    }","lastModifiedDate":"2021-08-25"},{"lineNumber":59,"author":{"gitId":"rgbpokka"},"content":"}","lastModifiedDate":"2021-08-25"}],"authorContributionMap":{"rgbpokka":59}},{"path":"src/main/java/duke/Storage.java","fileType":"java","lines":[{"lineNumber":1,"author":{"gitId":"rgbpokka"},"content":"package duke;","lastModifiedDate":"2021-08-25"},{"lineNumber":2,"author":{"gitId":"rgbpokka"},"content":"","lastModifiedDate":"2021-08-25"},{"lineNumber":3,"author":{"gitId":"rgbpokka"},"content":"import java.io.IOException;","lastModifiedDate":"2021-08-25"},{"lineNumber":4,"author":{"gitId":"rgbpokka"},"content":"import java.util.Scanner;","lastModifiedDate":"2021-08-25"},{"lineNumber":5,"author":{"gitId":"rgbpokka"},"content":"import java.io.File;","lastModifiedDate":"2021-08-25"},{"lineNumber":6,"author":{"gitId":"rgbpokka"},"content":"import java.io.FileWriter;","lastModifiedDate":"2021-08-25"},{"lineNumber":7,"author":{"gitId":"rgbpokka"},"content":"import java.util.*;","lastModifiedDate":"2021-08-25"},{"lineNumber":8,"author":{"gitId":"rgbpokka"},"content":"","lastModifiedDate":"2021-08-25"},{"lineNumber":9,"author":{"gitId":"rgbpokka"},"content":"public class Storage {","lastModifiedDate":"2021-08-25"},{"lineNumber":10,"author":{"gitId":"rgbpokka"},"content":"    public String filePath;","lastModifiedDate":"2021-08-25"},{"lineNumber":11,"author":{"gitId":"rgbpokka"},"content":"    public List\u003cTask\u003e tasks;","lastModifiedDate":"2021-08-25"},{"lineNumber":12,"author":{"gitId":"rgbpokka"},"content":"    public File parentDir;","lastModifiedDate":"2021-08-25"},{"lineNumber":13,"author":{"gitId":"rgbpokka"},"content":"    public File file;","lastModifiedDate":"2021-08-25"},{"lineNumber":14,"author":{"gitId":"rgbpokka"},"content":"","lastModifiedDate":"2021-08-25"},{"lineNumber":15,"author":{"gitId":"rgbpokka"},"content":"    public Storage(String filePath) {","lastModifiedDate":"2021-08-25"},{"lineNumber":16,"author":{"gitId":"rgbpokka"},"content":"        this.filePath \u003d filePath;","lastModifiedDate":"2021-08-25"},{"lineNumber":17,"author":{"gitId":"rgbpokka"},"content":"        this.tasks \u003d new ArrayList\u003c\u003e();","lastModifiedDate":"2021-08-25"},{"lineNumber":18,"author":{"gitId":"rgbpokka"},"content":"        this.parentDir \u003d new File(filePath.substring(0, filePath.lastIndexOf(\u0027/\u0027)));","lastModifiedDate":"2021-08-25"},{"lineNumber":19,"author":{"gitId":"rgbpokka"},"content":"        this.file \u003d new File(filePath);","lastModifiedDate":"2021-08-25"},{"lineNumber":20,"author":{"gitId":"rgbpokka"},"content":"    }","lastModifiedDate":"2021-08-25"},{"lineNumber":21,"author":{"gitId":"rgbpokka"},"content":"","lastModifiedDate":"2021-08-25"},{"lineNumber":22,"author":{"gitId":"rgbpokka"},"content":"    public List\u003cTask\u003e load() throws IOException {","lastModifiedDate":"2021-08-25"},{"lineNumber":23,"author":{"gitId":"rgbpokka"},"content":"        if (! parentDir.exists()) {","lastModifiedDate":"2021-08-25"},{"lineNumber":24,"author":{"gitId":"rgbpokka"},"content":"            parentDir.mkdirs();","lastModifiedDate":"2021-08-25"},{"lineNumber":25,"author":{"gitId":"rgbpokka"},"content":"            file.createNewFile();","lastModifiedDate":"2021-08-25"},{"lineNumber":26,"author":{"gitId":"rgbpokka"},"content":"        } else if (! file.isFile()) {","lastModifiedDate":"2021-08-25"},{"lineNumber":27,"author":{"gitId":"rgbpokka"},"content":"            file.createNewFile();","lastModifiedDate":"2021-08-25"},{"lineNumber":28,"author":{"gitId":"rgbpokka"},"content":"        } else {","lastModifiedDate":"2021-08-25"},{"lineNumber":29,"author":{"gitId":"rgbpokka"},"content":"            Scanner s \u003d new Scanner(file);","lastModifiedDate":"2021-08-25"},{"lineNumber":30,"author":{"gitId":"rgbpokka"},"content":"            while (s.hasNext()) {","lastModifiedDate":"2021-08-25"},{"lineNumber":31,"author":{"gitId":"rgbpokka"},"content":"                Task task \u003d null; // possible NPE","lastModifiedDate":"2021-08-25"},{"lineNumber":32,"author":{"gitId":"rgbpokka"},"content":"                String[] taskComponents \u003d s.nextLine().split(\"\\\\|\");","lastModifiedDate":"2021-08-25"},{"lineNumber":33,"author":{"gitId":"rgbpokka"},"content":"                String taskType \u003d taskComponents[0];","lastModifiedDate":"2021-08-25"},{"lineNumber":34,"author":{"gitId":"rgbpokka"},"content":"                boolean taskCompleted \u003d Integer.parseInt(taskComponents[1]) \u003d\u003d 1;","lastModifiedDate":"2021-08-25"},{"lineNumber":35,"author":{"gitId":"rgbpokka"},"content":"                String taskDescription \u003d taskComponents[2];","lastModifiedDate":"2021-08-25"},{"lineNumber":36,"author":{"gitId":"rgbpokka"},"content":"                String taskTime \u003d \"\";","lastModifiedDate":"2021-08-25"},{"lineNumber":37,"author":{"gitId":"rgbpokka"},"content":"                if (taskComponents.length \u003e 3) {","lastModifiedDate":"2021-08-25"},{"lineNumber":38,"author":{"gitId":"rgbpokka"},"content":"                    taskTime \u003d taskComponents[3];","lastModifiedDate":"2021-08-25"},{"lineNumber":39,"author":{"gitId":"rgbpokka"},"content":"                }","lastModifiedDate":"2021-08-25"},{"lineNumber":40,"author":{"gitId":"rgbpokka"},"content":"                switch (taskType){","lastModifiedDate":"2021-08-25"},{"lineNumber":41,"author":{"gitId":"rgbpokka"},"content":"                case \"T\":","lastModifiedDate":"2021-08-25"},{"lineNumber":42,"author":{"gitId":"rgbpokka"},"content":"                    task \u003d new ToDo(taskDescription);","lastModifiedDate":"2021-08-25"},{"lineNumber":43,"author":{"gitId":"rgbpokka"},"content":"                    if (taskCompleted) task.setDone();","lastModifiedDate":"2021-08-25"},{"lineNumber":44,"author":{"gitId":"rgbpokka"},"content":"                    break;","lastModifiedDate":"2021-08-25"},{"lineNumber":45,"author":{"gitId":"rgbpokka"},"content":"                case \"D\":","lastModifiedDate":"2021-08-25"},{"lineNumber":46,"author":{"gitId":"rgbpokka"},"content":"                    task \u003d new Deadline(taskDescription, taskTime);","lastModifiedDate":"2021-08-25"},{"lineNumber":47,"author":{"gitId":"rgbpokka"},"content":"                    if (taskCompleted) task.setDone();","lastModifiedDate":"2021-08-25"},{"lineNumber":48,"author":{"gitId":"rgbpokka"},"content":"                    break;","lastModifiedDate":"2021-08-25"},{"lineNumber":49,"author":{"gitId":"rgbpokka"},"content":"                case \"E\":","lastModifiedDate":"2021-08-25"},{"lineNumber":50,"author":{"gitId":"rgbpokka"},"content":"                    task \u003d new Event(taskDescription, taskTime);","lastModifiedDate":"2021-08-25"},{"lineNumber":51,"author":{"gitId":"rgbpokka"},"content":"                    if (taskCompleted) task.setDone();","lastModifiedDate":"2021-08-25"},{"lineNumber":52,"author":{"gitId":"rgbpokka"},"content":"                }","lastModifiedDate":"2021-08-25"},{"lineNumber":53,"author":{"gitId":"rgbpokka"},"content":"                tasks.add(task);","lastModifiedDate":"2021-08-25"},{"lineNumber":54,"author":{"gitId":"rgbpokka"},"content":"            }","lastModifiedDate":"2021-08-25"},{"lineNumber":55,"author":{"gitId":"rgbpokka"},"content":"        }","lastModifiedDate":"2021-08-25"},{"lineNumber":56,"author":{"gitId":"rgbpokka"},"content":"","lastModifiedDate":"2021-08-25"},{"lineNumber":57,"author":{"gitId":"rgbpokka"},"content":"        return tasks;","lastModifiedDate":"2021-08-25"},{"lineNumber":58,"author":{"gitId":"rgbpokka"},"content":"    }","lastModifiedDate":"2021-08-25"},{"lineNumber":59,"author":{"gitId":"rgbpokka"},"content":"","lastModifiedDate":"2021-08-25"},{"lineNumber":60,"author":{"gitId":"rgbpokka"},"content":"    public void write() throws IOException {","lastModifiedDate":"2021-08-25"},{"lineNumber":61,"author":{"gitId":"rgbpokka"},"content":"        FileWriter fw \u003d new FileWriter(file);","lastModifiedDate":"2021-08-25"},{"lineNumber":62,"author":{"gitId":"rgbpokka"},"content":"        for (int i \u003d 0; i \u003c tasks.size(); i++) {","lastModifiedDate":"2021-08-25"},{"lineNumber":63,"author":{"gitId":"rgbpokka"},"content":"            Task task \u003d tasks.get(i);","lastModifiedDate":"2021-08-25"},{"lineNumber":64,"author":{"gitId":"rgbpokka"},"content":"            char type \u003d task.getTaskType();","lastModifiedDate":"2021-08-25"},{"lineNumber":65,"author":{"gitId":"rgbpokka"},"content":"            int doneBit \u003d task.isDone() ? 1 : 0;","lastModifiedDate":"2021-08-25"},{"lineNumber":66,"author":{"gitId":"rgbpokka"},"content":"            String description \u003d task.getDescription();","lastModifiedDate":"2021-08-25"},{"lineNumber":67,"author":{"gitId":"rgbpokka"},"content":"            String time \u003d task.getTime();","lastModifiedDate":"2021-08-25"},{"lineNumber":68,"author":{"gitId":"rgbpokka"},"content":"","lastModifiedDate":"2021-08-25"},{"lineNumber":69,"author":{"gitId":"rgbpokka"},"content":"            String s \u003d type + \"|\" + doneBit + \"|\" + description +","lastModifiedDate":"2021-08-25"},{"lineNumber":70,"author":{"gitId":"rgbpokka"},"content":"                    (time.equals(\"\") ? time : \"|\" + time);","lastModifiedDate":"2021-08-25"},{"lineNumber":71,"author":{"gitId":"rgbpokka"},"content":"            fw.write(s + \"\\n\");","lastModifiedDate":"2021-08-25"},{"lineNumber":72,"author":{"gitId":"rgbpokka"},"content":"        }","lastModifiedDate":"2021-08-25"},{"lineNumber":73,"author":{"gitId":"rgbpokka"},"content":"        fw.close();","lastModifiedDate":"2021-08-25"},{"lineNumber":74,"author":{"gitId":"rgbpokka"},"content":"        System.out.println(\"written to file successfully\");","lastModifiedDate":"2021-08-25"},{"lineNumber":75,"author":{"gitId":"rgbpokka"},"content":"    }","lastModifiedDate":"2021-08-25"},{"lineNumber":76,"author":{"gitId":"rgbpokka"},"content":"}","lastModifiedDate":"2021-08-25"}],"authorContributionMap":{"rgbpokka":76}},{"path":"src/main/java/duke/Task.java","fileType":"java","lines":[{"lineNumber":1,"author":{"gitId":"rgbpokka"},"content":"package duke;","lastModifiedDate":"2021-08-25"},{"lineNumber":2,"author":{"gitId":"rgbpokka"},"content":"","lastModifiedDate":"2021-08-25"},{"lineNumber":3,"author":{"gitId":"rgbpokka"},"content":"import java.util.Objects;","lastModifiedDate":"2021-08-25"},{"lineNumber":4,"author":{"gitId":"rgbpokka"},"content":"","lastModifiedDate":"2021-08-25"},{"lineNumber":5,"author":{"gitId":"rgbpokka"},"content":"public abstract class Task {","lastModifiedDate":"2021-08-25"},{"lineNumber":6,"author":{"gitId":"rgbpokka"},"content":"    protected String description;","lastModifiedDate":"2021-08-18"},{"lineNumber":7,"author":{"gitId":"rgbpokka"},"content":"    protected boolean isDone;","lastModifiedDate":"2021-08-18"},{"lineNumber":8,"author":{"gitId":"rgbpokka"},"content":"","lastModifiedDate":"2021-08-18"},{"lineNumber":9,"author":{"gitId":"rgbpokka"},"content":"    public Task(String description) {","lastModifiedDate":"2021-08-18"},{"lineNumber":10,"author":{"gitId":"rgbpokka"},"content":"        this.description \u003d description;","lastModifiedDate":"2021-08-18"},{"lineNumber":11,"author":{"gitId":"rgbpokka"},"content":"        this.isDone \u003d false;","lastModifiedDate":"2021-08-18"},{"lineNumber":12,"author":{"gitId":"rgbpokka"},"content":"    }","lastModifiedDate":"2021-08-18"},{"lineNumber":13,"author":{"gitId":"rgbpokka"},"content":"","lastModifiedDate":"2021-08-18"},{"lineNumber":14,"author":{"gitId":"rgbpokka"},"content":"    public String getStatusIcon() {","lastModifiedDate":"2021-08-18"},{"lineNumber":15,"author":{"gitId":"rgbpokka"},"content":"        return (isDone ? \"X\" : \" \"); // mark done task with X","lastModifiedDate":"2021-08-18"},{"lineNumber":16,"author":{"gitId":"rgbpokka"},"content":"    }","lastModifiedDate":"2021-08-18"},{"lineNumber":17,"author":{"gitId":"rgbpokka"},"content":"","lastModifiedDate":"2021-08-18"},{"lineNumber":18,"author":{"gitId":"rgbpokka"},"content":"    public String getDescription() {","lastModifiedDate":"2021-08-18"},{"lineNumber":19,"author":{"gitId":"rgbpokka"},"content":"        return description;","lastModifiedDate":"2021-08-18"},{"lineNumber":20,"author":{"gitId":"rgbpokka"},"content":"    }","lastModifiedDate":"2021-08-18"},{"lineNumber":21,"author":{"gitId":"rgbpokka"},"content":"","lastModifiedDate":"2021-08-18"},{"lineNumber":22,"author":{"gitId":"rgbpokka"},"content":"    public void setDone() {","lastModifiedDate":"2021-08-18"},{"lineNumber":23,"author":{"gitId":"rgbpokka"},"content":"        this.isDone \u003d true;","lastModifiedDate":"2021-08-18"},{"lineNumber":24,"author":{"gitId":"rgbpokka"},"content":"    }","lastModifiedDate":"2021-08-18"},{"lineNumber":25,"author":{"gitId":"rgbpokka"},"content":"","lastModifiedDate":"2021-08-18"},{"lineNumber":26,"author":{"gitId":"rgbpokka"},"content":"    public abstract char getTaskType();","lastModifiedDate":"2021-08-25"},{"lineNumber":27,"author":{"gitId":"rgbpokka"},"content":"","lastModifiedDate":"2021-08-25"},{"lineNumber":28,"author":{"gitId":"rgbpokka"},"content":"    public boolean isDone() {","lastModifiedDate":"2021-08-25"},{"lineNumber":29,"author":{"gitId":"rgbpokka"},"content":"        return this.isDone;","lastModifiedDate":"2021-08-25"},{"lineNumber":30,"author":{"gitId":"rgbpokka"},"content":"    }","lastModifiedDate":"2021-08-25"},{"lineNumber":31,"author":{"gitId":"rgbpokka"},"content":"","lastModifiedDate":"2021-08-25"},{"lineNumber":32,"author":{"gitId":"rgbpokka"},"content":"    public abstract String getTime();","lastModifiedDate":"2021-08-25"},{"lineNumber":33,"author":{"gitId":"rgbpokka"},"content":"","lastModifiedDate":"2021-08-25"},{"lineNumber":34,"author":{"gitId":"rgbpokka"},"content":"    @Override","lastModifiedDate":"2021-08-18"},{"lineNumber":35,"author":{"gitId":"rgbpokka"},"content":"    public String toString() {","lastModifiedDate":"2021-08-18"},{"lineNumber":36,"author":{"gitId":"rgbpokka"},"content":"        return \"[\" + getStatusIcon() + \"] \" + getDescription();","lastModifiedDate":"2021-08-18"},{"lineNumber":37,"author":{"gitId":"rgbpokka"},"content":"    }","lastModifiedDate":"2021-08-18"},{"lineNumber":38,"author":{"gitId":"rgbpokka"},"content":"","lastModifiedDate":"2021-08-25"},{"lineNumber":39,"author":{"gitId":"rgbpokka"},"content":"    @Override","lastModifiedDate":"2021-08-25"},{"lineNumber":40,"author":{"gitId":"rgbpokka"},"content":"    public boolean equals(Object o) {","lastModifiedDate":"2021-08-25"},{"lineNumber":41,"author":{"gitId":"rgbpokka"},"content":"        if (this \u003d\u003d o) return true;","lastModifiedDate":"2021-08-25"},{"lineNumber":42,"author":{"gitId":"rgbpokka"},"content":"        if (o \u003d\u003d null || getClass() !\u003d o.getClass()) return false;","lastModifiedDate":"2021-08-25"},{"lineNumber":43,"author":{"gitId":"rgbpokka"},"content":"        Task task \u003d (Task) o;","lastModifiedDate":"2021-08-25"},{"lineNumber":44,"author":{"gitId":"rgbpokka"},"content":"        return isDone \u003d\u003d task.isDone \u0026\u0026 Objects.equals(description, task.description);","lastModifiedDate":"2021-08-25"},{"lineNumber":45,"author":{"gitId":"rgbpokka"},"content":"    }","lastModifiedDate":"2021-08-25"},{"lineNumber":46,"author":{"gitId":"rgbpokka"},"content":"}","lastModifiedDate":"2021-08-18"}],"authorContributionMap":{"rgbpokka":46}},{"path":"src/main/java/duke/TaskList.java","fileType":"java","lines":[{"lineNumber":1,"author":{"gitId":"rgbpokka"},"content":"package duke;","lastModifiedDate":"2021-08-25"},{"lineNumber":2,"author":{"gitId":"rgbpokka"},"content":"","lastModifiedDate":"2021-08-25"},{"lineNumber":3,"author":{"gitId":"rgbpokka"},"content":"import java.util.*;","lastModifiedDate":"2021-08-25"},{"lineNumber":4,"author":{"gitId":"rgbpokka"},"content":"","lastModifiedDate":"2021-08-25"},{"lineNumber":5,"author":{"gitId":"rgbpokka"},"content":"public class TaskList {","lastModifiedDate":"2021-08-25"},{"lineNumber":6,"author":{"gitId":"rgbpokka"},"content":"    List\u003cTask\u003e taskList;","lastModifiedDate":"2021-08-25"},{"lineNumber":7,"author":{"gitId":"rgbpokka"},"content":"","lastModifiedDate":"2021-08-25"},{"lineNumber":8,"author":{"gitId":"rgbpokka"},"content":"    public TaskList() {","lastModifiedDate":"2021-08-25"},{"lineNumber":9,"author":{"gitId":"rgbpokka"},"content":"        this.taskList \u003d new ArrayList\u003c\u003e();","lastModifiedDate":"2021-08-25"},{"lineNumber":10,"author":{"gitId":"rgbpokka"},"content":"    }","lastModifiedDate":"2021-08-25"},{"lineNumber":11,"author":{"gitId":"rgbpokka"},"content":"","lastModifiedDate":"2021-08-25"},{"lineNumber":12,"author":{"gitId":"rgbpokka"},"content":"    public TaskList(List\u003cTask\u003e tasks) {","lastModifiedDate":"2021-08-25"},{"lineNumber":13,"author":{"gitId":"rgbpokka"},"content":"        this.taskList \u003d tasks;","lastModifiedDate":"2021-08-25"},{"lineNumber":14,"author":{"gitId":"rgbpokka"},"content":"    }","lastModifiedDate":"2021-08-25"},{"lineNumber":15,"author":{"gitId":"rgbpokka"},"content":"","lastModifiedDate":"2021-08-25"},{"lineNumber":16,"author":{"gitId":"rgbpokka"},"content":"    public Task addItem(String input) {","lastModifiedDate":"2021-08-25"},{"lineNumber":17,"author":{"gitId":"rgbpokka"},"content":"        Task t;","lastModifiedDate":"2021-08-25"},{"lineNumber":18,"author":{"gitId":"rgbpokka"},"content":"","lastModifiedDate":"2021-08-25"},{"lineNumber":19,"author":{"gitId":"rgbpokka"},"content":"        if (input.contains(\"todo\")) {","lastModifiedDate":"2021-08-25"},{"lineNumber":20,"author":{"gitId":"rgbpokka"},"content":"            String description \u003d input.substring(input.indexOf(\u0027 \u0027) + 1);","lastModifiedDate":"2021-08-25"},{"lineNumber":21,"author":{"gitId":"rgbpokka"},"content":"            t \u003d new ToDo(description);","lastModifiedDate":"2021-08-25"},{"lineNumber":22,"author":{"gitId":"rgbpokka"},"content":"        } else {","lastModifiedDate":"2021-08-25"},{"lineNumber":23,"author":{"gitId":"rgbpokka"},"content":"            String description \u003d input.substring(input.indexOf(\u0027 \u0027) + 1, input.lastIndexOf(\u0027/\u0027) - 1);","lastModifiedDate":"2021-08-25"},{"lineNumber":24,"author":{"gitId":"rgbpokka"},"content":"            String time \u003d input.substring(input.lastIndexOf(\"/\") + 4);","lastModifiedDate":"2021-08-25"},{"lineNumber":25,"author":{"gitId":"rgbpokka"},"content":"            if (input.contains(\"deadline\")) {","lastModifiedDate":"2021-08-25"},{"lineNumber":26,"author":{"gitId":"rgbpokka"},"content":"                t \u003d new Deadline(description, time);","lastModifiedDate":"2021-08-25"},{"lineNumber":27,"author":{"gitId":"rgbpokka"},"content":"            } else {","lastModifiedDate":"2021-08-25"},{"lineNumber":28,"author":{"gitId":"rgbpokka"},"content":"                t \u003d new Event(description, time);","lastModifiedDate":"2021-08-25"},{"lineNumber":29,"author":{"gitId":"rgbpokka"},"content":"            }","lastModifiedDate":"2021-08-25"},{"lineNumber":30,"author":{"gitId":"rgbpokka"},"content":"        }","lastModifiedDate":"2021-08-25"},{"lineNumber":31,"author":{"gitId":"rgbpokka"},"content":"","lastModifiedDate":"2021-08-25"},{"lineNumber":32,"author":{"gitId":"rgbpokka"},"content":"        taskList.add(t);","lastModifiedDate":"2021-08-25"},{"lineNumber":33,"author":{"gitId":"rgbpokka"},"content":"","lastModifiedDate":"2021-08-25"},{"lineNumber":34,"author":{"gitId":"rgbpokka"},"content":"        return t;","lastModifiedDate":"2021-08-25"},{"lineNumber":35,"author":{"gitId":"rgbpokka"},"content":"    }","lastModifiedDate":"2021-08-25"},{"lineNumber":36,"author":{"gitId":"rgbpokka"},"content":"","lastModifiedDate":"2021-08-25"},{"lineNumber":37,"author":{"gitId":"rgbpokka"},"content":"    public Task deleteItem(int index) {","lastModifiedDate":"2021-08-25"},{"lineNumber":38,"author":{"gitId":"rgbpokka"},"content":"        Task t \u003d getTask(index);","lastModifiedDate":"2021-08-25"},{"lineNumber":39,"author":{"gitId":"rgbpokka"},"content":"        taskList.remove(index);","lastModifiedDate":"2021-08-25"},{"lineNumber":40,"author":{"gitId":"rgbpokka"},"content":"","lastModifiedDate":"2021-08-25"},{"lineNumber":41,"author":{"gitId":"rgbpokka"},"content":"        return t;","lastModifiedDate":"2021-08-25"},{"lineNumber":42,"author":{"gitId":"rgbpokka"},"content":"    }","lastModifiedDate":"2021-08-25"},{"lineNumber":43,"author":{"gitId":"rgbpokka"},"content":"","lastModifiedDate":"2021-08-25"},{"lineNumber":44,"author":{"gitId":"rgbpokka"},"content":"    public Task getTask(int index) {","lastModifiedDate":"2021-08-25"},{"lineNumber":45,"author":{"gitId":"rgbpokka"},"content":"        return taskList.get(index);","lastModifiedDate":"2021-08-25"},{"lineNumber":46,"author":{"gitId":"rgbpokka"},"content":"    }","lastModifiedDate":"2021-08-25"},{"lineNumber":47,"author":{"gitId":"rgbpokka"},"content":"","lastModifiedDate":"2021-08-25"},{"lineNumber":48,"author":{"gitId":"rgbpokka"},"content":"    public int getSize() { return taskList.size(); }","lastModifiedDate":"2021-08-25"},{"lineNumber":49,"author":{"gitId":"rgbpokka"},"content":"","lastModifiedDate":"2021-08-25"},{"lineNumber":50,"author":{"gitId":"rgbpokka"},"content":"    public List\u003cTask\u003e find (String keyword) {","lastModifiedDate":"2021-08-25"},{"lineNumber":51,"author":{"gitId":"rgbpokka"},"content":"        List\u003cTask\u003e results \u003d new ArrayList\u003c\u003e();","lastModifiedDate":"2021-08-25"},{"lineNumber":52,"author":{"gitId":"rgbpokka"},"content":"        for (int i \u003d 0; i \u003c taskList.size(); i++) {","lastModifiedDate":"2021-08-25"},{"lineNumber":53,"author":{"gitId":"rgbpokka"},"content":"            Task task \u003d getTask(i);","lastModifiedDate":"2021-08-25"},{"lineNumber":54,"author":{"gitId":"rgbpokka"},"content":"            if (task.getDescription().contains(keyword)) {","lastModifiedDate":"2021-08-25"},{"lineNumber":55,"author":{"gitId":"rgbpokka"},"content":"                results.add(task);","lastModifiedDate":"2021-08-25"},{"lineNumber":56,"author":{"gitId":"rgbpokka"},"content":"            }","lastModifiedDate":"2021-08-25"},{"lineNumber":57,"author":{"gitId":"rgbpokka"},"content":"        }","lastModifiedDate":"2021-08-25"},{"lineNumber":58,"author":{"gitId":"rgbpokka"},"content":"","lastModifiedDate":"2021-08-25"},{"lineNumber":59,"author":{"gitId":"rgbpokka"},"content":"        return results;","lastModifiedDate":"2021-08-25"},{"lineNumber":60,"author":{"gitId":"rgbpokka"},"content":"    }","lastModifiedDate":"2021-08-25"},{"lineNumber":61,"author":{"gitId":"rgbpokka"},"content":"","lastModifiedDate":"2021-08-25"},{"lineNumber":62,"author":{"gitId":"rgbpokka"},"content":"    public void markAsDone(int index) {","lastModifiedDate":"2021-08-25"},{"lineNumber":63,"author":{"gitId":"rgbpokka"},"content":"        Task t \u003d getTask(index);","lastModifiedDate":"2021-08-25"},{"lineNumber":64,"author":{"gitId":"rgbpokka"},"content":"        t.setDone();","lastModifiedDate":"2021-08-25"},{"lineNumber":65,"author":{"gitId":"rgbpokka"},"content":"    }","lastModifiedDate":"2021-08-25"},{"lineNumber":66,"author":{"gitId":"rgbpokka"},"content":"}","lastModifiedDate":"2021-08-25"}],"authorContributionMap":{"rgbpokka":66}},{"path":"src/main/java/duke/ToDo.java","fileType":"java","lines":[{"lineNumber":1,"author":{"gitId":"rgbpokka"},"content":"package duke;","lastModifiedDate":"2021-08-25"},{"lineNumber":2,"author":{"gitId":"rgbpokka"},"content":"","lastModifiedDate":"2021-08-25"},{"lineNumber":3,"author":{"gitId":"rgbpokka"},"content":"public class ToDo extends Task {","lastModifiedDate":"2021-08-18"},{"lineNumber":4,"author":{"gitId":"rgbpokka"},"content":"    public ToDo(String description) {","lastModifiedDate":"2021-08-18"},{"lineNumber":5,"author":{"gitId":"rgbpokka"},"content":"        super(description);","lastModifiedDate":"2021-08-18"},{"lineNumber":6,"author":{"gitId":"rgbpokka"},"content":"    }","lastModifiedDate":"2021-08-18"},{"lineNumber":7,"author":{"gitId":"rgbpokka"},"content":"","lastModifiedDate":"2021-08-18"},{"lineNumber":8,"author":{"gitId":"rgbpokka"},"content":"    @Override","lastModifiedDate":"2021-08-25"},{"lineNumber":9,"author":{"gitId":"rgbpokka"},"content":"    public char getTaskType() { return \u0027T\u0027; }","lastModifiedDate":"2021-08-25"},{"lineNumber":10,"author":{"gitId":"rgbpokka"},"content":"","lastModifiedDate":"2021-08-25"},{"lineNumber":11,"author":{"gitId":"rgbpokka"},"content":"    @Override","lastModifiedDate":"2021-08-25"},{"lineNumber":12,"author":{"gitId":"rgbpokka"},"content":"    public String getTime() {","lastModifiedDate":"2021-08-25"},{"lineNumber":13,"author":{"gitId":"rgbpokka"},"content":"        return \"\";","lastModifiedDate":"2021-08-25"},{"lineNumber":14,"author":{"gitId":"rgbpokka"},"content":"    }","lastModifiedDate":"2021-08-25"},{"lineNumber":15,"author":{"gitId":"rgbpokka"},"content":"","lastModifiedDate":"2021-08-25"},{"lineNumber":16,"author":{"gitId":"rgbpokka"},"content":"    @Override","lastModifiedDate":"2021-08-18"},{"lineNumber":17,"author":{"gitId":"rgbpokka"},"content":"    public String toString() {","lastModifiedDate":"2021-08-18"},{"lineNumber":18,"author":{"gitId":"rgbpokka"},"content":"        return \"  [T]\" + super.toString();","lastModifiedDate":"2021-08-18"},{"lineNumber":19,"author":{"gitId":"rgbpokka"},"content":"    }","lastModifiedDate":"2021-08-18"},{"lineNumber":20,"author":{"gitId":"rgbpokka"},"content":"}","lastModifiedDate":"2021-08-18"}],"authorContributionMap":{"rgbpokka":20}},{"path":"src/main/java/duke/UserInterface.java","fileType":"java","lines":[{"lineNumber":1,"author":{"gitId":"rgbpokka"},"content":"package duke;","lastModifiedDate":"2021-08-25"},{"lineNumber":2,"author":{"gitId":"rgbpokka"},"content":"","lastModifiedDate":"2021-08-25"},{"lineNumber":3,"author":{"gitId":"rgbpokka"},"content":"import java.util.*;","lastModifiedDate":"2021-08-25"},{"lineNumber":4,"author":{"gitId":"rgbpokka"},"content":"","lastModifiedDate":"2021-08-25"},{"lineNumber":5,"author":{"gitId":"rgbpokka"},"content":"public class UserInterface {","lastModifiedDate":"2021-08-25"},{"lineNumber":6,"author":{"gitId":"rgbpokka"},"content":"    TaskList taskList;","lastModifiedDate":"2021-08-25"},{"lineNumber":7,"author":{"gitId":"rgbpokka"},"content":"","lastModifiedDate":"2021-08-25"},{"lineNumber":8,"author":{"gitId":"rgbpokka"},"content":"    public UserInterface() {","lastModifiedDate":"2021-08-25"},{"lineNumber":9,"author":{"gitId":"rgbpokka"},"content":"        this.taskList \u003d new TaskList();","lastModifiedDate":"2021-08-25"},{"lineNumber":10,"author":{"gitId":"rgbpokka"},"content":"    }","lastModifiedDate":"2021-08-25"},{"lineNumber":11,"author":{"gitId":"rgbpokka"},"content":"","lastModifiedDate":"2021-08-25"},{"lineNumber":12,"author":{"gitId":"rgbpokka"},"content":"    public UserInterface(TaskList taskList) {","lastModifiedDate":"2021-08-25"},{"lineNumber":13,"author":{"gitId":"rgbpokka"},"content":"        this.taskList \u003d taskList;","lastModifiedDate":"2021-08-25"},{"lineNumber":14,"author":{"gitId":"rgbpokka"},"content":"    }","lastModifiedDate":"2021-08-25"},{"lineNumber":15,"author":{"gitId":"rgbpokka"},"content":"","lastModifiedDate":"2021-08-25"},{"lineNumber":16,"author":{"gitId":"rgbpokka"},"content":"    public void greet() {","lastModifiedDate":"2021-08-25"},{"lineNumber":17,"author":{"gitId":"rgbpokka"},"content":"        String logo \u003d \" ____        _        \\n\"","lastModifiedDate":"2021-08-25"},{"lineNumber":18,"author":{"gitId":"rgbpokka"},"content":"                + \"|  _ \\\\ _   _| | _____ \\n\"","lastModifiedDate":"2021-08-25"},{"lineNumber":19,"author":{"gitId":"rgbpokka"},"content":"                + \"| | | | | | | |/ / _ \\\\\\n\"","lastModifiedDate":"2021-08-25"},{"lineNumber":20,"author":{"gitId":"rgbpokka"},"content":"                + \"| |_| | |_| |   \u003c  __/\\n\"","lastModifiedDate":"2021-08-25"},{"lineNumber":21,"author":{"gitId":"rgbpokka"},"content":"                + \"|____/ \\\\__,_|_|\\\\_\\\\___|\\n\";","lastModifiedDate":"2021-08-25"},{"lineNumber":22,"author":{"gitId":"rgbpokka"},"content":"        System.out.println(\"Hello from\\n\" + logo);","lastModifiedDate":"2021-08-25"},{"lineNumber":23,"author":{"gitId":"rgbpokka"},"content":"        System.out.println(\"What can I do for you?\");","lastModifiedDate":"2021-08-25"},{"lineNumber":24,"author":{"gitId":"rgbpokka"},"content":"    }","lastModifiedDate":"2021-08-25"},{"lineNumber":25,"author":{"gitId":"rgbpokka"},"content":"","lastModifiedDate":"2021-08-25"},{"lineNumber":26,"author":{"gitId":"rgbpokka"},"content":"    public void showLoadingError() {","lastModifiedDate":"2021-08-25"},{"lineNumber":27,"author":{"gitId":"rgbpokka"},"content":"        System.out.println(\"Problem loading \");","lastModifiedDate":"2021-08-25"},{"lineNumber":28,"author":{"gitId":"rgbpokka"},"content":"    }","lastModifiedDate":"2021-08-25"},{"lineNumber":29,"author":{"gitId":"rgbpokka"},"content":"","lastModifiedDate":"2021-08-25"},{"lineNumber":30,"author":{"gitId":"rgbpokka"},"content":"    public void showList() {","lastModifiedDate":"2021-08-25"},{"lineNumber":31,"author":{"gitId":"rgbpokka"},"content":"        System.out.println(\"Here are the tasks in your list: \");","lastModifiedDate":"2021-08-25"},{"lineNumber":32,"author":{"gitId":"rgbpokka"},"content":"        for (int i \u003d 1; i \u003c\u003d taskList.getSize(); i++) {","lastModifiedDate":"2021-08-25"},{"lineNumber":33,"author":{"gitId":"rgbpokka"},"content":"            Task t \u003d taskList.getTask(i - 1);","lastModifiedDate":"2021-08-25"},{"lineNumber":34,"author":{"gitId":"rgbpokka"},"content":"            System.out.println(i + \".\" + t.toString());","lastModifiedDate":"2021-08-25"},{"lineNumber":35,"author":{"gitId":"rgbpokka"},"content":"        }","lastModifiedDate":"2021-08-25"},{"lineNumber":36,"author":{"gitId":"rgbpokka"},"content":"    }","lastModifiedDate":"2021-08-25"},{"lineNumber":37,"author":{"gitId":"rgbpokka"},"content":"","lastModifiedDate":"2021-08-25"},{"lineNumber":38,"author":{"gitId":"rgbpokka"},"content":"    public void showCompletedTask(Task t) {","lastModifiedDate":"2021-08-25"},{"lineNumber":39,"author":{"gitId":"rgbpokka"},"content":"        System.out.println(\"Nice! I\u0027ve marked this task as done: \");","lastModifiedDate":"2021-08-25"},{"lineNumber":40,"author":{"gitId":"rgbpokka"},"content":"        System.out.println(t.toString());","lastModifiedDate":"2021-08-25"},{"lineNumber":41,"author":{"gitId":"rgbpokka"},"content":"    }","lastModifiedDate":"2021-08-25"},{"lineNumber":42,"author":{"gitId":"rgbpokka"},"content":"","lastModifiedDate":"2021-08-25"},{"lineNumber":43,"author":{"gitId":"rgbpokka"},"content":"    public void showAddedTask(Task t) {","lastModifiedDate":"2021-08-25"},{"lineNumber":44,"author":{"gitId":"rgbpokka"},"content":"        System.out.println(\"Got it. I\u0027ve added this task:\");","lastModifiedDate":"2021-08-25"},{"lineNumber":45,"author":{"gitId":"rgbpokka"},"content":"        System.out.println(t.toString());","lastModifiedDate":"2021-08-25"},{"lineNumber":46,"author":{"gitId":"rgbpokka"},"content":"        System.out.println(\"Now you have \" + taskList.getSize() + \" tasks in the list.\");","lastModifiedDate":"2021-08-25"},{"lineNumber":47,"author":{"gitId":"rgbpokka"},"content":"    }","lastModifiedDate":"2021-08-25"},{"lineNumber":48,"author":{"gitId":"rgbpokka"},"content":"","lastModifiedDate":"2021-08-25"},{"lineNumber":49,"author":{"gitId":"rgbpokka"},"content":"    public void showDeletedTask(Task t) {","lastModifiedDate":"2021-08-25"},{"lineNumber":50,"author":{"gitId":"rgbpokka"},"content":"        System.out.println(\"Noted. I\u0027ve removed this task:\");","lastModifiedDate":"2021-08-25"},{"lineNumber":51,"author":{"gitId":"rgbpokka"},"content":"        System.out.println(t.toString());","lastModifiedDate":"2021-08-25"},{"lineNumber":52,"author":{"gitId":"rgbpokka"},"content":"        System.out.println(\"Now you have \" + taskList.getSize() + \" tasks in the list.\");","lastModifiedDate":"2021-08-25"},{"lineNumber":53,"author":{"gitId":"rgbpokka"},"content":"    }","lastModifiedDate":"2021-08-25"},{"lineNumber":54,"author":{"gitId":"rgbpokka"},"content":"","lastModifiedDate":"2021-08-25"},{"lineNumber":55,"author":{"gitId":"rgbpokka"},"content":"    public void showResults(List\u003cTask\u003e results) {","lastModifiedDate":"2021-08-25"},{"lineNumber":56,"author":{"gitId":"rgbpokka"},"content":"        System.out.println(\"Here are the matching tasks in your list:\");","lastModifiedDate":"2021-08-25"},{"lineNumber":57,"author":{"gitId":"rgbpokka"},"content":"        for (int i \u003d 1; i \u003c\u003d results.size(); i++) {","lastModifiedDate":"2021-08-25"},{"lineNumber":58,"author":{"gitId":"rgbpokka"},"content":"            Task t \u003d results.get(i - 1);","lastModifiedDate":"2021-08-25"},{"lineNumber":59,"author":{"gitId":"rgbpokka"},"content":"            System.out.println(i + \".\" + t.toString());","lastModifiedDate":"2021-08-25"},{"lineNumber":60,"author":{"gitId":"rgbpokka"},"content":"        }","lastModifiedDate":"2021-08-25"},{"lineNumber":61,"author":{"gitId":"rgbpokka"},"content":"    }","lastModifiedDate":"2021-08-25"},{"lineNumber":62,"author":{"gitId":"rgbpokka"},"content":"}","lastModifiedDate":"2021-08-25"}],"authorContributionMap":{"rgbpokka":62}},{"path":"src/test/java/DeadlineTest.java","fileType":"java","lines":[{"lineNumber":1,"author":{"gitId":"rgbpokka"},"content":"import duke.Deadline;","lastModifiedDate":"2021-08-25"},{"lineNumber":2,"author":{"gitId":"rgbpokka"},"content":"import duke.TaskList;","lastModifiedDate":"2021-08-25"},{"lineNumber":3,"author":{"gitId":"rgbpokka"},"content":"import duke.ToDo;","lastModifiedDate":"2021-08-25"},{"lineNumber":4,"author":{"gitId":"rgbpokka"},"content":"import org.junit.jupiter.api.Test;","lastModifiedDate":"2021-08-25"},{"lineNumber":5,"author":{"gitId":"rgbpokka"},"content":"import static org.junit.jupiter.api.Assertions.assertEquals;","lastModifiedDate":"2021-08-25"},{"lineNumber":6,"author":{"gitId":"rgbpokka"},"content":"","lastModifiedDate":"2021-08-25"},{"lineNumber":7,"author":{"gitId":"rgbpokka"},"content":"public class DeadlineTest {","lastModifiedDate":"2021-08-25"},{"lineNumber":8,"author":{"gitId":"rgbpokka"},"content":"    @Test","lastModifiedDate":"2021-08-25"},{"lineNumber":9,"author":{"gitId":"rgbpokka"},"content":"    public void getTaskTypeTest() {","lastModifiedDate":"2021-08-25"},{"lineNumber":10,"author":{"gitId":"rgbpokka"},"content":"        Deadline deadline \u003d new Deadline(\"\", \"2021-10-10\");","lastModifiedDate":"2021-08-25"},{"lineNumber":11,"author":{"gitId":"rgbpokka"},"content":"        assertEquals(\u0027D\u0027, deadline.getTaskType());","lastModifiedDate":"2021-08-25"},{"lineNumber":12,"author":{"gitId":"rgbpokka"},"content":"    }","lastModifiedDate":"2021-08-25"},{"lineNumber":13,"author":{"gitId":"rgbpokka"},"content":"","lastModifiedDate":"2021-08-25"},{"lineNumber":14,"author":{"gitId":"rgbpokka"},"content":"    @Test","lastModifiedDate":"2021-08-25"},{"lineNumber":15,"author":{"gitId":"rgbpokka"},"content":"    public void getTimeTest() {","lastModifiedDate":"2021-08-25"},{"lineNumber":16,"author":{"gitId":"rgbpokka"},"content":"        Deadline deadline \u003d new Deadline(\"\", \"2021-10-10\");","lastModifiedDate":"2021-08-25"},{"lineNumber":17,"author":{"gitId":"rgbpokka"},"content":"        assertEquals(\"2021-10-10\", deadline.getTime());","lastModifiedDate":"2021-08-25"},{"lineNumber":18,"author":{"gitId":"rgbpokka"},"content":"    }","lastModifiedDate":"2021-08-25"},{"lineNumber":19,"author":{"gitId":"rgbpokka"},"content":"}","lastModifiedDate":"2021-08-25"}],"authorContributionMap":{"rgbpokka":19}},{"path":"src/test/java/TaskListTest.java","fileType":"java","lines":[{"lineNumber":1,"author":{"gitId":"rgbpokka"},"content":"import duke.Deadline;","lastModifiedDate":"2021-08-25"},{"lineNumber":2,"author":{"gitId":"rgbpokka"},"content":"import duke.TaskList;","lastModifiedDate":"2021-08-25"},{"lineNumber":3,"author":{"gitId":"rgbpokka"},"content":"import duke.ToDo;","lastModifiedDate":"2021-08-25"},{"lineNumber":4,"author":{"gitId":"rgbpokka"},"content":"import org.junit.jupiter.api.Test;","lastModifiedDate":"2021-08-25"},{"lineNumber":5,"author":{"gitId":"rgbpokka"},"content":"import static org.junit.jupiter.api.Assertions.assertEquals;","lastModifiedDate":"2021-08-25"},{"lineNumber":6,"author":{"gitId":"rgbpokka"},"content":"","lastModifiedDate":"2021-08-25"},{"lineNumber":7,"author":{"gitId":"rgbpokka"},"content":"public class TaskListTest {","lastModifiedDate":"2021-08-25"},{"lineNumber":8,"author":{"gitId":"rgbpokka"},"content":"    @Test","lastModifiedDate":"2021-08-25"},{"lineNumber":9,"author":{"gitId":"rgbpokka"},"content":"    public void addItem_toDoInput_toDoObjectCreated() {","lastModifiedDate":"2021-08-25"},{"lineNumber":10,"author":{"gitId":"rgbpokka"},"content":"        TaskList list \u003d new TaskList();","lastModifiedDate":"2021-08-25"},{"lineNumber":11,"author":{"gitId":"rgbpokka"},"content":"        ToDo toDo \u003d new ToDo(\"eat breakfast\");","lastModifiedDate":"2021-08-25"},{"lineNumber":12,"author":{"gitId":"rgbpokka"},"content":"        assertEquals(toDo, list.addItem(\"todo eat breakfast\"));","lastModifiedDate":"2021-08-25"},{"lineNumber":13,"author":{"gitId":"rgbpokka"},"content":"    }","lastModifiedDate":"2021-08-25"},{"lineNumber":14,"author":{"gitId":"rgbpokka"},"content":"}","lastModifiedDate":"2021-08-25"}],"authorContributionMap":{"rgbpokka":14}},{"path":"text-ui-test/input.txt","fileType":"txt","lines":[{"lineNumber":1,"author":{"gitId":"rgbpokka"},"content":"todo cook an egg","lastModifiedDate":"2021-08-18"},{"lineNumber":2,"author":{"gitId":"rgbpokka"},"content":"list","lastModifiedDate":"2021-08-18"},{"lineNumber":3,"author":{"gitId":"rgbpokka"},"content":"deadline return book /by Saturday","lastModifiedDate":"2021-08-18"},{"lineNumber":4,"author":{"gitId":"rgbpokka"},"content":"event project meeting /at Mon 2-8pm","lastModifiedDate":"2021-08-18"},{"lineNumber":5,"author":{"gitId":"rgbpokka"},"content":"list","lastModifiedDate":"2021-08-18"},{"lineNumber":6,"author":{"gitId":"rgbpokka"},"content":"done 1","lastModifiedDate":"2021-08-18"},{"lineNumber":7,"author":{"gitId":"rgbpokka"},"content":"done 3","lastModifiedDate":"2021-08-18"},{"lineNumber":8,"author":{"gitId":"rgbpokka"},"content":"list","lastModifiedDate":"2021-08-18"},{"lineNumber":9,"author":{"gitId":"rgbpokka"},"content":"done 2","lastModifiedDate":"2021-08-18"},{"lineNumber":10,"author":{"gitId":"rgbpokka"},"content":"list","lastModifiedDate":"2021-08-18"},{"lineNumber":11,"author":{"gitId":"rgbpokka"},"content":"byeee","lastModifiedDate":"2021-08-25"},{"lineNumber":12,"author":{"gitId":"rgbpokka"},"content":"bye","lastModifiedDate":"2021-08-18"}],"authorContributionMap":{"rgbpokka":12}}]
