{"authorDailyContributionsMap":{"rgbpokka":[{"date":"2021-08-18","commitResults":[{"hash":"96d38aa480cf5eb8b53cf9f92b7d7846f6493462","messageTitle":"Greet, Echo, Exit","messageBody":"","tags":["Level-1"],"fileTypesAndContributionMap":{"java":{"insertions":24,"deletions":1}}},{"hash":"ce783dcf1d1dc27136ec1a0eb307d96373a56b65","messageTitle":"Created ToDoList with ability to add and display ToDos","messageBody":"","tags":["Level-2"],"fileTypesAndContributionMap":{"java":{"insertions":28,"deletions":6}}},{"hash":"7d5b18c2de7dddd288a63307f0e4acd85fe84949","messageTitle":"Added ability to mark tasks as done","messageBody":"","tags":["Level-3"],"fileTypesAndContributionMap":{"java":{"insertions":44,"deletions":5}}},{"hash":"848a7b1700c11b78791fd424e2d0f4562a4c1e1d","messageTitle":"Added support for tracking ToDos, Events and Deadlines","messageBody":"","tags":["Level-4"],"fileTypesAndContributionMap":{"java":{"insertions":82,"deletions":26}}},{"hash":"da4594622374693d04154b6fc9bc319e090241eb","messageTitle":"added automated text ui testing","messageBody":"","tags":["A-TextUiTesting"],"fileTypesAndContributionMap":{"txt":{"insertions":11,"deletions":0}}},{"hash":"fdeb32ba3cc4393b19a1ee506dee18fe1ebf9141","messageTitle":"added basic error handling","messageBody":"","tags":["Level-5"],"fileTypesAndContributionMap":{"java":{"insertions":48,"deletions":8}}},{"hash":"55bf774dfc859c286897656d369f6925a2b833cd","messageTitle":"added support for deleting tasks from list","messageBody":"","tags":["Level-6"],"fileTypesAndContributionMap":{"java":{"insertions":13,"deletions":2}}}]}]},"authorFileTypeContributionMap":{"rgbpokka":{"java":192,"md":0,"fxml":0,"sh":0,"bat":0,"gradle":0,"txt":11}},"authorContributionVariance":{"rgbpokka":7992.361},"authorDisplayNameMap":{"rgbpokka":"JERE..CHEN"}}
