{"authorDailyContributionsMap":{"JasonC01":[{"date":"2021-08-18","commitResults":[{"hash":"5d116104bc2be134ae69b1d204ecd91f08a04786","messageTitle":"Level-1","messageBody":"","tags":["Level-1"],"fileTypesAndContributionMap":{"java":{"insertions":20,"deletions":6}}},{"hash":"b28a3743cc4bc204dfa94f23a1e9695dd9a6784b","messageTitle":"Level-2","messageBody":"","tags":["Level-2"],"fileTypesAndContributionMap":{"java":{"insertions":13,"deletions":1}}}]},{"date":"2021-08-19","commitResults":[{"hash":"e0a5b7d2f68ff4afc2d0c2c96f89e638a4f59377","messageTitle":"Level-3","messageBody":"","tags":["Level-3"],"fileTypesAndContributionMap":{"java":{"insertions":45,"deletions":8}}}]}]},"authorFileTypeContributionMap":{"JasonC01":{"java":69,"md":0,"fxml":0,"sh":0,"bat":0,"gradle":0,"txt":0}},"authorContributionVariance":{"JasonC01":329.33887},"authorDisplayNameMap":{"JasonC01":"CHUN..EONG"}}
