{"authorDailyContributionsMap":{"JasonC01":[{"date":"2021-08-18","commitResults":[{"hash":"5d116104bc2be134ae69b1d204ecd91f08a04786","messageTitle":"Level-1","messageBody":"","tags":["Level-1"],"fileTypesAndContributionMap":{"java":{"insertions":20,"deletions":6}}},{"hash":"b28a3743cc4bc204dfa94f23a1e9695dd9a6784b","messageTitle":"Level-2","messageBody":"","tags":["Level-2"],"fileTypesAndContributionMap":{"java":{"insertions":13,"deletions":1}}}]},{"date":"2021-08-19","commitResults":[{"hash":"e0a5b7d2f68ff4afc2d0c2c96f89e638a4f59377","messageTitle":"Level-3","messageBody":"","tags":["Level-3"],"fileTypesAndContributionMap":{"java":{"insertions":45,"deletions":8}}},{"hash":"a8740098ec04fa833bc1dc5d80ff01c1847fa86e","messageTitle":"Level-4","messageBody":"","tags":["Level-4"],"fileTypesAndContributionMap":{"java":{"insertions":72,"deletions":8}}},{"hash":"7a773d70234c6964b3c451714eb5b33f66aff9b4","messageTitle":"Level-5","messageBody":"","tags":["Level-5"],"fileTypesAndContributionMap":{"java":{"insertions":52,"deletions":18}}},{"hash":"b748ffaa8dd9cc35c46c18e9b74550275223eb9a","messageTitle":"Level-6","messageBody":"","tags":["Level-6"],"fileTypesAndContributionMap":{"java":{"insertions":18,"deletions":6}}}]},{"date":"2021-08-21","commitResults":[{"hash":"8d301d44605571b575c6fb99fd0b5fa798b435cd","messageTitle":"A-TextUiTesting","messageBody":"","tags":["A-TextUiTesting"],"fileTypesAndContributionMap":{"txt":{"insertions":1,"deletions":0}}}]},{"date":"2021-08-22","commitResults":[{"hash":"b0459d3104c1af337647a6bfcb2e8728fe206d4b","messageTitle":"Add saving feature","messageBody":"","tags":["Level-7"],"fileTypesAndContributionMap":{"txt":{"insertions":5,"deletions":0},"java":{"insertions":126,"deletions":16}}},{"hash":"7af48e41a6782706c2ceec56c352d95f5ba0a109","messageTitle":"Add Date and Time features","messageBody":"","tags":["Level-8"],"fileTypesAndContributionMap":{"java":{"insertions":22,"deletions":6}}}]},{"date":"2021-08-25","commitResults":[{"hash":"8d0ad0bdb977300a6d1c63b3bda45fd30a206ce2","messageTitle":"Add more oop","messageBody":"","tags":["A-MoreOOP"],"fileTypesAndContributionMap":{"txt":{"insertions":3,"deletions":3},"java":{"insertions":536,"deletions":186},"bat":{"insertions":1,"deletions":1},"md":{"insertions":2,"deletions":2}}},{"hash":"fc30c712c308190a1c4df8c71f117d5e4e843cb8","messageTitle":"Add package","messageBody":"","tags":["A-Packages"],"fileTypesAndContributionMap":{"java":{"insertions":2,"deletions":0}}}]},{"date":"2021-08-26","commitResults":[{"hash":"3b8b6286cd54e61cbe578e00d370fd91654ee0e8","messageTitle":"Add JUnit tests","messageBody":"","tags":["A-Jar","A-JUnit"],"fileTypesAndContributionMap":{"txt":{"insertions":1,"deletions":0},"java":{"insertions":38,"deletions":19}}}]},{"date":"2021-08-28","commitResults":[{"hash":"42e3f0b5f8d868aee7776852570bed0a69297737","messageTitle":"Add javadoc","messageBody":"","fileTypesAndContributionMap":{"java":{"insertions":140,"deletions":3}}},{"hash":"8eb0f72bc33594426c1e98a80db351ba5c1a46bd","messageTitle":"Follow coding standards","messageBody":"","fileTypesAndContributionMap":{"txt":{"insertions":1,"deletions":1},"java":{"insertions":22,"deletions":273}}},{"hash":"9dd2c62ff83da636402293b0d30546d1c671e484","messageTitle":"Add find function","messageBody":"","fileTypesAndContributionMap":{"java":{"insertions":10,"deletions":2}}},{"hash":"3a12c3d20db62efe304037d5653416d16986a870","messageTitle":"Follow coding standards","messageBody":"","fileTypesAndContributionMap":{"java":{"insertions":30,"deletions":34}}}]}]},"authorFileTypeContributionMap":{"JasonC01":{"java":572,"md":2,"fxml":0,"sh":0,"bat":1,"gradle":0,"txt":7}},"authorContributionVariance":{"JasonC01":37071.027},"authorDisplayNameMap":{"JasonC01":"CS2103T-W10-2 CHUN..EONG"}}
