{"authorDailyContributionsMap":{"TaoJun99":[{"date":"2021-08-15","commitResults":[{"hash":"1709bbb5a6f6d6064821a58aec104964315b3384","messageTitle":"Level-1","messageBody":"","tags":["Level-1"],"fileTypesAndContributionMap":{"java":{"insertions":12,"deletions":6}}},{"hash":"7ab2de83422d37b24bff367c5b3c8ac81db6c665","messageTitle":"Level-2","messageBody":"","tags":["Level-2"],"fileTypesAndContributionMap":{"java":{"insertions":13,"deletions":1}}},{"hash":"9524a8db4105560093e6de6cdc71b7c9a24da8ba","messageTitle":"Level-3","messageBody":"","tags":["Level-3"],"fileTypesAndContributionMap":{"java":{"insertions":37,"deletions":5}}},{"hash":"e00c7407fc517f4f5546e2fa1dbbebdc0f04510f","messageTitle":"Level-4","messageBody":"","tags":["Level-4"],"fileTypesAndContributionMap":{"java":{"insertions":59,"deletions":5}}}]},{"date":"2021-08-16","commitResults":[{"hash":"32df8b181808115dd16982ad9e5708ac11f50856","messageTitle":"A-TextUiTesting","messageBody":"","tags":["A-TextUiTesting"],"fileTypesAndContributionMap":{"txt":{"insertions":12,"deletions":0},"java":{"insertions":3,"deletions":3}}},{"hash":"ed170910ca3befc3ee0ec3fa640be42080ee1421","messageTitle":"Level-5","messageBody":"","tags":["Level-5"],"fileTypesAndContributionMap":{"java":{"insertions":87,"deletions":16}}},{"hash":"af08c788534a4b2046ea030ad426692a1acdc2b0","messageTitle":"Level-6","messageBody":"","tags":["Level-6"],"fileTypesAndContributionMap":{"java":{"insertions":57,"deletions":50}}}]},{"date":"2021-08-21","commitResults":[{"hash":"18b71ded65d89d7d9713e9df8c45588ccb13d662","messageTitle":"A-Enums","messageBody":"","tags":["A-Enums"],"fileTypesAndContributionMap":{"java":{"insertions":107,"deletions":73}}}]},{"date":"2021-08-22","commitResults":[{"hash":"17e03a51c72a936dd139c02859dbbe7643845823","messageTitle":"Level-7","messageBody":"","tags":["Level-7"],"fileTypesAndContributionMap":{"java":{"insertions":120,"deletions":6}}}]},{"date":"2021-08-23","commitResults":[{"hash":"e929872b7e4c987c35dddbc9f2ecd1fe745e5fa4","messageTitle":"Dates and Times","messageBody":"","tags":["Level-8"],"fileTypesAndContributionMap":{"java":{"insertions":16,"deletions":6}}},{"hash":"a5145e70edbd658bcf1bdac028bc226a53459575","messageTitle":"Fix file\u0027s date and time loading issues","messageBody":"","fileTypesAndContributionMap":{"txt":{"insertions":0,"deletions":0},"java":{"insertions":18,"deletions":4}}},{"hash":"eb595d809d1d025672a392361fd90846e4a400c8","messageTitle":"Update input.txt and EXPECTED.txt","messageBody":"","fileTypesAndContributionMap":{"txt":{"insertions":4,"deletions":4},"java":{"insertions":1,"deletions":1}}}]},{"date":"2021-08-25","commitResults":[{"hash":"2905553aff3dd9a586005e3f3b89a2b0f0cc27c8","messageTitle":"Extract Ui, Storage, Parser, TaskList classes","messageBody":"","tags":["A-MoreOOP"],"fileTypesAndContributionMap":{"java":{"insertions":356,"deletions":227}}},{"hash":"45b8f69c6082e4cd3099e43e245ebc7154dd7f42","messageTitle":"Divide classes into packages","messageBody":"","tags":["A-Packages"],"fileTypesAndContributionMap":{"java":{"insertions":41,"deletions":5}}},{"hash":"4b7cc14fd3bfe215eac6e34587111ce53f337662","messageTitle":"Add JUnit tests","messageBody":"","tags":["A-JUnit"],"fileTypesAndContributionMap":{"java":{"insertions":92,"deletions":0}}}]},{"date":"2021-08-26","commitResults":[{"hash":"aa5307111f5da5e170c6c01f7edc3a18bb9df727","messageTitle":"Add JavaDoc comments","messageBody":"","tags":["A-JavaDoc"],"fileTypesAndContributionMap":{"java":{"insertions":237,"deletions":26}}},{"hash":"7a2c1547ee8035248a16ba1bf2dcf69af14af2f0","messageTitle":"Tweak the code to comply with coding standard","messageBody":"","tags":["A-CodingStandard"],"fileTypesAndContributionMap":{"java":{"insertions":96,"deletions":104}}},{"hash":"0e1d627a0c3075a62e03200f0d986b6842a1609c","messageTitle":"Add command \"find\" to search task","messageBody":"","tags":["Level-9"],"fileTypesAndContributionMap":{"java":{"insertions":19,"deletions":26}}}]},{"date":"2021-08-29","commitResults":[{"hash":"90de1a8f4ccdc3206cfd6eade2646d3ae8c9b0da","messageTitle":"Automate project builds using Gradle","messageBody":"","tags":["A-Gradle"],"fileTypesAndContributionMap":{"gradle":{"insertions":1,"deletions":1}}},{"hash":"cc7b5acffc7d3dab2ad77ea456ed302f47f29d07","messageTitle":"Use CheckStyle","messageBody":"","tags":["A-CheckStyle"],"fileTypesAndContributionMap":{"gradle":{"insertions":1,"deletions":1},"java":{"insertions":53,"deletions":47}}}]},{"date":"2021-08-30","commitResults":[{"hash":"b0e46663da0eec6476abb773b9aa8ffeee03cedd","messageTitle":"Add GUI to Duke","messageBody":"","fileTypesAndContributionMap":{"gradle":{"insertions":22,"deletions":0},"fxml":{"insertions":35,"deletions":0},"java":{"insertions":266,"deletions":107}}}]}]},"authorFileTypeContributionMap":{"TaoJun99":{"java":1038,"md":0,"fxml":35,"sh":0,"bat":0,"gradle":24,"txt":12}},"authorContributionVariance":{"TaoJun99":37011.12},"authorDisplayNameMap":{"TaoJun99":"CS2103T-T13-2 ZHEN.. JUN"}}
