{"authorDailyContributionsMap":{"GabrielWLM":[{"date":"2021-08-19","commitResults":[{"hash":"3e87c13358afd6a0c22b75240cd3d19a3f337091","messageTitle":"Level-1","messageBody":"","fileTypesAndContributionMap":{"java":{"insertions":33,"deletions":4}}},{"hash":"dc74ffbaecb999fec7db9a591e0c5c8aae4e24f4","messageTitle":"Level-2","messageBody":"","tags":["Level-1"],"fileTypesAndContributionMap":{"java":{"insertions":23,"deletions":9}}},{"hash":"011e3c4c1a9345139c265dbe87ca9ab4f0ffbd07","messageTitle":"Level-2","messageBody":"","tags":["Level-2"],"fileTypesAndContributionMap":{"java":{"insertions":1,"deletions":1}}},{"hash":"7645743f4351c498b596fae027de3f22a8dbce5b","messageTitle":"Level-3","messageBody":"","tags":["Level-3"],"fileTypesAndContributionMap":{"java":{"insertions":14,"deletions":2}}},{"hash":"23d06038b3345151567366821b6b00a2eafb89c5","messageTitle":"Level-4","messageBody":"","tags":["Level-4"],"fileTypesAndContributionMap":{"java":{"insertions":54,"deletions":11}}},{"hash":"58e344f79c9388495c5eedd31517d49eced7245a","messageTitle":"Level-5","messageBody":"","tags":["Level-5"],"fileTypesAndContributionMap":{"txt":{"insertions":8,"deletions":0},"java":{"insertions":13,"deletions":4},"bat":{"insertions":1,"deletions":1}}}]}]},"authorFileTypeContributionMap":{"GabrielWLM":{"java":111,"md":0,"fxml":0,"sh":0,"bat":1,"gradle":0,"txt":8}},"authorContributionVariance":{"GabrielWLM":2648.0164},"authorDisplayNameMap":{"GabrielWLM":"GABR..ENZO"}}
