{"authorDailyContributionsMap":{"czhi-bin":[{"date":"2021-08-18","commitResults":[{"hash":"7e479b11a40a7608cd1122eefe704bc65b539952","messageTitle":"Add greeting, echos, exit functions","messageBody":"","tags":["Level-1"],"fileTypesAndContributionMap":{"java":{"insertions":39,"deletions":0}}},{"hash":"766cd95ebd1a4aa5946ffbc9c852bee111a728bf","messageTitle":"Add enum Commands","messageBody":"","tags":["A-Enums"],"fileTypesAndContributionMap":{"java":{"insertions":4,"deletions":0}}},{"hash":"e41b7bc60fc29e309dfcfec2f4332cdee92a0efa","messageTitle":"Change BYE in enum Commands to EXIT to fit better","messageBody":"","fileTypesAndContributionMap":{"java":{"insertions":2,"deletions":2}}},{"hash":"50f7457670c3f33bfb91917758b9104cb85483d7","messageTitle":"Add tasks attribute to store a list of tasks","messageBody":"","fileTypesAndContributionMap":{"java":{"insertions":5,"deletions":2}}},{"hash":"c4bd79fd2b01d6dbe0d6e23d535a9c1261e06b02","messageTitle":"Combine greet and echo into one start function","messageBody":"","fileTypesAndContributionMap":{"java":{"insertions":5,"deletions":2}}},{"hash":"c10192cfdff71cc3f5778b1352240d49c3ee15b1","messageTitle":"Change echo to getCommand to fit its function better","messageBody":"","fileTypesAndContributionMap":{"java":{"insertions":3,"deletions":2}}},{"hash":"b62f5c3ec2593afb3d67ac6faef0278009aa36d2","messageTitle":"Add addTask and listTask function","messageBody":"","tags":["Level-2"],"fileTypesAndContributionMap":{"java":{"insertions":31,"deletions":5}}},{"hash":"7f67557d8b1ccf5eff8af67167bcea6a7e505b30","messageTitle":"Add Task class","messageBody":"","fileTypesAndContributionMap":{"java":{"insertions":17,"deletions":0}}},{"hash":"72eb585c3a6d582d8f5df31b91e2b178d3a03d92","messageTitle":"Edit Duke class accordingly to fit Task class in","messageBody":"","fileTypesAndContributionMap":{"java":{"insertions":17,"deletions":12}}},{"hash":"96c1c3aea3d0cf1d9312e138523604303c0cc1f3","messageTitle":"Add new getCommandType function and rename getCommand to processCommand","messageBody":"","fileTypesAndContributionMap":{"java":{"insertions":21,"deletions":8}}},{"hash":"31a5db7dd4286cf0dedbb8cf8d7be4993ae99d93","messageTitle":"Add done functionality and integrate the enum into the functions","messageBody":"","tags":["Level-3"],"fileTypesAndContributionMap":{"java":{"insertions":22,"deletions":2}}}]},{"date":"2021-08-19","commitResults":[{"hash":"ed9e01541ecc3a8023150d352bd8ace3f3a33609","messageTitle":"Change Task class to abstract and add inner class ToDo, Deadline, Event classes","messageBody":"","fileTypesAndContributionMap":{"java":{"insertions":46,"deletions":15}}},{"hash":"ba29ff7e4122c37787a0d16980eaf09f89431293","messageTitle":"Add TODO, DEADLINE, EVENT to the enum CommandTypes and edit functions accordingly","messageBody":"","fileTypesAndContributionMap":{"java":{"insertions":11,"deletions":8}}},{"hash":"b2ee6e379543548fc9f3e408b75291c3acbf998f","messageTitle":"Change Event, ToDo Deadline from inner classes to standalone classes","messageBody":"","fileTypesAndContributionMap":{"java":{"insertions":70,"deletions":42}}},{"hash":"3190fb0cb57fb3e9e6c240b3e009722b7874b6f0","messageTitle":"Fix minor bug for the missing bracket","messageBody":"","fileTypesAndContributionMap":{"java":{"insertions":1,"deletions":1}}},{"hash":"58f6d3e94272a37d3e422051bb91471630a9ba2c","messageTitle":"Add switch case for Event, Todo, Deadline and fix minor bugs","messageBody":"","tags":["Level-4"],"fileTypesAndContributionMap":{"java":{"insertions":20,"deletions":15}}},{"hash":"659bc860dec0b011211102f409fa61bbef09790c","messageTitle":"Add new DukeException class","messageBody":"","fileTypesAndContributionMap":{"java":{"insertions":5,"deletions":0}}},{"hash":"b0a9735f63e0b68fbe1bbeda076fe191ace1a796","messageTitle":"Add 1 new type of DukeException","messageBody":"","fileTypesAndContributionMap":{"java":{"insertions":19,"deletions":3}}},{"hash":"2a749b0da7e0ae9ffa5e17f353eeac3cd4543894","messageTitle":"Add 1 new type of DukeException, total 2 types","messageBody":"","fileTypesAndContributionMap":{"java":{"insertions":10,"deletions":0}}},{"hash":"531683789619032e65944328cc669036e12c6e41","messageTitle":"Add ways to handle UnknownCommandException","messageBody":"","fileTypesAndContributionMap":{"java":{"insertions":51,"deletions":43}}},{"hash":"d93dcb3d4ff863c7aab31d0292d9baa531fa8c42","messageTitle":"Add functionality to handle ToDo task without description","messageBody":"","tags":["Level-5"],"fileTypesAndContributionMap":{"java":{"insertions":5,"deletions":1}}},{"hash":"07ae774c634e36e64de2bcb6dad58e8f6be3bfa7","messageTitle":"Add support to delete task from the list","messageBody":"","tags":["Level-6"],"fileTypesAndContributionMap":{"java":{"insertions":16,"deletions":1}}},{"hash":"b202bc5ffbf50461e13585577917b865ee815b11","messageTitle":"Add automated text ui testing","messageBody":"","tags":["A-TextUiTesting"],"fileTypesAndContributionMap":{"txt":{"insertions":18,"deletions":0},"java":{"insertions":1,"deletions":1}}}]},{"date":"2021-08-22","commitResults":[{"hash":"aba9cc9634772e5d47cb1f667d3e8b9a24b71caa","messageTitle":"Change switch indentation to follow code standard","messageBody":"","fileTypesAndContributionMap":{"java":{"insertions":60,"deletions":60}}}]},{"date":"2021-08-24","commitResults":[{"hash":"7deff1b5dd7b18f3ba27bc92ac3191ef5743a1e4","messageTitle":"Add Save function","messageBody":"","tags":["Level-7"],"fileTypesAndContributionMap":{"txt":{"insertions":0,"deletions":0},"java":{"insertions":154,"deletions":39}}},{"hash":"12b92b68019b9cb15be1d2dd01ef848765062010","messageTitle":"Add functionality to read date and time","messageBody":"","tags":["Level-8"],"fileTypesAndContributionMap":{"txt":{"insertions":2,"deletions":2},"java":{"insertions":31,"deletions":10}}}]},{"date":"2021-08-25","commitResults":[{"hash":"cce5031a7d98270441d118607be4ea27824930ff","messageTitle":"Remove unused method and fix some minor issues","messageBody":"","fileTypesAndContributionMap":{"java":{"insertions":1,"deletions":4}}},{"hash":"52c32ebee3d48b6f07561af48b3adfe24bbfafcd","messageTitle":"Add new exception for invalid DateTime format","messageBody":"","fileTypesAndContributionMap":{"java":{"insertions":11,"deletions":2}}},{"hash":"7d2a21b72e535a8ba2620b6eba039944085dab07","messageTitle":"Update text-ui-test using LocalDateTime","messageBody":"","fileTypesAndContributionMap":{"txt":{"insertions":4,"deletions":4}}},{"hash":"8acfb303ff2864eb6388719c4191218969f4bc62","messageTitle":"Change TaskList to use LocalDateTime","messageBody":"","fileTypesAndContributionMap":{"txt":{"insertions":5,"deletions":0},"java":{"insertions":7,"deletions":2}}},{"hash":"2296604beb96105feaa4e74226985165ac0983e5","messageTitle":"Refactor output related function into Ui","messageBody":"","fileTypesAndContributionMap":{"txt":{"insertions":0,"deletions":5},"java":{"insertions":56,"deletions":34}}},{"hash":"6b14ba0588ee7a828fed24b7df929d06ba9e6af7","messageTitle":"Refactor task related function into TaskList","messageBody":"","fileTypesAndContributionMap":{"java":{"insertions":49,"deletions":24}}},{"hash":"ee11b4cc05a3798c00053f15a2de4e0eb9382cdb","messageTitle":"Refactor code into Parser to handle user input","messageBody":"","tags":["A-MoreOOP"],"fileTypesAndContributionMap":{"java":{"insertions":121,"deletions":126}}},{"hash":"d77178dc3ce1aa13967b43f2b272817a468a3c24","messageTitle":"Refactor codes into package","messageBody":"","tags":["A-Packages"],"fileTypesAndContributionMap":{"java":{"insertions":57,"deletions":15}}}]},{"date":"2021-08-26","commitResults":[{"hash":"e59a1844e236692db63f316e0e328cdf85e9c830","messageTitle":"Add JUnit tests","messageBody":"","tags":["A-JUnit"],"fileTypesAndContributionMap":{"java":{"insertions":81,"deletions":0}}},{"hash":"da70a8b818b27a0c12df539d0ebd00fbce78d262","messageTitle":"Add JavaDoc for Storage and Ui","messageBody":"","fileTypesAndContributionMap":{"java":{"insertions":68,"deletions":0}}},{"hash":"460db11da23c041bfe6bc702cb7e2169c8911229","messageTitle":"Add JavaDoc for Parser","messageBody":"","fileTypesAndContributionMap":{"java":{"insertions":37,"deletions":0}}},{"hash":"a2112a3efbc56eed05d3e82b167df056d5a77122","messageTitle":"Add JavaDoc for the exceptions and TaskList","messageBody":"","fileTypesAndContributionMap":{"java":{"insertions":103,"deletions":0}}},{"hash":"183a9b74925517513b0de4b893100d4305135e3e","messageTitle":"Add JavaDoc for different type of Task","messageBody":"","fileTypesAndContributionMap":{"java":{"insertions":110,"deletions":0}}},{"hash":"4351c79bcc7768099fd890e129f9f74902e296a3","messageTitle":"Edit code to follow coding standard","messageBody":"","fileTypesAndContributionMap":{"java":{"insertions":146,"deletions":118}}},{"hash":"7092f43fada681f210419c17572101fb259f45dd","messageTitle":"Add function to find task by searching a keyword","messageBody":"","tags":["Level-9"],"fileTypesAndContributionMap":{"java":{"insertions":69,"deletions":17}}},{"hash":"8597d8289112876696880cd721448c23f7480147","messageTitle":"Repackage task related class into one package","messageBody":"","fileTypesAndContributionMap":{"java":{"insertions":44,"deletions":57}}},{"hash":"730aaf2a58a2d221b5bd10258e89e23f1823282b","messageTitle":"Add JavaDoc for Duke","messageBody":"","fileTypesAndContributionMap":{"java":{"insertions":9,"deletions":0}}},{"hash":"226b065833691f8ac9ddfaeb2c0e1dc9810de47f","messageTitle":"Update JavaDoc for all class to new version","messageBody":"","fileTypesAndContributionMap":{"java":{"insertions":12,"deletions":12}}}]},{"date":"2021-08-27","commitResults":[{"hash":"a7b0b57258940dff0a917d4eed534ac1058d99e4","messageTitle":"Refactor code into DukeCommand related class","messageBody":"","fileTypesAndContributionMap":{"java":{"insertions":336,"deletions":123}}},{"hash":"9e206004a8dfefc75ea8916bcd1250f96df6a09f","messageTitle":"Add NoSuchTaskException","messageBody":"","fileTypesAndContributionMap":{"java":{"insertions":52,"deletions":8}}},{"hash":"09ba027b52980b7dfa07efff4c3a5391f8f62313","messageTitle":"Change code to use InvalidDateTimeException","messageBody":"","fileTypesAndContributionMap":{"java":{"insertions":3,"deletions":2}}},{"hash":"8fc73ad712d288b73f70dfe5dfb7534413c7ad96","messageTitle":"Rename data package to exception which fits better","messageBody":"","fileTypesAndContributionMap":{"java":{"insertions":16,"deletions":16}}},{"hash":"46d295910624f85a908c97a9c16bad1972259757","messageTitle":"Refactor code related to creation of task","messageBody":"","fileTypesAndContributionMap":{"java":{"insertions":35,"deletions":27}}},{"hash":"a79564fbecb7744553b596d1f67a5b5b4ff6489f","messageTitle":"Add NoTaskDescriptionException and its handling","messageBody":"","fileTypesAndContributionMap":{"java":{"insertions":41,"deletions":25}}},{"hash":"f358b7f6df72fc5819069a3b5ac12c5de4c4c1c1","messageTitle":"Change code according to coding standard","messageBody":"","fileTypesAndContributionMap":{"java":{"insertions":6,"deletions":7}}},{"hash":"717748ad21625d20cee129895fad38b8a9ee0a23","messageTitle":"Add NoDateTimeException and its handling","messageBody":"","fileTypesAndContributionMap":{"java":{"insertions":39,"deletions":8}}},{"hash":"b2e1fb65f4c5978c5c2708d538eef0fc70116532","messageTitle":"Add NoCommandDescriptionException and its handling","messageBody":"","fileTypesAndContributionMap":{"java":{"insertions":33,"deletions":2}}},{"hash":"f3f2e160deab9d5984ab1fadadf437daffa0c108","messageTitle":"Fix minor bug","messageBody":"","fileTypesAndContributionMap":{"java":{"insertions":2,"deletions":1}}}]}]},"authorFileTypeContributionMap":{"czhi-bin":{"java":1312,"md":0,"fxml":0,"sh":0,"bat":0,"gradle":0,"txt":18}},"authorContributionVariance":{"czhi-bin":74696.42},"authorDisplayNameMap":{"czhi-bin":"CS2103T-T09-2 CAI ..IBIN"}}
