{"authorDailyContributionsMap":{"czhi-bin":[{"date":"2021-08-18","commitResults":[{"hash":"7e479b11a40a7608cd1122eefe704bc65b539952","messageTitle":"Add greeting, echos, exit functions","messageBody":"","tags":["Level-1"],"fileTypesAndContributionMap":{"java":{"insertions":39,"deletions":0}}},{"hash":"766cd95ebd1a4aa5946ffbc9c852bee111a728bf","messageTitle":"Add enum Commands","messageBody":"","tags":["A-Enums"],"fileTypesAndContributionMap":{"java":{"insertions":4,"deletions":0}}},{"hash":"e41b7bc60fc29e309dfcfec2f4332cdee92a0efa","messageTitle":"Change BYE in enum Commands to EXIT to fit better","messageBody":"","fileTypesAndContributionMap":{"java":{"insertions":2,"deletions":2}}},{"hash":"50f7457670c3f33bfb91917758b9104cb85483d7","messageTitle":"Add tasks attribute to store a list of tasks","messageBody":"","fileTypesAndContributionMap":{"java":{"insertions":5,"deletions":2}}},{"hash":"c4bd79fd2b01d6dbe0d6e23d535a9c1261e06b02","messageTitle":"Combine greet and echo into one start function","messageBody":"","fileTypesAndContributionMap":{"java":{"insertions":5,"deletions":2}}},{"hash":"c10192cfdff71cc3f5778b1352240d49c3ee15b1","messageTitle":"Change echo to getCommand to fit its function better","messageBody":"","fileTypesAndContributionMap":{"java":{"insertions":3,"deletions":2}}},{"hash":"b62f5c3ec2593afb3d67ac6faef0278009aa36d2","messageTitle":"Add addTask and listTask function","messageBody":"","tags":["Level-2"],"fileTypesAndContributionMap":{"java":{"insertions":31,"deletions":5}}},{"hash":"7f67557d8b1ccf5eff8af67167bcea6a7e505b30","messageTitle":"Add Task class","messageBody":"","fileTypesAndContributionMap":{"java":{"insertions":17,"deletions":0}}},{"hash":"72eb585c3a6d582d8f5df31b91e2b178d3a03d92","messageTitle":"Edit Duke class accordingly to fit Task class in","messageBody":"","fileTypesAndContributionMap":{"java":{"insertions":17,"deletions":12}}},{"hash":"96c1c3aea3d0cf1d9312e138523604303c0cc1f3","messageTitle":"Add new getCommandType function and rename getCommand to processCommand","messageBody":"","fileTypesAndContributionMap":{"java":{"insertions":21,"deletions":8}}},{"hash":"31a5db7dd4286cf0dedbb8cf8d7be4993ae99d93","messageTitle":"Add done functionality and integrate the enum into the functions","messageBody":"","tags":["Level-3"],"fileTypesAndContributionMap":{"java":{"insertions":22,"deletions":2}}}]}]},"authorFileTypeContributionMap":{"czhi-bin":{"java":131,"md":0,"fxml":0,"sh":0,"bat":0,"gradle":0,"txt":0}},"authorContributionVariance":{"czhi-bin":3636.0898},"authorDisplayNameMap":{"czhi-bin":"CAI ..IBIN"}}
