{"authorDailyContributionsMap":{"ChuangZheQuan":[{"date":"2021-08-17","commitResults":[{"hash":"b46399898c0c31092f300c9348200072d8737e9a","messageTitle":"Level 1 commit","messageBody":"","tags":["Level-1"],"fileTypesAndContributionMap":{"java":{"insertions":22,"deletions":6}}},{"hash":"c758b6c0260ac8a8fb2682a34184c9db98f365d2","messageTitle":"Level 2 commit","messageBody":"","fileTypesAndContributionMap":{"java":{"insertions":48,"deletions":6}}},{"hash":"c52118ad6475323b678f7d2bb5b4e1ca59d2d57c","messageTitle":"Level 2 commit","messageBody":"","tags":["Level-2"],"fileTypesAndContributionMap":{"java":{"insertions":14,"deletions":6}}},{"hash":"312edb998a84bbbc4a13fd54456fa5c8e47dae18","messageTitle":"Level 3 commit","messageBody":"","tags":["Level-3"],"fileTypesAndContributionMap":{"java":{"insertions":41,"deletions":5}}},{"hash":"252c080a72fde36d22301468fef68637d13eb934","messageTitle":"Level 4 commit","messageBody":"","tags":["Level-4"],"fileTypesAndContributionMap":{"java":{"insertions":69,"deletions":5}}}]},{"date":"2021-08-18","commitResults":[{"hash":"df09b00fd98d8533177973b9607929cf20a55cae","messageTitle":"A-TextUiTesting Commit","messageBody":"","tags":["A-TextUiTesting"],"fileTypesAndContributionMap":{"txt":{"insertions":4,"deletions":0},"java":{"insertions":7,"deletions":4}}},{"hash":"2c274a1968cecba3e2ac2180f065e57fa40355d0","messageTitle":"Level 5 Commit","messageBody":"","tags":["Level-5"],"fileTypesAndContributionMap":{"txt":{"insertions":5,"deletions":0},"java":{"insertions":42,"deletions":12}}},{"hash":"f279e40bba87c0605a7f23c42bc009053004d494","messageTitle":"Level-6 commit","messageBody":"","tags":["Level-6"],"fileTypesAndContributionMap":{"txt":{"insertions":2,"deletions":0},"java":{"insertions":27,"deletions":16}}},{"hash":"f76b2de3b0163d82190be1436fc9970be63fd685","messageTitle":"Level 3 Commit","messageBody":"","fileTypesAndContributionMap":{"java":{"insertions":12,"deletions":15}}}]},{"date":"2021-08-22","commitResults":[{"hash":"daa26b059adbe5e0ec1c30da5ff1fa28b4888d9c","messageTitle":"Add DukeHandler to refactor Duke","messageBody":"","fileTypesAndContributionMap":{"java":{"insertions":101,"deletions":84}}},{"hash":"79ea755da01d0092ef34732446cc13a74cdb830b","messageTitle":"Refactor other methods to DukeHandler","messageBody":"","fileTypesAndContributionMap":{"java":{"insertions":9,"deletions":4}}}]},{"date":"2021-08-23","commitResults":[{"hash":"27126d89cff65c53719415c0c258b0197507309a","messageTitle":"Update FileHandler and add load, write features","messageBody":"","fileTypesAndContributionMap":{"java":{"insertions":133,"deletions":29}}},{"hash":"b7d206ab135fc34b042e05607be8802ca04b36b0","messageTitle":"Add done delete functionality to FileHandler","messageBody":"","tags":["Level-7"],"fileTypesAndContributionMap":{"java":{"insertions":29,"deletions":10}}},{"hash":"c834bbceeff3230007d8570c4267674dcef6759c","messageTitle":"Add Date Time for Level-8","messageBody":"","tags":["Level-8"],"fileTypesAndContributionMap":{"java":{"insertions":51,"deletions":10}}},{"hash":"5d48e8d1fe8b365049d1c0a8a10b39927f163be4","messageTitle":"Implement More OOP","messageBody":"","tags":["A-MoreOOP"],"fileTypesAndContributionMap":{"java":{"insertions":67,"deletions":45}}},{"hash":"f8a60a166367bc4d027c985b9b20ef8c88d15eee","messageTitle":"Implement A-Packages","messageBody":"","tags":["A-Packages"],"fileTypesAndContributionMap":{"java":{"insertions":22,"deletions":12},"bat":{"insertions":1,"deletions":1},"md":{"insertions":2,"deletions":2}}},{"hash":"7af9b64b2063c302a1174d690dc364fc7120b654","messageTitle":"Add JUnit tests","messageBody":"","fileTypesAndContributionMap":{"java":{"insertions":17,"deletions":11}}},{"hash":"3cad5d22400c0d9b87adb76f1c160a7387d9a120","messageTitle":"Add JUnit Tests","messageBody":"","tags":["A-JUnit"],"fileTypesAndContributionMap":{"java":{"insertions":38,"deletions":0}}},{"hash":"f47573c7e7c8758d020e6c6f42ce5290c4009b6b","messageTitle":"Create a JAR File","messageBody":"","tags":["A-Jar"],"fileTypesAndContributionMap":{"java":{"insertions":0,"deletions":1}}},{"hash":"494e1bee183336682a2515a97754cb4b98a3d8e4","messageTitle":"Add JavaDoc to public methods","messageBody":"","tags":["A-JavaDoc"],"fileTypesAndContributionMap":{"java":{"insertions":37,"deletions":4}}},{"hash":"7b32841ce92cd49b896e2446008525a285091933","messageTitle":"Abide by coding standard","messageBody":"","tags":["A-CodingStandard"],"fileTypesAndContributionMap":{"java":{"insertions":15,"deletions":8}}},{"hash":"3fd32067ac86f6759a82cb3c739c8011f0043ef5","messageTitle":"Add find to parser","messageBody":"","fileTypesAndContributionMap":{"java":{"insertions":40,"deletions":6}}},{"hash":"ac5e28c5344bd42b461768857eace1dde0c8c3d3","messageTitle":"Add find test","messageBody":"","tags":["Level-9"],"fileTypesAndContributionMap":{"java":{"insertions":1,"deletions":0}}}]},{"date":"2021-08-26","commitResults":[{"hash":"2993fb0ac7089981701717d2836aa3da9393836d","messageTitle":"Change constants to uppercase","messageBody":"","fileTypesAndContributionMap":{"java":{"insertions":40,"deletions":40}}},{"hash":"693702412c592afa5d4afbe99e6d291ac1c1cd34","messageTitle":"Follow coding conventions","messageBody":"","fileTypesAndContributionMap":{"java":{"insertions":1,"deletions":1}}}]},{"date":"2021-08-29","commitResults":[{"hash":"634fb15c6fdadac94989917c11ede358db498ba1","messageTitle":"Fix coding standard","messageBody":"","fileTypesAndContributionMap":{"java":{"insertions":1,"deletions":1}}},{"hash":"26781a0a41f29487b1cd362043e5402e95e0fd2f","messageTitle":"Add Checkstyle","messageBody":"","tags":["A-CheckStyle"],"fileTypesAndContributionMap":{"java":{"insertions":9,"deletions":0}}},{"hash":"58170142f1befc7fbe2aad16e504b097fe272a8b","messageTitle":"Implement Level-10","messageBody":"","fileTypesAndContributionMap":{"gradle":{"insertions":14,"deletions":0},"fxml":{"insertions":37,"deletions":0},"java":{"insertions":237,"deletions":40}}},{"hash":"1369f710a3a3126a76748499c171f8945d6aed59","messageTitle":"Clear user input","messageBody":"","tags":["Level-10"],"fileTypesAndContributionMap":{"java":{"insertions":1,"deletions":0}}}]},{"date":"2021-09-02","commitResults":[{"hash":"5e4234d8be761a21b0c786498710cdfef61a98a1","messageTitle":"Fix styles","messageBody":"","fileTypesAndContributionMap":{"fxml":{"insertions":5,"deletions":2},"java":{"insertions":43,"deletions":38}}}]},{"date":"2021-09-05","commitResults":[{"hash":"6957a1d813054884dc9e88db1a55dffa28b9cde8","messageTitle":"Commit A-Assertions","messageBody":"","fileTypesAndContributionMap":{"java":{"insertions":12,"deletions":2}}},{"hash":"3a7add5f02aa91b2ee20b53aa2396ebfa371c538","messageTitle":"Commit A-CodeQuality","messageBody":"Some methods exceeds 30 lines of code\n\nThis may affect user readability.\n\nLet\u0027s,\n* shorten the methods as much as possible\n* extract methods out of long methods\n","fileTypesAndContributionMap":{"java":{"insertions":14,"deletions":26}}},{"hash":"e243ea88778e9a7bcbaf48d3d33fba072dcab11d","messageTitle":"Add first snooze commit","messageBody":"","fileTypesAndContributionMap":{"java":{"insertions":18,"deletions":0}}},{"hash":"665f241ead85499e0af1abda199f741ad0f382e6","messageTitle":"Snooze: implement Snooze feature","messageBody":"There is no Snooze feature.\n\nSnooze feature can allow users to change their schedule\n\nLet\u0027s,\n* add a command to detect snoozes\n* add a script to change the date and time of deadlines and events\n","fileTypesAndContributionMap":{"java":{"insertions":56,"deletions":4}}},{"hash":"87c5add281c42d11930d8a49927a0226af4ea75f","messageTitle":"Snooze: implement Snooze feature","messageBody":"There is no Snooze feature.\n\nSnooze feature can allow users to change their schedule\n\nLet\u0027s,\n* add a command to detect snoozes\n* add a script to change the date and time of deadlines and events\n","tags":["A-FullCommitMessage"],"fileTypesAndContributionMap":{"java":{"insertions":1,"deletions":1}}}]}]},"authorFileTypeContributionMap":{"ChuangZheQuan":{"java":803,"md":2,"fxml":40,"sh":0,"bat":1,"gradle":14,"txt":11}},"authorContributionVariance":{"ChuangZheQuan":17582.873},"authorDisplayNameMap":{"ChuangZheQuan":"CS2103T-T11-3 CHUA..QUAN"}}
