[{"path":"src/main/java/Deadline.java","fileType":"java","lines":[{"lineNumber":1,"author":{"gitId":"cliveong"},"content":"public class Deadline extends Task{","lastModifiedDate":"2021-08-19"},{"lineNumber":2,"author":{"gitId":"cliveong"},"content":"    protected String deadline;","lastModifiedDate":"2021-08-19"},{"lineNumber":3,"author":{"gitId":"cliveong"},"content":"    protected String logo \u003d \"[D]\";","lastModifiedDate":"2021-08-19"},{"lineNumber":4,"author":{"gitId":"cliveong"},"content":"","lastModifiedDate":"2021-08-19"},{"lineNumber":5,"author":{"gitId":"cliveong"},"content":"    public Deadline(String description, String deadline) {","lastModifiedDate":"2021-08-19"},{"lineNumber":6,"author":{"gitId":"cliveong"},"content":"        super(description);","lastModifiedDate":"2021-08-19"},{"lineNumber":7,"author":{"gitId":"cliveong"},"content":"        this.deadline \u003d deadline;","lastModifiedDate":"2021-08-19"},{"lineNumber":8,"author":{"gitId":"cliveong"},"content":"    }","lastModifiedDate":"2021-08-19"},{"lineNumber":9,"author":{"gitId":"cliveong"},"content":"","lastModifiedDate":"2021-08-19"},{"lineNumber":10,"author":{"gitId":"cliveong"},"content":"    public String logo() {","lastModifiedDate":"2021-08-19"},{"lineNumber":11,"author":{"gitId":"cliveong"},"content":"        return logo;","lastModifiedDate":"2021-08-19"},{"lineNumber":12,"author":{"gitId":"cliveong"},"content":"    }","lastModifiedDate":"2021-08-19"},{"lineNumber":13,"author":{"gitId":"cliveong"},"content":"","lastModifiedDate":"2021-08-19"},{"lineNumber":14,"author":{"gitId":"cliveong"},"content":"    @Override","lastModifiedDate":"2021-08-19"},{"lineNumber":15,"author":{"gitId":"cliveong"},"content":"    public String toString() {","lastModifiedDate":"2021-08-19"},{"lineNumber":16,"author":{"gitId":"cliveong"},"content":"        return \"[D]\" + super.getStatusIcon() +  \" \" + super.description + \" (by: \" + deadline + \")\";","lastModifiedDate":"2021-08-19"},{"lineNumber":17,"author":{"gitId":"cliveong"},"content":"    }","lastModifiedDate":"2021-08-19"},{"lineNumber":18,"author":{"gitId":"cliveong"},"content":"}","lastModifiedDate":"2021-08-19"}],"authorContributionMap":{"cliveong":18}},{"path":"src/main/java/Duke.java","fileType":"java","lines":[{"lineNumber":1,"author":{"gitId":"cliveong"},"content":"import java.util.Scanner;","lastModifiedDate":"2021-08-18"},{"lineNumber":2,"author":{"gitId":"cliveong"},"content":"","lastModifiedDate":"2021-08-18"},{"lineNumber":3,"author":{"gitId":"-"},"content":"public class Duke {","lastModifiedDate":"2019-07-29"},{"lineNumber":4,"author":{"gitId":"cliveong"},"content":"    static Task[] listOfText \u003d new Task[100];","lastModifiedDate":"2021-08-18"},{"lineNumber":5,"author":{"gitId":"cliveong"},"content":"","lastModifiedDate":"2021-08-18"},{"lineNumber":6,"author":{"gitId":"cliveong"},"content":"    private static void bye() {","lastModifiedDate":"2021-08-18"},{"lineNumber":7,"author":{"gitId":"cliveong"},"content":"        System.out.println(\"Bye. Hope to see you again soon!\");","lastModifiedDate":"2021-08-18"},{"lineNumber":8,"author":{"gitId":"cliveong"},"content":"    }","lastModifiedDate":"2021-08-18"},{"lineNumber":9,"author":{"gitId":"cliveong"},"content":"","lastModifiedDate":"2021-08-18"},{"lineNumber":10,"author":{"gitId":"cliveong"},"content":"//    private static void list(String line) {","lastModifiedDate":"2021-08-19"},{"lineNumber":11,"author":{"gitId":"cliveong"},"content":"//        for(int i \u003d 0; i \u003c 100; i++) {","lastModifiedDate":"2021-08-19"},{"lineNumber":12,"author":{"gitId":"cliveong"},"content":"//            if(listOfText[i] \u003d\u003d null) {","lastModifiedDate":"2021-08-19"},{"lineNumber":13,"author":{"gitId":"cliveong"},"content":"//                listOfText[i] \u003d new Task(line);","lastModifiedDate":"2021-08-19"},{"lineNumber":14,"author":{"gitId":"cliveong"},"content":"//                break;","lastModifiedDate":"2021-08-19"},{"lineNumber":15,"author":{"gitId":"cliveong"},"content":"//            }","lastModifiedDate":"2021-08-19"},{"lineNumber":16,"author":{"gitId":"cliveong"},"content":"//        }","lastModifiedDate":"2021-08-19"},{"lineNumber":17,"author":{"gitId":"cliveong"},"content":"//        System.out.println(\"added: \" + line);","lastModifiedDate":"2021-08-19"},{"lineNumber":18,"author":{"gitId":"cliveong"},"content":"//    }","lastModifiedDate":"2021-08-19"},{"lineNumber":19,"author":{"gitId":"cliveong"},"content":"","lastModifiedDate":"2021-08-19"},{"lineNumber":20,"author":{"gitId":"cliveong"},"content":"    private static void list(Task task) {","lastModifiedDate":"2021-08-19"},{"lineNumber":21,"author":{"gitId":"cliveong"},"content":"        int counter \u003d 0;","lastModifiedDate":"2021-08-19"},{"lineNumber":22,"author":{"gitId":"cliveong"},"content":"        for(int i \u003d 0; i \u003c 100; i++) {","lastModifiedDate":"2021-08-18"},{"lineNumber":23,"author":{"gitId":"cliveong"},"content":"            if(listOfText[i] \u003d\u003d null) {","lastModifiedDate":"2021-08-18"},{"lineNumber":24,"author":{"gitId":"cliveong"},"content":"                listOfText[i] \u003d task;","lastModifiedDate":"2021-08-19"},{"lineNumber":25,"author":{"gitId":"cliveong"},"content":"                break;","lastModifiedDate":"2021-08-18"},{"lineNumber":26,"author":{"gitId":"cliveong"},"content":"            }","lastModifiedDate":"2021-08-18"},{"lineNumber":27,"author":{"gitId":"cliveong"},"content":"        }","lastModifiedDate":"2021-08-18"},{"lineNumber":28,"author":{"gitId":"cliveong"},"content":"","lastModifiedDate":"2021-08-19"},{"lineNumber":29,"author":{"gitId":"cliveong"},"content":"        for(int j \u003d 0; j \u003c 100; j++) {","lastModifiedDate":"2021-08-19"},{"lineNumber":30,"author":{"gitId":"cliveong"},"content":"            if(listOfText[j] !\u003d null) {","lastModifiedDate":"2021-08-19"},{"lineNumber":31,"author":{"gitId":"cliveong"},"content":"                counter++;","lastModifiedDate":"2021-08-19"},{"lineNumber":32,"author":{"gitId":"cliveong"},"content":"            }","lastModifiedDate":"2021-08-19"},{"lineNumber":33,"author":{"gitId":"cliveong"},"content":"        }","lastModifiedDate":"2021-08-19"},{"lineNumber":34,"author":{"gitId":"cliveong"},"content":"        System.out.println(\"Got it. I\u0027ve added this task:\\n\" + \"  \"+ task.toString() +\"\\nNow you have \"+counter+\" tasks in the list.\");","lastModifiedDate":"2021-08-19"},{"lineNumber":35,"author":{"gitId":"cliveong"},"content":"    }","lastModifiedDate":"2021-08-18"},{"lineNumber":36,"author":{"gitId":"cliveong"},"content":"","lastModifiedDate":"2021-08-18"},{"lineNumber":37,"author":{"gitId":"cliveong"},"content":"    private static void printList() {","lastModifiedDate":"2021-08-18"},{"lineNumber":38,"author":{"gitId":"cliveong"},"content":"        System.out.println(\"Here are the tasks in your list:\\n\");","lastModifiedDate":"2021-08-19"},{"lineNumber":39,"author":{"gitId":"cliveong"},"content":"        for(int i \u003d 0; i \u003c 100; i++) {","lastModifiedDate":"2021-08-18"},{"lineNumber":40,"author":{"gitId":"cliveong"},"content":"            if(listOfText[i] !\u003d null) {","lastModifiedDate":"2021-08-18"},{"lineNumber":41,"author":{"gitId":"cliveong"},"content":"                System.out.println(i+1 + \".\" +  listOfText[i].logo() + listOfText[i].getStatusIcon() + \" \" + listOfText[i].description);","lastModifiedDate":"2021-08-19"},{"lineNumber":42,"author":{"gitId":"cliveong"},"content":"            }","lastModifiedDate":"2021-08-18"},{"lineNumber":43,"author":{"gitId":"cliveong"},"content":"        }","lastModifiedDate":"2021-08-18"},{"lineNumber":44,"author":{"gitId":"cliveong"},"content":"    }","lastModifiedDate":"2021-08-18"},{"lineNumber":45,"author":{"gitId":"cliveong"},"content":"","lastModifiedDate":"2021-08-18"},{"lineNumber":46,"author":{"gitId":"cliveong"},"content":"    private static void changeStatus(int number) { //need check if number is valid","lastModifiedDate":"2021-08-18"},{"lineNumber":47,"author":{"gitId":"cliveong"},"content":"        if ((number \u003e 0) \u0026\u0026 (number \u003c\u003d 100)) {","lastModifiedDate":"2021-08-18"},{"lineNumber":48,"author":{"gitId":"cliveong"},"content":"            if(listOfText[number-1] !\u003d null) {","lastModifiedDate":"2021-08-18"},{"lineNumber":49,"author":{"gitId":"cliveong"},"content":"                listOfText[number-1].markAsDone();","lastModifiedDate":"2021-08-18"},{"lineNumber":50,"author":{"gitId":"cliveong"},"content":"                System.out.println(\"Nice! I\u0027ve marked this task as done:\\n  \" + listOfText[number-1] );","lastModifiedDate":"2021-08-19"},{"lineNumber":51,"author":{"gitId":"cliveong"},"content":"            }","lastModifiedDate":"2021-08-18"},{"lineNumber":52,"author":{"gitId":"cliveong"},"content":"        }","lastModifiedDate":"2021-08-18"},{"lineNumber":53,"author":{"gitId":"cliveong"},"content":"","lastModifiedDate":"2021-08-18"},{"lineNumber":54,"author":{"gitId":"cliveong"},"content":"    }","lastModifiedDate":"2021-08-18"},{"lineNumber":55,"author":{"gitId":"cliveong"},"content":"","lastModifiedDate":"2021-08-18"},{"lineNumber":56,"author":{"gitId":"-"},"content":"    public static void main(String[] args) {","lastModifiedDate":"2019-07-29"},{"lineNumber":57,"author":{"gitId":"cliveong"},"content":"        Scanner sc \u003d new Scanner(System.in);","lastModifiedDate":"2021-08-18"},{"lineNumber":58,"author":{"gitId":"cliveong"},"content":"        System.out.println(\"Hello! I\u0027m Duke\\nWhat can I do for you?\");","lastModifiedDate":"2021-08-18"},{"lineNumber":59,"author":{"gitId":"cliveong"},"content":"        String input \u003d sc.nextLine();","lastModifiedDate":"2021-08-18"},{"lineNumber":60,"author":{"gitId":"cliveong"},"content":"        while(!(input.equals(\"bye\"))) {","lastModifiedDate":"2021-08-18"},{"lineNumber":61,"author":{"gitId":"cliveong"},"content":"","lastModifiedDate":"2021-08-18"},{"lineNumber":62,"author":{"gitId":"cliveong"},"content":"            if(input.equals(\"list\")) {","lastModifiedDate":"2021-08-18"},{"lineNumber":63,"author":{"gitId":"cliveong"},"content":"                printList();","lastModifiedDate":"2021-08-18"},{"lineNumber":64,"author":{"gitId":"cliveong"},"content":"                input \u003d sc.nextLine();","lastModifiedDate":"2021-08-18"},{"lineNumber":65,"author":{"gitId":"cliveong"},"content":"            }else if (input.length() \u003e 5 \u0026\u0026 input.substring(0, 5).equals(\"done \")) {","lastModifiedDate":"2021-08-18"},{"lineNumber":66,"author":{"gitId":"cliveong"},"content":"                String[] split \u003d input.split(\"\\\\s+\");","lastModifiedDate":"2021-08-18"},{"lineNumber":67,"author":{"gitId":"cliveong"},"content":"                int number \u003d Integer.parseInt(split[1]);","lastModifiedDate":"2021-08-18"},{"lineNumber":68,"author":{"gitId":"cliveong"},"content":"                changeStatus(number);","lastModifiedDate":"2021-08-18"},{"lineNumber":69,"author":{"gitId":"cliveong"},"content":"                input \u003d sc.nextLine();","lastModifiedDate":"2021-08-18"},{"lineNumber":70,"author":{"gitId":"cliveong"},"content":"            }else if (input.substring(0, 9).equals(\"deadline \")) {","lastModifiedDate":"2021-08-19"},{"lineNumber":71,"author":{"gitId":"cliveong"},"content":"                String[] split \u003d input.substring(9).split(\" /by \");","lastModifiedDate":"2021-08-19"},{"lineNumber":72,"author":{"gitId":"cliveong"},"content":"                list(new Deadline(split[0], split[1]));","lastModifiedDate":"2021-08-19"},{"lineNumber":73,"author":{"gitId":"cliveong"},"content":"                input \u003d sc.nextLine();","lastModifiedDate":"2021-08-19"},{"lineNumber":74,"author":{"gitId":"cliveong"},"content":"            } else if (input.substring(0, 5).equals(\"todo \")) {","lastModifiedDate":"2021-08-19"},{"lineNumber":75,"author":{"gitId":"cliveong"},"content":"                list(new ToDo(input.substring(5)));","lastModifiedDate":"2021-08-19"},{"lineNumber":76,"author":{"gitId":"cliveong"},"content":"                input \u003d sc.nextLine();","lastModifiedDate":"2021-08-19"},{"lineNumber":77,"author":{"gitId":"cliveong"},"content":"            } else if (input.substring(0, 6).equals(\"event \")) {","lastModifiedDate":"2021-08-19"},{"lineNumber":78,"author":{"gitId":"cliveong"},"content":"                String[] split \u003d input.substring(6).split(\" /at \");","lastModifiedDate":"2021-08-19"},{"lineNumber":79,"author":{"gitId":"cliveong"},"content":"                list(new Event(split[0], split[1]));","lastModifiedDate":"2021-08-19"},{"lineNumber":80,"author":{"gitId":"cliveong"},"content":"                input \u003d sc.nextLine();","lastModifiedDate":"2021-08-18"},{"lineNumber":81,"author":{"gitId":"cliveong"},"content":"            }","lastModifiedDate":"2021-08-18"},{"lineNumber":82,"author":{"gitId":"cliveong"},"content":"        }","lastModifiedDate":"2021-08-18"},{"lineNumber":83,"author":{"gitId":"cliveong"},"content":"","lastModifiedDate":"2021-08-18"},{"lineNumber":84,"author":{"gitId":"cliveong"},"content":"        if(input.equals(\"bye\")) {","lastModifiedDate":"2021-08-18"},{"lineNumber":85,"author":{"gitId":"cliveong"},"content":"            bye();","lastModifiedDate":"2021-08-18"},{"lineNumber":86,"author":{"gitId":"cliveong"},"content":"        }","lastModifiedDate":"2021-08-18"},{"lineNumber":87,"author":{"gitId":"-"},"content":"    }","lastModifiedDate":"2019-07-29"},{"lineNumber":88,"author":{"gitId":"-"},"content":"}","lastModifiedDate":"2019-07-29"},{"lineNumber":89,"author":{"gitId":"cliveong"},"content":"","lastModifiedDate":"2021-08-18"}],"authorContributionMap":{"cliveong":85,"-":4}},{"path":"src/main/java/Event.java","fileType":"java","lines":[{"lineNumber":1,"author":{"gitId":"cliveong"},"content":"public class Event extends Task{","lastModifiedDate":"2021-08-19"},{"lineNumber":2,"author":{"gitId":"cliveong"},"content":"    protected String deadline;","lastModifiedDate":"2021-08-19"},{"lineNumber":3,"author":{"gitId":"cliveong"},"content":"    protected String logo \u003d \"[E]\";","lastModifiedDate":"2021-08-19"},{"lineNumber":4,"author":{"gitId":"cliveong"},"content":"","lastModifiedDate":"2021-08-19"},{"lineNumber":5,"author":{"gitId":"cliveong"},"content":"    public Event(String description, String deadline) {","lastModifiedDate":"2021-08-19"},{"lineNumber":6,"author":{"gitId":"cliveong"},"content":"        super(description);","lastModifiedDate":"2021-08-19"},{"lineNumber":7,"author":{"gitId":"cliveong"},"content":"        this.deadline \u003d deadline;","lastModifiedDate":"2021-08-19"},{"lineNumber":8,"author":{"gitId":"cliveong"},"content":"    }","lastModifiedDate":"2021-08-19"},{"lineNumber":9,"author":{"gitId":"cliveong"},"content":"","lastModifiedDate":"2021-08-19"},{"lineNumber":10,"author":{"gitId":"cliveong"},"content":"    public String logo() {","lastModifiedDate":"2021-08-19"},{"lineNumber":11,"author":{"gitId":"cliveong"},"content":"        return logo;","lastModifiedDate":"2021-08-19"},{"lineNumber":12,"author":{"gitId":"cliveong"},"content":"    }","lastModifiedDate":"2021-08-19"},{"lineNumber":13,"author":{"gitId":"cliveong"},"content":"","lastModifiedDate":"2021-08-19"},{"lineNumber":14,"author":{"gitId":"cliveong"},"content":"    @Override","lastModifiedDate":"2021-08-19"},{"lineNumber":15,"author":{"gitId":"cliveong"},"content":"    public String toString() {","lastModifiedDate":"2021-08-19"},{"lineNumber":16,"author":{"gitId":"cliveong"},"content":"        return \"[E]\" + super.getStatusIcon() +  \" \" + super.description + \" (at: \" + deadline + \")\";","lastModifiedDate":"2021-08-19"},{"lineNumber":17,"author":{"gitId":"cliveong"},"content":"    }","lastModifiedDate":"2021-08-19"},{"lineNumber":18,"author":{"gitId":"cliveong"},"content":"}","lastModifiedDate":"2021-08-19"}],"authorContributionMap":{"cliveong":18}},{"path":"src/main/java/Task.java","fileType":"java","lines":[{"lineNumber":1,"author":{"gitId":"cliveong"},"content":"abstract class Task {","lastModifiedDate":"2021-08-19"},{"lineNumber":2,"author":{"gitId":"cliveong"},"content":"    protected String description;","lastModifiedDate":"2021-08-18"},{"lineNumber":3,"author":{"gitId":"cliveong"},"content":"    protected boolean isDone;","lastModifiedDate":"2021-08-18"},{"lineNumber":4,"author":{"gitId":"cliveong"},"content":"","lastModifiedDate":"2021-08-18"},{"lineNumber":5,"author":{"gitId":"cliveong"},"content":"    public Task(String description) {","lastModifiedDate":"2021-08-18"},{"lineNumber":6,"author":{"gitId":"cliveong"},"content":"        this.description \u003d description;","lastModifiedDate":"2021-08-18"},{"lineNumber":7,"author":{"gitId":"cliveong"},"content":"        this.isDone \u003d false;","lastModifiedDate":"2021-08-18"},{"lineNumber":8,"author":{"gitId":"cliveong"},"content":"    }","lastModifiedDate":"2021-08-18"},{"lineNumber":9,"author":{"gitId":"cliveong"},"content":"","lastModifiedDate":"2021-08-18"},{"lineNumber":10,"author":{"gitId":"cliveong"},"content":"    public String getStatusIcon() {","lastModifiedDate":"2021-08-18"},{"lineNumber":11,"author":{"gitId":"cliveong"},"content":"        return (isDone ? \"[X]\" : \"[ ]\"); // mark done task with X","lastModifiedDate":"2021-08-18"},{"lineNumber":12,"author":{"gitId":"cliveong"},"content":"    }","lastModifiedDate":"2021-08-18"},{"lineNumber":13,"author":{"gitId":"cliveong"},"content":"","lastModifiedDate":"2021-08-18"},{"lineNumber":14,"author":{"gitId":"cliveong"},"content":"    public void markAsDone() {","lastModifiedDate":"2021-08-18"},{"lineNumber":15,"author":{"gitId":"cliveong"},"content":"        this.isDone \u003d true;","lastModifiedDate":"2021-08-18"},{"lineNumber":16,"author":{"gitId":"cliveong"},"content":"    }","lastModifiedDate":"2021-08-18"},{"lineNumber":17,"author":{"gitId":"cliveong"},"content":"","lastModifiedDate":"2021-08-19"},{"lineNumber":18,"author":{"gitId":"cliveong"},"content":"    abstract String logo();","lastModifiedDate":"2021-08-19"},{"lineNumber":19,"author":{"gitId":"cliveong"},"content":"}","lastModifiedDate":"2021-08-18"}],"authorContributionMap":{"cliveong":19}},{"path":"src/main/java/ToDo.java","fileType":"java","lines":[{"lineNumber":1,"author":{"gitId":"cliveong"},"content":"public class ToDo extends Task{","lastModifiedDate":"2021-08-19"},{"lineNumber":2,"author":{"gitId":"cliveong"},"content":"    protected String logo \u003d \"[T]\";","lastModifiedDate":"2021-08-19"},{"lineNumber":3,"author":{"gitId":"cliveong"},"content":"","lastModifiedDate":"2021-08-19"},{"lineNumber":4,"author":{"gitId":"cliveong"},"content":"    public ToDo(String description) {","lastModifiedDate":"2021-08-19"},{"lineNumber":5,"author":{"gitId":"cliveong"},"content":"        super(description);","lastModifiedDate":"2021-08-19"},{"lineNumber":6,"author":{"gitId":"cliveong"},"content":"    }","lastModifiedDate":"2021-08-19"},{"lineNumber":7,"author":{"gitId":"cliveong"},"content":"","lastModifiedDate":"2021-08-19"},{"lineNumber":8,"author":{"gitId":"cliveong"},"content":"    public String logo() {","lastModifiedDate":"2021-08-19"},{"lineNumber":9,"author":{"gitId":"cliveong"},"content":"        return logo;","lastModifiedDate":"2021-08-19"},{"lineNumber":10,"author":{"gitId":"cliveong"},"content":"    }","lastModifiedDate":"2021-08-19"},{"lineNumber":11,"author":{"gitId":"cliveong"},"content":"","lastModifiedDate":"2021-08-19"},{"lineNumber":12,"author":{"gitId":"cliveong"},"content":"    @Override","lastModifiedDate":"2021-08-19"},{"lineNumber":13,"author":{"gitId":"cliveong"},"content":"    public String toString() {","lastModifiedDate":"2021-08-19"},{"lineNumber":14,"author":{"gitId":"cliveong"},"content":"        return \"[T]\" + super.getStatusIcon() +  \" \" + super.description;","lastModifiedDate":"2021-08-19"},{"lineNumber":15,"author":{"gitId":"cliveong"},"content":"    }","lastModifiedDate":"2021-08-19"},{"lineNumber":16,"author":{"gitId":"cliveong"},"content":"}","lastModifiedDate":"2021-08-19"},{"lineNumber":17,"author":{"gitId":"cliveong"},"content":"","lastModifiedDate":"2021-08-19"}],"authorContributionMap":{"cliveong":17}}]
