[{"path":"src/main/java/Deadline.java","fileType":"java","lines":[{"lineNumber":1,"author":{"gitId":"fans2619"},"content":"import java.time.LocalDate;","lastModifiedDate":"2021-08-19"},{"lineNumber":2,"author":{"gitId":"fans2619"},"content":"import java.time.format.DateTimeFormatter;","lastModifiedDate":"2021-08-19"},{"lineNumber":3,"author":{"gitId":"fans2619"},"content":"import java.util.Locale;","lastModifiedDate":"2021-08-19"},{"lineNumber":4,"author":{"gitId":"fans2619"},"content":"","lastModifiedDate":"2021-08-19"},{"lineNumber":5,"author":{"gitId":"fans2619"},"content":"public class Deadline extends Task {","lastModifiedDate":"2021-08-15"},{"lineNumber":6,"author":{"gitId":"fans2619"},"content":"","lastModifiedDate":"2021-08-15"},{"lineNumber":7,"author":{"gitId":"fans2619"},"content":"    private final LocalDate deadline;","lastModifiedDate":"2021-08-19"},{"lineNumber":8,"author":{"gitId":"fans2619"},"content":"","lastModifiedDate":"2021-08-15"},{"lineNumber":9,"author":{"gitId":"fans2619"},"content":"    public Deadline(String description, LocalDate deadline) {","lastModifiedDate":"2021-08-19"},{"lineNumber":10,"author":{"gitId":"fans2619"},"content":"        super(description, TaskType.DEADLINE);","lastModifiedDate":"2021-08-18"},{"lineNumber":11,"author":{"gitId":"fans2619"},"content":"        this.deadline \u003d deadline;","lastModifiedDate":"2021-08-19"},{"lineNumber":12,"author":{"gitId":"fans2619"},"content":"    }","lastModifiedDate":"2021-08-15"},{"lineNumber":13,"author":{"gitId":"fans2619"},"content":"","lastModifiedDate":"2021-08-15"},{"lineNumber":14,"author":{"gitId":"fans2619"},"content":"    @Override","lastModifiedDate":"2021-08-15"},{"lineNumber":15,"author":{"gitId":"fans2619"},"content":"    public String getDescriptionWithStatus() {","lastModifiedDate":"2021-08-15"},{"lineNumber":16,"author":{"gitId":"fans2619"},"content":"        return \"[D]\" + super.getDescriptionWithStatus() + \" (by: \" + deadline.format(DateTimeFormatter.ofPattern(\"MMM dd yyyy\", Locale.ENGLISH)) + \")\";","lastModifiedDate":"2021-08-19"},{"lineNumber":17,"author":{"gitId":"fans2619"},"content":"    }","lastModifiedDate":"2021-08-15"},{"lineNumber":18,"author":{"gitId":"fans2619"},"content":"","lastModifiedDate":"2021-08-15"},{"lineNumber":19,"author":{"gitId":"fans2619"},"content":"}","lastModifiedDate":"2021-08-15"}],"authorContributionMap":{"fans2619":19}},{"path":"src/main/java/Duke.java","fileType":"java","lines":[{"lineNumber":1,"author":{"gitId":"-"},"content":"public class Duke {","lastModifiedDate":"2019-07-29"},{"lineNumber":2,"author":{"gitId":"fans2619"},"content":"","lastModifiedDate":"2021-08-14"},{"lineNumber":3,"author":{"gitId":"-"},"content":"    public static void main(String[] args) {","lastModifiedDate":"2021-08-14"},{"lineNumber":4,"author":{"gitId":"fans2619"},"content":"        DukeCore dukeCore \u003d new DukeCore();","lastModifiedDate":"2021-08-15"},{"lineNumber":5,"author":{"gitId":"fans2619"},"content":"        dukeCore.greet();","lastModifiedDate":"2021-08-15"},{"lineNumber":6,"author":{"gitId":"fans2619"},"content":"        dukeCore.retrieveData();","lastModifiedDate":"2021-08-18"},{"lineNumber":7,"author":{"gitId":"fans2619"},"content":"        String input \u003d dukeCore.readLine();","lastModifiedDate":"2021-08-15"},{"lineNumber":8,"author":{"gitId":"fans2619"},"content":"        while (dukeCore.parseLine(input)) {  // while input is not \"bye\"","lastModifiedDate":"2021-08-15"},{"lineNumber":9,"author":{"gitId":"fans2619"},"content":"            input \u003d dukeCore.readLine();","lastModifiedDate":"2021-08-15"},{"lineNumber":10,"author":{"gitId":"fans2619"},"content":"        }","lastModifiedDate":"2021-08-14"},{"lineNumber":11,"author":{"gitId":"fans2619"},"content":"        dukeCore.dismiss();","lastModifiedDate":"2021-08-15"},{"lineNumber":12,"author":{"gitId":"-"},"content":"    }","lastModifiedDate":"2019-07-29"},{"lineNumber":13,"author":{"gitId":"-"},"content":"}","lastModifiedDate":"2019-07-29"}],"authorContributionMap":{"fans2619":9,"-":4}},{"path":"src/main/java/DukeCore.java","fileType":"java","lines":[{"lineNumber":1,"author":{"gitId":"fans2619"},"content":"import java.time.LocalDate;","lastModifiedDate":"2021-08-19"},{"lineNumber":2,"author":{"gitId":"fans2619"},"content":"import java.time.format.DateTimeParseException;","lastModifiedDate":"2021-08-19"},{"lineNumber":3,"author":{"gitId":"fans2619"},"content":"import java.util.Scanner;","lastModifiedDate":"2021-08-15"},{"lineNumber":4,"author":{"gitId":"fans2619"},"content":"","lastModifiedDate":"2021-08-15"},{"lineNumber":5,"author":{"gitId":"fans2619"},"content":"public class DukeCore {","lastModifiedDate":"2021-08-15"},{"lineNumber":6,"author":{"gitId":"fans2619"},"content":"","lastModifiedDate":"2021-08-15"},{"lineNumber":7,"author":{"gitId":"fans2619"},"content":"    static String logo \u003d \"      ____        _        \\n\"","lastModifiedDate":"2021-08-15"},{"lineNumber":8,"author":{"gitId":"fans2619"},"content":"            + \"     |  _ \\\\ _   _| | _____ \\n\"","lastModifiedDate":"2021-08-15"},{"lineNumber":9,"author":{"gitId":"fans2619"},"content":"            + \"     | | | | | | | |/ / _ \\\\\\n\"","lastModifiedDate":"2021-08-15"},{"lineNumber":10,"author":{"gitId":"fans2619"},"content":"            + \"     | |_| | |_| |   \u003c  __/\\n\"","lastModifiedDate":"2021-08-15"},{"lineNumber":11,"author":{"gitId":"fans2619"},"content":"            + \"     |____/ \\\\__,_|_|\\\\_\\\\___|\\n\";","lastModifiedDate":"2021-08-15"},{"lineNumber":12,"author":{"gitId":"fans2619"},"content":"    static String divider \u003d \"    ____________________________________________________________\";","lastModifiedDate":"2021-08-15"},{"lineNumber":13,"author":{"gitId":"fans2619"},"content":"    static String space \u003d \"     \";","lastModifiedDate":"2021-08-15"},{"lineNumber":14,"author":{"gitId":"fans2619"},"content":"    static String INVALID_INPUT \u003d space + \"☹ OOPS!!! I\u0027m sorry, but I don\u0027t know what that means :-(\";","lastModifiedDate":"2021-08-15"},{"lineNumber":15,"author":{"gitId":"fans2619"},"content":"","lastModifiedDate":"2021-08-15"},{"lineNumber":16,"author":{"gitId":"fans2619"},"content":"    private final Scanner scanner;","lastModifiedDate":"2021-08-15"},{"lineNumber":17,"author":{"gitId":"fans2619"},"content":"    private TaskList taskList;","lastModifiedDate":"2021-08-18"},{"lineNumber":18,"author":{"gitId":"fans2619"},"content":"    private final DukeDataHandler dataHandler;","lastModifiedDate":"2021-08-18"},{"lineNumber":19,"author":{"gitId":"fans2619"},"content":"","lastModifiedDate":"2021-08-15"},{"lineNumber":20,"author":{"gitId":"fans2619"},"content":"    public DukeCore() {","lastModifiedDate":"2021-08-15"},{"lineNumber":21,"author":{"gitId":"fans2619"},"content":"        this.scanner \u003d new Scanner(System.in);","lastModifiedDate":"2021-08-15"},{"lineNumber":22,"author":{"gitId":"fans2619"},"content":"        this.taskList \u003d new TaskList();","lastModifiedDate":"2021-08-15"},{"lineNumber":23,"author":{"gitId":"fans2619"},"content":"        this.dataHandler \u003d new DukeDataHandler();","lastModifiedDate":"2021-08-18"},{"lineNumber":24,"author":{"gitId":"fans2619"},"content":"    }","lastModifiedDate":"2021-08-18"},{"lineNumber":25,"author":{"gitId":"fans2619"},"content":"","lastModifiedDate":"2021-08-18"},{"lineNumber":26,"author":{"gitId":"fans2619"},"content":"    public void retrieveData() {","lastModifiedDate":"2021-08-18"},{"lineNumber":27,"author":{"gitId":"fans2619"},"content":"        this.taskList \u003d dataHandler.retrieveTaskList();","lastModifiedDate":"2021-08-18"},{"lineNumber":28,"author":{"gitId":"fans2619"},"content":"    }","lastModifiedDate":"2021-08-15"},{"lineNumber":29,"author":{"gitId":"fans2619"},"content":"","lastModifiedDate":"2021-08-15"},{"lineNumber":30,"author":{"gitId":"fans2619"},"content":"    public void greet() {","lastModifiedDate":"2021-08-15"},{"lineNumber":31,"author":{"gitId":"fans2619"},"content":"        System.out.println(divider);","lastModifiedDate":"2021-08-15"},{"lineNumber":32,"author":{"gitId":"fans2619"},"content":"        System.out.println(logo);","lastModifiedDate":"2021-08-15"},{"lineNumber":33,"author":{"gitId":"fans2619"},"content":"        System.out.println(space + \"Hello! I\u0027m Duke\\n\" + space + \"What can I do for you?\");","lastModifiedDate":"2021-08-15"},{"lineNumber":34,"author":{"gitId":"fans2619"},"content":"        System.out.println(divider + \"\\n\");","lastModifiedDate":"2021-08-15"},{"lineNumber":35,"author":{"gitId":"fans2619"},"content":"    }","lastModifiedDate":"2021-08-15"},{"lineNumber":36,"author":{"gitId":"fans2619"},"content":"","lastModifiedDate":"2021-08-15"},{"lineNumber":37,"author":{"gitId":"fans2619"},"content":"    public void dismiss() {","lastModifiedDate":"2021-08-15"},{"lineNumber":38,"author":{"gitId":"fans2619"},"content":"        displayText(space + \"Bye. Hope to see you again soon!\");","lastModifiedDate":"2021-08-15"},{"lineNumber":39,"author":{"gitId":"fans2619"},"content":"    }","lastModifiedDate":"2021-08-15"},{"lineNumber":40,"author":{"gitId":"fans2619"},"content":"","lastModifiedDate":"2021-08-15"},{"lineNumber":41,"author":{"gitId":"fans2619"},"content":"    public String readLine() {","lastModifiedDate":"2021-08-15"},{"lineNumber":42,"author":{"gitId":"fans2619"},"content":"        return scanner.nextLine();","lastModifiedDate":"2021-08-15"},{"lineNumber":43,"author":{"gitId":"fans2619"},"content":"    }","lastModifiedDate":"2021-08-15"},{"lineNumber":44,"author":{"gitId":"fans2619"},"content":"","lastModifiedDate":"2021-08-15"},{"lineNumber":45,"author":{"gitId":"fans2619"},"content":"    public boolean parseLine(String input) {","lastModifiedDate":"2021-08-15"},{"lineNumber":46,"author":{"gitId":"fans2619"},"content":"        input \u003d input.trim();  // to remove all leading and trailing space of user\u0027s input","lastModifiedDate":"2021-08-15"},{"lineNumber":47,"author":{"gitId":"fans2619"},"content":"        if (input.equals(\"bye\")) {","lastModifiedDate":"2021-08-15"},{"lineNumber":48,"author":{"gitId":"fans2619"},"content":"            return false;","lastModifiedDate":"2021-08-15"},{"lineNumber":49,"author":{"gitId":"fans2619"},"content":"        } else if (input.equals(\"list\")) {","lastModifiedDate":"2021-08-15"},{"lineNumber":50,"author":{"gitId":"fans2619"},"content":"            listTasks();","lastModifiedDate":"2021-08-15"},{"lineNumber":51,"author":{"gitId":"fans2619"},"content":"        } else if (input.startsWith(\"todo\")) {","lastModifiedDate":"2021-08-15"},{"lineNumber":52,"author":{"gitId":"fans2619"},"content":"            try {","lastModifiedDate":"2021-08-15"},{"lineNumber":53,"author":{"gitId":"fans2619"},"content":"                Task t \u003d parseTodo(input);","lastModifiedDate":"2021-08-19"},{"lineNumber":54,"author":{"gitId":"fans2619"},"content":"                addTask(t);","lastModifiedDate":"2021-08-19"},{"lineNumber":55,"author":{"gitId":"fans2619"},"content":"            } catch (DukeException e) {","lastModifiedDate":"2021-08-15"},{"lineNumber":56,"author":{"gitId":"fans2619"},"content":"                String errorMessage \u003d e.getMessage();","lastModifiedDate":"2021-08-15"},{"lineNumber":57,"author":{"gitId":"fans2619"},"content":"                if (errorMessage.equals(\"wrong input format\")) {","lastModifiedDate":"2021-08-15"},{"lineNumber":58,"author":{"gitId":"fans2619"},"content":"                    displayText(INVALID_INPUT);","lastModifiedDate":"2021-08-15"},{"lineNumber":59,"author":{"gitId":"fans2619"},"content":"                } else if (errorMessage.equals(\"empty todo description\")) {","lastModifiedDate":"2021-08-15"},{"lineNumber":60,"author":{"gitId":"fans2619"},"content":"                    displayText(space + \"☹ OOPS!!! The description of a todo cannot be empty.\");","lastModifiedDate":"2021-08-15"},{"lineNumber":61,"author":{"gitId":"fans2619"},"content":"                }","lastModifiedDate":"2021-08-15"},{"lineNumber":62,"author":{"gitId":"fans2619"},"content":"            }","lastModifiedDate":"2021-08-15"},{"lineNumber":63,"author":{"gitId":"fans2619"},"content":"        } else if (input.startsWith(\"deadline\")) {","lastModifiedDate":"2021-08-15"},{"lineNumber":64,"author":{"gitId":"fans2619"},"content":"            try {","lastModifiedDate":"2021-08-15"},{"lineNumber":65,"author":{"gitId":"fans2619"},"content":"                Task t \u003d parseDeadline(input);","lastModifiedDate":"2021-08-19"},{"lineNumber":66,"author":{"gitId":"fans2619"},"content":"                addTask(t);","lastModifiedDate":"2021-08-19"},{"lineNumber":67,"author":{"gitId":"fans2619"},"content":"            } catch (DukeException e) {","lastModifiedDate":"2021-08-15"},{"lineNumber":68,"author":{"gitId":"fans2619"},"content":"                String errorMessage \u003d e.getMessage();","lastModifiedDate":"2021-08-15"},{"lineNumber":69,"author":{"gitId":"fans2619"},"content":"                switch (errorMessage) {","lastModifiedDate":"2021-08-15"},{"lineNumber":70,"author":{"gitId":"fans2619"},"content":"                case \"wrong input format\":","lastModifiedDate":"2021-08-15"},{"lineNumber":71,"author":{"gitId":"fans2619"},"content":"                    displayText(INVALID_INPUT);","lastModifiedDate":"2021-08-15"},{"lineNumber":72,"author":{"gitId":"fans2619"},"content":"                    break;","lastModifiedDate":"2021-08-15"},{"lineNumber":73,"author":{"gitId":"fans2619"},"content":"                case \"empty deadline description\":","lastModifiedDate":"2021-08-15"},{"lineNumber":74,"author":{"gitId":"fans2619"},"content":"                    displayText(space + \"☹ OOPS!!! The description of a deadline cannot be empty.\");","lastModifiedDate":"2021-08-15"},{"lineNumber":75,"author":{"gitId":"fans2619"},"content":"                    break;","lastModifiedDate":"2021-08-15"},{"lineNumber":76,"author":{"gitId":"fans2619"},"content":"                case \"empty deadline by\":","lastModifiedDate":"2021-08-15"},{"lineNumber":77,"author":{"gitId":"fans2619"},"content":"                    displayText(space + \"☹ OOPS!!! The deadline of a deadline cannot be empty.\");","lastModifiedDate":"2021-08-15"},{"lineNumber":78,"author":{"gitId":"fans2619"},"content":"                    break;","lastModifiedDate":"2021-08-15"},{"lineNumber":79,"author":{"gitId":"fans2619"},"content":"                case \"wrong deadline format\":","lastModifiedDate":"2021-08-19"},{"lineNumber":80,"author":{"gitId":"fans2619"},"content":"                    displayText(space + \"☹ OOPS!!! The deadline is in the wrong format.\");","lastModifiedDate":"2021-08-19"},{"lineNumber":81,"author":{"gitId":"fans2619"},"content":"                    break;","lastModifiedDate":"2021-08-19"},{"lineNumber":82,"author":{"gitId":"fans2619"},"content":"                }","lastModifiedDate":"2021-08-15"},{"lineNumber":83,"author":{"gitId":"fans2619"},"content":"            }","lastModifiedDate":"2021-08-15"},{"lineNumber":84,"author":{"gitId":"fans2619"},"content":"        } else if (input.startsWith(\"event\")) {","lastModifiedDate":"2021-08-15"},{"lineNumber":85,"author":{"gitId":"fans2619"},"content":"            try {","lastModifiedDate":"2021-08-15"},{"lineNumber":86,"author":{"gitId":"fans2619"},"content":"                Task t \u003d parseEvent(input);","lastModifiedDate":"2021-08-19"},{"lineNumber":87,"author":{"gitId":"fans2619"},"content":"                addTask(t);","lastModifiedDate":"2021-08-19"},{"lineNumber":88,"author":{"gitId":"fans2619"},"content":"            } catch (DukeException e) {","lastModifiedDate":"2021-08-15"},{"lineNumber":89,"author":{"gitId":"fans2619"},"content":"                String errorMessage \u003d e.getMessage();","lastModifiedDate":"2021-08-15"},{"lineNumber":90,"author":{"gitId":"fans2619"},"content":"                switch (errorMessage) {","lastModifiedDate":"2021-08-15"},{"lineNumber":91,"author":{"gitId":"fans2619"},"content":"                case \"wrong input format\":","lastModifiedDate":"2021-08-15"},{"lineNumber":92,"author":{"gitId":"fans2619"},"content":"                    displayText(INVALID_INPUT);","lastModifiedDate":"2021-08-15"},{"lineNumber":93,"author":{"gitId":"fans2619"},"content":"                    break;","lastModifiedDate":"2021-08-15"},{"lineNumber":94,"author":{"gitId":"fans2619"},"content":"                case \"empty event description\":","lastModifiedDate":"2021-08-15"},{"lineNumber":95,"author":{"gitId":"fans2619"},"content":"                    displayText(space + \"☹ OOPS!!! The description of an event cannot be empty.\");","lastModifiedDate":"2021-08-15"},{"lineNumber":96,"author":{"gitId":"fans2619"},"content":"                    break;","lastModifiedDate":"2021-08-15"},{"lineNumber":97,"author":{"gitId":"fans2619"},"content":"                case \"empty event at\":","lastModifiedDate":"2021-08-15"},{"lineNumber":98,"author":{"gitId":"fans2619"},"content":"                    displayText(space + \"☹ OOPS!!! The start/end time of an event cannot be empty.\");","lastModifiedDate":"2021-08-15"},{"lineNumber":99,"author":{"gitId":"fans2619"},"content":"                    break;","lastModifiedDate":"2021-08-15"},{"lineNumber":100,"author":{"gitId":"fans2619"},"content":"                }","lastModifiedDate":"2021-08-15"},{"lineNumber":101,"author":{"gitId":"fans2619"},"content":"            }","lastModifiedDate":"2021-08-15"},{"lineNumber":102,"author":{"gitId":"fans2619"},"content":"        } else if (input.length() \u003e\u003d 6 \u0026\u0026 input.startsWith(\"done \")) {","lastModifiedDate":"2021-08-15"},{"lineNumber":103,"author":{"gitId":"fans2619"},"content":"            if (isValidNum(input.substring(5))) {","lastModifiedDate":"2021-08-15"},{"lineNumber":104,"author":{"gitId":"fans2619"},"content":"                doneTask(Integer.parseInt(input.substring(5).trim()));","lastModifiedDate":"2021-08-15"},{"lineNumber":105,"author":{"gitId":"fans2619"},"content":"            } else {","lastModifiedDate":"2021-08-15"},{"lineNumber":106,"author":{"gitId":"fans2619"},"content":"                displayText(INVALID_INPUT);","lastModifiedDate":"2021-08-15"},{"lineNumber":107,"author":{"gitId":"fans2619"},"content":"            }","lastModifiedDate":"2021-08-15"},{"lineNumber":108,"author":{"gitId":"fans2619"},"content":"        } else if (input.length() \u003e\u003d 8 \u0026\u0026 input.startsWith(\"delete \")) {","lastModifiedDate":"2021-08-15"},{"lineNumber":109,"author":{"gitId":"fans2619"},"content":"            if (isValidNum(input.substring(7))) {","lastModifiedDate":"2021-08-15"},{"lineNumber":110,"author":{"gitId":"fans2619"},"content":"                deleteTask(Integer.parseInt(input.substring(7).trim()));","lastModifiedDate":"2021-08-15"},{"lineNumber":111,"author":{"gitId":"fans2619"},"content":"            } else {","lastModifiedDate":"2021-08-15"},{"lineNumber":112,"author":{"gitId":"fans2619"},"content":"                displayText(INVALID_INPUT);","lastModifiedDate":"2021-08-15"},{"lineNumber":113,"author":{"gitId":"fans2619"},"content":"            }","lastModifiedDate":"2021-08-15"},{"lineNumber":114,"author":{"gitId":"fans2619"},"content":"        } else {","lastModifiedDate":"2021-08-15"},{"lineNumber":115,"author":{"gitId":"fans2619"},"content":"            displayText(INVALID_INPUT);","lastModifiedDate":"2021-08-15"},{"lineNumber":116,"author":{"gitId":"fans2619"},"content":"        }","lastModifiedDate":"2021-08-15"},{"lineNumber":117,"author":{"gitId":"fans2619"},"content":"        return true;","lastModifiedDate":"2021-08-15"},{"lineNumber":118,"author":{"gitId":"fans2619"},"content":"    }","lastModifiedDate":"2021-08-15"},{"lineNumber":119,"author":{"gitId":"fans2619"},"content":"","lastModifiedDate":"2021-08-15"},{"lineNumber":120,"author":{"gitId":"fans2619"},"content":"    public boolean isValidNum(String s) {","lastModifiedDate":"2021-08-15"},{"lineNumber":121,"author":{"gitId":"fans2619"},"content":"        try {","lastModifiedDate":"2021-08-15"},{"lineNumber":122,"author":{"gitId":"fans2619"},"content":"            Integer.parseInt(s.trim());","lastModifiedDate":"2021-08-15"},{"lineNumber":123,"author":{"gitId":"fans2619"},"content":"        } catch (Exception e) {","lastModifiedDate":"2021-08-15"},{"lineNumber":124,"author":{"gitId":"fans2619"},"content":"            return false;","lastModifiedDate":"2021-08-15"},{"lineNumber":125,"author":{"gitId":"fans2619"},"content":"        }","lastModifiedDate":"2021-08-15"},{"lineNumber":126,"author":{"gitId":"fans2619"},"content":"        return true;","lastModifiedDate":"2021-08-15"},{"lineNumber":127,"author":{"gitId":"fans2619"},"content":"    }","lastModifiedDate":"2021-08-15"},{"lineNumber":128,"author":{"gitId":"fans2619"},"content":"","lastModifiedDate":"2021-08-15"},{"lineNumber":129,"author":{"gitId":"fans2619"},"content":"    public Todo parseTodo(String s) throws DukeException {","lastModifiedDate":"2021-08-19"},{"lineNumber":130,"author":{"gitId":"fans2619"},"content":"        String temp;","lastModifiedDate":"2021-08-15"},{"lineNumber":131,"author":{"gitId":"fans2619"},"content":"        try {","lastModifiedDate":"2021-08-15"},{"lineNumber":132,"author":{"gitId":"fans2619"},"content":"            if (s.charAt(4) !\u003d \u0027 \u0027) {","lastModifiedDate":"2021-08-15"},{"lineNumber":133,"author":{"gitId":"fans2619"},"content":"                throw new DukeException(\"wrong input format\");","lastModifiedDate":"2021-08-15"},{"lineNumber":134,"author":{"gitId":"fans2619"},"content":"            }","lastModifiedDate":"2021-08-15"},{"lineNumber":135,"author":{"gitId":"fans2619"},"content":"            temp \u003d s.substring(5);","lastModifiedDate":"2021-08-15"},{"lineNumber":136,"author":{"gitId":"fans2619"},"content":"        } catch (IndexOutOfBoundsException e) {","lastModifiedDate":"2021-08-15"},{"lineNumber":137,"author":{"gitId":"fans2619"},"content":"            throw new DukeException(\"empty todo description\");","lastModifiedDate":"2021-08-15"},{"lineNumber":138,"author":{"gitId":"fans2619"},"content":"        }","lastModifiedDate":"2021-08-15"},{"lineNumber":139,"author":{"gitId":"fans2619"},"content":"        temp \u003d temp.trim();","lastModifiedDate":"2021-08-15"},{"lineNumber":140,"author":{"gitId":"fans2619"},"content":"        if (temp.equals(\"\")) {","lastModifiedDate":"2021-08-15"},{"lineNumber":141,"author":{"gitId":"fans2619"},"content":"            throw new DukeException(\"empty todo description\");","lastModifiedDate":"2021-08-15"},{"lineNumber":142,"author":{"gitId":"fans2619"},"content":"        }","lastModifiedDate":"2021-08-15"},{"lineNumber":143,"author":{"gitId":"fans2619"},"content":"        return new Todo(temp);","lastModifiedDate":"2021-08-19"},{"lineNumber":144,"author":{"gitId":"fans2619"},"content":"    }","lastModifiedDate":"2021-08-15"},{"lineNumber":145,"author":{"gitId":"fans2619"},"content":"","lastModifiedDate":"2021-08-15"},{"lineNumber":146,"author":{"gitId":"fans2619"},"content":"    public Deadline parseDeadline(String s) throws DukeException {","lastModifiedDate":"2021-08-19"},{"lineNumber":147,"author":{"gitId":"fans2619"},"content":"        String temp;","lastModifiedDate":"2021-08-15"},{"lineNumber":148,"author":{"gitId":"fans2619"},"content":"        String description;","lastModifiedDate":"2021-08-15"},{"lineNumber":149,"author":{"gitId":"fans2619"},"content":"        String by;","lastModifiedDate":"2021-08-15"},{"lineNumber":150,"author":{"gitId":"fans2619"},"content":"        LocalDate deadline;","lastModifiedDate":"2021-08-19"},{"lineNumber":151,"author":{"gitId":"fans2619"},"content":"","lastModifiedDate":"2021-08-15"},{"lineNumber":152,"author":{"gitId":"fans2619"},"content":"        try {","lastModifiedDate":"2021-08-15"},{"lineNumber":153,"author":{"gitId":"fans2619"},"content":"            if (s.charAt(8) !\u003d \u0027 \u0027) {","lastModifiedDate":"2021-08-15"},{"lineNumber":154,"author":{"gitId":"fans2619"},"content":"                throw new DukeException(\"wrong input format\");","lastModifiedDate":"2021-08-15"},{"lineNumber":155,"author":{"gitId":"fans2619"},"content":"            }","lastModifiedDate":"2021-08-15"},{"lineNumber":156,"author":{"gitId":"fans2619"},"content":"            temp \u003d s.substring(9);","lastModifiedDate":"2021-08-15"},{"lineNumber":157,"author":{"gitId":"fans2619"},"content":"        } catch (IndexOutOfBoundsException e) {","lastModifiedDate":"2021-08-15"},{"lineNumber":158,"author":{"gitId":"fans2619"},"content":"            throw new DukeException(\"empty deadline description\");","lastModifiedDate":"2021-08-15"},{"lineNumber":159,"author":{"gitId":"fans2619"},"content":"        }","lastModifiedDate":"2021-08-15"},{"lineNumber":160,"author":{"gitId":"fans2619"},"content":"        temp \u003d temp.trim();","lastModifiedDate":"2021-08-15"},{"lineNumber":161,"author":{"gitId":"fans2619"},"content":"","lastModifiedDate":"2021-08-15"},{"lineNumber":162,"author":{"gitId":"fans2619"},"content":"        int m \u003d temp.lastIndexOf(\"/by\");","lastModifiedDate":"2021-08-15"},{"lineNumber":163,"author":{"gitId":"fans2619"},"content":"        if (m \u003d\u003d -1) {","lastModifiedDate":"2021-08-15"},{"lineNumber":164,"author":{"gitId":"fans2619"},"content":"            throw new DukeException(\"wrong input format\");","lastModifiedDate":"2021-08-15"},{"lineNumber":165,"author":{"gitId":"fans2619"},"content":"        } else {","lastModifiedDate":"2021-08-15"},{"lineNumber":166,"author":{"gitId":"fans2619"},"content":"            description \u003d temp.substring(0, m);","lastModifiedDate":"2021-08-15"},{"lineNumber":167,"author":{"gitId":"fans2619"},"content":"            description \u003d description.trim();","lastModifiedDate":"2021-08-15"},{"lineNumber":168,"author":{"gitId":"fans2619"},"content":"            if (description.equals(\"\")) {","lastModifiedDate":"2021-08-15"},{"lineNumber":169,"author":{"gitId":"fans2619"},"content":"                throw new DukeException(\"empty deadline description\");","lastModifiedDate":"2021-08-15"},{"lineNumber":170,"author":{"gitId":"fans2619"},"content":"            }","lastModifiedDate":"2021-08-15"},{"lineNumber":171,"author":{"gitId":"fans2619"},"content":"","lastModifiedDate":"2021-08-15"},{"lineNumber":172,"author":{"gitId":"fans2619"},"content":"            by \u003d temp.substring(m);","lastModifiedDate":"2021-08-15"},{"lineNumber":173,"author":{"gitId":"fans2619"},"content":"            try {","lastModifiedDate":"2021-08-15"},{"lineNumber":174,"author":{"gitId":"fans2619"},"content":"                if (by.charAt(3) !\u003d \u0027 \u0027) {","lastModifiedDate":"2021-08-15"},{"lineNumber":175,"author":{"gitId":"fans2619"},"content":"                    throw new DukeException(\"wrong input format\");","lastModifiedDate":"2021-08-15"},{"lineNumber":176,"author":{"gitId":"fans2619"},"content":"                }","lastModifiedDate":"2021-08-15"},{"lineNumber":177,"author":{"gitId":"fans2619"},"content":"                by \u003d by.substring(4);","lastModifiedDate":"2021-08-15"},{"lineNumber":178,"author":{"gitId":"fans2619"},"content":"            } catch (IndexOutOfBoundsException e) {","lastModifiedDate":"2021-08-15"},{"lineNumber":179,"author":{"gitId":"fans2619"},"content":"                throw new DukeException(\"empty deadline by\");","lastModifiedDate":"2021-08-15"},{"lineNumber":180,"author":{"gitId":"fans2619"},"content":"            }","lastModifiedDate":"2021-08-15"},{"lineNumber":181,"author":{"gitId":"fans2619"},"content":"            by \u003d by.trim();","lastModifiedDate":"2021-08-15"},{"lineNumber":182,"author":{"gitId":"fans2619"},"content":"            if (by.equals(\"\")) {","lastModifiedDate":"2021-08-15"},{"lineNumber":183,"author":{"gitId":"fans2619"},"content":"                throw new DukeException(\"empty deadline by\");","lastModifiedDate":"2021-08-15"},{"lineNumber":184,"author":{"gitId":"fans2619"},"content":"            }","lastModifiedDate":"2021-08-15"},{"lineNumber":185,"author":{"gitId":"fans2619"},"content":"","lastModifiedDate":"2021-08-19"},{"lineNumber":186,"author":{"gitId":"fans2619"},"content":"            try {","lastModifiedDate":"2021-08-19"},{"lineNumber":187,"author":{"gitId":"fans2619"},"content":"                deadline \u003d LocalDate.parse(by);","lastModifiedDate":"2021-08-19"},{"lineNumber":188,"author":{"gitId":"fans2619"},"content":"            } catch (DateTimeParseException e) {","lastModifiedDate":"2021-08-19"},{"lineNumber":189,"author":{"gitId":"fans2619"},"content":"                throw new DukeException(\"wrong deadline format\");","lastModifiedDate":"2021-08-19"},{"lineNumber":190,"author":{"gitId":"fans2619"},"content":"            }","lastModifiedDate":"2021-08-19"},{"lineNumber":191,"author":{"gitId":"fans2619"},"content":"        }","lastModifiedDate":"2021-08-15"},{"lineNumber":192,"author":{"gitId":"fans2619"},"content":"        return new Deadline(description, deadline);","lastModifiedDate":"2021-08-19"},{"lineNumber":193,"author":{"gitId":"fans2619"},"content":"    }","lastModifiedDate":"2021-08-15"},{"lineNumber":194,"author":{"gitId":"fans2619"},"content":"","lastModifiedDate":"2021-08-15"},{"lineNumber":195,"author":{"gitId":"fans2619"},"content":"    public Event parseEvent(String s) {","lastModifiedDate":"2021-08-19"},{"lineNumber":196,"author":{"gitId":"fans2619"},"content":"        String temp;","lastModifiedDate":"2021-08-15"},{"lineNumber":197,"author":{"gitId":"fans2619"},"content":"        String description;","lastModifiedDate":"2021-08-15"},{"lineNumber":198,"author":{"gitId":"fans2619"},"content":"        String at;","lastModifiedDate":"2021-08-15"},{"lineNumber":199,"author":{"gitId":"fans2619"},"content":"","lastModifiedDate":"2021-08-15"},{"lineNumber":200,"author":{"gitId":"fans2619"},"content":"        try {","lastModifiedDate":"2021-08-15"},{"lineNumber":201,"author":{"gitId":"fans2619"},"content":"            if (s.charAt(5) !\u003d \u0027 \u0027) {","lastModifiedDate":"2021-08-15"},{"lineNumber":202,"author":{"gitId":"fans2619"},"content":"                throw new DukeException(\"wrong input format\");","lastModifiedDate":"2021-08-15"},{"lineNumber":203,"author":{"gitId":"fans2619"},"content":"            }","lastModifiedDate":"2021-08-15"},{"lineNumber":204,"author":{"gitId":"fans2619"},"content":"            temp \u003d s.substring(6);","lastModifiedDate":"2021-08-15"},{"lineNumber":205,"author":{"gitId":"fans2619"},"content":"        } catch (IndexOutOfBoundsException e) {","lastModifiedDate":"2021-08-15"},{"lineNumber":206,"author":{"gitId":"fans2619"},"content":"            throw new DukeException(\"empty event description\");","lastModifiedDate":"2021-08-15"},{"lineNumber":207,"author":{"gitId":"fans2619"},"content":"        }","lastModifiedDate":"2021-08-15"},{"lineNumber":208,"author":{"gitId":"fans2619"},"content":"        temp \u003d temp.trim();","lastModifiedDate":"2021-08-15"},{"lineNumber":209,"author":{"gitId":"fans2619"},"content":"","lastModifiedDate":"2021-08-15"},{"lineNumber":210,"author":{"gitId":"fans2619"},"content":"        int m \u003d temp.lastIndexOf(\"/at\");","lastModifiedDate":"2021-08-15"},{"lineNumber":211,"author":{"gitId":"fans2619"},"content":"        if (m \u003d\u003d -1) {","lastModifiedDate":"2021-08-15"},{"lineNumber":212,"author":{"gitId":"fans2619"},"content":"            throw new DukeException(\"wrong input format\");","lastModifiedDate":"2021-08-15"},{"lineNumber":213,"author":{"gitId":"fans2619"},"content":"        } else {","lastModifiedDate":"2021-08-15"},{"lineNumber":214,"author":{"gitId":"fans2619"},"content":"            description \u003d temp.substring(0, m);","lastModifiedDate":"2021-08-15"},{"lineNumber":215,"author":{"gitId":"fans2619"},"content":"            description \u003d description.trim();","lastModifiedDate":"2021-08-15"},{"lineNumber":216,"author":{"gitId":"fans2619"},"content":"            if (description.equals(\"\")) {","lastModifiedDate":"2021-08-15"},{"lineNumber":217,"author":{"gitId":"fans2619"},"content":"                throw new DukeException(\"empty event description\");","lastModifiedDate":"2021-08-15"},{"lineNumber":218,"author":{"gitId":"fans2619"},"content":"            }","lastModifiedDate":"2021-08-15"},{"lineNumber":219,"author":{"gitId":"fans2619"},"content":"","lastModifiedDate":"2021-08-15"},{"lineNumber":220,"author":{"gitId":"fans2619"},"content":"            at \u003d temp.substring(m);","lastModifiedDate":"2021-08-15"},{"lineNumber":221,"author":{"gitId":"fans2619"},"content":"            try {","lastModifiedDate":"2021-08-15"},{"lineNumber":222,"author":{"gitId":"fans2619"},"content":"                if (at.charAt(3) !\u003d \u0027 \u0027) {","lastModifiedDate":"2021-08-15"},{"lineNumber":223,"author":{"gitId":"fans2619"},"content":"                    throw new DukeException(\"wrong input format\");","lastModifiedDate":"2021-08-15"},{"lineNumber":224,"author":{"gitId":"fans2619"},"content":"                }","lastModifiedDate":"2021-08-15"},{"lineNumber":225,"author":{"gitId":"fans2619"},"content":"                at \u003d at.substring(4);","lastModifiedDate":"2021-08-15"},{"lineNumber":226,"author":{"gitId":"fans2619"},"content":"            } catch (IndexOutOfBoundsException e) {","lastModifiedDate":"2021-08-15"},{"lineNumber":227,"author":{"gitId":"fans2619"},"content":"                throw new DukeException(\"empty event at\");","lastModifiedDate":"2021-08-15"},{"lineNumber":228,"author":{"gitId":"fans2619"},"content":"            }","lastModifiedDate":"2021-08-15"},{"lineNumber":229,"author":{"gitId":"fans2619"},"content":"            at \u003d at.trim();","lastModifiedDate":"2021-08-15"},{"lineNumber":230,"author":{"gitId":"fans2619"},"content":"            if (at.equals(\"\")) {","lastModifiedDate":"2021-08-15"},{"lineNumber":231,"author":{"gitId":"fans2619"},"content":"                throw new DukeException(\"empty event at\");","lastModifiedDate":"2021-08-15"},{"lineNumber":232,"author":{"gitId":"fans2619"},"content":"            }","lastModifiedDate":"2021-08-15"},{"lineNumber":233,"author":{"gitId":"fans2619"},"content":"        }","lastModifiedDate":"2021-08-15"},{"lineNumber":234,"author":{"gitId":"fans2619"},"content":"        return new Event(description, at);","lastModifiedDate":"2021-08-19"},{"lineNumber":235,"author":{"gitId":"fans2619"},"content":"    }","lastModifiedDate":"2021-08-15"},{"lineNumber":236,"author":{"gitId":"fans2619"},"content":"","lastModifiedDate":"2021-08-15"},{"lineNumber":237,"author":{"gitId":"fans2619"},"content":"    public void addTask(Task t) {","lastModifiedDate":"2021-08-15"},{"lineNumber":238,"author":{"gitId":"fans2619"},"content":"        if (taskList.addTask(t)) {","lastModifiedDate":"2021-08-15"},{"lineNumber":239,"author":{"gitId":"fans2619"},"content":"            displayText(space + \"Got it. I\u0027ve added this task: \\n\"","lastModifiedDate":"2021-08-15"},{"lineNumber":240,"author":{"gitId":"fans2619"},"content":"                    + space + \"  \" + t.getDescriptionWithStatus() + \"\\n\"","lastModifiedDate":"2021-08-15"},{"lineNumber":241,"author":{"gitId":"fans2619"},"content":"                    + space + \"Now you have \" + taskList.getNumOfTasks() + \" tasks in the list.\");","lastModifiedDate":"2021-08-15"},{"lineNumber":242,"author":{"gitId":"fans2619"},"content":"            dataHandler.storeTaskList(taskList);","lastModifiedDate":"2021-08-18"},{"lineNumber":243,"author":{"gitId":"fans2619"},"content":"        } else {","lastModifiedDate":"2021-08-15"},{"lineNumber":244,"author":{"gitId":"fans2619"},"content":"            System.exit(1);","lastModifiedDate":"2021-08-15"},{"lineNumber":245,"author":{"gitId":"fans2619"},"content":"        }","lastModifiedDate":"2021-08-15"},{"lineNumber":246,"author":{"gitId":"fans2619"},"content":"    }","lastModifiedDate":"2021-08-15"},{"lineNumber":247,"author":{"gitId":"fans2619"},"content":"","lastModifiedDate":"2021-08-15"},{"lineNumber":248,"author":{"gitId":"fans2619"},"content":"    public void doneTask(int taskIndex) {","lastModifiedDate":"2021-08-15"},{"lineNumber":249,"author":{"gitId":"fans2619"},"content":"        try {","lastModifiedDate":"2021-08-15"},{"lineNumber":250,"author":{"gitId":"fans2619"},"content":"            Task t \u003d taskList.getTasks().get(taskIndex - 1);","lastModifiedDate":"2021-08-15"},{"lineNumber":251,"author":{"gitId":"fans2619"},"content":"            if (t.getIsDone()) {","lastModifiedDate":"2021-08-15"},{"lineNumber":252,"author":{"gitId":"fans2619"},"content":"                displayText(space + \"You have already done this task!\");","lastModifiedDate":"2021-08-15"},{"lineNumber":253,"author":{"gitId":"fans2619"},"content":"            } else {","lastModifiedDate":"2021-08-15"},{"lineNumber":254,"author":{"gitId":"fans2619"},"content":"                t.markAsDone();","lastModifiedDate":"2021-08-15"},{"lineNumber":255,"author":{"gitId":"fans2619"},"content":"                displayText(space + \"Nice! I\u0027ve marked this task as done: \\n\"","lastModifiedDate":"2021-08-15"},{"lineNumber":256,"author":{"gitId":"fans2619"},"content":"                        + space + \"  \" + t.getDescriptionWithStatus());","lastModifiedDate":"2021-08-15"},{"lineNumber":257,"author":{"gitId":"fans2619"},"content":"                dataHandler.storeTaskList(taskList);","lastModifiedDate":"2021-08-18"},{"lineNumber":258,"author":{"gitId":"fans2619"},"content":"            }","lastModifiedDate":"2021-08-15"},{"lineNumber":259,"author":{"gitId":"fans2619"},"content":"        } catch (IndexOutOfBoundsException ex) {","lastModifiedDate":"2021-08-15"},{"lineNumber":260,"author":{"gitId":"fans2619"},"content":"            displayText(space + \"Oops, the task doesn\u0027t seem to exist.\");","lastModifiedDate":"2021-08-15"},{"lineNumber":261,"author":{"gitId":"fans2619"},"content":"        }","lastModifiedDate":"2021-08-15"},{"lineNumber":262,"author":{"gitId":"fans2619"},"content":"    }","lastModifiedDate":"2021-08-15"},{"lineNumber":263,"author":{"gitId":"fans2619"},"content":"","lastModifiedDate":"2021-08-15"},{"lineNumber":264,"author":{"gitId":"fans2619"},"content":"    public void deleteTask(int taskIndex) {","lastModifiedDate":"2021-08-15"},{"lineNumber":265,"author":{"gitId":"fans2619"},"content":"        try {","lastModifiedDate":"2021-08-15"},{"lineNumber":266,"author":{"gitId":"fans2619"},"content":"            Task t \u003d taskList.getTasks().get(taskIndex - 1);","lastModifiedDate":"2021-08-15"},{"lineNumber":267,"author":{"gitId":"fans2619"},"content":"            String description \u003d t.getDescriptionWithStatus();","lastModifiedDate":"2021-08-15"},{"lineNumber":268,"author":{"gitId":"fans2619"},"content":"            if (taskList.deleteTask(taskIndex - 1)) {","lastModifiedDate":"2021-08-15"},{"lineNumber":269,"author":{"gitId":"fans2619"},"content":"                displayText(space + \"Noted. I\u0027ve removed this task: \\n\"","lastModifiedDate":"2021-08-15"},{"lineNumber":270,"author":{"gitId":"fans2619"},"content":"                        + space + \"  \" + description + \"\\n\"","lastModifiedDate":"2021-08-15"},{"lineNumber":271,"author":{"gitId":"fans2619"},"content":"                        + space + \"Now you have \" + taskList.getNumOfTasks() + \" tasks in the list.\");","lastModifiedDate":"2021-08-15"},{"lineNumber":272,"author":{"gitId":"fans2619"},"content":"                dataHandler.storeTaskList(taskList);","lastModifiedDate":"2021-08-18"},{"lineNumber":273,"author":{"gitId":"fans2619"},"content":"            } else {","lastModifiedDate":"2021-08-15"},{"lineNumber":274,"author":{"gitId":"fans2619"},"content":"                System.exit(1);","lastModifiedDate":"2021-08-15"},{"lineNumber":275,"author":{"gitId":"fans2619"},"content":"            }","lastModifiedDate":"2021-08-15"},{"lineNumber":276,"author":{"gitId":"fans2619"},"content":"        } catch (IndexOutOfBoundsException ex) {","lastModifiedDate":"2021-08-15"},{"lineNumber":277,"author":{"gitId":"fans2619"},"content":"            displayText(space + \"Oops, the task doesn\u0027t seem to exist.\");","lastModifiedDate":"2021-08-15"},{"lineNumber":278,"author":{"gitId":"fans2619"},"content":"        }","lastModifiedDate":"2021-08-15"},{"lineNumber":279,"author":{"gitId":"fans2619"},"content":"    }","lastModifiedDate":"2021-08-15"},{"lineNumber":280,"author":{"gitId":"fans2619"},"content":"","lastModifiedDate":"2021-08-15"},{"lineNumber":281,"author":{"gitId":"fans2619"},"content":"    public void listTasks() {","lastModifiedDate":"2021-08-15"},{"lineNumber":282,"author":{"gitId":"fans2619"},"content":"        displayText(taskList.printList());","lastModifiedDate":"2021-08-15"},{"lineNumber":283,"author":{"gitId":"fans2619"},"content":"    }","lastModifiedDate":"2021-08-15"},{"lineNumber":284,"author":{"gitId":"fans2619"},"content":"","lastModifiedDate":"2021-08-15"},{"lineNumber":285,"author":{"gitId":"fans2619"},"content":"    public void displayText(String text) {","lastModifiedDate":"2021-08-15"},{"lineNumber":286,"author":{"gitId":"fans2619"},"content":"        System.out.println(divider);","lastModifiedDate":"2021-08-15"},{"lineNumber":287,"author":{"gitId":"fans2619"},"content":"        System.out.println(text);","lastModifiedDate":"2021-08-15"},{"lineNumber":288,"author":{"gitId":"fans2619"},"content":"        System.out.println(divider + \"\\n\");","lastModifiedDate":"2021-08-15"},{"lineNumber":289,"author":{"gitId":"fans2619"},"content":"    }","lastModifiedDate":"2021-08-15"},{"lineNumber":290,"author":{"gitId":"fans2619"},"content":"","lastModifiedDate":"2021-08-15"},{"lineNumber":291,"author":{"gitId":"fans2619"},"content":"}","lastModifiedDate":"2021-08-15"}],"authorContributionMap":{"fans2619":291}},{"path":"src/main/java/DukeDataHandler.java","fileType":"java","lines":[{"lineNumber":1,"author":{"gitId":"fans2619"},"content":"import java.io.File;","lastModifiedDate":"2021-08-18"},{"lineNumber":2,"author":{"gitId":"fans2619"},"content":"import java.io.FileWriter;","lastModifiedDate":"2021-08-18"},{"lineNumber":3,"author":{"gitId":"fans2619"},"content":"import java.io.IOException;","lastModifiedDate":"2021-08-18"},{"lineNumber":4,"author":{"gitId":"fans2619"},"content":"import java.time.LocalDate;","lastModifiedDate":"2021-08-19"},{"lineNumber":5,"author":{"gitId":"fans2619"},"content":"import java.time.format.DateTimeFormatter;","lastModifiedDate":"2021-08-19"},{"lineNumber":6,"author":{"gitId":"fans2619"},"content":"import java.util.ArrayList;","lastModifiedDate":"2021-08-18"},{"lineNumber":7,"author":{"gitId":"fans2619"},"content":"import java.util.Locale;","lastModifiedDate":"2021-08-19"},{"lineNumber":8,"author":{"gitId":"fans2619"},"content":"import java.util.Scanner;","lastModifiedDate":"2021-08-18"},{"lineNumber":9,"author":{"gitId":"fans2619"},"content":"","lastModifiedDate":"2021-08-18"},{"lineNumber":10,"author":{"gitId":"fans2619"},"content":"public class DukeDataHandler {","lastModifiedDate":"2021-08-18"},{"lineNumber":11,"author":{"gitId":"fans2619"},"content":"","lastModifiedDate":"2021-08-18"},{"lineNumber":12,"author":{"gitId":"fans2619"},"content":"    public TaskList retrieveTaskList() {","lastModifiedDate":"2021-08-18"},{"lineNumber":13,"author":{"gitId":"fans2619"},"content":"        ArrayList\u003cTask\u003e list \u003d new ArrayList\u003c\u003e();","lastModifiedDate":"2021-08-18"},{"lineNumber":14,"author":{"gitId":"fans2619"},"content":"        File file \u003d new File(\"./data/duke.txt\");","lastModifiedDate":"2021-08-18"},{"lineNumber":15,"author":{"gitId":"fans2619"},"content":"        if (!file.exists()) {","lastModifiedDate":"2021-08-18"},{"lineNumber":16,"author":{"gitId":"fans2619"},"content":"            try {","lastModifiedDate":"2021-08-18"},{"lineNumber":17,"author":{"gitId":"fans2619"},"content":"                file.getParentFile().mkdirs();","lastModifiedDate":"2021-08-18"},{"lineNumber":18,"author":{"gitId":"fans2619"},"content":"                file.createNewFile();","lastModifiedDate":"2021-08-18"},{"lineNumber":19,"author":{"gitId":"fans2619"},"content":"            } catch (IOException e) {","lastModifiedDate":"2021-08-18"},{"lineNumber":20,"author":{"gitId":"fans2619"},"content":"                System.err.println(\"OOPS!!! An error occurred when initializing Duke.\");","lastModifiedDate":"2021-08-18"},{"lineNumber":21,"author":{"gitId":"fans2619"},"content":"                System.exit(1);","lastModifiedDate":"2021-08-18"},{"lineNumber":22,"author":{"gitId":"fans2619"},"content":"            }","lastModifiedDate":"2021-08-18"},{"lineNumber":23,"author":{"gitId":"fans2619"},"content":"        }","lastModifiedDate":"2021-08-18"},{"lineNumber":24,"author":{"gitId":"fans2619"},"content":"        try {","lastModifiedDate":"2021-08-18"},{"lineNumber":25,"author":{"gitId":"fans2619"},"content":"            Scanner scanner \u003d new Scanner(file);","lastModifiedDate":"2021-08-18"},{"lineNumber":26,"author":{"gitId":"fans2619"},"content":"            while (scanner.hasNextLine()) {","lastModifiedDate":"2021-08-18"},{"lineNumber":27,"author":{"gitId":"fans2619"},"content":"                Task t \u003d parse(scanner.nextLine());","lastModifiedDate":"2021-08-18"},{"lineNumber":28,"author":{"gitId":"fans2619"},"content":"                list.add(t);","lastModifiedDate":"2021-08-18"},{"lineNumber":29,"author":{"gitId":"fans2619"},"content":"            }","lastModifiedDate":"2021-08-18"},{"lineNumber":30,"author":{"gitId":"fans2619"},"content":"        } catch (Exception e) {","lastModifiedDate":"2021-08-18"},{"lineNumber":31,"author":{"gitId":"fans2619"},"content":"            System.err.println(\"OOPS!!! An error occurred when initializing Duke.\");","lastModifiedDate":"2021-08-18"},{"lineNumber":32,"author":{"gitId":"fans2619"},"content":"            System.exit(1);","lastModifiedDate":"2021-08-18"},{"lineNumber":33,"author":{"gitId":"fans2619"},"content":"        }","lastModifiedDate":"2021-08-18"},{"lineNumber":34,"author":{"gitId":"fans2619"},"content":"        return new TaskList(list);","lastModifiedDate":"2021-08-18"},{"lineNumber":35,"author":{"gitId":"fans2619"},"content":"    }","lastModifiedDate":"2021-08-18"},{"lineNumber":36,"author":{"gitId":"fans2619"},"content":"","lastModifiedDate":"2021-08-18"},{"lineNumber":37,"author":{"gitId":"fans2619"},"content":"    public void storeTaskList(TaskList list) {","lastModifiedDate":"2021-08-18"},{"lineNumber":38,"author":{"gitId":"fans2619"},"content":"        try {","lastModifiedDate":"2021-08-18"},{"lineNumber":39,"author":{"gitId":"fans2619"},"content":"            FileWriter fw \u003d new FileWriter(\"./data/duke.txt\");","lastModifiedDate":"2021-08-18"},{"lineNumber":40,"author":{"gitId":"fans2619"},"content":"            fw.write(list.printList());","lastModifiedDate":"2021-08-18"},{"lineNumber":41,"author":{"gitId":"fans2619"},"content":"            fw.flush();","lastModifiedDate":"2021-08-18"},{"lineNumber":42,"author":{"gitId":"fans2619"},"content":"            fw.close();","lastModifiedDate":"2021-08-18"},{"lineNumber":43,"author":{"gitId":"fans2619"},"content":"        } catch (IOException e) {","lastModifiedDate":"2021-08-18"},{"lineNumber":44,"author":{"gitId":"fans2619"},"content":"            System.err.println(\"OOPS!!! An error occurred when writing to the data file.\");","lastModifiedDate":"2021-08-18"},{"lineNumber":45,"author":{"gitId":"fans2619"},"content":"        }","lastModifiedDate":"2021-08-18"},{"lineNumber":46,"author":{"gitId":"fans2619"},"content":"    }","lastModifiedDate":"2021-08-18"},{"lineNumber":47,"author":{"gitId":"fans2619"},"content":"","lastModifiedDate":"2021-08-18"},{"lineNumber":48,"author":{"gitId":"fans2619"},"content":"    private Task parse(String task) {","lastModifiedDate":"2021-08-18"},{"lineNumber":49,"author":{"gitId":"fans2619"},"content":"        task \u003d task.trim();","lastModifiedDate":"2021-08-18"},{"lineNumber":50,"author":{"gitId":"fans2619"},"content":"        int m \u003d task.indexOf(\u0027.\u0027);","lastModifiedDate":"2021-08-18"},{"lineNumber":51,"author":{"gitId":"fans2619"},"content":"        task \u003d task.substring(m + 1);","lastModifiedDate":"2021-08-18"},{"lineNumber":52,"author":{"gitId":"fans2619"},"content":"        boolean isDone \u003d task.charAt(4) \u003d\u003d \u0027X\u0027;","lastModifiedDate":"2021-08-18"},{"lineNumber":53,"author":{"gitId":"fans2619"},"content":"        if (task.startsWith(\"[T]\")) {","lastModifiedDate":"2021-08-18"},{"lineNumber":54,"author":{"gitId":"fans2619"},"content":"            task \u003d task.substring(7);","lastModifiedDate":"2021-08-18"},{"lineNumber":55,"author":{"gitId":"fans2619"},"content":"            Task t \u003d new Todo(task);","lastModifiedDate":"2021-08-18"},{"lineNumber":56,"author":{"gitId":"fans2619"},"content":"            if (isDone) {","lastModifiedDate":"2021-08-18"},{"lineNumber":57,"author":{"gitId":"fans2619"},"content":"                t.markAsDone();","lastModifiedDate":"2021-08-18"},{"lineNumber":58,"author":{"gitId":"fans2619"},"content":"            }","lastModifiedDate":"2021-08-18"},{"lineNumber":59,"author":{"gitId":"fans2619"},"content":"            return t;","lastModifiedDate":"2021-08-18"},{"lineNumber":60,"author":{"gitId":"fans2619"},"content":"        } else if (task.startsWith(\"[D]\")) {","lastModifiedDate":"2021-08-18"},{"lineNumber":61,"author":{"gitId":"fans2619"},"content":"            task \u003d task.substring(7);","lastModifiedDate":"2021-08-18"},{"lineNumber":62,"author":{"gitId":"fans2619"},"content":"            m \u003d task.lastIndexOf(\" (by: \");","lastModifiedDate":"2021-08-18"},{"lineNumber":63,"author":{"gitId":"fans2619"},"content":"            String description \u003d task.substring(0, m);","lastModifiedDate":"2021-08-18"},{"lineNumber":64,"author":{"gitId":"fans2619"},"content":"            String by \u003d task.substring(m + 6, task.length() - 1);","lastModifiedDate":"2021-08-18"},{"lineNumber":65,"author":{"gitId":"fans2619"},"content":"            LocalDate deadline \u003d LocalDate.parse(by, DateTimeFormatter.ofPattern(\"MMM dd yyyy\", Locale.ENGLISH));","lastModifiedDate":"2021-08-19"},{"lineNumber":66,"author":{"gitId":"fans2619"},"content":"            Task t \u003d new Deadline(description, deadline);","lastModifiedDate":"2021-08-19"},{"lineNumber":67,"author":{"gitId":"fans2619"},"content":"            if (isDone) {","lastModifiedDate":"2021-08-18"},{"lineNumber":68,"author":{"gitId":"fans2619"},"content":"                t.markAsDone();","lastModifiedDate":"2021-08-18"},{"lineNumber":69,"author":{"gitId":"fans2619"},"content":"            }","lastModifiedDate":"2021-08-18"},{"lineNumber":70,"author":{"gitId":"fans2619"},"content":"            return t;","lastModifiedDate":"2021-08-18"},{"lineNumber":71,"author":{"gitId":"fans2619"},"content":"        } else if (task.startsWith(\"[E]\")) {","lastModifiedDate":"2021-08-18"},{"lineNumber":72,"author":{"gitId":"fans2619"},"content":"            task \u003d task.substring(7);","lastModifiedDate":"2021-08-18"},{"lineNumber":73,"author":{"gitId":"fans2619"},"content":"            m \u003d task.lastIndexOf(\" (at: \");","lastModifiedDate":"2021-08-18"},{"lineNumber":74,"author":{"gitId":"fans2619"},"content":"            String description \u003d task.substring(0, m);","lastModifiedDate":"2021-08-18"},{"lineNumber":75,"author":{"gitId":"fans2619"},"content":"            String at \u003d task.substring(m + 6, task.length() - 1);","lastModifiedDate":"2021-08-18"},{"lineNumber":76,"author":{"gitId":"fans2619"},"content":"            Task t \u003d new Event(description, at);","lastModifiedDate":"2021-08-18"},{"lineNumber":77,"author":{"gitId":"fans2619"},"content":"            if (isDone) {","lastModifiedDate":"2021-08-18"},{"lineNumber":78,"author":{"gitId":"fans2619"},"content":"                t.markAsDone();","lastModifiedDate":"2021-08-18"},{"lineNumber":79,"author":{"gitId":"fans2619"},"content":"            }","lastModifiedDate":"2021-08-18"},{"lineNumber":80,"author":{"gitId":"fans2619"},"content":"            return t;","lastModifiedDate":"2021-08-18"},{"lineNumber":81,"author":{"gitId":"fans2619"},"content":"        } else {","lastModifiedDate":"2021-08-18"},{"lineNumber":82,"author":{"gitId":"fans2619"},"content":"            throw new DukeException(\"invalid data file\");","lastModifiedDate":"2021-08-18"},{"lineNumber":83,"author":{"gitId":"fans2619"},"content":"        }","lastModifiedDate":"2021-08-18"},{"lineNumber":84,"author":{"gitId":"fans2619"},"content":"    }","lastModifiedDate":"2021-08-18"},{"lineNumber":85,"author":{"gitId":"fans2619"},"content":"","lastModifiedDate":"2021-08-18"},{"lineNumber":86,"author":{"gitId":"fans2619"},"content":"}","lastModifiedDate":"2021-08-18"}],"authorContributionMap":{"fans2619":86}},{"path":"src/main/java/DukeException.java","fileType":"java","lines":[{"lineNumber":1,"author":{"gitId":"fans2619"},"content":"public class DukeException extends RuntimeException {","lastModifiedDate":"2021-08-15"},{"lineNumber":2,"author":{"gitId":"fans2619"},"content":"","lastModifiedDate":"2021-08-15"},{"lineNumber":3,"author":{"gitId":"fans2619"},"content":"    public DukeException(String message) {","lastModifiedDate":"2021-08-15"},{"lineNumber":4,"author":{"gitId":"fans2619"},"content":"        super(message);","lastModifiedDate":"2021-08-15"},{"lineNumber":5,"author":{"gitId":"fans2619"},"content":"    }","lastModifiedDate":"2021-08-15"},{"lineNumber":6,"author":{"gitId":"fans2619"},"content":"","lastModifiedDate":"2021-08-15"},{"lineNumber":7,"author":{"gitId":"fans2619"},"content":"}","lastModifiedDate":"2021-08-15"}],"authorContributionMap":{"fans2619":7}},{"path":"src/main/java/Event.java","fileType":"java","lines":[{"lineNumber":1,"author":{"gitId":"fans2619"},"content":"public class Event extends Task {","lastModifiedDate":"2021-08-15"},{"lineNumber":2,"author":{"gitId":"fans2619"},"content":"","lastModifiedDate":"2021-08-15"},{"lineNumber":3,"author":{"gitId":"fans2619"},"content":"    private final String at;","lastModifiedDate":"2021-08-15"},{"lineNumber":4,"author":{"gitId":"fans2619"},"content":"","lastModifiedDate":"2021-08-15"},{"lineNumber":5,"author":{"gitId":"fans2619"},"content":"    public Event(String description, String by) {","lastModifiedDate":"2021-08-15"},{"lineNumber":6,"author":{"gitId":"fans2619"},"content":"        super(description, TaskType.EVENT);","lastModifiedDate":"2021-08-18"},{"lineNumber":7,"author":{"gitId":"fans2619"},"content":"        this.at \u003d by;","lastModifiedDate":"2021-08-15"},{"lineNumber":8,"author":{"gitId":"fans2619"},"content":"    }","lastModifiedDate":"2021-08-15"},{"lineNumber":9,"author":{"gitId":"fans2619"},"content":"","lastModifiedDate":"2021-08-15"},{"lineNumber":10,"author":{"gitId":"fans2619"},"content":"    @Override","lastModifiedDate":"2021-08-15"},{"lineNumber":11,"author":{"gitId":"fans2619"},"content":"    public String getDescriptionWithStatus() {","lastModifiedDate":"2021-08-15"},{"lineNumber":12,"author":{"gitId":"fans2619"},"content":"        return \"[E]\" + super.getDescriptionWithStatus() + \" (at: \" + at + \")\";","lastModifiedDate":"2021-08-15"},{"lineNumber":13,"author":{"gitId":"fans2619"},"content":"    }","lastModifiedDate":"2021-08-15"},{"lineNumber":14,"author":{"gitId":"fans2619"},"content":"","lastModifiedDate":"2021-08-15"},{"lineNumber":15,"author":{"gitId":"fans2619"},"content":"}","lastModifiedDate":"2021-08-15"}],"authorContributionMap":{"fans2619":15}},{"path":"src/main/java/Task.java","fileType":"java","lines":[{"lineNumber":1,"author":{"gitId":"fans2619"},"content":"public abstract class Task {","lastModifiedDate":"2021-08-15"},{"lineNumber":2,"author":{"gitId":"fans2619"},"content":"","lastModifiedDate":"2021-08-15"},{"lineNumber":3,"author":{"gitId":"fans2619"},"content":"    private final String description;","lastModifiedDate":"2021-08-15"},{"lineNumber":4,"author":{"gitId":"fans2619"},"content":"    private boolean isDone;","lastModifiedDate":"2021-08-15"},{"lineNumber":5,"author":{"gitId":"fans2619"},"content":"    private final TaskType taskType;","lastModifiedDate":"2021-08-18"},{"lineNumber":6,"author":{"gitId":"fans2619"},"content":"","lastModifiedDate":"2021-08-15"},{"lineNumber":7,"author":{"gitId":"fans2619"},"content":"    public Task(String description, TaskType taskType) {","lastModifiedDate":"2021-08-18"},{"lineNumber":8,"author":{"gitId":"fans2619"},"content":"        this.description \u003d description;","lastModifiedDate":"2021-08-15"},{"lineNumber":9,"author":{"gitId":"fans2619"},"content":"        this.isDone \u003d false;","lastModifiedDate":"2021-08-15"},{"lineNumber":10,"author":{"gitId":"fans2619"},"content":"        this.taskType \u003d taskType;","lastModifiedDate":"2021-08-18"},{"lineNumber":11,"author":{"gitId":"fans2619"},"content":"    }","lastModifiedDate":"2021-08-15"},{"lineNumber":12,"author":{"gitId":"fans2619"},"content":"","lastModifiedDate":"2021-08-15"},{"lineNumber":13,"author":{"gitId":"fans2619"},"content":"    public boolean getIsDone() {","lastModifiedDate":"2021-08-15"},{"lineNumber":14,"author":{"gitId":"fans2619"},"content":"        return this.isDone;","lastModifiedDate":"2021-08-15"},{"lineNumber":15,"author":{"gitId":"fans2619"},"content":"    }","lastModifiedDate":"2021-08-15"},{"lineNumber":16,"author":{"gitId":"fans2619"},"content":"","lastModifiedDate":"2021-08-15"},{"lineNumber":17,"author":{"gitId":"fans2619"},"content":"    public String getStatusIcon() {","lastModifiedDate":"2021-08-15"},{"lineNumber":18,"author":{"gitId":"fans2619"},"content":"        return (isDone ? \"X\" : \" \"); // mark done task with X","lastModifiedDate":"2021-08-15"},{"lineNumber":19,"author":{"gitId":"fans2619"},"content":"    }","lastModifiedDate":"2021-08-15"},{"lineNumber":20,"author":{"gitId":"fans2619"},"content":"","lastModifiedDate":"2021-08-15"},{"lineNumber":21,"author":{"gitId":"fans2619"},"content":"    public String getDescription() {","lastModifiedDate":"2021-08-15"},{"lineNumber":22,"author":{"gitId":"fans2619"},"content":"        return this.description;","lastModifiedDate":"2021-08-15"},{"lineNumber":23,"author":{"gitId":"fans2619"},"content":"    }","lastModifiedDate":"2021-08-15"},{"lineNumber":24,"author":{"gitId":"fans2619"},"content":"","lastModifiedDate":"2021-08-15"},{"lineNumber":25,"author":{"gitId":"fans2619"},"content":"    public String getDescriptionWithStatus() {","lastModifiedDate":"2021-08-15"},{"lineNumber":26,"author":{"gitId":"fans2619"},"content":"        return \"[\" + this.getStatusIcon() + \"] \" + this.description;","lastModifiedDate":"2021-08-15"},{"lineNumber":27,"author":{"gitId":"fans2619"},"content":"    }","lastModifiedDate":"2021-08-15"},{"lineNumber":28,"author":{"gitId":"fans2619"},"content":"","lastModifiedDate":"2021-08-15"},{"lineNumber":29,"author":{"gitId":"fans2619"},"content":"    public TaskType getTaskType() {","lastModifiedDate":"2021-08-18"},{"lineNumber":30,"author":{"gitId":"fans2619"},"content":"        return this.taskType;","lastModifiedDate":"2021-08-18"},{"lineNumber":31,"author":{"gitId":"fans2619"},"content":"    }","lastModifiedDate":"2021-08-18"},{"lineNumber":32,"author":{"gitId":"fans2619"},"content":"","lastModifiedDate":"2021-08-18"},{"lineNumber":33,"author":{"gitId":"fans2619"},"content":"    public void markAsDone() {","lastModifiedDate":"2021-08-15"},{"lineNumber":34,"author":{"gitId":"fans2619"},"content":"        this.isDone \u003d true;","lastModifiedDate":"2021-08-15"},{"lineNumber":35,"author":{"gitId":"fans2619"},"content":"    }","lastModifiedDate":"2021-08-15"},{"lineNumber":36,"author":{"gitId":"fans2619"},"content":"","lastModifiedDate":"2021-08-15"},{"lineNumber":37,"author":{"gitId":"fans2619"},"content":"}","lastModifiedDate":"2021-08-15"}],"authorContributionMap":{"fans2619":37}},{"path":"src/main/java/TaskList.java","fileType":"java","lines":[{"lineNumber":1,"author":{"gitId":"fans2619"},"content":"import java.util.ArrayList;","lastModifiedDate":"2021-08-15"},{"lineNumber":2,"author":{"gitId":"fans2619"},"content":"","lastModifiedDate":"2021-08-15"},{"lineNumber":3,"author":{"gitId":"fans2619"},"content":"public class TaskList {","lastModifiedDate":"2021-08-15"},{"lineNumber":4,"author":{"gitId":"fans2619"},"content":"","lastModifiedDate":"2021-08-15"},{"lineNumber":5,"author":{"gitId":"fans2619"},"content":"    private final ArrayList\u003cTask\u003e tasks;","lastModifiedDate":"2021-08-15"},{"lineNumber":6,"author":{"gitId":"fans2619"},"content":"","lastModifiedDate":"2021-08-15"},{"lineNumber":7,"author":{"gitId":"fans2619"},"content":"    public TaskList() {","lastModifiedDate":"2021-08-15"},{"lineNumber":8,"author":{"gitId":"fans2619"},"content":"        this.tasks \u003d new ArrayList\u003c\u003e();","lastModifiedDate":"2021-08-15"},{"lineNumber":9,"author":{"gitId":"fans2619"},"content":"    }","lastModifiedDate":"2021-08-15"},{"lineNumber":10,"author":{"gitId":"fans2619"},"content":"","lastModifiedDate":"2021-08-15"},{"lineNumber":11,"author":{"gitId":"fans2619"},"content":"    public TaskList(ArrayList\u003cTask\u003e list) {","lastModifiedDate":"2021-08-18"},{"lineNumber":12,"author":{"gitId":"fans2619"},"content":"        this.tasks \u003d list;","lastModifiedDate":"2021-08-18"},{"lineNumber":13,"author":{"gitId":"fans2619"},"content":"    }","lastModifiedDate":"2021-08-18"},{"lineNumber":14,"author":{"gitId":"fans2619"},"content":"","lastModifiedDate":"2021-08-18"},{"lineNumber":15,"author":{"gitId":"fans2619"},"content":"    public boolean addTask(Task task) {","lastModifiedDate":"2021-08-15"},{"lineNumber":16,"author":{"gitId":"fans2619"},"content":"        try {","lastModifiedDate":"2021-08-15"},{"lineNumber":17,"author":{"gitId":"fans2619"},"content":"            tasks.add(task);","lastModifiedDate":"2021-08-15"},{"lineNumber":18,"author":{"gitId":"fans2619"},"content":"        } catch (Exception e) {","lastModifiedDate":"2021-08-15"},{"lineNumber":19,"author":{"gitId":"fans2619"},"content":"            System.err.println(\"Fail to add task: \" + e.getMessage());","lastModifiedDate":"2021-08-15"},{"lineNumber":20,"author":{"gitId":"fans2619"},"content":"            return false;","lastModifiedDate":"2021-08-15"},{"lineNumber":21,"author":{"gitId":"fans2619"},"content":"        }","lastModifiedDate":"2021-08-15"},{"lineNumber":22,"author":{"gitId":"fans2619"},"content":"        return true;","lastModifiedDate":"2021-08-15"},{"lineNumber":23,"author":{"gitId":"fans2619"},"content":"    }","lastModifiedDate":"2021-08-15"},{"lineNumber":24,"author":{"gitId":"fans2619"},"content":"","lastModifiedDate":"2021-08-15"},{"lineNumber":25,"author":{"gitId":"fans2619"},"content":"    public boolean deleteTask(int taskIndex) {","lastModifiedDate":"2021-08-15"},{"lineNumber":26,"author":{"gitId":"fans2619"},"content":"        try {","lastModifiedDate":"2021-08-15"},{"lineNumber":27,"author":{"gitId":"fans2619"},"content":"            tasks.remove(taskIndex);","lastModifiedDate":"2021-08-15"},{"lineNumber":28,"author":{"gitId":"fans2619"},"content":"        } catch (Exception e) {","lastModifiedDate":"2021-08-15"},{"lineNumber":29,"author":{"gitId":"fans2619"},"content":"            System.err.println(\"Fail to delete task: \" + e.getMessage());","lastModifiedDate":"2021-08-15"},{"lineNumber":30,"author":{"gitId":"fans2619"},"content":"            return false;","lastModifiedDate":"2021-08-15"},{"lineNumber":31,"author":{"gitId":"fans2619"},"content":"        }","lastModifiedDate":"2021-08-15"},{"lineNumber":32,"author":{"gitId":"fans2619"},"content":"        return true;","lastModifiedDate":"2021-08-15"},{"lineNumber":33,"author":{"gitId":"fans2619"},"content":"    }","lastModifiedDate":"2021-08-15"},{"lineNumber":34,"author":{"gitId":"fans2619"},"content":"","lastModifiedDate":"2021-08-15"},{"lineNumber":35,"author":{"gitId":"fans2619"},"content":"    public ArrayList\u003cTask\u003e getTasks() {","lastModifiedDate":"2021-08-15"},{"lineNumber":36,"author":{"gitId":"fans2619"},"content":"        return this.tasks;","lastModifiedDate":"2021-08-15"},{"lineNumber":37,"author":{"gitId":"fans2619"},"content":"    }","lastModifiedDate":"2021-08-15"},{"lineNumber":38,"author":{"gitId":"fans2619"},"content":"","lastModifiedDate":"2021-08-15"},{"lineNumber":39,"author":{"gitId":"fans2619"},"content":"    public int getNumOfTasks() {","lastModifiedDate":"2021-08-15"},{"lineNumber":40,"author":{"gitId":"fans2619"},"content":"        return this.tasks.size();","lastModifiedDate":"2021-08-15"},{"lineNumber":41,"author":{"gitId":"fans2619"},"content":"    }","lastModifiedDate":"2021-08-15"},{"lineNumber":42,"author":{"gitId":"fans2619"},"content":"","lastModifiedDate":"2021-08-15"},{"lineNumber":43,"author":{"gitId":"fans2619"},"content":"    public String printList() {","lastModifiedDate":"2021-08-15"},{"lineNumber":44,"author":{"gitId":"fans2619"},"content":"        StringBuilder listAsString \u003d new StringBuilder();","lastModifiedDate":"2021-08-15"},{"lineNumber":45,"author":{"gitId":"fans2619"},"content":"        int count \u003d 0;","lastModifiedDate":"2021-08-15"},{"lineNumber":46,"author":{"gitId":"fans2619"},"content":"        for (Task task : tasks) {","lastModifiedDate":"2021-08-15"},{"lineNumber":47,"author":{"gitId":"fans2619"},"content":"            count++;","lastModifiedDate":"2021-08-15"},{"lineNumber":48,"author":{"gitId":"fans2619"},"content":"            listAsString.append(DukeCore.space)","lastModifiedDate":"2021-08-15"},{"lineNumber":49,"author":{"gitId":"fans2619"},"content":"                    .append(count)","lastModifiedDate":"2021-08-15"},{"lineNumber":50,"author":{"gitId":"fans2619"},"content":"                    .append(\".\")","lastModifiedDate":"2021-08-15"},{"lineNumber":51,"author":{"gitId":"fans2619"},"content":"                    .append(task.getDescriptionWithStatus())","lastModifiedDate":"2021-08-15"},{"lineNumber":52,"author":{"gitId":"fans2619"},"content":"                    .append(\"\\n\");","lastModifiedDate":"2021-08-15"},{"lineNumber":53,"author":{"gitId":"fans2619"},"content":"        }","lastModifiedDate":"2021-08-15"},{"lineNumber":54,"author":{"gitId":"fans2619"},"content":"        if (count \u003e 0) {","lastModifiedDate":"2021-08-15"},{"lineNumber":55,"author":{"gitId":"fans2619"},"content":"            listAsString.setLength(listAsString.length() - 1);","lastModifiedDate":"2021-08-15"},{"lineNumber":56,"author":{"gitId":"fans2619"},"content":"        }","lastModifiedDate":"2021-08-15"},{"lineNumber":57,"author":{"gitId":"fans2619"},"content":"        return listAsString.toString();","lastModifiedDate":"2021-08-15"},{"lineNumber":58,"author":{"gitId":"fans2619"},"content":"    }","lastModifiedDate":"2021-08-15"},{"lineNumber":59,"author":{"gitId":"fans2619"},"content":"","lastModifiedDate":"2021-08-15"},{"lineNumber":60,"author":{"gitId":"fans2619"},"content":"}","lastModifiedDate":"2021-08-15"}],"authorContributionMap":{"fans2619":60}},{"path":"src/main/java/TaskType.java","fileType":"java","lines":[{"lineNumber":1,"author":{"gitId":"fans2619"},"content":"public enum TaskType {","lastModifiedDate":"2021-08-18"},{"lineNumber":2,"author":{"gitId":"fans2619"},"content":"    TODO,","lastModifiedDate":"2021-08-18"},{"lineNumber":3,"author":{"gitId":"fans2619"},"content":"    DEADLINE,","lastModifiedDate":"2021-08-18"},{"lineNumber":4,"author":{"gitId":"fans2619"},"content":"    EVENT,","lastModifiedDate":"2021-08-18"},{"lineNumber":5,"author":{"gitId":"fans2619"},"content":"}","lastModifiedDate":"2021-08-18"}],"authorContributionMap":{"fans2619":5}},{"path":"src/main/java/Todo.java","fileType":"java","lines":[{"lineNumber":1,"author":{"gitId":"fans2619"},"content":"public class Todo extends Task {","lastModifiedDate":"2021-08-15"},{"lineNumber":2,"author":{"gitId":"fans2619"},"content":"","lastModifiedDate":"2021-08-15"},{"lineNumber":3,"author":{"gitId":"fans2619"},"content":"    public Todo(String description) {","lastModifiedDate":"2021-08-15"},{"lineNumber":4,"author":{"gitId":"fans2619"},"content":"        super(description, TaskType.TODO);","lastModifiedDate":"2021-08-18"},{"lineNumber":5,"author":{"gitId":"fans2619"},"content":"    }","lastModifiedDate":"2021-08-15"},{"lineNumber":6,"author":{"gitId":"fans2619"},"content":"","lastModifiedDate":"2021-08-15"},{"lineNumber":7,"author":{"gitId":"fans2619"},"content":"    @Override","lastModifiedDate":"2021-08-15"},{"lineNumber":8,"author":{"gitId":"fans2619"},"content":"    public String getDescriptionWithStatus() {","lastModifiedDate":"2021-08-15"},{"lineNumber":9,"author":{"gitId":"fans2619"},"content":"        return \"[T]\" + super.getDescriptionWithStatus();","lastModifiedDate":"2021-08-15"},{"lineNumber":10,"author":{"gitId":"fans2619"},"content":"    }","lastModifiedDate":"2021-08-15"},{"lineNumber":11,"author":{"gitId":"fans2619"},"content":"","lastModifiedDate":"2021-08-15"},{"lineNumber":12,"author":{"gitId":"fans2619"},"content":"}","lastModifiedDate":"2021-08-15"}],"authorContributionMap":{"fans2619":12}},{"path":"text-ui-test/input.txt","fileType":"txt","lines":[{"lineNumber":1,"author":{"gitId":"fans2619"},"content":"list","lastModifiedDate":"2021-08-15"},{"lineNumber":2,"author":{"gitId":"fans2619"},"content":"todo borrow book","lastModifiedDate":"2021-08-15"},{"lineNumber":3,"author":{"gitId":"fans2619"},"content":"list","lastModifiedDate":"2021-08-15"},{"lineNumber":4,"author":{"gitId":"fans2619"},"content":"deadline return book /by Sunday","lastModifiedDate":"2021-08-15"},{"lineNumber":5,"author":{"gitId":"fans2619"},"content":"list","lastModifiedDate":"2021-08-15"},{"lineNumber":6,"author":{"gitId":"fans2619"},"content":"done 1","lastModifiedDate":"2021-08-15"},{"lineNumber":7,"author":{"gitId":"fans2619"},"content":"list","lastModifiedDate":"2021-08-15"},{"lineNumber":8,"author":{"gitId":"fans2619"},"content":"event project meeting /at Mon 2-4pm","lastModifiedDate":"2021-08-15"},{"lineNumber":9,"author":{"gitId":"fans2619"},"content":"list","lastModifiedDate":"2021-08-15"},{"lineNumber":10,"author":{"gitId":"fans2619"},"content":"done 3","lastModifiedDate":"2021-08-15"},{"lineNumber":11,"author":{"gitId":"fans2619"},"content":"done 599","lastModifiedDate":"2021-08-15"},{"lineNumber":12,"author":{"gitId":"fans2619"},"content":"todo","lastModifiedDate":"2021-08-15"},{"lineNumber":13,"author":{"gitId":"fans2619"},"content":"      todo                    ","lastModifiedDate":"2021-08-15"},{"lineNumber":14,"author":{"gitId":"fans2619"},"content":"todo                        join sports club","lastModifiedDate":"2021-08-15"},{"lineNumber":15,"author":{"gitId":"fans2619"},"content":"todoojoin","lastModifiedDate":"2021-08-15"},{"lineNumber":16,"author":{"gitId":"fans2619"},"content":"list","lastModifiedDate":"2021-08-15"},{"lineNumber":17,"author":{"gitId":"fans2619"},"content":"done 2","lastModifiedDate":"2021-08-15"},{"lineNumber":18,"author":{"gitId":"fans2619"},"content":"list","lastModifiedDate":"2021-08-15"},{"lineNumber":19,"author":{"gitId":"fans2619"},"content":"deadline      return book     /by   Sunday      ","lastModifiedDate":"2021-08-15"},{"lineNumber":20,"author":{"gitId":"fans2619"},"content":"deadline return book/by Sunday","lastModifiedDate":"2021-08-15"},{"lineNumber":21,"author":{"gitId":"fans2619"},"content":"deadline            /by Sunday","lastModifiedDate":"2021-08-15"},{"lineNumber":22,"author":{"gitId":"fans2619"},"content":"deadline return book /by         ","lastModifiedDate":"2021-08-15"},{"lineNumber":23,"author":{"gitId":"fans2619"},"content":"deadline r /by nnnnnnnnnnnnnnnnnnnnnnnnnnnnnnnnnnnnnnnnn","lastModifiedDate":"2021-08-15"},{"lineNumber":24,"author":{"gitId":"fans2619"},"content":"       deadline return book    /by","lastModifiedDate":"2021-08-15"},{"lineNumber":25,"author":{"gitId":"fans2619"},"content":"deadline return book /bySunday","lastModifiedDate":"2021-08-15"},{"lineNumber":26,"author":{"gitId":"fans2619"},"content":"deadline/by","lastModifiedDate":"2021-08-15"},{"lineNumber":27,"author":{"gitId":"fans2619"},"content":"deadline /by","lastModifiedDate":"2021-08-15"},{"lineNumber":28,"author":{"gitId":"fans2619"},"content":"deadline","lastModifiedDate":"2021-08-15"},{"lineNumber":29,"author":{"gitId":"fans2619"},"content":"deadline              ","lastModifiedDate":"2021-08-15"},{"lineNumber":30,"author":{"gitId":"fans2619"},"content":"deadline return book /by  //by  Sunday","lastModifiedDate":"2021-08-15"},{"lineNumber":31,"author":{"gitId":"fans2619"},"content":"list","lastModifiedDate":"2021-08-15"},{"lineNumber":32,"author":{"gitId":"fans2619"},"content":"done 7","lastModifiedDate":"2021-08-15"},{"lineNumber":33,"author":{"gitId":"fans2619"},"content":"list","lastModifiedDate":"2021-08-15"},{"lineNumber":34,"author":{"gitId":"fans2619"},"content":"done 7","lastModifiedDate":"2021-08-15"},{"lineNumber":35,"author":{"gitId":"fans2619"},"content":"done7","lastModifiedDate":"2021-08-15"},{"lineNumber":36,"author":{"gitId":"fans2619"},"content":"done blah","lastModifiedDate":"2021-08-15"},{"lineNumber":37,"author":{"gitId":"fans2619"},"content":"   done    4","lastModifiedDate":"2021-08-15"},{"lineNumber":38,"author":{"gitId":"fans2619"},"content":"delete 599","lastModifiedDate":"2021-08-15"},{"lineNumber":39,"author":{"gitId":"fans2619"},"content":"delete    7","lastModifiedDate":"2021-08-15"},{"lineNumber":40,"author":{"gitId":"fans2619"},"content":"delete 1","lastModifiedDate":"2021-08-15"},{"lineNumber":41,"author":{"gitId":"fans2619"},"content":"delete1","lastModifiedDate":"2021-08-15"},{"lineNumber":42,"author":{"gitId":"fans2619"},"content":"delete b l a h","lastModifiedDate":"2021-08-15"},{"lineNumber":43,"author":{"gitId":"fans2619"},"content":"have fun","lastModifiedDate":"2021-08-15"},{"lineNumber":44,"author":{"gitId":"fans2619"},"content":"    b l a h","lastModifiedDate":"2021-08-15"},{"lineNumber":45,"author":{"gitId":"fans2619"},"content":"bye","lastModifiedDate":"2021-08-15"},{"lineNumber":46,"author":{"gitId":"fans2619"},"content":"","lastModifiedDate":"2021-08-15"}],"authorContributionMap":{"fans2619":46}},{"path":"text-ui-test/runtest.sh","fileType":"sh","lines":[{"lineNumber":1,"author":{"gitId":"-"},"content":"#!/usr/bin/env bash","lastModifiedDate":"2020-05-25"},{"lineNumber":2,"author":{"gitId":"-"},"content":"","lastModifiedDate":"2020-05-25"},{"lineNumber":3,"author":{"gitId":"-"},"content":"# create bin directory if it doesn\u0027t exist","lastModifiedDate":"2020-05-25"},{"lineNumber":4,"author":{"gitId":"-"},"content":"if [ ! -d \"../bin\" ]","lastModifiedDate":"2020-05-25"},{"lineNumber":5,"author":{"gitId":"-"},"content":"then","lastModifiedDate":"2020-05-25"},{"lineNumber":6,"author":{"gitId":"-"},"content":"    mkdir ../bin","lastModifiedDate":"2020-05-25"},{"lineNumber":7,"author":{"gitId":"-"},"content":"fi","lastModifiedDate":"2020-05-25"},{"lineNumber":8,"author":{"gitId":"-"},"content":"","lastModifiedDate":"2020-05-25"},{"lineNumber":9,"author":{"gitId":"-"},"content":"# delete output from previous run","lastModifiedDate":"2020-05-25"},{"lineNumber":10,"author":{"gitId":"-"},"content":"if [ -e \"./ACTUAL.TXT\" ]","lastModifiedDate":"2020-05-25"},{"lineNumber":11,"author":{"gitId":"-"},"content":"then","lastModifiedDate":"2020-05-25"},{"lineNumber":12,"author":{"gitId":"-"},"content":"    rm ACTUAL.TXT","lastModifiedDate":"2020-05-25"},{"lineNumber":13,"author":{"gitId":"-"},"content":"fi","lastModifiedDate":"2020-05-25"},{"lineNumber":14,"author":{"gitId":"-"},"content":"","lastModifiedDate":"2020-05-25"},{"lineNumber":15,"author":{"gitId":"fans2619"},"content":"# delete data file stored on disk from previous run","lastModifiedDate":"2021-08-19"},{"lineNumber":16,"author":{"gitId":"fans2619"},"content":"if [ -e \"./data/duke.txt\" ]","lastModifiedDate":"2021-08-19"},{"lineNumber":17,"author":{"gitId":"fans2619"},"content":"then","lastModifiedDate":"2021-08-19"},{"lineNumber":18,"author":{"gitId":"fans2619"},"content":"    rm data/duke.txt","lastModifiedDate":"2021-08-19"},{"lineNumber":19,"author":{"gitId":"fans2619"},"content":"fi","lastModifiedDate":"2021-08-19"},{"lineNumber":20,"author":{"gitId":"fans2619"},"content":"","lastModifiedDate":"2021-08-19"},{"lineNumber":21,"author":{"gitId":"-"},"content":"# compile the code into the bin folder, terminates if error occurred","lastModifiedDate":"2020-05-25"},{"lineNumber":22,"author":{"gitId":"-"},"content":"if ! javac -cp ../src/main/java -Xlint:none -d ../bin ../src/main/java/*.java","lastModifiedDate":"2020-08-25"},{"lineNumber":23,"author":{"gitId":"-"},"content":"then","lastModifiedDate":"2020-05-25"},{"lineNumber":24,"author":{"gitId":"-"},"content":"    echo \"********** BUILD FAILURE **********\"","lastModifiedDate":"2020-05-25"},{"lineNumber":25,"author":{"gitId":"-"},"content":"    exit 1","lastModifiedDate":"2020-05-25"},{"lineNumber":26,"author":{"gitId":"-"},"content":"fi","lastModifiedDate":"2020-05-25"},{"lineNumber":27,"author":{"gitId":"-"},"content":"","lastModifiedDate":"2020-05-25"},{"lineNumber":28,"author":{"gitId":"-"},"content":"# run the program, feed commands from input.txt file and redirect the output to the ACTUAL.TXT","lastModifiedDate":"2020-05-25"},{"lineNumber":29,"author":{"gitId":"-"},"content":"java -classpath ../bin Duke \u003c input.txt \u003e ACTUAL.TXT","lastModifiedDate":"2020-05-25"},{"lineNumber":30,"author":{"gitId":"-"},"content":"","lastModifiedDate":"2020-05-25"},{"lineNumber":31,"author":{"gitId":"-"},"content":"# convert to UNIX format","lastModifiedDate":"2020-05-25"},{"lineNumber":32,"author":{"gitId":"-"},"content":"cp EXPECTED.TXT EXPECTED-UNIX.TXT","lastModifiedDate":"2020-05-25"},{"lineNumber":33,"author":{"gitId":"-"},"content":"dos2unix ACTUAL.TXT EXPECTED-UNIX.TXT","lastModifiedDate":"2020-05-25"},{"lineNumber":34,"author":{"gitId":"-"},"content":"","lastModifiedDate":"2020-05-25"},{"lineNumber":35,"author":{"gitId":"-"},"content":"# compare the output to the expected output","lastModifiedDate":"2020-05-25"},{"lineNumber":36,"author":{"gitId":"-"},"content":"diff ACTUAL.TXT EXPECTED-UNIX.TXT","lastModifiedDate":"2020-05-25"},{"lineNumber":37,"author":{"gitId":"-"},"content":"if [ $? -eq 0 ]","lastModifiedDate":"2020-05-25"},{"lineNumber":38,"author":{"gitId":"-"},"content":"then","lastModifiedDate":"2020-05-25"},{"lineNumber":39,"author":{"gitId":"-"},"content":"    echo \"Test result: PASSED\"","lastModifiedDate":"2020-05-25"},{"lineNumber":40,"author":{"gitId":"-"},"content":"    exit 0","lastModifiedDate":"2020-05-25"},{"lineNumber":41,"author":{"gitId":"-"},"content":"else","lastModifiedDate":"2020-05-25"},{"lineNumber":42,"author":{"gitId":"-"},"content":"    echo \"Test result: FAILED\"","lastModifiedDate":"2020-05-25"},{"lineNumber":43,"author":{"gitId":"-"},"content":"    exit 1","lastModifiedDate":"2020-05-25"},{"lineNumber":44,"author":{"gitId":"-"},"content":"fi","lastModifiedDate":"2020-05-25"}],"authorContributionMap":{"fans2619":6,"-":38}}]
