{"authorDailyContributionsMap":{"fans2619":[{"date":"2021-08-14","commitResults":[{"hash":"91df0a43dc0f606286dabc0d19b3ef5b37508559","messageTitle":"Implement increments for Level-1: Greet, Echo, Exit","messageBody":"","tags":["Level-1"],"fileTypesAndContributionMap":{"java":{"insertions":34,"deletions":6}}}]},{"date":"2021-08-15","commitResults":[{"hash":"2dd2b89b3a8cb2ddc5f19794debda0ecbcb1e992","messageTitle":"Implement increments for Level-2: Add, List","messageBody":"A new class TaskList is added.\nDuke.java is modified.\n","tags":["Level-2"],"fileTypesAndContributionMap":{"java":{"insertions":52,"deletions":6}}},{"hash":"1e463f62da3a4493debe3e34f6e6327275ca2cc5","messageTitle":"Implement increments for Level-3: Mark as Done","messageBody":"Two new classes, DukeCore and Task, are added.\nDukeCore is the core class of the chatterbot.\n","tags":["Level-3"],"fileTypesAndContributionMap":{"java":{"insertions":145,"deletions":48}}},{"hash":"04a844e4deea33ecfb0f2641d97cccd2ab5a621a","messageTitle":"Add three new classes: Todo, Deadline, Event","messageBody":"","fileTypesAndContributionMap":{"java":{"insertions":43,"deletions":1}}},{"hash":"01e5502f221cc1725ffe6bebd93f81b7ae6e3be4","messageTitle":"Modify DukeCore and TaskList to work for different types of tasks","messageBody":"","tags":["Level-4"],"fileTypesAndContributionMap":{"java":{"insertions":85,"deletions":4}}},{"hash":"c273e2e05aabfbc6642f576dc7a3a7255958ce5c","messageTitle":"Perform an automated text UI testing","messageBody":"","tags":["A-TextUiTesting"],"fileTypesAndContributionMap":{"txt":{"insertions":28,"deletions":0},"sh":{"insertions":1,"deletions":1}}},{"hash":"af73ef690d5a3607e3007e5100f412fcff2cbc12","messageTitle":"Implement increments for Level-5: Handle Errors","messageBody":"","tags":["Level-5"],"fileTypesAndContributionMap":{"java":{"insertions":117,"deletions":35}}},{"hash":"ae8049adeb28bfa741b1cd843066e0523004f500","messageTitle":"Implement increments for Level-6: Delete","messageBody":"","tags":["Level-6"],"fileTypesAndContributionMap":{"java":{"insertions":34,"deletions":2}}},{"hash":"b363e24edd83eec5fbba1423f7531abd34410e34","messageTitle":"Perform an automated text UI testing","messageBody":"","fileTypesAndContributionMap":{"txt":{"insertions":18,"deletions":1}}},{"hash":"fc60dcc88ebf208ba19f9f9abdf7b03e39505927","messageTitle":"Add some test cases","messageBody":"","fileTypesAndContributionMap":{"txt":{"insertions":1,"deletions":0}}}]},{"date":"2021-08-18","commitResults":[{"hash":"be4b3a3b1870ae27a4a15f76bc6365a14622c530","messageTitle":"Implement increments for A-Enums: Use Enums","messageBody":"Add an enum class TaskType to represent the three types of task\n","tags":["A-Enums"],"fileTypesAndContributionMap":{"java":{"insertions":15,"deletions":4}}},{"hash":"4a057dd5e4021308ca6d258e72a52421cade0426","messageTitle":"Implement increments for Level-7: Save","messageBody":"","fileTypesAndContributionMap":{"java":{"insertions":97,"deletions":1}}}]},{"date":"2021-08-19","commitResults":[{"hash":"0e2919d172fe3299ea9a2bdeedd08940bb038fb4","messageTitle":"Modify test script","messageBody":"","fileTypesAndContributionMap":{"sh":{"insertions":6,"deletions":0}}},{"hash":"4de0f885e044834e217f030864b8c945f822c48d","messageTitle":"Implement increments for Level-8: Dates and Times","messageBody":"","fileTypesAndContributionMap":{"java":{"insertions":32,"deletions":16}}},{"hash":"357fdf7845d0b22a7437fac18c32a55d8d7d1183","messageTitle":"DukeDataHandler.java: Fix some bugs related to DateTime","messageBody":"","fileTypesAndContributionMap":{"java":{"insertions":5,"deletions":1}}},{"hash":"b9a1d6cffca3006eec15a000b278af9f1d4c11a5","messageTitle":"Refactor the whole project to have more OOP","messageBody":"","tags":["A-MoreOOP"],"fileTypesAndContributionMap":{"java":{"insertions":225,"deletions":143}}},{"hash":"0a8354886e9a44ffa514db22e26ae0b31b29d062","messageTitle":"Organise files into packages","messageBody":"","tags":["A-Packages"],"fileTypesAndContributionMap":{"java":{"insertions":87,"deletions":11}}},{"hash":"96e5a193b169f1ebf981f9baec6cdbd608a87112","messageTitle":"Duke.java: Fix wrong package","messageBody":"","fileTypesAndContributionMap":{"java":{"insertions":2,"deletions":0}}}]},{"date":"2021-08-20","commitResults":[{"hash":"33242380b9641a5a777df0fd6ec74651aee2e0c2","messageTitle":"Add JUnit Tests","messageBody":"","tags":["A-JUnit"],"fileTypesAndContributionMap":{"java":{"insertions":45,"deletions":0}}},{"hash":"625fad50d1498201a59ec012ce88f079a9485092","messageTitle":"Add JavaDoc comments","messageBody":"","fileTypesAndContributionMap":{"java":{"insertions":298,"deletions":7}}},{"hash":"6cc690b26211d39ca80cc8a2047bfb9e6b018a85","messageTitle":"Tweak some code to comply with the required coding standard","messageBody":"","fileTypesAndContributionMap":{"java":{"insertions":16,"deletions":16}}}]},{"date":"2021-08-21","commitResults":[{"hash":"6811ef1f4891e8e5fb94db5dfff747c662fe658e","messageTitle":"Implement increments for Level-9: Find","messageBody":"","fileTypesAndContributionMap":{"java":{"insertions":66,"deletions":0}}},{"hash":"eb7a09ce632d582d0db05e8aec6181f013cc6e5f","messageTitle":"FindCommand.java: Fix some bugs","messageBody":"","fileTypesAndContributionMap":{"java":{"insertions":1,"deletions":1}}},{"hash":"c719b054ec26dc6bd34056672c5fa72d226b0eb8","messageTitle":"Parser.java: Make some enhancements","messageBody":"","fileTypesAndContributionMap":{"java":{"insertions":18,"deletions":9}}},{"hash":"1b01fd0a34c5e2642bc9775f04f2cc35435e0527","messageTitle":"Edit some JavaDoc","messageBody":"","fileTypesAndContributionMap":{"java":{"insertions":15,"deletions":15}}}]},{"date":"2021-08-27","commitResults":[{"hash":"52267ca881d9c1d9237af6357553b5c7cf92bfb9","messageTitle":"Add Gradle support to the project","messageBody":"","tags":["A-Gradle","A-CheckStyle"],"fileTypesAndContributionMap":{"gradle":{"insertions":7,"deletions":1},"java":{"insertions":51,"deletions":37}}},{"hash":"e559b4e98afd3d1f1a2cdb2ad4f2d39eea183067","messageTitle":"Refactor the structure of packages to follow the naming convention","messageBody":"","fileTypesAndContributionMap":{"java":{"insertions":67,"deletions":67}}}]},{"date":"2021-08-29","commitResults":[{"hash":"b062645f61a87a1b1d918a0646ad0ad140ea6d04","messageTitle":"Implement Duke\u0027s GUI","messageBody":"Todo: update some JavaDoc\n","fileTypesAndContributionMap":{"gradle":{"insertions":14,"deletions":0},"fxml":{"insertions":35,"deletions":0},"java":{"insertions":223,"deletions":28}}},{"hash":"995baeaf29ad5f44072802812f92656c88dbfb9c","messageTitle":"Improve Duke\u0027s GUI","messageBody":"Todo: update some JavaDoc\n","fileTypesAndContributionMap":{"fxml":{"insertions":19,"deletions":9},"java":{"insertions":5,"deletions":2}}},{"hash":"50a8cd87fe509559b83da01b4f5c2e1becbcef11","messageTitle":"Improve Duke\u0027s GUI","messageBody":"Some JavaDoc has been updated at the same time.\n","tags":["A-BetterGui"],"fileTypesAndContributionMap":{"gradle":{"insertions":1,"deletions":1},"fxml":{"insertions":26,"deletions":25},"java":{"insertions":70,"deletions":56}}}]},{"date":"2021-09-04","commitResults":[{"hash":"81b22d9e22a92ebb95012d4782b51744aea9bcac","messageTitle":"Add two assertions","messageBody":"","fileTypesAndContributionMap":{"java":{"insertions":3,"deletions":1}}},{"hash":"a1a4281186fa483eed63d22d88b1a7647c9fe9a0","messageTitle":"Improve code quality","messageBody":"Many classes contain different messages to be displayed to the users.\nThose messages can seem magic and make the code hard to understand.\nLet\u0027s extract all the messages as constants into a Messages class.\nThis makes the code clearer and future understanding and modification\neasier.\n","tags":["A-FullCommitMessage"],"fileTypesAndContributionMap":{"java":{"insertions":127,"deletions":58}}},{"hash":"2d2d62acd687300402bfdf5951e174ee85974a7c","messageTitle":"FindCommand.java: Replace the for loop for searching with stream","messageBody":"","fileTypesAndContributionMap":{"java":{"insertions":18,"deletions":14}}},{"hash":"cf268379004ff11d59636ab29a59a04b0b6cfe95","messageTitle":"Improve Duke to allow mass Done and Delete operations.","messageBody":"\"done\" and \"delete\" commands only allow one number as their argument.\n\nThis makes it painful for users when they want to mark several tasks\nas done or delete several tasks at one time.\n\nLet\u0027s modify DoneCommand and DeleteCommand to allow multiple numbers\nas arguments of \"done\" and \"delete\" commands. For example,\nnow users can key in \"done 1 2 3 4\" or \"delete 1 2 3 4\".\n","fileTypesAndContributionMap":{"java":{"insertions":113,"deletions":61}}},{"hash":"c18b041c85a17ebd1742111f1dd6a05d70eaa430","messageTitle":"Messages.java: Solve a coding standard issue","messageBody":"","fileTypesAndContributionMap":{"java":{"insertions":2,"deletions":1}}}]},{"date":"2021-09-05","commitResults":[{"hash":"e9e97e769181e2de2ef665401757ca8c6b6ef2c3","messageTitle":"FindCommand.java: Solve an issue raised by peer PR review","messageBody":"","fileTypesAndContributionMap":{"java":{"insertions":3,"deletions":3}}}]},{"date":"2021-09-12","commitResults":[{"hash":"9e7729d9c03473d30828ee87d2249490946e8893","messageTitle":"Remove all CLI outputs","messageBody":"","tags":["A-Release"],"fileTypesAndContributionMap":{"gradle":{"insertions":1,"deletions":5},"fxml":{"insertions":16,"deletions":24},"java":{"insertions":3,"deletions":64}}},{"hash":"2a5d6f57cedbf88533f2a4dc42a491e456fdeb05","messageTitle":"FindCommand.java: Make search case-insensitive","messageBody":"","fileTypesAndContributionMap":{"java":{"insertions":1,"deletions":1}}},{"hash":"a71950b68f5f82def7e9b9b6438ce8971b8afc29","messageTitle":"Update README.md","messageBody":"","tags":["A-UserGuide"],"fileTypesAndContributionMap":{"md":{"insertions":175,"deletions":15}}},{"hash":"0f1c1aa4136d79f4e2eb3b26101cf0216bd9fc5d","messageTitle":"Update User Guide","messageBody":"","fileTypesAndContributionMap":{"md":{"insertions":14,"deletions":8}}},{"hash":"53d58db59f599dd7cac5d192aee67e63451f00b5","messageTitle":"Update User Guide","messageBody":"","fileTypesAndContributionMap":{"md":{"insertions":11,"deletions":3}}},{"hash":"6b6f2cef9e4283aaa3d00d497a9158abe0392a8a","messageTitle":"Update User Guide","messageBody":"","fileTypesAndContributionMap":{"md":{"insertions":10,"deletions":10}}},{"hash":"f32052117cd75af3cace911fbec1b617cc649049","messageTitle":"Update User Guide","messageBody":"","fileTypesAndContributionMap":{"md":{"insertions":2,"deletions":12}}},{"hash":"89a834703be12928460f35fcacea6f1907fd5fdc","messageTitle":"Update User Guide","messageBody":"","fileTypesAndContributionMap":{"md":{"insertions":4,"deletions":4}}}]},{"date":"2021-09-21","commitResults":[{"hash":"32c480e150ff708a6ad6f18181f70ebf2fce740f","messageTitle":"Update README.md","messageBody":"","fileTypesAndContributionMap":{"md":{"insertions":1,"deletions":0}}}]}]},"authorFileTypeContributionMap":{"fans2619":{"java":1407,"md":168,"fxml":38,"sh":6,"bat":0,"gradle":17,"txt":46}},"authorContributionVariance":{"fans2619":27506.455},"authorDisplayNameMap":{"fans2619":"CS2103T-W10-2 YU S..UFAN"}}
