{"authorDailyContributionsMap":{"fans2619":[{"date":"2021-08-14","commitResults":[{"hash":"91df0a43dc0f606286dabc0d19b3ef5b37508559","messageTitle":"Implement increments for Level-1: Greet, Echo, Exit","messageBody":"","tags":["Level-1"],"fileTypesAndContributionMap":{"java":{"insertions":34,"deletions":6}}}]},{"date":"2021-08-15","commitResults":[{"hash":"2dd2b89b3a8cb2ddc5f19794debda0ecbcb1e992","messageTitle":"Implement increments for Level-2: Add, List","messageBody":"A new class TaskList is added.\nDuke.java is modified.\n","tags":["Level-2"],"fileTypesAndContributionMap":{"java":{"insertions":52,"deletions":6}}},{"hash":"1e463f62da3a4493debe3e34f6e6327275ca2cc5","messageTitle":"Implement increments for Level-3: Mark as Done","messageBody":"Two new classes, DukeCore and Task, are added.\nDukeCore is the core class of the chatterbot.\n","tags":["Level-3"],"fileTypesAndContributionMap":{"java":{"insertions":145,"deletions":48}}},{"hash":"04a844e4deea33ecfb0f2641d97cccd2ab5a621a","messageTitle":"Add three new classes: Todo, Deadline, Event","messageBody":"","fileTypesAndContributionMap":{"java":{"insertions":43,"deletions":1}}},{"hash":"01e5502f221cc1725ffe6bebd93f81b7ae6e3be4","messageTitle":"Modify DukeCore and TaskList to work for different types of tasks","messageBody":"","tags":["Level-4"],"fileTypesAndContributionMap":{"java":{"insertions":85,"deletions":4}}},{"hash":"c273e2e05aabfbc6642f576dc7a3a7255958ce5c","messageTitle":"Perform an automated text UI testing","messageBody":"","tags":["A-TextUiTesting"],"fileTypesAndContributionMap":{"txt":{"insertions":28,"deletions":0},"sh":{"insertions":1,"deletions":1}}},{"hash":"af73ef690d5a3607e3007e5100f412fcff2cbc12","messageTitle":"Implement increments for Level-5: Handle Errors","messageBody":"","tags":["Level-5"],"fileTypesAndContributionMap":{"java":{"insertions":117,"deletions":35}}},{"hash":"ae8049adeb28bfa741b1cd843066e0523004f500","messageTitle":"Implement increments for Level-6: Delete","messageBody":"","tags":["Level-6"],"fileTypesAndContributionMap":{"java":{"insertions":34,"deletions":2}}},{"hash":"b363e24edd83eec5fbba1423f7531abd34410e34","messageTitle":"Perform an automated text UI testing","messageBody":"","fileTypesAndContributionMap":{"txt":{"insertions":18,"deletions":1}}},{"hash":"fc60dcc88ebf208ba19f9f9abdf7b03e39505927","messageTitle":"Add some test cases","messageBody":"","fileTypesAndContributionMap":{"txt":{"insertions":1,"deletions":0}}}]},{"date":"2021-08-18","commitResults":[{"hash":"be4b3a3b1870ae27a4a15f76bc6365a14622c530","messageTitle":"Implement increments for A-Enums: Use Enums","messageBody":"Add an enum class TaskType to represent the three types of task\n","tags":["A-Enums"],"fileTypesAndContributionMap":{"java":{"insertions":15,"deletions":4}}},{"hash":"4a057dd5e4021308ca6d258e72a52421cade0426","messageTitle":"Implement increments for Level-7: Save","messageBody":"","fileTypesAndContributionMap":{"java":{"insertions":97,"deletions":1}}}]},{"date":"2021-08-19","commitResults":[{"hash":"0e2919d172fe3299ea9a2bdeedd08940bb038fb4","messageTitle":"Modify test script","messageBody":"","fileTypesAndContributionMap":{"sh":{"insertions":6,"deletions":0}}},{"hash":"4de0f885e044834e217f030864b8c945f822c48d","messageTitle":"Implement increments for Level-8: Dates and Times","messageBody":"","fileTypesAndContributionMap":{"java":{"insertions":32,"deletions":16}}},{"hash":"357fdf7845d0b22a7437fac18c32a55d8d7d1183","messageTitle":"DukeDataHandler.java: Fix some bugs related to DateTime","messageBody":"","fileTypesAndContributionMap":{"java":{"insertions":5,"deletions":1}}},{"hash":"b9a1d6cffca3006eec15a000b278af9f1d4c11a5","messageTitle":"Refactor the whole project to have more OOP","messageBody":"","tags":["A-MoreOOP"],"fileTypesAndContributionMap":{"java":{"insertions":225,"deletions":143}}},{"hash":"0a8354886e9a44ffa514db22e26ae0b31b29d062","messageTitle":"Organise files into packages","messageBody":"","tags":["A-Packages"],"fileTypesAndContributionMap":{"java":{"insertions":87,"deletions":11}}},{"hash":"96e5a193b169f1ebf981f9baec6cdbd608a87112","messageTitle":"Duke.java: Fix wrong package","messageBody":"","fileTypesAndContributionMap":{"java":{"insertions":2,"deletions":0}}}]},{"date":"2021-08-20","commitResults":[{"hash":"33242380b9641a5a777df0fd6ec74651aee2e0c2","messageTitle":"Add JUnit Tests","messageBody":"","tags":["A-JUnit"],"fileTypesAndContributionMap":{"java":{"insertions":45,"deletions":0}}}]}]},"authorFileTypeContributionMap":{"fans2619":{"java":747,"md":0,"fxml":0,"sh":6,"bat":0,"gradle":0,"txt":46}},"authorContributionVariance":{"fans2619":44221.39},"authorDisplayNameMap":{"fans2619":"YU S..UFAN"}}
