{"authorDailyContributionsMap":{"luayida99":[{"date":"2021-08-14","commitResults":[{"hash":"0a3d345d2673c00bc64901b7089d322f95067978","messageTitle":"Add greet, echo, exit functionality","messageBody":"","tags":["Level-1"],"fileTypesAndContributionMap":{"java":{"insertions":37,"deletions":10}}},{"hash":"42eaa8601a538cabf647900fff7b73fb5313fb1e","messageTitle":"Add and list functionality added","messageBody":"","tags":["Level-2"],"fileTypesAndContributionMap":{"java":{"insertions":30,"deletions":2}}},{"hash":"7a58c83d0515664a29f560a79d6eae45d0bce997","messageTitle":"Mark as done functionality implemented","messageBody":"","tags":["Level-3"],"fileTypesAndContributionMap":{"java":{"insertions":67,"deletions":9}}},{"hash":"52c706a31586a09c56e2c7a9ebdadecfcc8d8d35","messageTitle":"Add todo, event, deadline","messageBody":"","tags":["Level-4"],"fileTypesAndContributionMap":{"java":{"insertions":124,"deletions":17}}},{"hash":"4af730959d7e1266ad9e77a19f0b1b33e01bd6a4","messageTitle":"Added automated text UI testing","messageBody":"","tags":["A-TextUiTesting"],"fileTypesAndContributionMap":{"txt":{"insertions":7,"deletions":0},"bat":{"insertions":1,"deletions":1}}},{"hash":"d07df93dc299cbcda3db2547647f3de8dd6fff62","messageTitle":"Gave Side some personality, checked for todo empty description","messageBody":"","fileTypesAndContributionMap":{"java":{"insertions":26,"deletions":19}}},{"hash":"740d21b3b33b1cff3e14d20fc36f901fe6acd594","messageTitle":"add custom exceptions, level 5 completed","messageBody":"","tags":["Level-5"],"fileTypesAndContributionMap":{"java":{"insertions":52,"deletions":32}}}]},{"date":"2021-08-15","commitResults":[{"hash":"6f82ee0b4bee6afd53087a737c5c3ed58b564c09","messageTitle":"add delete functionality, refactor some code to abstract out functionalities","messageBody":"","fileTypesAndContributionMap":{"java":{"insertions":46,"deletions":11}}},{"hash":"70c11b38ea6e300216bc6a58425ca81506014373","messageTitle":"fix bug where passing noninteger to done and delete crashes program","messageBody":"","fileTypesAndContributionMap":{"java":{"insertions":11,"deletions":2}}},{"hash":"b008b2a7e0b816110c8d501febcce28726ff42ae","messageTitle":"update ui test to reflect new functions","messageBody":"","fileTypesAndContributionMap":{"txt":{"insertions":8,"deletions":0}}},{"hash":"d282f29ad7d69782b4ab0c8379bb30f371ed7ca5","messageTitle":"Change some hardcoded errors to use exceptions, handled case where no index specified for done and delete","messageBody":"","fileTypesAndContributionMap":{"java":{"insertions":23,"deletions":5}}},{"hash":"8ceff6b1cff40a8d43196b8c0bee037c506897f4","messageTitle":"Add javadocs","messageBody":"","tags":["Level-6"],"fileTypesAndContributionMap":{"java":{"insertions":203,"deletions":9}}}]},{"date":"2021-08-18","commitResults":[{"hash":"dcf17674cd7b5762222abc75ffcb64d1e6bc24f8","messageTitle":"use enum for commands","messageBody":"","tags":["A-Enums"],"fileTypesAndContributionMap":{"java":{"insertions":33,"deletions":7}}}]},{"date":"2021-08-20","commitResults":[{"hash":"c32d7369f1d150f84e82c238c09bd9804950c653","messageTitle":"standardise code style for switch statements","messageBody":"","fileTypesAndContributionMap":{"java":{"insertions":34,"deletions":34}}}]},{"date":"2021-08-21","commitResults":[{"hash":"eb072bbaa811af9acea50ab483a129b39ccb440b","messageTitle":"Add save to hard disk functionality","messageBody":"Storage class to model saving to hard disk using\ntext file written to everytime bye is called.\n","fileTypesAndContributionMap":{"java":{"insertions":138,"deletions":10}}},{"hash":"34ff387d953cfad32c68b583dd45c2d562680320","messageTitle":"Add datetime","messageBody":"","fileTypesAndContributionMap":{"java":{"insertions":196,"deletions":55}}}]},{"date":"2021-08-22","commitResults":[{"hash":"556115b04499d5d8d9973f639a8479cb0fe3ad1f","messageTitle":"Abstract similar code into classes","messageBody":"","tags":["A-MoreOOP"],"fileTypesAndContributionMap":{"java":{"insertions":254,"deletions":212}}},{"hash":"19c6c8523f9ce037d83e0dec72fe997cfc32e169","messageTitle":"Package code","messageBody":"","tags":["A-Packages"],"fileTypesAndContributionMap":{"java":{"insertions":156,"deletions":82}}},{"hash":"f92d420a0ecd5bee55eacdb86cb80873ec54b9fc","messageTitle":"Add JUnit tests","messageBody":"","tags":["A-JUnit"],"fileTypesAndContributionMap":{"java":{"insertions":246,"deletions":5}}},{"hash":"5f3551c93ac152608cb3660808f7a03a56769b2b","messageTitle":"Add javadocs","messageBody":"","tags":["A-CodingStandard"],"fileTypesAndContributionMap":{"java":{"insertions":128,"deletions":34}}},{"hash":"f55c4c5bae565f94458ce98032def5c5e091dfcc","messageTitle":"Follow java coding standards","messageBody":"","fileTypesAndContributionMap":{"java":{"insertions":16,"deletions":0}}},{"hash":"6b4b83be575a113bb55d02cdb3ae430e607866eb","messageTitle":"Add back deleted file to resolve conflict","messageBody":"","fileTypesAndContributionMap":{"java":{"insertions":9,"deletions":0}}},{"hash":"f717e14b33fe76257194afbae8df0e0571ecfe3e","messageTitle":"Add find functionality","messageBody":"","tags":["Level-9"],"fileTypesAndContributionMap":{"java":{"insertions":50,"deletions":2}}},{"hash":"71c2d38e3aeb43a0f2a4398e4f930249c562ea53","messageTitle":"Remove unused exception class","messageBody":"","fileTypesAndContributionMap":{"java":{"insertions":0,"deletions":9}}},{"hash":"7407ea03a4a3aa0ddb17bfbf2d8780ffab6ac679","messageTitle":"Add javadocs","messageBody":"","fileTypesAndContributionMap":{"java":{"insertions":12,"deletions":0}}}]},{"date":"2021-08-23","commitResults":[{"hash":"058cdb989e3ba1363fc804f0136ec864c5b94694","messageTitle":"Edit javadocs","messageBody":"","fileTypesAndContributionMap":{"java":{"insertions":1,"deletions":0}}}]},{"date":"2021-08-24","commitResults":[{"hash":"53ad212ae6d43a6832fdb91939e6713910cca5d1","messageTitle":"Refactor code to reduce unnecessary function calls","messageBody":"","fileTypesAndContributionMap":{"java":{"insertions":3,"deletions":3}}}]},{"date":"2021-08-26","commitResults":[{"hash":"81e0d041de3cdc6a95bbf27e40caf3a963664c21","messageTitle":"Edit javadocs","messageBody":"","fileTypesAndContributionMap":{"java":{"insertions":9,"deletions":9}}},{"hash":"972e7a954bcaf4814c60eb291a11baee072ca61c","messageTitle":"Add javadocs","messageBody":"","fileTypesAndContributionMap":{"java":{"insertions":141,"deletions":10}}}]},{"date":"2021-08-27","commitResults":[{"hash":"a4ecbbed72e3a63a79c0c375383b0e436bfb88cb","messageTitle":"Integrate gradle for running Side and tests","messageBody":"","fileTypesAndContributionMap":{"gradle":{"insertions":1,"deletions":1},"java":{"insertions":2,"deletions":2}}}]},{"date":"2021-08-28","commitResults":[{"hash":"1d44cd978c0101c3f61f685180549523c0603a85","messageTitle":"Implement checkstyle plugin","messageBody":"","tags":["A-CheckStyle"],"fileTypesAndContributionMap":{"java":{"insertions":89,"deletions":63}}},{"hash":"be03689b9b3420e7e1a07055bed8babc7bd4b815","messageTitle":"Implement basic GUI for Side","messageBody":"","fileTypesAndContributionMap":{"gradle":{"insertions":15,"deletions":0},"fxml":{"insertions":36,"deletions":0},"java":{"insertions":253,"deletions":93}}}]},{"date":"2021-08-29","commitResults":[{"hash":"14194f09572cffa1dc97d968da65a21fd64eed5e","messageTitle":"Fix dialog box cutoff issue","messageBody":"Dialog box used to be cut off with too many tasks.\nThis commit fixes this issue.\n","fileTypesAndContributionMap":{"fxml":{"insertions":2,"deletions":2}}},{"hash":"f508f44909436c82a75e8ef55e29372d1ef65d86","messageTitle":"Add javadocs for side.gui classes","messageBody":"","fileTypesAndContributionMap":{"java":{"insertions":23,"deletions":0}}}]},{"date":"2021-08-31","commitResults":[{"hash":"0f3d531cece295026f13bdabc7144f67484aaa51","messageTitle":"Update javadocs","messageBody":"","fileTypesAndContributionMap":{"java":{"insertions":18,"deletions":0}}},{"hash":"37f51335e9072f54c8dc1805453509055c00d175","messageTitle":"Fix bug with endDateTime","messageBody":"","fileTypesAndContributionMap":{"java":{"insertions":1,"deletions":1}}},{"hash":"97858bb04b48f56bf7f6ac62f8159a92fec21a54","messageTitle":"Edit javadocs","messageBody":"","fileTypesAndContributionMap":{"java":{"insertions":1,"deletions":0}}}]}]},"authorFileTypeContributionMap":{"luayida99":{"java":1694,"md":0,"fxml":36,"sh":0,"bat":1,"gradle":16,"txt":15}},"authorContributionVariance":{"luayida99":78358.586},"authorDisplayNameMap":{"luayida99":"CS2103-T14-1 LUA ..I DA"}}
