[{"path":"src/main/java/Deadline.java","fileType":"java","lines":[{"lineNumber":1,"author":{"gitId":"sherrpass"},"content":"public class Deadline extends Task {","lastModifiedDate":"2021-08-19"},{"lineNumber":2,"author":{"gitId":"sherrpass"},"content":"","lastModifiedDate":"2021-08-19"},{"lineNumber":3,"author":{"gitId":"sherrpass"},"content":"    protected String by;","lastModifiedDate":"2021-08-19"},{"lineNumber":4,"author":{"gitId":"sherrpass"},"content":"","lastModifiedDate":"2021-08-19"},{"lineNumber":5,"author":{"gitId":"sherrpass"},"content":"    public Deadline(String description, String by) {","lastModifiedDate":"2021-08-19"},{"lineNumber":6,"author":{"gitId":"sherrpass"},"content":"        super(description);","lastModifiedDate":"2021-08-19"},{"lineNumber":7,"author":{"gitId":"sherrpass"},"content":"        this.by \u003d by;","lastModifiedDate":"2021-08-19"},{"lineNumber":8,"author":{"gitId":"sherrpass"},"content":"    }","lastModifiedDate":"2021-08-19"},{"lineNumber":9,"author":{"gitId":"sherrpass"},"content":"","lastModifiedDate":"2021-08-19"},{"lineNumber":10,"author":{"gitId":"sherrpass"},"content":"    @Override","lastModifiedDate":"2021-08-19"},{"lineNumber":11,"author":{"gitId":"sherrpass"},"content":"    public String toString() {","lastModifiedDate":"2021-08-19"},{"lineNumber":12,"author":{"gitId":"sherrpass"},"content":"        return \"[D]\" + super.toString() + \" (by: \" + by + \")\";","lastModifiedDate":"2021-08-19"},{"lineNumber":13,"author":{"gitId":"sherrpass"},"content":"    }","lastModifiedDate":"2021-08-19"},{"lineNumber":14,"author":{"gitId":"sherrpass"},"content":"}","lastModifiedDate":"2021-08-19"}],"authorContributionMap":{"sherrpass":14}},{"path":"src/main/java/Duke.java","fileType":"java","lines":[{"lineNumber":1,"author":{"gitId":"sherrpass"},"content":"import java.util.Scanner;","lastModifiedDate":"2021-08-19"},{"lineNumber":2,"author":{"gitId":"sherrpass"},"content":"import java.util.ArrayList;","lastModifiedDate":"2021-08-19"},{"lineNumber":3,"author":{"gitId":"sherrpass"},"content":"import java.util.regex.Pattern;","lastModifiedDate":"2021-08-19"},{"lineNumber":4,"author":{"gitId":"sherrpass"},"content":"","lastModifiedDate":"2021-08-19"},{"lineNumber":5,"author":{"gitId":"-"},"content":"public class Duke {","lastModifiedDate":"2019-07-29"},{"lineNumber":6,"author":{"gitId":"sherrpass"},"content":"    public static Task createTask(String input) throws DukeException {","lastModifiedDate":"2021-08-20"},{"lineNumber":7,"author":{"gitId":"sherrpass"},"content":"        String[] inputList \u003d input.split(\" \");","lastModifiedDate":"2021-08-19"},{"lineNumber":8,"author":{"gitId":"sherrpass"},"content":"        if (inputList[0].equals(\"todo\")){","lastModifiedDate":"2021-08-19"},{"lineNumber":9,"author":{"gitId":"sherrpass"},"content":"            String todoDescription \u003d input.replaceFirst(Pattern.quote(\"todo\"),\"\").trim();","lastModifiedDate":"2021-08-20"},{"lineNumber":10,"author":{"gitId":"sherrpass"},"content":"            if (todoDescription.equals(\"\")) {","lastModifiedDate":"2021-08-20"},{"lineNumber":11,"author":{"gitId":"sherrpass"},"content":"                throw new DukeException(\"The description of a todo cannot be empty.\");","lastModifiedDate":"2021-08-20"},{"lineNumber":12,"author":{"gitId":"sherrpass"},"content":"            }","lastModifiedDate":"2021-08-20"},{"lineNumber":13,"author":{"gitId":"sherrpass"},"content":"            return new Todo(todoDescription);","lastModifiedDate":"2021-08-20"},{"lineNumber":14,"author":{"gitId":"sherrpass"},"content":"        } else if (inputList[0].equals(\"deadline\")) {","lastModifiedDate":"2021-08-19"},{"lineNumber":15,"author":{"gitId":"sherrpass"},"content":"            String[] withoutAction \u003d input.replaceFirst(Pattern.quote(\"deadline\"),\"\").split(\"/by\", 2);","lastModifiedDate":"2021-08-19"},{"lineNumber":16,"author":{"gitId":"sherrpass"},"content":"            return new Deadline(withoutAction[0].trim(), withoutAction[1].trim());","lastModifiedDate":"2021-08-19"},{"lineNumber":17,"author":{"gitId":"sherrpass"},"content":"        } else {","lastModifiedDate":"2021-08-19"},{"lineNumber":18,"author":{"gitId":"sherrpass"},"content":"            String[] withoutAction \u003d input.replaceFirst(Pattern.quote(\"event\"),\"\").split(\"/at\", 2);","lastModifiedDate":"2021-08-19"},{"lineNumber":19,"author":{"gitId":"sherrpass"},"content":"            return new Event(withoutAction[0].trim(), withoutAction[1].trim());","lastModifiedDate":"2021-08-19"},{"lineNumber":20,"author":{"gitId":"sherrpass"},"content":"        }","lastModifiedDate":"2021-08-19"},{"lineNumber":21,"author":{"gitId":"sherrpass"},"content":"    }","lastModifiedDate":"2021-08-19"},{"lineNumber":22,"author":{"gitId":"-"},"content":"    public static void main(String[] args) {","lastModifiedDate":"2019-07-29"},{"lineNumber":23,"author":{"gitId":"sherrpass"},"content":"","lastModifiedDate":"2021-08-19"},{"lineNumber":24,"author":{"gitId":"sherrpass"},"content":"        ArrayList\u003cTask\u003e tasks \u003d new ArrayList\u003cTask\u003e();","lastModifiedDate":"2021-08-19"},{"lineNumber":25,"author":{"gitId":"sherrpass"},"content":"","lastModifiedDate":"2021-08-19"},{"lineNumber":26,"author":{"gitId":"-"},"content":"        String logo \u003d \" ____        _        \\n\"","lastModifiedDate":"2019-07-29"},{"lineNumber":27,"author":{"gitId":"-"},"content":"                + \"|  _ \\\\ _   _| | _____ \\n\"","lastModifiedDate":"2019-07-29"},{"lineNumber":28,"author":{"gitId":"-"},"content":"                + \"| | | | | | | |/ / _ \\\\\\n\"","lastModifiedDate":"2019-07-29"},{"lineNumber":29,"author":{"gitId":"-"},"content":"                + \"| |_| | |_| |   \u003c  __/\\n\"","lastModifiedDate":"2019-07-29"},{"lineNumber":30,"author":{"gitId":"-"},"content":"                + \"|____/ \\\\__,_|_|\\\\_\\\\___|\\n\";","lastModifiedDate":"2019-07-29"},{"lineNumber":31,"author":{"gitId":"-"},"content":"        System.out.println(\"Hello from\\n\" + logo);","lastModifiedDate":"2019-07-29"},{"lineNumber":32,"author":{"gitId":"sherrpass"},"content":"","lastModifiedDate":"2021-08-19"},{"lineNumber":33,"author":{"gitId":"sherrpass"},"content":"        System.out.println(\"What can I do for you?\");","lastModifiedDate":"2021-08-19"},{"lineNumber":34,"author":{"gitId":"sherrpass"},"content":"        Scanner sc \u003d new Scanner(System.in);","lastModifiedDate":"2021-08-19"},{"lineNumber":35,"author":{"gitId":"sherrpass"},"content":"        while(true) {","lastModifiedDate":"2021-08-20"},{"lineNumber":36,"author":{"gitId":"sherrpass"},"content":"            String input \u003d sc.nextLine();","lastModifiedDate":"2021-08-19"},{"lineNumber":37,"author":{"gitId":"sherrpass"},"content":"            String[] inputList \u003d input.split(\" \");","lastModifiedDate":"2021-08-19"},{"lineNumber":38,"author":{"gitId":"sherrpass"},"content":"            String action \u003d inputList[0];","lastModifiedDate":"2021-08-20"},{"lineNumber":39,"author":{"gitId":"sherrpass"},"content":"            try {","lastModifiedDate":"2021-08-20"},{"lineNumber":40,"author":{"gitId":"sherrpass"},"content":"                if (action.equals(\"bye\")) {","lastModifiedDate":"2021-08-20"},{"lineNumber":41,"author":{"gitId":"sherrpass"},"content":"                    break;","lastModifiedDate":"2021-08-20"},{"lineNumber":42,"author":{"gitId":"sherrpass"},"content":"                } else if (action.equals(\"list\")) {","lastModifiedDate":"2021-08-20"},{"lineNumber":43,"author":{"gitId":"sherrpass"},"content":"                    for (int i \u003d 0; i \u003c tasks.size(); i++) {","lastModifiedDate":"2021-08-19"},{"lineNumber":44,"author":{"gitId":"sherrpass"},"content":"                        System.out.println((i + 1) + \".\" + tasks.get(i).toString());","lastModifiedDate":"2021-08-19"},{"lineNumber":45,"author":{"gitId":"sherrpass"},"content":"                    }","lastModifiedDate":"2021-08-19"},{"lineNumber":46,"author":{"gitId":"sherrpass"},"content":"                } else if (action.equals(\"delete\") || action.equals(\"done\")) {","lastModifiedDate":"2021-08-20"},{"lineNumber":47,"author":{"gitId":"sherrpass"},"content":"                    if (inputList.length !\u003d 2) {","lastModifiedDate":"2021-08-19"},{"lineNumber":48,"author":{"gitId":"sherrpass"},"content":"                        throw new DukeException(\"Please provide the target task index!\");","lastModifiedDate":"2021-08-20"},{"lineNumber":49,"author":{"gitId":"sherrpass"},"content":"                    }","lastModifiedDate":"2021-08-19"},{"lineNumber":50,"author":{"gitId":"sherrpass"},"content":"                    int taskIndex \u003d Integer.parseInt(inputList[1]);","lastModifiedDate":"2021-08-19"},{"lineNumber":51,"author":{"gitId":"sherrpass"},"content":"                    if (tasks.size() \u003c taskIndex || 0 \u003e\u003d taskIndex) {","lastModifiedDate":"2021-08-19"},{"lineNumber":52,"author":{"gitId":"sherrpass"},"content":"                        throw new DukeException(\"Invalid task index provided!\");","lastModifiedDate":"2021-08-20"},{"lineNumber":53,"author":{"gitId":"sherrpass"},"content":"                    }","lastModifiedDate":"2021-08-19"},{"lineNumber":54,"author":{"gitId":"sherrpass"},"content":"                    if (action.equals(\"done\")) {","lastModifiedDate":"2021-08-20"},{"lineNumber":55,"author":{"gitId":"sherrpass"},"content":"                        Task currTask \u003d tasks.get(taskIndex - 1);","lastModifiedDate":"2021-08-19"},{"lineNumber":56,"author":{"gitId":"sherrpass"},"content":"                        currTask.markAsDone();","lastModifiedDate":"2021-08-19"},{"lineNumber":57,"author":{"gitId":"sherrpass"},"content":"                        System.out.println(\"Nice! I\u0027ve marked this task as done:\\n\" + currTask);","lastModifiedDate":"2021-08-19"},{"lineNumber":58,"author":{"gitId":"sherrpass"},"content":"                    } else {","lastModifiedDate":"2021-08-20"},{"lineNumber":59,"author":{"gitId":"sherrpass"},"content":"                        Task removedTask \u003d tasks.remove(taskIndex - 1);","lastModifiedDate":"2021-08-20"},{"lineNumber":60,"author":{"gitId":"sherrpass"},"content":"                        System.out.println(\"Noted. I\u0027ve removed this task:\");","lastModifiedDate":"2021-08-20"},{"lineNumber":61,"author":{"gitId":"sherrpass"},"content":"                        System.out.println(removedTask);","lastModifiedDate":"2021-08-20"},{"lineNumber":62,"author":{"gitId":"sherrpass"},"content":"                        System.out.println(\"Now you have \" + tasks.size() + \" tasks in the list.\");","lastModifiedDate":"2021-08-20"},{"lineNumber":63,"author":{"gitId":"sherrpass"},"content":"                    }","lastModifiedDate":"2021-08-20"},{"lineNumber":64,"author":{"gitId":"sherrpass"},"content":"                } else if (action.equals(\"todo\") || action.equals(\"deadline\") || action.equals(\"event\")) {","lastModifiedDate":"2021-08-20"},{"lineNumber":65,"author":{"gitId":"sherrpass"},"content":"                    Task newTask \u003d createTask(input);","lastModifiedDate":"2021-08-19"},{"lineNumber":66,"author":{"gitId":"sherrpass"},"content":"                    tasks.add(newTask);","lastModifiedDate":"2021-08-19"},{"lineNumber":67,"author":{"gitId":"sherrpass"},"content":"                    System.out.println(\"Got it. I\u0027ve added this task:\");","lastModifiedDate":"2021-08-19"},{"lineNumber":68,"author":{"gitId":"sherrpass"},"content":"                    System.out.println(newTask);","lastModifiedDate":"2021-08-19"},{"lineNumber":69,"author":{"gitId":"sherrpass"},"content":"                    System.out.println(\"Now you have \" + tasks.size() + \" tasks in the list.\");","lastModifiedDate":"2021-08-19"},{"lineNumber":70,"author":{"gitId":"sherrpass"},"content":"                } else {","lastModifiedDate":"2021-08-20"},{"lineNumber":71,"author":{"gitId":"sherrpass"},"content":"                    throw new DukeException(\"I\u0027m sorry, but I don\u0027t know what that means :-(\");","lastModifiedDate":"2021-08-20"},{"lineNumber":72,"author":{"gitId":"sherrpass"},"content":"                }","lastModifiedDate":"2021-08-20"},{"lineNumber":73,"author":{"gitId":"sherrpass"},"content":"            } catch (DukeException e) {","lastModifiedDate":"2021-08-20"},{"lineNumber":74,"author":{"gitId":"sherrpass"},"content":"                System.out.println(\"☹ OOPS!!! \" + e.getMessage());","lastModifiedDate":"2021-08-20"},{"lineNumber":75,"author":{"gitId":"sherrpass"},"content":"            }","lastModifiedDate":"2021-08-19"},{"lineNumber":76,"author":{"gitId":"sherrpass"},"content":"        }","lastModifiedDate":"2021-08-19"},{"lineNumber":77,"author":{"gitId":"sherrpass"},"content":"        System.out.println(\"Bye. Hope to see you again soon!\");","lastModifiedDate":"2021-08-19"},{"lineNumber":78,"author":{"gitId":"-"},"content":"    }","lastModifiedDate":"2019-07-29"},{"lineNumber":79,"author":{"gitId":"-"},"content":"}","lastModifiedDate":"2019-07-29"}],"authorContributionMap":{"sherrpass":69,"-":10}},{"path":"src/main/java/DukeException.java","fileType":"java","lines":[{"lineNumber":1,"author":{"gitId":"sherrpass"},"content":"public class DukeException extends RuntimeException {","lastModifiedDate":"2021-08-20"},{"lineNumber":2,"author":{"gitId":"sherrpass"},"content":"    public DukeException(String errorMessage) {","lastModifiedDate":"2021-08-20"},{"lineNumber":3,"author":{"gitId":"sherrpass"},"content":"        super(errorMessage);","lastModifiedDate":"2021-08-20"},{"lineNumber":4,"author":{"gitId":"sherrpass"},"content":"    }","lastModifiedDate":"2021-08-20"},{"lineNumber":5,"author":{"gitId":"sherrpass"},"content":"}","lastModifiedDate":"2021-08-20"}],"authorContributionMap":{"sherrpass":5}},{"path":"src/main/java/Event.java","fileType":"java","lines":[{"lineNumber":1,"author":{"gitId":"sherrpass"},"content":"public class Event extends Task {","lastModifiedDate":"2021-08-19"},{"lineNumber":2,"author":{"gitId":"sherrpass"},"content":"","lastModifiedDate":"2021-08-19"},{"lineNumber":3,"author":{"gitId":"sherrpass"},"content":"    protected String at;","lastModifiedDate":"2021-08-19"},{"lineNumber":4,"author":{"gitId":"sherrpass"},"content":"","lastModifiedDate":"2021-08-19"},{"lineNumber":5,"author":{"gitId":"sherrpass"},"content":"    public Event(String description, String at) {","lastModifiedDate":"2021-08-19"},{"lineNumber":6,"author":{"gitId":"sherrpass"},"content":"        super(description);","lastModifiedDate":"2021-08-19"},{"lineNumber":7,"author":{"gitId":"sherrpass"},"content":"        this.at \u003d at;","lastModifiedDate":"2021-08-19"},{"lineNumber":8,"author":{"gitId":"sherrpass"},"content":"    }","lastModifiedDate":"2021-08-19"},{"lineNumber":9,"author":{"gitId":"sherrpass"},"content":"","lastModifiedDate":"2021-08-19"},{"lineNumber":10,"author":{"gitId":"sherrpass"},"content":"    @Override","lastModifiedDate":"2021-08-19"},{"lineNumber":11,"author":{"gitId":"sherrpass"},"content":"    public String toString() {","lastModifiedDate":"2021-08-19"},{"lineNumber":12,"author":{"gitId":"sherrpass"},"content":"        return \"[E]\" + super.toString() + \" (at: \" + at + \")\";","lastModifiedDate":"2021-08-19"},{"lineNumber":13,"author":{"gitId":"sherrpass"},"content":"    }","lastModifiedDate":"2021-08-19"},{"lineNumber":14,"author":{"gitId":"sherrpass"},"content":"}","lastModifiedDate":"2021-08-19"}],"authorContributionMap":{"sherrpass":14}},{"path":"src/main/java/Task.java","fileType":"java","lines":[{"lineNumber":1,"author":{"gitId":"sherrpass"},"content":"public class Task {","lastModifiedDate":"2021-08-19"},{"lineNumber":2,"author":{"gitId":"sherrpass"},"content":"    protected String description;","lastModifiedDate":"2021-08-19"},{"lineNumber":3,"author":{"gitId":"sherrpass"},"content":"    protected boolean isDone;","lastModifiedDate":"2021-08-19"},{"lineNumber":4,"author":{"gitId":"sherrpass"},"content":"","lastModifiedDate":"2021-08-19"},{"lineNumber":5,"author":{"gitId":"sherrpass"},"content":"    public Task(String description) {","lastModifiedDate":"2021-08-19"},{"lineNumber":6,"author":{"gitId":"sherrpass"},"content":"        this.description \u003d description;","lastModifiedDate":"2021-08-19"},{"lineNumber":7,"author":{"gitId":"sherrpass"},"content":"        this.isDone \u003d false;","lastModifiedDate":"2021-08-19"},{"lineNumber":8,"author":{"gitId":"sherrpass"},"content":"    }","lastModifiedDate":"2021-08-19"},{"lineNumber":9,"author":{"gitId":"sherrpass"},"content":"","lastModifiedDate":"2021-08-19"},{"lineNumber":10,"author":{"gitId":"sherrpass"},"content":"    private String getStatusIcon() {","lastModifiedDate":"2021-08-19"},{"lineNumber":11,"author":{"gitId":"sherrpass"},"content":"        return (isDone ? \"X\" : \" \"); // mark done task with X","lastModifiedDate":"2021-08-19"},{"lineNumber":12,"author":{"gitId":"sherrpass"},"content":"    }","lastModifiedDate":"2021-08-19"},{"lineNumber":13,"author":{"gitId":"sherrpass"},"content":"","lastModifiedDate":"2021-08-19"},{"lineNumber":14,"author":{"gitId":"sherrpass"},"content":"    public void markAsDone() {","lastModifiedDate":"2021-08-19"},{"lineNumber":15,"author":{"gitId":"sherrpass"},"content":"        isDone \u003d true;","lastModifiedDate":"2021-08-19"},{"lineNumber":16,"author":{"gitId":"sherrpass"},"content":"    }","lastModifiedDate":"2021-08-19"},{"lineNumber":17,"author":{"gitId":"sherrpass"},"content":"","lastModifiedDate":"2021-08-19"},{"lineNumber":18,"author":{"gitId":"sherrpass"},"content":"    public String getDescription() {","lastModifiedDate":"2021-08-19"},{"lineNumber":19,"author":{"gitId":"sherrpass"},"content":"        return description;","lastModifiedDate":"2021-08-19"},{"lineNumber":20,"author":{"gitId":"sherrpass"},"content":"    }","lastModifiedDate":"2021-08-19"},{"lineNumber":21,"author":{"gitId":"sherrpass"},"content":"","lastModifiedDate":"2021-08-19"},{"lineNumber":22,"author":{"gitId":"sherrpass"},"content":"    @Override","lastModifiedDate":"2021-08-19"},{"lineNumber":23,"author":{"gitId":"sherrpass"},"content":"    public String toString() {","lastModifiedDate":"2021-08-19"},{"lineNumber":24,"author":{"gitId":"sherrpass"},"content":"        return \"[\" + getStatusIcon() + \"] \" + description;","lastModifiedDate":"2021-08-19"},{"lineNumber":25,"author":{"gitId":"sherrpass"},"content":"    }","lastModifiedDate":"2021-08-19"},{"lineNumber":26,"author":{"gitId":"sherrpass"},"content":"}","lastModifiedDate":"2021-08-19"}],"authorContributionMap":{"sherrpass":26}},{"path":"src/main/java/Todo.java","fileType":"java","lines":[{"lineNumber":1,"author":{"gitId":"sherrpass"},"content":"public class Todo extends Task {","lastModifiedDate":"2021-08-19"},{"lineNumber":2,"author":{"gitId":"sherrpass"},"content":"","lastModifiedDate":"2021-08-19"},{"lineNumber":3,"author":{"gitId":"sherrpass"},"content":"    public Todo(String description) {","lastModifiedDate":"2021-08-19"},{"lineNumber":4,"author":{"gitId":"sherrpass"},"content":"        super(description);","lastModifiedDate":"2021-08-19"},{"lineNumber":5,"author":{"gitId":"sherrpass"},"content":"    }","lastModifiedDate":"2021-08-19"},{"lineNumber":6,"author":{"gitId":"sherrpass"},"content":"","lastModifiedDate":"2021-08-19"},{"lineNumber":7,"author":{"gitId":"sherrpass"},"content":"    @Override","lastModifiedDate":"2021-08-19"},{"lineNumber":8,"author":{"gitId":"sherrpass"},"content":"    public String toString() {","lastModifiedDate":"2021-08-19"},{"lineNumber":9,"author":{"gitId":"sherrpass"},"content":"        return \"[T]\" + super.toString();","lastModifiedDate":"2021-08-19"},{"lineNumber":10,"author":{"gitId":"sherrpass"},"content":"    }","lastModifiedDate":"2021-08-19"},{"lineNumber":11,"author":{"gitId":"sherrpass"},"content":"}","lastModifiedDate":"2021-08-19"}],"authorContributionMap":{"sherrpass":11}},{"path":"text-ui-test/input.txt","fileType":"txt","lines":[{"lineNumber":1,"author":{"gitId":"sherrpass"},"content":"todo borrow book","lastModifiedDate":"2021-08-19"},{"lineNumber":2,"author":{"gitId":"sherrpass"},"content":"deadline return book /by Sunday","lastModifiedDate":"2021-08-19"},{"lineNumber":3,"author":{"gitId":"sherrpass"},"content":"event project meeting /at Mon 2-4pm","lastModifiedDate":"2021-08-19"},{"lineNumber":4,"author":{"gitId":"sherrpass"},"content":"list","lastModifiedDate":"2021-08-19"},{"lineNumber":5,"author":{"gitId":"sherrpass"},"content":"done 2","lastModifiedDate":"2021-08-19"},{"lineNumber":6,"author":{"gitId":"sherrpass"},"content":"list","lastModifiedDate":"2021-08-19"},{"lineNumber":7,"author":{"gitId":"sherrpass"},"content":"bye","lastModifiedDate":"2021-08-19"}],"authorContributionMap":{"sherrpass":7}}]
