{"authorDailyContributionsMap":{"sherrpass":[{"date":"2021-08-19","commitResults":[{"hash":"784ada67a3ed143a75d4e4239e8f90098fb96489","messageTitle":"Implemented skeletal functionality to Duke, echos all, exits with bye","messageBody":"","tags":["list","Level-1"],"fileTypesAndContributionMap":{"java":{"insertions":10,"deletions":0}}},{"hash":"3099a61064773c924f36a60dc438d7dbbb0737a2","messageTitle":"Add the ability to store whatever text entered by the user and display them back to the user when requested","messageBody":"","tags":["Level-2"],"fileTypesAndContributionMap":{"java":{"insertions":13,"deletions":1}}},{"hash":"8225235b0226e92a37687d9462e616860f50d178","messageTitle":"Add the ability to mark tasks as done.","messageBody":"","tags":["Level-3"],"fileTypesAndContributionMap":{"java":{"insertions":48,"deletions":6}}},{"hash":"e4e2572529a2899cb98ae2b2b9a6d0f9b71f77ba","messageTitle":"Add support for tracking three types of tasks: Todo, Event and Deadline","messageBody":"","tags":["Level-4"],"fileTypesAndContributionMap":{"java":{"insertions":62,"deletions":3}}},{"hash":"dd8baabef2bfaa95fe47904d64208a60a21a7093","messageTitle":"semi-automate the testing of Duke","messageBody":"","tags":["A-TextUiTesting"],"fileTypesAndContributionMap":{"txt":{"insertions":7,"deletions":0},"java":{"insertions":1,"deletions":1}}}]},{"date":"2021-08-20","commitResults":[{"hash":"406d82064a0ae2224782bbfcf649a5b56288f782","messageTitle":"Add errors such as incorrect inputs entered by the user","messageBody":"","tags":["Level-5"],"fileTypesAndContributionMap":{"java":{"insertions":47,"deletions":31}}},{"hash":"7fb4963d9776b4f3bfff45b7e2857c3e1c1ca87f","messageTitle":"Add Delete functionality","messageBody":"","fileTypesAndContributionMap":{"java":{"insertions":28,"deletions":28}}},{"hash":"9ff00d59d2cdf6f37c676cceeb6e8f103250c885","messageTitle":"Tidy up code","messageBody":"","tags":["Level-6"],"fileTypesAndContributionMap":{"java":{"insertions":5,"deletions":5}}}]},{"date":"2021-08-26","commitResults":[{"hash":"10fca14228132d342f7b4f05ae14a443898d11b0","messageTitle":"Add Save to and Load from capabilities from hard disk","messageBody":"","fileTypesAndContributionMap":{"java":{"insertions":85,"deletions":2}}},{"hash":"d5c5c834869278834ddab65f85f2ce2c0b45d79c","messageTitle":"Add dates for deadlines and events, add new occuring function","messageBody":"","fileTypesAndContributionMap":{"java":{"insertions":141,"deletions":20}}}]},{"date":"2021-08-28","commitResults":[{"hash":"47516e5a0579420746ba2f96c0bbd0c94804addc","messageTitle":"Extract out closely related code as classes","messageBody":"Ui: deals with interactions with the user\nStorage: deals with loading tasks from the\nfile and saving tasks in the file\nParser: deals with making sense of the user\ncommand\nTaskList: contains the task list e.g., it\nhas operations to add/delete tasks in the list\nCommand: contains all commands\n","tags":["A-MoreOOP"],"fileTypesAndContributionMap":{"java":{"insertions":542,"deletions":149}}},{"hash":"f8a5b52dd33049b8f24e724a6eb9d738dfbcfb4c","messageTitle":"Shift all files into Duke package","messageBody":"","tags":["A-Packages"],"fileTypesAndContributionMap":{"java":{"insertions":74,"deletions":206},"md":{"insertions":2,"deletions":2}}}]},{"date":"2021-08-29","commitResults":[{"hash":"1d97570d20868b14530acec5f3fdf0063cb62904","messageTitle":"Add Junit Test for Storage and Deadline classes","messageBody":"","tags":["A-Jar","A-JUnit"],"fileTypesAndContributionMap":{"java":{"insertions":123,"deletions":1}}},{"hash":"c73003323c19fd8e543a0177e70d5fafcea44097","messageTitle":"Add Javadoc","messageBody":"","fileTypesAndContributionMap":{"java":{"insertions":232,"deletions":31}}},{"hash":"d1ad4905b69adfe145d26f31d12a1921bbc9ee61","messageTitle":"Fix styling and naming to fit coding standards","messageBody":"","fileTypesAndContributionMap":{"java":{"insertions":7,"deletions":7}}},{"hash":"edebd71e8134af4f7a2def03421af91cf85830a1","messageTitle":"Add functionality to find tasks by queries.","messageBody":"","fileTypesAndContributionMap":{"java":{"insertions":74,"deletions":10}}}]}]},"authorFileTypeContributionMap":{"sherrpass":{"java":908,"md":2,"fxml":0,"sh":0,"bat":0,"gradle":0,"txt":7}},"authorContributionVariance":{"sherrpass":52378.816},"authorDisplayNameMap":{"sherrpass":"CS2103-F10-4 SHER.. XUN"}}
