{"authorDailyContributionsMap":{"jodichoo":[{"date":"2021-08-17","commitResults":[{"hash":"1ea67bc22b40911004dcddbfe9d12524777d45a8","messageTitle":"add greet, echo, exit functions","messageBody":"","tags":["Level-1"],"fileTypesAndContributionMap":{"java":{"insertions":12,"deletions":1}}},{"hash":"ff9be097325e1d7c0cced2cb0c84146ed1820d9b","messageTitle":"fix issue where sentence is treated as \u003e1 input","messageBody":"","fileTypesAndContributionMap":{"java":{"insertions":2,"deletions":1}}},{"hash":"7946d8e40ed586aa815f3370504385ec07be5845","messageTitle":"added TaskList class","messageBody":"","fileTypesAndContributionMap":{"java":{"insertions":30,"deletions":0}}},{"hash":"050d3f080362d8e9b5c07a38b1c0fa539281d735","messageTitle":"added \u0027list\u0027 function","messageBody":"","tags":["Level-2"],"fileTypesAndContributionMap":{"java":{"insertions":6,"deletions":2}}},{"hash":"dde25ed0db2ad249b6f1827ad6e80deb163d8ed9","messageTitle":"Change code logic of duke","messageBody":"","fileTypesAndContributionMap":{"java":{"insertions":5,"deletions":4}}},{"hash":"9304fc1872e717c0a5f04f6955264a5a41e7950c","messageTitle":"added a Task class","messageBody":"","fileTypesAndContributionMap":{"java":{"insertions":23,"deletions":0}}},{"hash":"a66d564614b46f57919a90d75271e96536aa7d60","messageTitle":"accomodate new Task class + done() function to mark task","messageBody":"","fileTypesAndContributionMap":{"java":{"insertions":11,"deletions":4}}},{"hash":"3fef22ea485392d11309802af085e49ec33b7d1c","messageTitle":"Implement \u0027done\u0027 functionality","messageBody":"","tags":["Level-3"],"fileTypesAndContributionMap":{"java":{"insertions":4,"deletions":0}}},{"hash":"ee9e698edeb4f3920d406cb2b623fadfe66a32e7","messageTitle":"add classes for the 3 types of tasks","messageBody":"","fileTypesAndContributionMap":{"java":{"insertions":36,"deletions":0}}},{"hash":"cd9869dd9e80e5bed276e598853b93f7b7f8c801","messageTitle":"implement functionality to add 3 task types","messageBody":"","tags":["Level-4"],"fileTypesAndContributionMap":{"java":{"insertions":48,"deletions":9}}},{"hash":"554bb9efcfcac499421dce0461ece2b4388fdad0","messageTitle":"Wrote test","messageBody":"","tags":["A-TextUiTesting"],"fileTypesAndContributionMap":{"txt":{"insertions":7,"deletions":0}}}]},{"date":"2021-08-18","commitResults":[{"hash":"ad21dcfef892fc7b9da39361fc23e877b4b1ccf1","messageTitle":"Refactor some code in Duke","messageBody":"","fileTypesAndContributionMap":{"java":{"insertions":30,"deletions":18}}},{"hash":"f98e074a4da1626f50578a9c075e1261ee4b4eb5","messageTitle":"Fulfill error handling minimum requirements","messageBody":"","fileTypesAndContributionMap":{"java":{"insertions":22,"deletions":5}}},{"hash":"b0a142016fe47553103784e52eb3a98e118cbdd1","messageTitle":"handle errors when marking task as done","messageBody":"","fileTypesAndContributionMap":{"java":{"insertions":21,"deletions":7}}},{"hash":"bd9f2695152f056721b2eb349227c2fca01596cc","messageTitle":"Updated + ran tests","messageBody":"","tags":["Level-5"],"fileTypesAndContributionMap":{"txt":{"insertions":2,"deletions":0},"java":{"insertions":0,"deletions":1}}},{"hash":"dcf35ff354a3f3be260a652035e0db1de8b95880","messageTitle":"represent task list as ArrayList instead of array","messageBody":"","fileTypesAndContributionMap":{"java":{"insertions":11,"deletions":12}}},{"hash":"47aa7e9576b809c97c135713a78180fdd9fa9c4f","messageTitle":"added delete functionality","messageBody":"","fileTypesAndContributionMap":{"java":{"insertions":27,"deletions":10}}},{"hash":"7186af2af675cc0436ef7575ecc0e502ec2f6313","messageTitle":"Fix whitespace issues","messageBody":"","fileTypesAndContributionMap":{"java":{"insertions":6,"deletions":2}}},{"hash":"58b426d6eaf3e0abd6535f4412081098fc11b252","messageTitle":"Updated test + minor code edits","messageBody":"","fileTypesAndContributionMap":{"txt":{"insertions":1,"deletions":0},"java":{"insertions":1,"deletions":2}}},{"hash":"c71a124fd0544b0f421ebbbf6379495d4570ad46","messageTitle":"Fixed whitespace issues that interfere with tests","messageBody":"","tags":["Level-6"],"fileTypesAndContributionMap":{"txt":{"insertions":4,"deletions":0},"java":{"insertions":6,"deletions":6}}}]},{"date":"2021-08-22","commitResults":[{"hash":"6f22a8b395efb8ca822669524cd06f4378f0e702","messageTitle":"Add methods to convert task to data for save file","messageBody":"","fileTypesAndContributionMap":{"java":{"insertions":21,"deletions":6}}},{"hash":"40e194ca64382be14a3034e914dab903a6584ea2","messageTitle":"Add method to convert list to data for save file","messageBody":"","fileTypesAndContributionMap":{"java":{"insertions":9,"deletions":0}}},{"hash":"b42ccea95d098d5695e1c62400ead20e7d79b50f","messageTitle":"Change task-to-data conversion format","messageBody":"","fileTypesAndContributionMap":{"java":{"insertions":3,"deletions":3}}},{"hash":"2e06b41ed39786d44bdfd4f70d19dccf01de636c","messageTitle":"Add constructor that takes in a ArrayList","messageBody":"","fileTypesAndContributionMap":{"java":{"insertions":4,"deletions":0}}},{"hash":"cc763099e6a7c5d0386586016b41d950e9b0adcc","messageTitle":"Add FileManager class, implement read/write from file","messageBody":"","fileTypesAndContributionMap":{"java":{"insertions":70,"deletions":3}}},{"hash":"54936f89bb165ef99f3890b1a1284c31551b0168","messageTitle":"Write to file when task is edited","messageBody":"","fileTypesAndContributionMap":{"java":{"insertions":2,"deletions":2}}},{"hash":"f9e7fd7a90d325bd0c9dc5d5fac5799141957e88","messageTitle":"Store deadline date as LocalDate","messageBody":"","fileTypesAndContributionMap":{"java":{"insertions":14,"deletions":4}}},{"hash":"39e8553c83cea61cc6033102330ae504b661dae5","messageTitle":"Handle exception when deadline input is invalid","messageBody":"","fileTypesAndContributionMap":{"java":{"insertions":17,"deletions":13}}}]},{"date":"2021-08-23","commitResults":[{"hash":"eb244d4133bca91d71da18ac57acbfb597ed6a0e","messageTitle":"Add new Ui class","messageBody":"","fileTypesAndContributionMap":{"java":{"insertions":36,"deletions":0}}},{"hash":"0737c566a2b43991438379fd3b7ee4f87bb57953","messageTitle":"Add new Parser class","messageBody":"","fileTypesAndContributionMap":{"java":{"insertions":84,"deletions":0}}},{"hash":"74d2b029928255d1206a0d8ec1f4af6f44862d75","messageTitle":"Refactor code to accomodate new classes","messageBody":"","tags":["A-MoreOOP"],"fileTypesAndContributionMap":{"java":{"insertions":68,"deletions":124}}},{"hash":"a1497c39c87a9b805f20bbdefcd4cf2aec170ec1","messageTitle":"Organize classes into duke package","messageBody":"","fileTypesAndContributionMap":{"java":{"insertions":23,"deletions":3}}},{"hash":"75f32570b72fcd6a02df71b82a9b56163f9aef00","messageTitle":"Update test file with new path to code","messageBody":"","tags":["A-Packages"],"fileTypesAndContributionMap":{"sh":{"insertions":1,"deletions":1}}},{"hash":"66aae5f4ef958322b946eaca1d2ff3232694c9aa","messageTitle":"Add JUnit tests for Event, Deadline, Todo, Parser classes","messageBody":"","tags":["A-JUnit"],"fileTypesAndContributionMap":{"java":{"insertions":157,"deletions":0}}},{"hash":"9574592e69f1f7b2d59b1f712b04108a477d87f3","messageTitle":"Add JavaDoc comments for public methods","messageBody":"","fileTypesAndContributionMap":{"java":{"insertions":188,"deletions":24}}},{"hash":"771bb625052a26f847881eab5a85c6df8e122fc1","messageTitle":"Add method to check for keyword in task description","messageBody":"","fileTypesAndContributionMap":{"java":{"insertions":12,"deletions":0}}},{"hash":"65313d15cb4cb7b5291a4a63d4defc6ada2881ca","messageTitle":"Add method that returns tasks containing keyword","messageBody":"","fileTypesAndContributionMap":{"java":{"insertions":24,"deletions":2}}},{"hash":"ee6a2d658cecdeaa75136f73c6d227002e2ca9b5","messageTitle":"Add method to display tasks with keyword match","messageBody":"","fileTypesAndContributionMap":{"java":{"insertions":13,"deletions":1}}},{"hash":"0a58d0b6f73cb7851fba480194075765505fafff","messageTitle":"Edit Duke and Parser class to recognise the \u0027find\u0027 command","messageBody":"","fileTypesAndContributionMap":{"java":{"insertions":14,"deletions":0}}},{"hash":"576e4ca819f4bf96dc5e60e10fde62c2fdf1e685","messageTitle":"Add line break as the line was too long","messageBody":"","fileTypesAndContributionMap":{"java":{"insertions":2,"deletions":1}}}]},{"date":"2021-08-28","commitResults":[{"hash":"bf228b51f7828fd2114a043f483de38767a6bb4e","messageTitle":"Add Gradle support","messageBody":"","tags":["A-Gradle"],"fileTypesAndContributionMap":{"gradle":{"insertions":1,"deletions":1}}},{"hash":"5e45030a6ac9b06428216521865372efb05dc35e","messageTitle":"Fix coding style violations","messageBody":"","fileTypesAndContributionMap":{"java":{"insertions":143,"deletions":141}}},{"hash":"d8e176a26d932374d44f2e4474b4c38d0b94f862","messageTitle":"Fix coding standard violations for tests","messageBody":"","tags":["A-CheckStyle"],"fileTypesAndContributionMap":{"java":{"insertions":17,"deletions":19}}},{"hash":"d19c7178b1e9c0dc00d2a35934e9c76a59474f65","messageTitle":"Include JavaFX dependencies","messageBody":"","fileTypesAndContributionMap":{"gradle":{"insertions":15,"deletions":0}}}]},{"date":"2021-09-01","commitResults":[{"hash":"39d4aee5bbf4ede7d933e587776690a77f200982","messageTitle":"Add classes to represent different commands","messageBody":"","fileTypesAndContributionMap":{"java":{"insertions":330,"deletions":0}}},{"hash":"3b8b96d8a6c140a74fc1f4fa50782926ab7750c4","messageTitle":"Refactor code into new command classes","messageBody":"","fileTypesAndContributionMap":{"java":{"insertions":51,"deletions":132}}},{"hash":"897444da74f9aca7d11f49085b01042230b284b8","messageTitle":"Modify main class specified in build file","messageBody":"","fileTypesAndContributionMap":{"gradle":{"insertions":1,"deletions":1}}},{"hash":"2a8f1aecf6586e6a34936445dcb019b61e2e5c8e","messageTitle":"Add GUI elements to Duke","messageBody":"","fileTypesAndContributionMap":{"fxml":{"insertions":35,"deletions":0},"java":{"insertions":151,"deletions":0}}}]},{"date":"2021-09-04","commitResults":[{"hash":"d8a8d10575551a9debf9ec21da03ad0570eecbb7","messageTitle":"Delete Ui class","messageBody":"","fileTypesAndContributionMap":{"java":{"insertions":0,"deletions":77}}},{"hash":"ce4a07a8bcba4a59a0f7eea1f89e1edf31cab1ba","messageTitle":"Modify gradle build file to enable assertions","messageBody":"","fileTypesAndContributionMap":{"gradle":{"insertions":1,"deletions":0}}},{"hash":"0a44f3204264f498ab2e3553d9ce16f71bfdc198","messageTitle":"Add assertions to relevant points in code","messageBody":"","fileTypesAndContributionMap":{"java":{"insertions":20,"deletions":4}}},{"hash":"9178e71fee0a4ccd8be79a9662f854d285793ba5","messageTitle":"Fix mistake in assertion statement","messageBody":"","fileTypesAndContributionMap":{"java":{"insertions":1,"deletions":1}}},{"hash":"72a33e501fd118c5511ba486cd9a0e64df412804","messageTitle":"Fix missing and incorrect Javadocs","messageBody":"","fileTypesAndContributionMap":{"java":{"insertions":60,"deletions":7}}}]},{"date":"2021-09-05","commitResults":[{"hash":"0ee6e1c36f1cd5518e46c7a070d3fbcc6c1a0e11","messageTitle":"getListFromFile method: extract a method getTask","messageBody":"getListFromFile method is too long (\u003e30 LOC).\n\nLong methods impact code quality.\n\nLet\u0027s extract statements which work to instantiate a new Task and put them into\na new method named getTask.\n","tags":["A-FullCommitMessage"],"fileTypesAndContributionMap":{"java":{"insertions":31,"deletions":19}}},{"hash":"93bd4a094f24d550fe94b3d79f8c01ed6c320a0b","messageTitle":"Remove and replace redundant print statements","messageBody":"","fileTypesAndContributionMap":{"java":{"insertions":2,"deletions":11}}},{"hash":"b59f72d278f868eec5afe25b5b576eaaea5a7ed7","messageTitle":"Remove text-based tests","messageBody":"","fileTypesAndContributionMap":{"txt":{"insertions":0,"deletions":14},"bat":{"insertions":0,"deletions":21},"sh":{"insertions":0,"deletions":38}}},{"hash":"d7ff5a758aa960fa2f89abb3f1cef13f18511f63","messageTitle":"Fix checkstyle violations","messageBody":"","fileTypesAndContributionMap":{"java":{"insertions":9,"deletions":11}}},{"hash":"272ac5b46de2f3b0609ee4a477eef565f61ea411","messageTitle":"Implement sort command that sorts the list by task.","messageBody":"Tasks in the task list are displayed in the order they are added.\n\nThis may make it difficult for users to distinguish different task types.\n\nImplementing a sort function allows the user to easily distinguish between tasks\nof different types, making the application more user-friendly.\n\nLet\u0027s\n* Add a method in each task class to get their respective task icon.\n* Add a method in TaskList class to sort the task list according to task\n  character values.\n* Create a new SortCommand class to represent the user command to sort the list.\n* Edit parse method in Parser class to recognise the new sort command.\n","tags":["BCD-Extension"],"fileTypesAndContributionMap":{"java":{"insertions":55,"deletions":6}}}]}]},"authorFileTypeContributionMap":{"jodichoo":{"java":1240,"md":0,"fxml":35,"sh":0,"bat":0,"gradle":17,"txt":0}},"authorContributionVariance":{"jodichoo":40023.633},"authorDisplayNameMap":{"jodichoo":"CS2103T-W17-2 JODI..CHOO"}}
