{"authorDailyContributionsMap":{"kheekheekhee":[{"date":"2021-08-15","commitResults":[{"hash":"af58146c1d14e4209b79dc19d05da2282ecdca74","messageTitle":"Finish level-1 with only basic functionalities like Greet, Echo and Exit","messageBody":"","tags":["Level-1"],"fileTypesAndContributionMap":{"java":{"insertions":27,"deletions":6}}}]},{"date":"2021-08-16","commitResults":[{"hash":"582f0d977e80712e687d735a54bf29495f5fb6e1","messageTitle":"Add ability to store user inputs and display them back to user and isolate greeting and exiting to their own functions","messageBody":"","tags":["Level-2"],"fileTypesAndContributionMap":{"java":{"insertions":41,"deletions":13}}},{"hash":"2d3e4d4751813ddea5d705d9e71e765326f65d90","messageTitle":"Add the ability to mark tasks as done and create a Task class","messageBody":"","tags":["Level-3"],"fileTypesAndContributionMap":{"java":{"insertions":47,"deletions":5}}},{"hash":"d1026e3844670d73795a4634e6af80f4a733d1cd","messageTitle":"Add support for the tasks ToDos, Events and Deadlines","messageBody":"","tags":["Level-4"],"fileTypesAndContributionMap":{"java":{"insertions":74,"deletions":10}}},{"hash":"5c0511099a4d911c1eebb0c42ae96646e3f7d1d3","messageTitle":"Add text UI tests for functionality of greet, different tasks and exit","messageBody":"","fileTypesAndContributionMap":{"txt":{"insertions":13,"deletions":0}}},{"hash":"7f056ce9822fbb0bae06b94857c8750c0f81d633","messageTitle":"Change the events test and actual outputs of events to \"at\" instead of \"by\"","messageBody":"","tags":["A-TextUiTesting"],"fileTypesAndContributionMap":{"java":{"insertions":2,"deletions":2}}},{"hash":"435bfa5f40edf54e014c982df9222eeef39dfe56","messageTitle":"Deal with errors such as incorrect inputs by user and add JavaDocs","messageBody":"","tags":["Level-5"],"fileTypesAndContributionMap":{"java":{"insertions":216,"deletions":34}}},{"hash":"f94df7412e7783f39eb165151d27388e8a29705c","messageTitle":"Change typo in EmptyListException, add delete function and more tests to test exceptions and delete function","messageBody":"","tags":["Level-6"],"fileTypesAndContributionMap":{"txt":{"insertions":12,"deletions":1},"java":{"insertions":32,"deletions":3}}}]},{"date":"2021-08-19","commitResults":[{"hash":"be10448345b3557cdfb2b19daa99580799a842fa","messageTitle":"Change access levels of attributes in Deadline, Event and Task to private","messageBody":"","fileTypesAndContributionMap":{"java":{"insertions":4,"deletions":4}}},{"hash":"b9909b481aa13938f322e0b16b4d72858ba9e292","messageTitle":"Change access level of run method in Duke to private","messageBody":"","fileTypesAndContributionMap":{"java":{"insertions":1,"deletions":1}}}]},{"date":"2021-08-24","commitResults":[{"hash":"cc05b11365e74e848a0a79c440c960dd6835a902","messageTitle":"Fix some styling issues","messageBody":"","fileTypesAndContributionMap":{"java":{"insertions":61,"deletions":54}}},{"hash":"d371510d45bdea906554c01612c169d18cfad5f6","messageTitle":"Add ability to save and load tasks to hard disk","messageBody":"","fileTypesAndContributionMap":{"java":{"insertions":97,"deletions":6}}},{"hash":"626a4855235018008c2cec12cd0f96f37f783c1e","messageTitle":"Change event and deadline to work with actual dates rather than strings","messageBody":"","fileTypesAndContributionMap":{"txt":{"insertions":15,"deletions":6},"java":{"insertions":120,"deletions":24}}}]},{"date":"2021-08-25","commitResults":[{"hash":"38aff9ab9f37356eae0a6c48cf37021e630559e7","messageTitle":"Refactor the code to extract out closely related code as classes","messageBody":"","tags":["A-MoreOOP"],"fileTypesAndContributionMap":{"java":{"insertions":478,"deletions":410}}},{"hash":"d8b81510f8c30234bfe0088196f13cd1c48462c7","messageTitle":"Organize the classes into suitable java packages","messageBody":"","tags":["A-Packages"],"fileTypesAndContributionMap":{"java":{"insertions":74,"deletions":45},"md":{"insertions":2,"deletions":2}}},{"hash":"5015ac2bd6dc459d64b147337157b25c2f81bb90","messageTitle":"Add JUnit tests to test the behavior of the code","messageBody":"","tags":["A-JUnit"],"fileTypesAndContributionMap":{"java":{"insertions":410,"deletions":1}}}]},{"date":"2021-08-26","commitResults":[{"hash":"0198b49c6ae6962c18e4d766a4c72492ac12cae7","messageTitle":"Add JavaDoc comments to the code","messageBody":"","fileTypesAndContributionMap":{"java":{"insertions":254,"deletions":46}}},{"hash":"4443377bebe9f9e9623fefbb2c0930040a1d6da8","messageTitle":"Update JavaDocs","messageBody":"","fileTypesAndContributionMap":{"java":{"insertions":13,"deletions":37}}},{"hash":"8187f7c23d32c41c36c613a8121bb2070216bb8a","messageTitle":"Fix and add comments","messageBody":"","tags":["A-JavaDoc"],"fileTypesAndContributionMap":{"java":{"insertions":21,"deletions":8}}},{"hash":"83a45290e35d9313d26ac4927a9d2cd64f2d1079","messageTitle":"Tweak the code the comply with coding standards","messageBody":"","tags":["A-CodingStandard"],"fileTypesAndContributionMap":{"java":{"insertions":2,"deletions":2}}},{"hash":"3f4f2a6d658eef2d2819af500b51ae9cb412c5dc","messageTitle":"Implement find feature","messageBody":"","tags":["Level-9"],"fileTypesAndContributionMap":{"java":{"insertions":63,"deletions":1}}},{"hash":"3aff3d9e7e56867c85e5ecd247b443cf1caeb648","messageTitle":"Add ability to print task lists in ui","messageBody":"","fileTypesAndContributionMap":{"java":{"insertions":21,"deletions":16}}},{"hash":"881b2b0d0c100bc1f2006c26135f3a311a345e07","messageTitle":"Update javadocs","messageBody":"","fileTypesAndContributionMap":{"java":{"insertions":9,"deletions":4}}}]},{"date":"2021-08-27","commitResults":[{"hash":"3700eb0a3017267e0532c4c46902330c1995604a","messageTitle":"Update JavaDocs","messageBody":"","fileTypesAndContributionMap":{"java":{"insertions":1,"deletions":7}}},{"hash":"97a96dcad05d43d588dda955529331eb305f4fec","messageTitle":"Update JavaDocs","messageBody":"","fileTypesAndContributionMap":{"java":{"insertions":1,"deletions":11}}},{"hash":"dac49ba3975cb0206e94f453daafdabb2a2df431","messageTitle":"Update JavaDocs","messageBody":"","fileTypesAndContributionMap":{"java":{"insertions":21,"deletions":0}}}]},{"date":"2021-08-30","commitResults":[{"hash":"fca0221773bbf6040362c74ff07ff30ce9cae184","messageTitle":"Add checkstyle and update code with checkstyle suggestions","messageBody":"","tags":["A-CheckStyle"],"fileTypesAndContributionMap":{"java":{"insertions":136,"deletions":106},"sh":{"insertions":74,"deletions":0}}}]},{"date":"2021-08-31","commitResults":[{"hash":"9c4e46ada6c0944663a04e1326c1ee11823364fc","messageTitle":"Add a GUI for Duke","messageBody":"","tags":["Level-10"],"fileTypesAndContributionMap":{"gradle":{"insertions":15,"deletions":0},"fxml":{"insertions":41,"deletions":0},"java":{"insertions":302,"deletions":94}}}]},{"date":"2021-09-03","commitResults":[{"hash":"99a58a3ec14ed7e42b97d15f3c2d6da70aecfa65","messageTitle":"Change code according to pull request comments","messageBody":"","fileTypesAndContributionMap":{"java":{"insertions":69,"deletions":63}}},{"hash":"d726e3ca693567cfcad3d3ad16548a87722e0e45","messageTitle":"Change code to follow suggestions from pull request comments","messageBody":"","fileTypesAndContributionMap":{"java":{"insertions":47,"deletions":30}}},{"hash":"1e056876cd9ec44cf5fdba811c3c95221deaebcb","messageTitle":"Change code according to suggestions from pull request comments","messageBody":"","fileTypesAndContributionMap":{"java":{"insertions":28,"deletions":27}}},{"hash":"96e8b65305e4a82490343c340716d42fd8b01b0a","messageTitle":"Change code to fit reommendations in pull request comments","messageBody":"","fileTypesAndContributionMap":{"java":{"insertions":85,"deletions":58}}},{"hash":"7596a7fe1a969fc8969cb7e8a0cac7659171dd99","messageTitle":"Change code to fit recommendations in pull request comments","messageBody":"","fileTypesAndContributionMap":{"java":{"insertions":9,"deletions":1}}},{"hash":"700a20d8696d2d96faf2fdc13b6c8c04428ee414","messageTitle":"Change code to fit abstraction recommendations in pull request comments","messageBody":"","fileTypesAndContributionMap":{"java":{"insertions":434,"deletions":104}}},{"hash":"d2136ca2ee0741dde04bf8262a733fe3d0d549ff","messageTitle":"Change code to save to file after commands that change the list of tasks","messageBody":"","fileTypesAndContributionMap":{"java":{"insertions":49,"deletions":29}}}]},{"date":"2021-09-04","commitResults":[{"hash":"e59266a88ba4927999f76796c333be3868e60180","messageTitle":"Add code for JavaFX window to close when bye command is called","messageBody":"","fileTypesAndContributionMap":{"java":{"insertions":7,"deletions":1}}}]},{"date":"2021-09-07","commitResults":[{"hash":"d87f31f75cb015ec613ba7ea0241bf151d840699","messageTitle":"Add assertions to code","messageBody":"","tags":["A-Assertions"],"fileTypesAndContributionMap":{"gradle":{"insertions":1,"deletions":1},"java":{"insertions":31,"deletions":25}}},{"hash":"d4829098e08f766e5fc28a8f9e2df9aeb3f5ec0f","messageTitle":"Improve code quality","messageBody":"","tags":["A-CodeQuality"],"fileTypesAndContributionMap":{"java":{"insertions":128,"deletions":82}}},{"hash":"abf8fa408ae6ad1f1f7d3c904efd2e57697cd172","messageTitle":"Add data outputs to gitignore","messageBody":"","fileTypesAndContributionMap":{"java":{"insertions":0,"deletions":3}}},{"hash":"32f698da6778be7fd4fdf2471fb3774aa18e46b6","messageTitle":"Add ability to track expenses within tasks","messageBody":"","tags":["BCD-Extension"],"fileTypesAndContributionMap":{"java":{"insertions":367,"deletions":48}}},{"hash":"47ff4f1e1df23d9457fec3f1d37da6c7e54b838d","messageTitle":"Fix some bugs","messageBody":"","fileTypesAndContributionMap":{"java":{"insertions":45,"deletions":10}}}]},{"date":"2021-09-09","commitResults":[{"hash":"aed1484d87fa9c7130283d0611e668dc12426dba","messageTitle":"Add ability to delete expenses and improve code for expense command","messageBody":"","fileTypesAndContributionMap":{"java":{"insertions":209,"deletions":76}}},{"hash":"e8191a0b37ae35bdc53382b08fe42cfb4908fb45","messageTitle":"Improve expense command code","messageBody":"","fileTypesAndContributionMap":{"java":{"insertions":1,"deletions":1}}},{"hash":"f4af73c9774b01ef494f0e04ee1b655938ac7ae8","messageTitle":"Add ability to sum expenses within a Task","messageBody":"Expenses within a Task cannot be summed up.\n\nCalculating expenses without a summing function is very troublesome.\n\nLet\u0027s implement the ability to detect and execute a /sum function.\nIt will find the chosen task, sum all expenses involved with that\nTask and return the sum to the user.\n\nImproves user experience as they do not need to sum up expenses\nindividually.\n","tags":["A-FullCommitMessage"],"fileTypesAndContributionMap":{"java":{"insertions":43,"deletions":4}}},{"hash":"7648403e51bf6569df035269a158587af6f97cbb","messageTitle":"Add ability to sum all expenses from all Tasks","messageBody":"There is no function to calculate the total expenses in the\nTaskList and the user has to personally do it.\n\nSumming all adds convenience to the user and is a typically\nsought after function when expenses are involved.\n\nLet\u0027s implement a function that makes use of the pre-existing\nsumExpense function in each Task to sum total expenses in the\nwhole TaskList.\n\nNo Task and expense will be missed by looping through the whole\nlist and it adds a layer of convenience to the user.\n","fileTypesAndContributionMap":{"java":{"insertions":50,"deletions":2}}},{"hash":"069b1333bbe7792ac9bfbb7c62bffd281211eab6","messageTitle":"Fix bugs regarding ExpenseCommand","messageBody":"/sum, /sumall, /delete and /listall commands are case sensitive.\nError occurs when adding random messages before and after most\nexpense-related commands.\n\n/sum, /sumall, /delete and /listall being case insensitive is more\nuser-friendly beacuse users cannot be expected to remember the\nexact keywords. Better error checking for related commands are set\nto prevent errors from incorrect inputs.\n\nLet\u0027s,\n* update the keyword-matching algorithm to use case-insensitive\nmatching\n* add more error handling and stricter conditions for keyword to be\ndetected\n\nImproves user experience greatly and expense-related commands\ncan function normally.\n","fileTypesAndContributionMap":{"java":{"insertions":57,"deletions":10}}}]},{"date":"2021-09-16","commitResults":[{"hash":"c0188f1ba4a0c74b0b31aaea00d36a77a0c858f5","messageTitle":"Add app icon and name to UI window","messageBody":"","fileTypesAndContributionMap":{"java":{"insertions":9,"deletions":6}}},{"hash":"2f75f27b899d9d140ac14d22c12e2258f21a0583","messageTitle":"Add user guide","messageBody":"","tags":["A-UserGuide"],"fileTypesAndContributionMap":{"java":{"insertions":15,"deletions":11},"md":{"insertions":180,"deletions":11}}},{"hash":"4e08356c58a6290635c20cca937ebb952172b3ea","messageTitle":"Update user guide","messageBody":"","fileTypesAndContributionMap":{"md":{"insertions":1,"deletions":0}}},{"hash":"0c4d4566c6556ff749744699db996b6aceea1322","messageTitle":"Add ability for expense to properly detect decimal points","messageBody":"","fileTypesAndContributionMap":{"java":{"insertions":1,"deletions":1}}}]},{"date":"2021-09-17","commitResults":[{"hash":"ff836198034127b1dc6a196afd85eaf049e3b8a2","messageTitle":"Improve JavaDocs","messageBody":"","fileTypesAndContributionMap":{"java":{"insertions":34,"deletions":8}}}]}]},"authorFileTypeContributionMap":{"kheekheekhee":{"java":2760,"md":178,"fxml":41,"sh":74,"bat":0,"gradle":16,"txt":33}},"authorContributionVariance":{"kheekheekhee":97605.945},"authorDisplayNameMap":{"kheekheekhee":"CS2103T-F13-1 EE K..OLAS"}}
