{"authorDailyContributionsMap":{"atyhamos":[{"date":"2021-08-18","commitResults":[{"hash":"1228767f2e31a2fe1851b9aaca38b2380e56628d","messageTitle":"Add Level 1. Greet, Echo, Exit","messageBody":"","tags":["Level-1"],"fileTypesAndContributionMap":{"java":{"insertions":19,"deletions":6}}},{"hash":"5d9afc387f0b41c60e994608d5a56e03e23bf27f","messageTitle":" Add Level 2. Add, List","messageBody":"Add documentation\nAdd DukeList class to store user texts\nChange Duke implementation by implementing more methods\n","tags":["Level-2"],"fileTypesAndContributionMap":{"java":{"insertions":92,"deletions":8}}},{"hash":"ae969233652f0b84bc72f86dcf972d0248fe869c","messageTitle":"Add Level 3. Mark as Done","messageBody":"Add new class, Task, to represent tasks\nAdd documentation for Task class\nExpand DukeList methods implementation\n","tags":["Level-3"],"fileTypesAndContributionMap":{"java":{"insertions":118,"deletions":19}}},{"hash":"f7fb73ced542152d2376bb92ab91cbb764d00170","messageTitle":"Add Level-4. ToDos, Events, Deadlines","messageBody":"Add new class, ToDo, to specify a task with no date and time\nAdd new class, Deadline, to specify a task to be done before a specific time\nAdd new class, Event, to specify a task with a specific start and end time\nModified DukeList, Duke, Task, classes to integrate inheritance of 3 new classes from the Task class\n","tags":["Level-4"],"fileTypesAndContributionMap":{"java":{"insertions":188,"deletions":49}}},{"hash":"60aecefaa94348c30bc0420cc3ad030de2a1d62e","messageTitle":"Add A-TextUiTesting","messageBody":"Edit text-ui-test scripts to automate testing of Duke\n","tags":["A-TextUiTesting"],"fileTypesAndContributionMap":{"txt":{"insertions":20,"deletions":0},"java":{"insertions":1,"deletions":1},"bat":{"insertions":1,"deletions":0}}},{"hash":"3da32a19e024c50a5dd608e39bd334f2d1966b19","messageTitle":"Add Level-5. Handle Errors","messageBody":"Change Duke to Duchess in file names for more accurate naming\nAdd new class, DuchessException, to handle exceptions related to Duchess\nUpdate test scripts to handle more specific error checking\n","tags":["Level-5"],"fileTypesAndContributionMap":{"java":{"insertions":331,"deletions":2},"bat":{"insertions":1,"deletions":1}}}]},{"date":"2021-08-19","commitResults":[{"hash":"3d10732ce498783aef78a50aed2a69c31f348f9e","messageTitle":"Add Level 6. Delete","messageBody":"Add deletion of tasks to Duchess\nChange array implementation in DuchessList to ArrayList\u003cTask\u003e\nUpdate test scripts to test for deletion\n","tags":["Level-6"],"fileTypesAndContributionMap":{"txt":{"insertions":4,"deletions":0},"java":{"insertions":51,"deletions":13}}},{"hash":"60cf1606e527c38fab56d529290402680a917101","messageTitle":"Add Enums","messageBody":"Use enumerations in Duchess to encapsulate the commands used by Duchess\n","tags":["A-Enums"],"fileTypesAndContributionMap":{"java":{"insertions":63,"deletions":33}}}]},{"date":"2021-08-23","commitResults":[{"hash":"b6206d96feeaaa45762e4aa7ac7da46b58661789","messageTitle":"Add Level-7. Save","messageBody":"Duchess does not store a user\u0027s tasks after execution.\n\nThis behaviour is unideal as it limits Duchess\u0027 functionality.\n\nLet\u0027s add Save and Load functionality to Duchess to allow her to\nremember user\u0027s tasks after exiting from the interface. Make use\nof existing Java libraries (File, FileWriter) to implement this.\n","tags":["Level-7"],"fileTypesAndContributionMap":{"java":{"insertions":256,"deletions":89}}},{"hash":"33962881279fdb7cead920974a79a7e93dabd15f","messageTitle":"Add Level 8. Dates and Times.","messageBody":"Duchess stores dates as string.\n\nThis behaviour is unideal as it limits Duchess\u0027 functionality.\n\nLet\u0027s change the string implementation to a LocalDateTime one so\nDuchess can become more useful, providing more specific date formats\nand performing more calendar type operations.\n","fileTypesAndContributionMap":{"java":{"insertions":181,"deletions":41}}}]},{"date":"2021-08-24","commitResults":[{"hash":"51139df548711267899ffb69ac055091c094e870","messageTitle":"Add A-MoreOOP: Use More OOP.","messageBody":"Logic for numerous different classes are handled by Duchess.\n\nThis is unfavourable as it does not follow the OOP paradigm.\n\nLet\u0027s create separate classes Command, Ui, and Parser to handle\ntheir own separate logic apart from Duchess, so Duchess can have\nmore succinct and readable code.\n","tags":["A-MoreOOP"],"fileTypesAndContributionMap":{"java":{"insertions":603,"deletions":361}}},{"hash":"00d7bb159a588cada24c66a4d17a0badea063f9f","messageTitle":"Add A-Packges. Organize into Packages.","messageBody":"Duchess\u0027s classes are not in any package.\n\nThis is undesirable as the project grows as the number of classes\nwould make it messy and disorganized.\n\nLet\u0027s organize the classes into packages meaningfully labelled with\ntheir own purposes.\n","tags":["A-Packages"],"fileTypesAndContributionMap":{"java":{"insertions":96,"deletions":267},"bat":{"insertions":2,"deletions":1}}}]},{"date":"2021-08-25","commitResults":[{"hash":"bbc493a30ab8a22a26b060d80d21a8b2a3bc9fdb","messageTitle":"Add A-JUnit: Add JUnit Tests.","messageBody":"Duchess uses I/O redirection to test.\n\nThis is undesirable as the project grows and the texts become\nmore complex and difficult to compare with the expected output.\n\nLet\u0027s implement JUnit Tests to test the behaviour of the code.\nLet\u0027s add Test classes for the different classes within Duchess and\npackage them into respective packages.\n","tags":["v0.1","A-JUnit"],"fileTypesAndContributionMap":{"java":{"insertions":380,"deletions":34}}},{"hash":"00b094c499ceec0983cd12809e60856d9fa957dd","messageTitle":"Add A-Jar. Create a JAR File","messageBody":"Duchess does not have an executable JAR file to be distributed\neasily.\n\nThis is undesirable as it limits the functionality and portability\nof Duchess.\n\nLet\u0027s package the app as an executable JAR file and release it to\nGitHub for others to use.\n","tags":["A-Jar"],"fileTypesAndContributionMap":{"java":{"insertions":10,"deletions":12}}},{"hash":"1dc0b0ea402d73e0ec36d1e66436ce1b97e907ef","messageTitle":"Add A-JavaDoc.","messageBody":"Duchess\u0027 codebase is extensive and will continue to grow as\nfunctionality grows.\n\nLet\u0027s add JavaDoc comments to improve readability of code.\n","tags":["A-JavaDoc"],"fileTypesAndContributionMap":{"java":{"insertions":27,"deletions":22}}},{"hash":"697151b143bb938a5c36d5cf8f7709a16ea6a514","messageTitle":"Add A-CodingStandard: Follow the Coding Standard","messageBody":"","fileTypesAndContributionMap":{"java":{"insertions":3,"deletions":17}}},{"hash":"d43d595e3adf681b7131f808427f09e21d9136a4","messageTitle":"Add Level-9. Find","messageBody":"Duchess stores a list of tasks from the user to display using list.\n\nThis can be further improved by limiting the tasks shown using a\nsearch filter.\n\nLet\u0027s implement a Find feature to only list out tasks which have\na certain keyword.\n","fileTypesAndContributionMap":{"java":{"insertions":72,"deletions":8}}}]},{"date":"2021-08-29","commitResults":[{"hash":"d0ef3ebfda4353f6c7b70b32528afe89fe81fdcb","messageTitle":"Update README.md","messageBody":"","fileTypesAndContributionMap":{"md":{"insertions":33,"deletions":20}}},{"hash":"08c45f529c295e0073240e376f6d8f504d609a57","messageTitle":"Update README.md","messageBody":"","fileTypesAndContributionMap":{"md":{"insertions":1,"deletions":1}}},{"hash":"4ef6f57410890dcf48c86ae460f273354f5c6b98","messageTitle":"Merge branch \u0027add-gradle-support\u0027 of https://github.com/atyhamos/ip into branch-A-Gradle","messageBody":"","tags":["A-Gradle"],"fileTypesAndContributionMap":{"gradle":{"insertions":50,"deletions":0},"java":{"insertions":0,"deletions":10},"bat":{"insertions":103,"deletions":0},"sh":{"insertions":0,"deletions":0}}}]},{"date":"2021-08-30","commitResults":[{"hash":"d744b56326014616f05dae343a896acb1feace88","messageTitle":"Update README.md","messageBody":"","fileTypesAndContributionMap":{"md":{"insertions":1,"deletions":7}}}]},{"date":"2021-08-31","commitResults":[{"hash":"3a26cd099360144ebe549cad6687dea5dbc5100d","messageTitle":"Add Level-10. GUI","messageBody":"Duchess uses command line interface to display text feedback to the\nuser.\n\nThis can be further improved by adding a graphical user interface\n(GUI) to make it more customisable.\n\nLet\u0027s implement a GUI for Duchess to make it look and feel more\nmodern.\n","fileTypesAndContributionMap":{"gradle":{"insertions":14,"deletions":0},"fxml":{"insertions":36,"deletions":0},"java":{"insertions":321,"deletions":82}}}]}]},"authorFileTypeContributionMap":{"atyhamos":{"java":1802,"md":26,"fxml":36,"sh":0,"bat":107,"gradle":64,"txt":24}},"authorContributionVariance":{"atyhamos":116798.24},"authorDisplayNameMap":{"atyhamos":"CS2103T-F12-3 AMOS..HENG"}}
