{"authorDailyContributionsMap":{"atyhamos":[{"date":"2021-08-18","commitResults":[{"hash":"1228767f2e31a2fe1851b9aaca38b2380e56628d","messageTitle":"Add Level 1. Greet, Echo, Exit","messageBody":"","tags":["Level-1"],"fileTypesAndContributionMap":{"java":{"insertions":19,"deletions":6}}},{"hash":"5d9afc387f0b41c60e994608d5a56e03e23bf27f","messageTitle":" Add Level 2. Add, List","messageBody":"Add documentation\nAdd DukeList class to store user texts\nChange Duke implementation by implementing more methods\n","tags":["Level-2"],"fileTypesAndContributionMap":{"java":{"insertions":92,"deletions":8}}},{"hash":"ae969233652f0b84bc72f86dcf972d0248fe869c","messageTitle":"Add Level 3. Mark as Done","messageBody":"Add new class, Task, to represent tasks\nAdd documentation for Task class\nExpand DukeList methods implementation\n","tags":["Level-3"],"fileTypesAndContributionMap":{"java":{"insertions":118,"deletions":19}}},{"hash":"f7fb73ced542152d2376bb92ab91cbb764d00170","messageTitle":"Add Level-4. ToDos, Events, Deadlines","messageBody":"Add new class, ToDo, to specify a task with no date and time\nAdd new class, Deadline, to specify a task to be done before a specific time\nAdd new class, Event, to specify a task with a specific start and end time\nModified DukeList, Duke, Task, classes to integrate inheritance of 3 new classes from the Task class\n","tags":["Level-4"],"fileTypesAndContributionMap":{"java":{"insertions":188,"deletions":49}}},{"hash":"60aecefaa94348c30bc0420cc3ad030de2a1d62e","messageTitle":"Add A-TextUiTesting","messageBody":"Edit text-ui-test scripts to automate testing of Duke\n","tags":["A-TextUiTesting"],"fileTypesAndContributionMap":{"txt":{"insertions":20,"deletions":0},"java":{"insertions":1,"deletions":1},"bat":{"insertions":1,"deletions":0}}},{"hash":"3da32a19e024c50a5dd608e39bd334f2d1966b19","messageTitle":"Add Level-5. Handle Errors","messageBody":"Change Duke to Duchess in file names for more accurate naming\nAdd new class, DuchessException, to handle exceptions related to Duchess\nUpdate test scripts to handle more specific error checking\n","tags":["Level-5"],"fileTypesAndContributionMap":{"java":{"insertions":331,"deletions":2},"bat":{"insertions":1,"deletions":1}}}]},{"date":"2021-08-19","commitResults":[{"hash":"3d10732ce498783aef78a50aed2a69c31f348f9e","messageTitle":"Add Level 6. Delete","messageBody":"Add deletion of tasks to Duchess\nChange array implementation in DuchessList to ArrayList\u003cTask\u003e\nUpdate test scripts to test for deletion\n","tags":["Level-6"],"fileTypesAndContributionMap":{"txt":{"insertions":4,"deletions":0},"java":{"insertions":51,"deletions":13}}},{"hash":"60cf1606e527c38fab56d529290402680a917101","messageTitle":"Add Enums","messageBody":"Use enumerations in Duchess to encapsulate the commands used by Duchess\n","tags":["A-Enums"],"fileTypesAndContributionMap":{"java":{"insertions":63,"deletions":33}}}]},{"date":"2021-08-23","commitResults":[{"hash":"b6206d96feeaaa45762e4aa7ac7da46b58661789","messageTitle":"Add Level-7. Save","messageBody":"Duchess does not store a user\u0027s tasks after execution.\n\nThis behaviour is unideal as it limits Duchess\u0027 functionality.\n\nLet\u0027s add Save and Load functionality to Duchess to allow her to\nremember user\u0027s tasks after exiting from the interface. Make use\nof existing Java libraries (File, FileWriter) to implement this.\n","tags":["Level-7"],"fileTypesAndContributionMap":{"java":{"insertions":256,"deletions":89}}},{"hash":"33962881279fdb7cead920974a79a7e93dabd15f","messageTitle":"Add Level 8. Dates and Times.","messageBody":"Duchess stores dates as string.\n\nThis behaviour is unideal as it limits Duchess\u0027 functionality.\n\nLet\u0027s change the string implementation to a LocalDateTime one so\nDuchess can become more useful, providing more specific date formats\nand performing more calendar type operations.\n","fileTypesAndContributionMap":{"java":{"insertions":181,"deletions":41}}}]}]},"authorFileTypeContributionMap":{"atyhamos":{"java":1094,"md":0,"fxml":0,"sh":0,"bat":2,"gradle":0,"txt":24}},"authorContributionVariance":{"atyhamos":60981.18},"authorDisplayNameMap":{"atyhamos":"CS2103T-F12-3 AMOS..HENG"}}
