{"authorDailyContributionsMap":{"atyhamos":[{"date":"2021-08-18","commitResults":[{"hash":"1228767f2e31a2fe1851b9aaca38b2380e56628d","messageTitle":"Add Level 1. Greet, Echo, Exit","messageBody":"","tags":["Level-1"],"fileTypesAndContributionMap":{"java":{"insertions":19,"deletions":6}}},{"hash":"5d9afc387f0b41c60e994608d5a56e03e23bf27f","messageTitle":" Add Level 2. Add, List","messageBody":"Add documentation\nAdd DukeList class to store user texts\nChange Duke implementation by implementing more methods\n","tags":["Level-2"],"fileTypesAndContributionMap":{"java":{"insertions":92,"deletions":8}}},{"hash":"ae969233652f0b84bc72f86dcf972d0248fe869c","messageTitle":"Add Level 3. Mark as Done","messageBody":"Add new class, Task, to represent tasks\nAdd documentation for Task class\nExpand DukeList methods implementation\n","tags":["Level-3"],"fileTypesAndContributionMap":{"java":{"insertions":118,"deletions":19}}},{"hash":"f7fb73ced542152d2376bb92ab91cbb764d00170","messageTitle":"Add Level-4. ToDos, Events, Deadlines","messageBody":"Add new class, ToDo, to specify a task with no date and time\nAdd new class, Deadline, to specify a task to be done before a specific time\nAdd new class, Event, to specify a task with a specific start and end time\nModified DukeList, Duke, Task, classes to integrate inheritance of 3 new classes from the Task class\n","tags":["Level-4"],"fileTypesAndContributionMap":{"java":{"insertions":188,"deletions":49}}},{"hash":"60aecefaa94348c30bc0420cc3ad030de2a1d62e","messageTitle":"Add A-TextUiTesting","messageBody":"Edit text-ui-test scripts to automate testing of Duke\n","tags":["A-TextUiTesting"],"fileTypesAndContributionMap":{"txt":{"insertions":20,"deletions":0},"java":{"insertions":1,"deletions":1},"bat":{"insertions":1,"deletions":0}}}]}]},"authorFileTypeContributionMap":{"atyhamos":{"java":341,"md":0,"fxml":0,"sh":0,"bat":1,"gradle":0,"txt":20}},"authorContributionVariance":{"atyhamos":24523.559},"authorDisplayNameMap":{"atyhamos":"AMOS..HENG"}}
