{"authorDailyContributionsMap":{"tsiyuk":[{"date":"2021-08-17","commitResults":[{"hash":"fa04f5a6d19588e86caedfb078eb6a1243c0013d","messageTitle":"Add greet, echo and exit","messageBody":"","tags":["Level-1"],"fileTypesAndContributionMap":{"java":{"insertions":40,"deletions":1}}},{"hash":"932425726285d99fd542b6df4bb912d0e1824de5","messageTitle":"Add task management for list and add functionality","messageBody":"","tags":["Level-2"],"fileTypesAndContributionMap":{"java":{"insertions":41,"deletions":5}}},{"hash":"af7570a07b12e170b130ec4e82eb8bad01b4a55b","messageTitle":"Add mark as done","messageBody":"","tags":["Level-3"],"fileTypesAndContributionMap":{"java":{"insertions":2,"deletions":0}}},{"hash":"381a1a9228f2856f76c0cc7ec29376038088c180","messageTitle":"Add deadline, todo and event","messageBody":"","tags":["Level-4"],"fileTypesAndContributionMap":{"java":{"insertions":129,"deletions":13}}}]},{"date":"2021-08-18","commitResults":[{"hash":"6d370fd1c726f9765ff3c499555b31326898ebc2","messageTitle":"Add automated text ui testcases","messageBody":"","fileTypesAndContributionMap":{"txt":{"insertions":12,"deletions":0}}},{"hash":"d83fdeb9e23aad748a0fc41e805c7c49cfd1a461","messageTitle":"fix text ui bugs: wrong space","messageBody":"","tags":["A-TextUiTesting"],"fileTypesAndContributionMap":{"java":{"insertions":3,"deletions":3}}},{"hash":"ccb6747ddf9824e25e2ed0e11b81fa812f94673f","messageTitle":"Add exception handling","messageBody":"","tags":["Level-5"],"fileTypesAndContributionMap":{"txt":{"insertions":5,"deletions":0},"java":{"insertions":79,"deletions":44}}},{"hash":"37cab81ad48ffaee43c7896f9fe8e4f14bce11a3","messageTitle":"Add delete","messageBody":"","tags":["Level-6"],"fileTypesAndContributionMap":{"txt":{"insertions":4,"deletions":0},"java":{"insertions":29,"deletions":0}}},{"hash":"0346bf56de95c8a634aa891bdcad68ca71a4dc54","messageTitle":"Add enum and refactor the code","messageBody":"","fileTypesAndContributionMap":{"java":{"insertions":169,"deletions":142}}}]},{"date":"2021-08-19","commitResults":[{"hash":"a4dacf21965008e48ba7cd7b3a3deb482d028dcd","messageTitle":"Add document","messageBody":"","tags":["A-Enums"],"fileTypesAndContributionMap":{"java":{"insertions":172,"deletions":3}}}]},{"date":"2021-08-23","commitResults":[{"hash":"e38748d5e9739b40766eb4bdfc79e92c90093dff","messageTitle":"Add save functionality","messageBody":"","tags":["Level-7"],"fileTypesAndContributionMap":{"txt":{"insertions":3,"deletions":0},"java":{"insertions":336,"deletions":129}}}]},{"date":"2021-08-24","commitResults":[{"hash":"eb9e7e110a91b40899afc38927545bdebb2e69f9","messageTitle":"Add date time for storage","messageBody":"","tags":["Level-8"],"fileTypesAndContributionMap":{"txt":{"insertions":4,"deletions":3},"java":{"insertions":74,"deletions":25}}},{"hash":"cbe771885191cb60a31eebb2053ae6d4a1b915dc","messageTitle":"Refactor the code","messageBody":"","tags":["A-MoreOOP"],"fileTypesAndContributionMap":{"java":{"insertions":36,"deletions":37}}},{"hash":"01da4958820de565a48d6c78072c695d11678d58","messageTitle":"Divide classes into packages","messageBody":"","tags":["A-Packages"],"fileTypesAndContributionMap":{"txt":{"insertions":0,"deletions":4},"java":{"insertions":50,"deletions":7}}}]},{"date":"2021-08-25","commitResults":[{"hash":"03c3f0211af07351bc4d8c5d79f2eaee5b77c684","messageTitle":"Add JUnit test for TaskList and Parser","messageBody":"","tags":["A-JUnit"],"fileTypesAndContributionMap":{"java":{"insertions":175,"deletions":1}}},{"hash":"53b483785f8f2798701f45b8ddf48633fc3f7709","messageTitle":"Add more java doc","messageBody":"","fileTypesAndContributionMap":{"java":{"insertions":78,"deletions":68}}},{"hash":"844aa574f5c55775c9b29408616bb7f9299b716a","messageTitle":"Modify some java doc","messageBody":"","fileTypesAndContributionMap":{"java":{"insertions":7,"deletions":7}}},{"hash":"947fc175ba85034681c4be31ee003abfc8dd37d5","messageTitle":"Tweak the code to comply with a coding standard","messageBody":"","fileTypesAndContributionMap":{"java":{"insertions":14,"deletions":27}}},{"hash":"583db66a13c0025af9e9f335609e66f99ac7c08d","messageTitle":"Add find action","messageBody":"","fileTypesAndContributionMap":{"java":{"insertions":50,"deletions":4}}},{"hash":"715ae5dd409483e3d9ba2e16cd9e2c7ad3dd9ae2","messageTitle":"Merge conflicts in javadoc","messageBody":"","tags":["A-JavaDoc","A-CodingStandard"],"fileTypesAndContributionMap":{"java":{"insertions":0,"deletions":33}}},{"hash":"dcef18d167d3af3b9809e955c86996dc8b929fb9","messageTitle":"Refactor Ui","messageBody":"","tags":["Level-9"],"fileTypesAndContributionMap":{"java":{"insertions":29,"deletions":26}}}]},{"date":"2021-08-27","commitResults":[{"hash":"b64ad53311a6e5b374b87b14702d59a69d7d4a57","messageTitle":"Add command package and refactor code","messageBody":"","fileTypesAndContributionMap":{"java":{"insertions":354,"deletions":91}}}]},{"date":"2021-08-28","commitResults":[{"hash":"f7146bc2188d4f7e2554a933d1d04f01b92e274f","messageTitle":"Merge conflicts","messageBody":"","fileTypesAndContributionMap":{"java":{"insertions":0,"deletions":2}}}]},{"date":"2021-09-01","commitResults":[{"hash":"9772677c198214b0262b649c36d8f86ad25082d1","messageTitle":"Add gradle support and checkstyle","messageBody":"","tags":["A-Gradle","A-CheckStyle"],"fileTypesAndContributionMap":{"java":{"insertions":118,"deletions":73}}},{"hash":"f1002aebe39b576aa4ee4d26181d4f08438caace","messageTitle":"Add naive GUI","messageBody":"","tags":["branch-Level-10"],"fileTypesAndContributionMap":{"gradle":{"insertions":14,"deletions":0},"fxml":{"insertions":35,"deletions":0},"java":{"insertions":441,"deletions":43}}}]},{"date":"2021-09-06","commitResults":[{"hash":"8291cc69c81a71f8469a7923d4e478870b046ac7","messageTitle":"Change duke\u0027s avatar","messageBody":"","fileTypesAndContributionMap":{"java":{"insertions":1,"deletions":1}}}]},{"date":"2021-09-07","commitResults":[{"hash":"193433d2318407cb7f9913e571d4034ed677a0aa","messageTitle":"Command subclasses: add assertions for execute method","messageBody":"Method execute() lacks an assert feature.\n\nThis method makes an assumption that every command has\ncorrect corresponding action type.\n\nEnsures that all commands has the correct corresponding\naction type.\n\nLet\u0027s add assertions to execute() method. Doing so will\nhelp us in the debug session.\n","fileTypesAndContributionMap":{"gradle":{"insertions":1,"deletions":0},"java":{"insertions":13,"deletions":2}}}]},{"date":"2021-09-08","commitResults":[{"hash":"c2333d224a3335693edbed1e562c9dace1c5265c","messageTitle":"Ui class: remove duplicate code","messageBody":"Ui has a lot of methods to print text Ui, which have many common\nbehaviors.\n\nThe common behaviors among these methods cause code duplication.\n\nExtracting common behaviors like show multilines message and\nshow single line message.\n\nLet\u0027s extract the common behaviors and write new method.\n\nUsing more common method can remove duplicate codes.\n","fileTypesAndContributionMap":{"java":{"insertions":5,"deletions":90}}},{"hash":"7bce27bbaff000dc6558f37d060b59e06ed19e99","messageTitle":"Add edit functionality","messageBody":"","fileTypesAndContributionMap":{"java":{"insertions":117,"deletions":5}}},{"hash":"5559dd18f6697f609155161aa4c19c89d49bf69a","messageTitle":"Add editing date time functionality and clone command","messageBody":"","fileTypesAndContributionMap":{"java":{"insertions":139,"deletions":6}}}]},{"date":"2021-09-14","commitResults":[{"hash":"c11eaee7c9c5d2a2c71e000d6190d0f010b9f43c","messageTitle":"Improve GUI","messageBody":"","fileTypesAndContributionMap":{"fxml":{"insertions":9,"deletions":5},"java":{"insertions":79,"deletions":43}}},{"hash":"1576724dc280b030e4e4ada385ccb4d75694f105","messageTitle":"Enable wrap text","messageBody":"","tags":["v0.2","A-BetterGui"],"fileTypesAndContributionMap":{"fxml":{"insertions":1,"deletions":1}}}]},{"date":"2021-09-16","commitResults":[{"hash":"0e484aaedfdb877e8e2a23807a6c19496affd7b8","messageTitle":"Change storage path and modify build.gradle","messageBody":"","fileTypesAndContributionMap":{"gradle":{"insertions":1,"deletions":1},"fxml":{"insertions":2,"deletions":6},"java":{"insertions":5,"deletions":4}}},{"hash":"0d5f3a22aa92b29ebc93c2626b3ebf95530c3046","messageTitle":"Add user guide","messageBody":"","tags":["A-UserGuide"],"fileTypesAndContributionMap":{"java":{"insertions":26,"deletions":21},"md":{"insertions":195,"deletions":13}}},{"hash":"e1d93b5fa0cbc3262605bfd2631aac19fdef2346","messageTitle":"Modify javadoc header comment","messageBody":"","fileTypesAndContributionMap":{"java":{"insertions":1,"deletions":1}}}]}]},"authorFileTypeContributionMap":{"tsiyuk":{"java":1892,"md":189,"fxml":35,"sh":0,"bat":0,"gradle":16,"txt":21}},"authorContributionVariance":{"tsiyuk":35648.562},"authorDisplayNameMap":{"tsiyuk":"CS2103T-T15-2 CHI ..I XU"}}
