{"authorDailyContributionsMap":{"stephanie-csy":[{"date":"2021-08-17","commitResults":[{"hash":"3df64d16a155288a5adaba4415d4d884e3f5a6e9","messageTitle":"level-1","messageBody":"","tags":["level-1"],"fileTypesAndContributionMap":{"java":{"insertions":24,"deletions":6}}},{"hash":"5ddbc51a70c5734bb1064b043367b5c5fd651c3a","messageTitle":"level-2","messageBody":"","tags":["level-2"],"fileTypesAndContributionMap":{"java":{"insertions":13,"deletions":2}}},{"hash":"784984fdb073bbc720c9a9fd447a3d1361bcd674","messageTitle":"level-3","messageBody":"","tags":["level-3"],"fileTypesAndContributionMap":{"java":{"insertions":74,"deletions":15}}}]},{"date":"2021-08-20","commitResults":[{"hash":"7ea5875c760e351facb8201f30485bf13c51c588","messageTitle":"level-4","messageBody":"","tags":["level-4"],"fileTypesAndContributionMap":{"java":{"insertions":93,"deletions":9}}},{"hash":"ffeecf95228caab0696ba7fcc2508e7031ba51ee","messageTitle":"A-TextUiTesting","messageBody":"","tags":["A-TextUiTesting"],"fileTypesAndContributionMap":{"txt":{"insertions":1,"deletions":0},"java":{"insertions":1,"deletions":1}}}]}]},"authorFileTypeContributionMap":{"stephanie-csy":{"java":178,"md":0,"fxml":0,"sh":0,"bat":0,"gradle":0,"txt":1}},"authorContributionVariance":{"stephanie-csy":2018.4098},"authorDisplayNameMap":{"stephanie-csy":"CHEN..ANIE"}}
