{"authorDailyContributionsMap":{"SpdPnd98":[{"date":"2021-08-19","commitResults":[{"hash":"f6aa222f57d97cab67672ddfaeb29805f2711263","messageTitle":"Adding basic skeleton for iP","messageBody":"","tags":["list","Level-1"],"fileTypesAndContributionMap":{"java":{"insertions":77,"deletions":6}}},{"hash":"5c7e1717bccb351d4649ae993217557e667612b7","messageTitle":"Added Add feature","messageBody":"","tags":["Level-2"],"fileTypesAndContributionMap":{"java":{"insertions":39,"deletions":8}}},{"hash":"605f026508e260240b537af01fe9d28e4429ada6","messageTitle":"Added Task abstraction","messageBody":"","fileTypesAndContributionMap":{"java":{"insertions":67,"deletions":19}}},{"hash":"6df6d87b624ab4e97fd5f90543830ef2ba6f334d","messageTitle":"Added Deadline, Event, and Todo","messageBody":"","fileTypesAndContributionMap":{"java":{"insertions":94,"deletions":5}}},{"hash":"c6ef9d1323f28d9c14502fb1c56ee2d7023e4a6b","messageTitle":"Added error handling","messageBody":"","fileTypesAndContributionMap":{"java":{"insertions":55,"deletions":23}}},{"hash":"7244394bb3d9430a2fbeb96884f9cec693ea2aaa","messageTitle":"Fixes to streamline error logic for level-4","messageBody":"","fileTypesAndContributionMap":{"java":{"insertions":8,"deletions":3}}},{"hash":"472b23bdcb6463d49b240f0adbbfb693ac4cbc13","messageTitle":"Removing stray comment","messageBody":"","fileTypesAndContributionMap":{"java":{"insertions":0,"deletions":14}}},{"hash":"6ba25362864789fbd83eade3c769fc0db554b3f6","messageTitle":"updated TextUiTesting","messageBody":"","fileTypesAndContributionMap":{"txt":{"insertions":22,"deletions":0}}},{"hash":"eb6f9d9f0379abd647824e383378a6c0dc9d54f7","messageTitle":"Adding exception handling for duke","messageBody":"","fileTypesAndContributionMap":{"java":{"insertions":6,"deletions":6}}},{"hash":"faf83d59fb888eaefde4bcffc904ed5907033855","messageTitle":"Rename to DukeArgumentException for clarity","messageBody":"","fileTypesAndContributionMap":{"java":{"insertions":11,"deletions":11}}}]},{"date":"2021-08-20","commitResults":[{"hash":"9f74baa3cb74952eabccc0392eb100b444e0b725","messageTitle":"Fix done","messageBody":"","tags":["Level-6"],"fileTypesAndContributionMap":{"java":{"insertions":11,"deletions":5}}}]},{"date":"2021-08-25","commitResults":[{"hash":"1e060ef77479063f6d2228cf12ef1c3cab3efad0","messageTitle":"Add save to file features","messageBody":"","tags":["b15e5ca","Level-7"],"fileTypesAndContributionMap":{"java":{"insertions":135,"deletions":10}}},{"hash":"b15e5caab641599c0fa001b418ba48857e9d9ef7","messageTitle":"Add resource folder","messageBody":"","fileTypesAndContributionMap":{"txt":{"insertions":1,"deletions":0}}},{"hash":"b32bd7b00e79e68c5e64e8a970d56bd24f6c75e2","messageTitle":"Add date validation for Deadline and Event","messageBody":"","fileTypesAndContributionMap":{"java":{"insertions":66,"deletions":16}}},{"hash":"c0d4308fb4a9b6b0731f66596e07757787e36511","messageTitle":"Add more OOP","messageBody":"","tags":["A-MoreOOP"],"fileTypesAndContributionMap":{"java":{"insertions":184,"deletions":129}}},{"hash":"fe9af128a87cd568ff620b4b39e78d51feff52b1","messageTitle":"Add more OOP","messageBody":"","tags":["A-Packages"],"fileTypesAndContributionMap":{"java":{"insertions":582,"deletions":0}}},{"hash":"13d546cb3fdaba14ddd29eb78caa42b3be1ebf42","messageTitle":"Remove stray files","messageBody":"","fileTypesAndContributionMap":{"java":{"insertions":0,"deletions":385}}},{"hash":"95fe132f3f0f07093c46bc0a1998abf70bf43632","messageTitle":"Remove stray files","messageBody":"","tags":["v0.1","A-Jar"],"fileTypesAndContributionMap":{"java":{"insertions":0,"deletions":166}}},{"hash":"689bd72db497d48042fa4392e6d4e764f7276d09","messageTitle":"Add Test skeleton","messageBody":"","fileTypesAndContributionMap":{"java":{"insertions":4,"deletions":0}}},{"hash":"bffcc295d5b047a64a7d80ddc4e99f44faa12dbd","messageTitle":"Add Chatbot Docs","messageBody":"","tags":["A-JavaDocs"],"fileTypesAndContributionMap":{"java":{"insertions":3,"deletions":0}}}]},{"date":"2021-09-01","commitResults":[{"hash":"00f2b038aac07fba06d514aefed440c79757e47d","messageTitle":"Add JUnit test","messageBody":"","tags":["A-JUnit"],"fileTypesAndContributionMap":{"java":{"insertions":49,"deletions":4}}},{"hash":"cc49f6f5ff1c622e6e448410c78a8668a3bb69fa","messageTitle":"Add JavaDocs to most of the classes","messageBody":"","tags":["A-JavaDoc"],"fileTypesAndContributionMap":{"java":{"insertions":122,"deletions":9}}},{"hash":"9fa347b4a0e2c483228f36fe0aa300468e4095e0","messageTitle":"Correct style violations","messageBody":"","tags":["A-CodingStandard"],"fileTypesAndContributionMap":{"java":{"insertions":48,"deletions":48}}},{"hash":"c1bf59a11e6445a35b0fc370cf4dbea67f64ee03","messageTitle":"Add find feature","messageBody":"","tags":["Level-9"],"fileTypesAndContributionMap":{"java":{"insertions":21,"deletions":4}}},{"hash":"be978dc68ee2218a0e96be87b3634cb7ac23b7ed","messageTitle":"Add gradle builds","messageBody":"","tags":["A-Gradle"],"fileTypesAndContributionMap":{"gradle":{"insertions":46,"deletions":0},"bat":{"insertions":89,"deletions":0}}},{"hash":"1b43d099f82d539a48f6cb7556574915761edfb6","messageTitle":"Add checkstyle","messageBody":"","tags":["A-CheckStyle"],"fileTypesAndContributionMap":{"gradle":{"insertions":4,"deletions":0}}}]},{"date":"2021-09-02","commitResults":[{"hash":"eb51da6e228b2702e999f838f7241dbada6539a4","messageTitle":"Add GUI","messageBody":"","fileTypesAndContributionMap":{"gradle":{"insertions":14,"deletions":0},"txt":{"insertions":0,"deletions":1},"java":{"insertions":216,"deletions":9}}},{"hash":"004db529f1637c6ed95382dc09617118571c9a38","messageTitle":"Add Duke welcome message","messageBody":"","tags":["Level-10"],"fileTypesAndContributionMap":{"java":{"insertions":18,"deletions":3}}},{"hash":"a26f6439fb48a31599336cdf5bebe89228dceac0","messageTitle":"Add file loading and close application function","messageBody":"","fileTypesAndContributionMap":{"java":{"insertions":94,"deletions":7}}}]},{"date":"2021-09-12","commitResults":[{"hash":"292bf479ec15f6116a3c69f2b439de277e358383","messageTitle":"Added exception class","messageBody":"","tags":["A-TextUiTesting"],"fileTypesAndContributionMap":{"java":{"insertions":10,"deletions":0}}},{"hash":"fa90500c6b72d6e9f11b7f91c4f0f4ba085b8fda","messageTitle":"Fix chatbot enums","messageBody":"","fileTypesAndContributionMap":{"java":{"insertions":5,"deletions":5}}}]},{"date":"2021-09-17","commitResults":[{"hash":"f5fac88d6b8248df6f2a793eb134bacea7badb0c","messageTitle":"Add assertions for key steps of programme.","messageBody":"There are currently no checks for correctness of the program.\n\nAssertions need to be  setup to ensure the correctness of the code at keypoints in the chatbot,\nthis includes the the Chatbot package as well as the implementation of the Chatbot class.\n\nThe following has been done to achieve this:\n* check the chatting status, ensure user input handlers are not triggered when chatbot is inactive.\n* check the output stream was modified after utilizing the guiInterpret, failure of switch back\nis potentially application breaking\n* check the loading of tasks is done at the beginning, ensure task lists start from a clean slate.\n\nJava\u0027s assert is used so that application can ignore such assertions after deployed.\n","tags":["A-FullCommitMessage","A-Assertions"],"fileTypesAndContributionMap":{"java":{"insertions":24,"deletions":14}}},{"hash":"860dbd4e335f105fe14de42e36dff971f21dc6f7","messageTitle":"Add docs and re-organized codes","messageBody":"","tags":["A-CodeQuality"],"fileTypesAndContributionMap":{"java":{"insertions":54,"deletions":28}}},{"hash":"272b3d594fd4ddb6851dd453e94efeaee3d1a704","messageTitle":"Add Duplicate check","messageBody":"","fileTypesAndContributionMap":{"java":{"insertions":56,"deletions":9}}},{"hash":"aa0526a88e378769eee7828f22faf6e571e22293","messageTitle":"Impoved JavaDocs","messageBody":"","tags":["BCD-Extension"],"fileTypesAndContributionMap":{"java":{"insertions":8,"deletions":3}}},{"hash":"8202e1025fbc62fb40e719f8baa03c8c2ae7d0f5","messageTitle":"Fix style violations","messageBody":"","fileTypesAndContributionMap":{"java":{"insertions":142,"deletions":104}}},{"hash":"a7df370376ba001512f828c1dbcdabbdd950b21a","messageTitle":"Modify running class for build file","messageBody":"","tags":["v0.2"],"fileTypesAndContributionMap":{"gradle":{"insertions":1,"deletions":1},"java":{"insertions":1,"deletions":0}}},{"hash":"f7ec121675dcdf0c8860882e417ed86430029f83","messageTitle":"Fix regression","messageBody":"","fileTypesAndContributionMap":{"java":{"insertions":1,"deletions":1}}},{"hash":"dafca14c9453034d5ba195f21d1a23c3add1f463","messageTitle":"Add docs","messageBody":"","tags":["Published-UG","A-UserGuide","A-Enums"],"fileTypesAndContributionMap":{"md":{"insertions":104,"deletions":9}}}]},{"date":"2021-09-18","commitResults":[{"hash":"cb4c0ab84dc16c927f86d8fa7753d4c1b8a1862c","messageTitle":"Fix display error","messageBody":"","fileTypesAndContributionMap":{"md":{"insertions":1,"deletions":1}}},{"hash":"8745faccbb048443dbe6030d243afbfcaa9754ed","messageTitle":"Fix error message display","messageBody":"","fileTypesAndContributionMap":{"java":{"insertions":1,"deletions":1}}},{"hash":"99026e997147be1595158c5c7cfadf7e954dc3f6","messageTitle":"Fix clipped Ui","messageBody":"","fileTypesAndContributionMap":{"java":{"insertions":5,"deletions":5}}},{"hash":"74ced8a8cce6f500e56c99dc2e35006d4485215b","messageTitle":"Fix regressions","messageBody":"","tags":["v0.2.2","v0.2.1"],"fileTypesAndContributionMap":{"java":{"insertions":4,"deletions":3}}}]},{"date":"2021-09-19","commitResults":[{"hash":"ad442d3498efaec88b734fe8de79da98e651ac7c","messageTitle":"Added delete function","messageBody":"","fileTypesAndContributionMap":{"java":{"insertions":34,"deletions":1}}}]}]},"authorFileTypeContributionMap":{"SpdPnd98":{"java":1203,"md":104,"fxml":0,"sh":0,"bat":89,"gradle":64,"txt":22}},"authorContributionVariance":{"SpdPnd98":80565.08},"authorDisplayNameMap":{"SpdPnd98":"CS2103-T14-4 BRYA..HONG"}}
