{"authorDailyContributionsMap":{"Kangxun":[{"date":"2021-08-19","commitResults":[{"hash":"ad1bb826969d80c020d44dd7f465ef7424077c01","messageTitle":"Redo Level 1. Greet, Echo, Exit","messageBody":"","tags":["Level-1"],"fileTypesAndContributionMap":{"java":{"insertions":22,"deletions":0}}},{"hash":"41e34cab253ed95caa06814fd19a9c052884c3ce","messageTitle":"Redo Level 2. Add, List","messageBody":"","tags":["Level-2"],"fileTypesAndContributionMap":{"java":{"insertions":18,"deletions":3}}},{"hash":"cfebfa4ba78ebf0e706a14bb440b5c3574838479","messageTitle":"Redo Level 3. Mark as Done","messageBody":"","tags":["Level-3","A-Classes"],"fileTypesAndContributionMap":{"java":{"insertions":53,"deletions":9}}},{"hash":"6e23b0c1520b55ebe404cca9bcca625e47f17293","messageTitle":"Redo Level 4. ToDos, Events, Deadlines","messageBody":"","tags":["Level-4","A-Inheritance"],"fileTypesAndContributionMap":{"java":{"insertions":71,"deletions":4}}},{"hash":"9c284e1b0b8b586df6af5d3b6a39380da786aab5","messageTitle":"Added Automated Text UI Testing","messageBody":"","tags":["A-TextUiTesting"],"fileTypesAndContributionMap":{"txt":{"insertions":14,"deletions":0}}},{"hash":"a8e7713b4f78a063108fe3b63bb347767bd1c97f","messageTitle":"Redo Level 5. Handle Errors","messageBody":"","tags":["Level-5","A-Exceptions"],"fileTypesAndContributionMap":{"txt":{"insertions":9,"deletions":0},"java":{"insertions":74,"deletions":52}}},{"hash":"d732e2493203cea65805ec8e33e676644a129fd9","messageTitle":"Redo Level 6. Delete","messageBody":"","tags":["Level-6","A-Collections"],"fileTypesAndContributionMap":{"txt":{"insertions":2,"deletions":0},"java":{"insertions":18,"deletions":0}}}]},{"date":"2021-08-26","commitResults":[{"hash":"326602800588390cc91235affa2bc999de25f6dd","messageTitle":"Add Level-7 Save","messageBody":"","fileTypesAndContributionMap":{"java":{"insertions":255,"deletions":82}}},{"hash":"a84f7c5c5c397fdb25234054b3307016f73a0744","messageTitle":"Add Level 8. Dates and Times","messageBody":"","fileTypesAndContributionMap":{"txt":{"insertions":3,"deletions":2},"java":{"insertions":71,"deletions":13}}}]},{"date":"2021-08-27","commitResults":[{"hash":"c17f42dbcd585a1c3bcd7ffa7b02d47b281ff75a","messageTitle":"Make the code more OOP","messageBody":"","tags":["A-MoreOOP"],"fileTypesAndContributionMap":{"java":{"insertions":282,"deletions":171}}},{"hash":"46fb4c40bf030f75614267a8fc5021ee43be22b3","messageTitle":"Divide classes into packages","messageBody":"","tags":["A-Packages"],"fileTypesAndContributionMap":{"java":{"insertions":60,"deletions":1},"bat":{"insertions":7,"deletions":1}}},{"hash":"115341a9023d614dbb449319e3609de5af66f738","messageTitle":"Add JUnit tests","messageBody":"","tags":["A-Jar","A-JUnit"],"fileTypesAndContributionMap":{"java":{"insertions":64,"deletions":3}}}]},{"date":"2021-08-28","commitResults":[{"hash":"b88f3f3cc55806e71d2ba3d95c16fa53f2ea63f1","messageTitle":"Add JavaDoc comments","messageBody":"","fileTypesAndContributionMap":{"java":{"insertions":408,"deletions":25}}},{"hash":"d34808bedaa5c575791e72332440370bbf44c61e","messageTitle":"Tweak the code to comply with a coding standard","messageBody":"","fileTypesAndContributionMap":{"java":{"insertions":0,"deletions":5}}},{"hash":"a5d21d9fbde0816e77fb79ec2e17cc873770d409","messageTitle":"Add Level 9. Find","messageBody":"","fileTypesAndContributionMap":{"txt":{"insertions":4,"deletions":0},"java":{"insertions":107,"deletions":1},"bat":{"insertions":4,"deletions":4}}}]},{"date":"2021-09-02","commitResults":[{"hash":"094a290e5f0222d6ed64070ad80361e0b9f2fe70","messageTitle":"Automate project builds using Gradle","messageBody":"","fileTypesAndContributionMap":{"gradle":{"insertions":1,"deletions":1}}},{"hash":"bb465c8980596e4e7a75ccf741e187ff6f8e6da8","messageTitle":"Use CheckStyle","messageBody":"","fileTypesAndContributionMap":{"java":{"insertions":83,"deletions":78}}}]},{"date":"2021-09-04","commitResults":[{"hash":"a3f6b3b90fa224fc4bd776d2d7103057db279275","messageTitle":"Add a GUI to Duke. Use the JavaFX technology to implement the GUI.","messageBody":"","fileTypesAndContributionMap":{"gradle":{"insertions":16,"deletions":1},"fxml":{"insertions":39,"deletions":0},"java":{"insertions":295,"deletions":83}}}]},{"date":"2021-09-08","commitResults":[{"hash":"d04a1de40561ddfa5a46cd6d9c5a3d06f903ca6c","messageTitle":"Use Assertions","messageBody":"Important assumptions required for program to work are not checked for.\n\nDocumenting important assumptions that should hold at various points in the code helps with understanding of code and checks if program is running properly.\n\nLet\u0027s,\n* include assert statements to define assumptions about the program state\n* enable assertions in Gradle run task\n\nIntegrating with Gradle allows for a smoother workflow in the development process.\n","tags":["A-FullCommitMessage"],"fileTypesAndContributionMap":{"gradle":{"insertions":2,"deletions":1},"java":{"insertions":22,"deletions":7}}}]},{"date":"2021-09-09","commitResults":[{"hash":"b4355f96380497c20fbc6ccc8c5c61575ba4c15d","messageTitle":"Improve code quality","messageBody":"Program code can be improved for readability.\n\nCritically examining the code and refactoring helps make the code more readable and more easily understood.\n\nLet\u0027s,\n* avoid long methods\n* avoid deep nesting\n* make the happy path (the execution path taken when everything goes well) prominent\n* extract methods\n\nRefactoring code in such a way helps to make the program execution path and methods clearer to readers.\n","fileTypesAndContributionMap":{"java":{"insertions":176,"deletions":97}}},{"hash":"ad681e6565238229b00002de17395cdb0410a453","messageTitle":"Deal duplicate items","messageBody":"Duplicate tasks can be added onto the task list.\n\nHandling duplicate items helps to keep the task list neat.\n\nLet\u0027s,\n* add the ability to recognize duplicate tasks\n* deal with duplicate tasks when adding to task list\n\nPreventing duplicate tasks from being added to task list keeps the task list tidy.\n","fileTypesAndContributionMap":{"java":{"insertions":60,"deletions":2}}}]}]},"authorFileTypeContributionMap":{"Kangxun":{"java":1532,"md":0,"fxml":39,"sh":0,"bat":8,"gradle":17,"txt":30}},"authorContributionVariance":{"Kangxun":32170.475},"authorDisplayNameMap":{"Kangxun":"CS2103T-T13-4 DAVI..GXUN"}}
