{"authorDailyContributionsMap":{"Kangxun":[{"date":"2021-08-19","commitResults":[{"hash":"ad1bb826969d80c020d44dd7f465ef7424077c01","messageTitle":"Redo Level 1. Greet, Echo, Exit","messageBody":"","tags":["Level-1"],"fileTypesAndContributionMap":{"java":{"insertions":22,"deletions":0}}},{"hash":"41e34cab253ed95caa06814fd19a9c052884c3ce","messageTitle":"Redo Level 2. Add, List","messageBody":"","tags":["Level-2"],"fileTypesAndContributionMap":{"java":{"insertions":18,"deletions":3}}},{"hash":"cfebfa4ba78ebf0e706a14bb440b5c3574838479","messageTitle":"Redo Level 3. Mark as Done","messageBody":"","tags":["Level-3","A-Classes"],"fileTypesAndContributionMap":{"java":{"insertions":53,"deletions":9}}},{"hash":"6e23b0c1520b55ebe404cca9bcca625e47f17293","messageTitle":"Redo Level 4. ToDos, Events, Deadlines","messageBody":"","tags":["Level-4","A-Inheritance"],"fileTypesAndContributionMap":{"java":{"insertions":71,"deletions":4}}},{"hash":"9c284e1b0b8b586df6af5d3b6a39380da786aab5","messageTitle":"Added Automated Text UI Testing","messageBody":"","tags":["A-TextUiTesting"],"fileTypesAndContributionMap":{"txt":{"insertions":14,"deletions":0}}},{"hash":"a8e7713b4f78a063108fe3b63bb347767bd1c97f","messageTitle":"Redo Level 5. Handle Errors","messageBody":"","tags":["Level-5","A-Exceptions"],"fileTypesAndContributionMap":{"txt":{"insertions":9,"deletions":0},"java":{"insertions":74,"deletions":52}}},{"hash":"d732e2493203cea65805ec8e33e676644a129fd9","messageTitle":"Redo Level 6. Delete","messageBody":"","tags":["Level-6","A-Collections"],"fileTypesAndContributionMap":{"txt":{"insertions":2,"deletions":0},"java":{"insertions":18,"deletions":0}}}]},{"date":"2021-08-26","commitResults":[{"hash":"326602800588390cc91235affa2bc999de25f6dd","messageTitle":"Add Level-7 Save","messageBody":"","fileTypesAndContributionMap":{"java":{"insertions":255,"deletions":82}}},{"hash":"a84f7c5c5c397fdb25234054b3307016f73a0744","messageTitle":"Add Level 8. Dates and Times","messageBody":"","fileTypesAndContributionMap":{"txt":{"insertions":3,"deletions":2},"java":{"insertions":71,"deletions":13}}}]},{"date":"2021-08-27","commitResults":[{"hash":"c17f42dbcd585a1c3bcd7ffa7b02d47b281ff75a","messageTitle":"Make the code more OOP","messageBody":"","tags":["A-MoreOOP"],"fileTypesAndContributionMap":{"java":{"insertions":282,"deletions":171}}},{"hash":"46fb4c40bf030f75614267a8fc5021ee43be22b3","messageTitle":"Divide classes into packages","messageBody":"","tags":["A-Packages"],"fileTypesAndContributionMap":{"java":{"insertions":60,"deletions":1},"bat":{"insertions":7,"deletions":1}}},{"hash":"115341a9023d614dbb449319e3609de5af66f738","messageTitle":"Add JUnit tests","messageBody":"","tags":["A-Jar","A-JUnit"],"fileTypesAndContributionMap":{"java":{"insertions":64,"deletions":3}}}]}]},"authorFileTypeContributionMap":{"Kangxun":{"java":662,"md":0,"fxml":0,"sh":0,"bat":7,"gradle":0,"txt":26}},"authorContributionVariance":{"Kangxun":29067.217},"authorDisplayNameMap":{"Kangxun":"CS2103T-T13-4 DAVI..GXUN"}}
