{"authorDailyContributionsMap":{"jiayi1129":[{"date":"2021-08-17","commitResults":[{"hash":"c5272d5a961a6d0380b27693be942737eb303c7a","messageTitle":"Level-1","messageBody":"","tags":["Level-1"],"fileTypesAndContributionMap":{"java":{"insertions":54,"deletions":6}}},{"hash":"c4ad01551841ba3ebe3c5246035593fece1eb9f5","messageTitle":"Level-2","messageBody":"","tags":["Level-2"],"fileTypesAndContributionMap":{"java":{"insertions":25,"deletions":5}}}]},{"date":"2021-08-18","commitResults":[{"hash":"6818444753c3fea67fd14004b4b32f07fea9913b","messageTitle":"Level-3","messageBody":"","tags":["Level-3"],"fileTypesAndContributionMap":{"java":{"insertions":81,"deletions":17}}},{"hash":"3e8d6f14d0fe938bd8f26e5b58cad3ac38cd1c31","messageTitle":"Level-4","messageBody":"","tags":["Level-4"],"fileTypesAndContributionMap":{"java":{"insertions":140,"deletions":10}}},{"hash":"5381be49aba26bb7fb7466f1de3de2a7bcf80c62","messageTitle":"A-TextUiTesting","messageBody":"","tags":["A-TextUiTesting"],"fileTypesAndContributionMap":{"txt":{"insertions":18,"deletions":0}}},{"hash":"d59794e118fd248c0ff0a0267903e19b59f35dd2","messageTitle":"Level-5","messageBody":"","tags":["Level-5"],"fileTypesAndContributionMap":{"java":{"insertions":7,"deletions":0}}},{"hash":"0f731911bdbb76f253421da930995cab722828f3","messageTitle":"Level-6","messageBody":"","tags":["Level-6"],"fileTypesAndContributionMap":{"txt":{"insertions":3,"deletions":0},"java":{"insertions":26,"deletions":10}}},{"hash":"00ece2e45b76ae3b0606076cb00e211a95dafd87","messageTitle":"A-Enums","messageBody":"","tags":["A-Enums"],"fileTypesAndContributionMap":{"txt":{"insertions":2,"deletions":0},"java":{"insertions":63,"deletions":12}}}]},{"date":"2021-08-27","commitResults":[{"hash":"ddf095bddaa9e622740eaee4f4331be69247c416","messageTitle":"Level-7","messageBody":"","fileTypesAndContributionMap":{"txt":{"insertions":4,"deletions":0},"java":{"insertions":139,"deletions":7}}},{"hash":"bc81b4c2dad248f30fec90335f0528254bd2c9c0","messageTitle":"Level-8","messageBody":"","fileTypesAndContributionMap":{"txt":{"insertions":4,"deletions":4},"java":{"insertions":30,"deletions":8}}},{"hash":"5403d95d3fd247754863159712e5fbafbf828ac3","messageTitle":"Level 7: Add save function","messageBody":"","fileTypesAndContributionMap":{"txt":{"insertions":7,"deletions":4},"java":{"insertions":114,"deletions":26}}},{"hash":"be8da3710862fdf89313e2d61b6f6781d8bb9dac","messageTitle":"Fix Merge Conflicts","messageBody":"","tags":["Level-7"],"fileTypesAndContributionMap":{"txt":{"insertions":5,"deletions":4},"java":{"insertions":15,"deletions":13}}}]},{"date":"2021-08-28","commitResults":[{"hash":"b6b76ceecf9d4cfe9259e0b0b5b51e9812029f1c","messageTitle":"A-MoreOOP","messageBody":"","tags":["A-MoreOOP"],"fileTypesAndContributionMap":{"txt":{"insertions":10,"deletions":8},"java":{"insertions":889,"deletions":437}}},{"hash":"3b9ef01be366faefd14f2718d39343f2660b2467","messageTitle":"A-Packages","messageBody":"","tags":["A-Packages"],"fileTypesAndContributionMap":{"java":{"insertions":59,"deletions":59}}}]},{"date":"2021-08-29","commitResults":[{"hash":"9bc6020d25f97ebd621b5b719dd364d3b611f4f8","messageTitle":"A-JUnit","messageBody":"","tags":["A-JUnit"],"fileTypesAndContributionMap":{"txt":{"insertions":5,"deletions":5},"java":{"insertions":334,"deletions":6}}},{"hash":"0b211ea0445a54c71021072b3b6882f94092bed6","messageTitle":"Update JavaDocs","messageBody":"","fileTypesAndContributionMap":{"java":{"insertions":56,"deletions":12}}},{"hash":"08846a019d9df3e29184577908b4a21aebb781f2","messageTitle":"Update imports","messageBody":"","fileTypesAndContributionMap":{"java":{"insertions":52,"deletions":10}}},{"hash":"16273c666ef63aa07b93eb4fcd34154a540a0569","messageTitle":"Level-9: Add Find functionality","messageBody":"","fileTypesAndContributionMap":{"txt":{"insertions":2,"deletions":0},"java":{"insertions":123,"deletions":0}}}]},{"date":"2021-09-01","commitResults":[{"hash":"812706425400c2ed46ca75351e6f239fb1867a3c","messageTitle":"A-Gradle: Add Gradle Support","messageBody":"","tags":["A-Gradle"],"fileTypesAndContributionMap":{"gradle":{"insertions":1,"deletions":1},"txt":{"insertions":4,"deletions":0},"java":{"insertions":158,"deletions":156},"bat":{"insertions":5,"deletions":5},"md":{"insertions":2,"deletions":2}}},{"hash":"075abd461697a8e605260da8538247a04b882e8e","messageTitle":"Level 10: Add GUI","messageBody":"","fileTypesAndContributionMap":{"gradle":{"insertions":14,"deletions":0},"txt":{"insertions":17,"deletions":0},"java":{"insertions":136,"deletions":149}}},{"hash":"27ebb831f3be06d80a4a20655e2d353616f75b31","messageTitle":"Fix issues related to Py0000 PR review","messageBody":"","fileTypesAndContributionMap":{"java":{"insertions":24,"deletions":14}}}]},{"date":"2021-09-08","commitResults":[{"hash":"d6d7c0f7e32263311d3edf42761ff342d9254072","messageTitle":"Add assertions to Storage class","messageBody":"Empty task may be added to the TaskList while reading from Storage.\n\nAsserting task added in load method to be not null ensures that\nno null object is added to TaskList.\n\nEmpty task may be written to the storage file.\n\nAsserting task written in writeTasksToFile method to be not empty\nor null ensures that no empty strings are written to TaskList and\nprevent Null Pointer errors.\n","fileTypesAndContributionMap":{"java":{"insertions":9,"deletions":1}}},{"hash":"68a3451196fb3269a51d75252839aafc1437e700","messageTitle":"Change constant variables to use uppercase letters.","messageBody":"To maintain the project code quality and consistency\nof using constants.\n\nChanging the constant variables of lowercase letters\nto all uppercase letters.\n","fileTypesAndContributionMap":{"java":{"insertions":61,"deletions":61}}},{"hash":"16bfd9fb2e7ed5f1cef620ecfdf6ffc6aae083df","messageTitle":"Add C-Help functionality","messageBody":"","fileTypesAndContributionMap":{"java":{"insertions":39,"deletions":1}}}]},{"date":"2021-09-14","commitResults":[{"hash":"53d70be09013e2c4f94e2a32d0bef300aad73972","messageTitle":"A-BetterGui: Improve GUI","messageBody":"","fileTypesAndContributionMap":{"txt":{"insertions":3,"deletions":20},"fxml":{"insertions":35,"deletions":0},"java":{"insertions":196,"deletions":173}}}]}]},"authorFileTypeContributionMap":{"jiayi1129":{"java":1647,"md":2,"fxml":35,"sh":0,"bat":5,"gradle":15,"txt":39}},"authorContributionVariance":{"jiayi1129":81485.88},"authorDisplayNameMap":{"jiayi1129":"CS2103T-T11-3 LEE ..A YI"}}
