[{"path":"dukeData.txt","fileType":"txt","lines":[{"lineNumber":1,"author":{"gitId":"SHEZADHASSAN22"},"content":"event,0,Sam Birthday,1999-02-02 1234","lastModifiedDate":"2021-08-25"},{"lineNumber":2,"author":{"gitId":"SHEZADHASSAN22"},"content":"deadline,1,homework,2014-02-03 1200","lastModifiedDate":"2021-08-25"},{"lineNumber":3,"author":{"gitId":"SHEZADHASSAN22"},"content":"deadline,0,shez,2019-03-04 1420","lastModifiedDate":"2021-08-25"},{"lineNumber":4,"author":{"gitId":"SHEZADHASSAN22"},"content":"todo,1,big ben","lastModifiedDate":"2021-08-25"},{"lineNumber":5,"author":{"gitId":"SHEZADHASSAN22"},"content":"todo,0,biggg","lastModifiedDate":"2021-08-25"},{"lineNumber":6,"author":{"gitId":"SHEZADHASSAN22"},"content":"todo,0,shez","lastModifiedDate":"2021-08-25"},{"lineNumber":7,"author":{"gitId":"SHEZADHASSAN22"},"content":"deadline,1,jum around,1987-08-08 1221","lastModifiedDate":"2021-08-25"},{"lineNumber":8,"author":{"gitId":"SHEZADHASSAN22"},"content":"event,0,scoibydoobydo,1909-04-03 1321","lastModifiedDate":"2021-08-25"}],"authorContributionMap":{"SHEZADHASSAN22":8}},{"path":"src/main/java/Duke.java","fileType":"java","lines":[{"lineNumber":1,"author":{"gitId":"SHEZADHASSAN22"},"content":"import duke.Parser;","lastModifiedDate":"2021-08-25"},{"lineNumber":2,"author":{"gitId":"SHEZADHASSAN22"},"content":"import duke.Storage;","lastModifiedDate":"2021-08-25"},{"lineNumber":3,"author":{"gitId":"SHEZADHASSAN22"},"content":"import duke.TaskList;","lastModifiedDate":"2021-08-25"},{"lineNumber":4,"author":{"gitId":"SHEZADHASSAN22"},"content":"import duke.Ui;","lastModifiedDate":"2021-08-25"},{"lineNumber":5,"author":{"gitId":"SHEZADHASSAN22"},"content":"import java.util.Scanner;","lastModifiedDate":"2021-08-14"},{"lineNumber":6,"author":{"gitId":"SHEZADHASSAN22"},"content":"","lastModifiedDate":"2021-08-14"},{"lineNumber":7,"author":{"gitId":"-"},"content":"public class Duke {","lastModifiedDate":"2019-07-29"},{"lineNumber":8,"author":{"gitId":"SHEZADHASSAN22"},"content":"    private Storage storage;","lastModifiedDate":"2021-08-25"},{"lineNumber":9,"author":{"gitId":"SHEZADHASSAN22"},"content":"    private TaskList tasks;","lastModifiedDate":"2021-08-25"},{"lineNumber":10,"author":{"gitId":"SHEZADHASSAN22"},"content":"    private Parser parser;","lastModifiedDate":"2021-08-25"},{"lineNumber":11,"author":{"gitId":"SHEZADHASSAN22"},"content":"","lastModifiedDate":"2021-08-23"},{"lineNumber":12,"author":{"gitId":"SHEZADHASSAN22"},"content":"    public Duke(String filePath) {","lastModifiedDate":"2021-08-25"},{"lineNumber":13,"author":{"gitId":"SHEZADHASSAN22"},"content":"        storage \u003d new Storage(filePath);","lastModifiedDate":"2021-08-25"},{"lineNumber":14,"author":{"gitId":"SHEZADHASSAN22"},"content":"        try {","lastModifiedDate":"2021-08-23"},{"lineNumber":15,"author":{"gitId":"SHEZADHASSAN22"},"content":"            tasks \u003d new TaskList(storage.loadData());","lastModifiedDate":"2021-08-25"},{"lineNumber":16,"author":{"gitId":"SHEZADHASSAN22"},"content":"        } catch (Exception e) {","lastModifiedDate":"2021-08-24"},{"lineNumber":17,"author":{"gitId":"SHEZADHASSAN22"},"content":"            System.out.println(e + \"hellop\");","lastModifiedDate":"2021-08-25"},{"lineNumber":18,"author":{"gitId":"SHEZADHASSAN22"},"content":"            tasks \u003d new TaskList();","lastModifiedDate":"2021-08-25"},{"lineNumber":19,"author":{"gitId":"SHEZADHASSAN22"},"content":"        }","lastModifiedDate":"2021-08-16"},{"lineNumber":20,"author":{"gitId":"SHEZADHASSAN22"},"content":"        parser \u003d new Parser(storage, tasks);","lastModifiedDate":"2021-08-25"},{"lineNumber":21,"author":{"gitId":"SHEZADHASSAN22"},"content":"    }","lastModifiedDate":"2021-08-14"},{"lineNumber":22,"author":{"gitId":"SHEZADHASSAN22"},"content":"","lastModifiedDate":"2021-08-14"},{"lineNumber":23,"author":{"gitId":"SHEZADHASSAN22"},"content":"    /**","lastModifiedDate":"2021-08-25"},{"lineNumber":24,"author":{"gitId":"SHEZADHASSAN22"},"content":"     * Takes in users input and parses it.","lastModifiedDate":"2021-08-25"},{"lineNumber":25,"author":{"gitId":"SHEZADHASSAN22"},"content":"     */","lastModifiedDate":"2021-08-25"},{"lineNumber":26,"author":{"gitId":"SHEZADHASSAN22"},"content":"    public void run() {","lastModifiedDate":"2021-08-25"},{"lineNumber":27,"author":{"gitId":"SHEZADHASSAN22"},"content":"        Scanner sc \u003d new Scanner(System.in);","lastModifiedDate":"2021-08-25"},{"lineNumber":28,"author":{"gitId":"SHEZADHASSAN22"},"content":"        while (true) {","lastModifiedDate":"2021-08-25"},{"lineNumber":29,"author":{"gitId":"SHEZADHASSAN22"},"content":"            String userInput \u003d sc.nextLine();","lastModifiedDate":"2021-08-25"},{"lineNumber":30,"author":{"gitId":"SHEZADHASSAN22"},"content":"            if (!parser.command(userInput)) {","lastModifiedDate":"2021-08-25"},{"lineNumber":31,"author":{"gitId":"SHEZADHASSAN22"},"content":"                break;","lastModifiedDate":"2021-08-25"},{"lineNumber":32,"author":{"gitId":"SHEZADHASSAN22"},"content":"            }","lastModifiedDate":"2021-08-14"},{"lineNumber":33,"author":{"gitId":"SHEZADHASSAN22"},"content":"        }","lastModifiedDate":"2021-08-14"},{"lineNumber":34,"author":{"gitId":"SHEZADHASSAN22"},"content":"    }","lastModifiedDate":"2021-08-14"},{"lineNumber":35,"author":{"gitId":"SHEZADHASSAN22"},"content":"","lastModifiedDate":"2021-08-14"},{"lineNumber":36,"author":{"gitId":"-"},"content":"    public static void main(String[] args) {","lastModifiedDate":"2021-08-25"},{"lineNumber":37,"author":{"gitId":"SHEZADHASSAN22"},"content":"        new Ui().greeting();","lastModifiedDate":"2021-08-25"},{"lineNumber":38,"author":{"gitId":"SHEZADHASSAN22"},"content":"        new Duke(\"dukeData.txt\").run();","lastModifiedDate":"2021-08-25"},{"lineNumber":39,"author":{"gitId":"-"},"content":"    }","lastModifiedDate":"2021-08-14"},{"lineNumber":40,"author":{"gitId":"-"},"content":"}","lastModifiedDate":"2019-07-29"}],"authorContributionMap":{"SHEZADHASSAN22":36,"-":4}},{"path":"src/main/java/duke/Deadline.java","fileType":"java","lines":[{"lineNumber":1,"author":{"gitId":"SHEZADHASSAN22"},"content":"package duke;","lastModifiedDate":"2021-08-25"},{"lineNumber":2,"author":{"gitId":"SHEZADHASSAN22"},"content":"","lastModifiedDate":"2021-08-25"},{"lineNumber":3,"author":{"gitId":"SHEZADHASSAN22"},"content":"import java.time.LocalDateTime;","lastModifiedDate":"2021-08-24"},{"lineNumber":4,"author":{"gitId":"SHEZADHASSAN22"},"content":"import java.time.format.DateTimeFormatter;","lastModifiedDate":"2021-08-24"},{"lineNumber":5,"author":{"gitId":"SHEZADHASSAN22"},"content":"","lastModifiedDate":"2021-08-24"},{"lineNumber":6,"author":{"gitId":"SHEZADHASSAN22"},"content":"public class Deadline extends Task{","lastModifiedDate":"2021-08-14"},{"lineNumber":7,"author":{"gitId":"SHEZADHASSAN22"},"content":"    private LocalDateTime date;","lastModifiedDate":"2021-08-24"},{"lineNumber":8,"author":{"gitId":"SHEZADHASSAN22"},"content":"","lastModifiedDate":"2021-08-14"},{"lineNumber":9,"author":{"gitId":"SHEZADHASSAN22"},"content":"    public Deadline(String deadline, LocalDateTime date) {","lastModifiedDate":"2021-08-24"},{"lineNumber":10,"author":{"gitId":"SHEZADHASSAN22"},"content":"        super(deadline, \"D\", date);","lastModifiedDate":"2021-08-23"},{"lineNumber":11,"author":{"gitId":"SHEZADHASSAN22"},"content":"        this.date \u003d date;","lastModifiedDate":"2021-08-14"},{"lineNumber":12,"author":{"gitId":"SHEZADHASSAN22"},"content":"    }","lastModifiedDate":"2021-08-14"},{"lineNumber":13,"author":{"gitId":"SHEZADHASSAN22"},"content":"","lastModifiedDate":"2021-08-14"},{"lineNumber":14,"author":{"gitId":"SHEZADHASSAN22"},"content":"    /**","lastModifiedDate":"2021-08-25"},{"lineNumber":15,"author":{"gitId":"SHEZADHASSAN22"},"content":"     * Formats details of deadline task into one string.","lastModifiedDate":"2021-08-25"},{"lineNumber":16,"author":{"gitId":"SHEZADHASSAN22"},"content":"     *","lastModifiedDate":"2021-08-25"},{"lineNumber":17,"author":{"gitId":"SHEZADHASSAN22"},"content":"     * @return String representation of a deadline task.","lastModifiedDate":"2021-08-25"},{"lineNumber":18,"author":{"gitId":"SHEZADHASSAN22"},"content":"     */","lastModifiedDate":"2021-08-25"},{"lineNumber":19,"author":{"gitId":"SHEZADHASSAN22"},"content":"    @Override","lastModifiedDate":"2021-08-14"},{"lineNumber":20,"author":{"gitId":"SHEZADHASSAN22"},"content":"    public String toString() {","lastModifiedDate":"2021-08-14"},{"lineNumber":21,"author":{"gitId":"SHEZADHASSAN22"},"content":"        return String.format(\"[%s] %s (by: %s)\",","lastModifiedDate":"2021-08-24"},{"lineNumber":22,"author":{"gitId":"SHEZADHASSAN22"},"content":"                super.getTaskSymbol(), super.toString(),dateToString(this.date));","lastModifiedDate":"2021-08-24"},{"lineNumber":23,"author":{"gitId":"SHEZADHASSAN22"},"content":"    }","lastModifiedDate":"2021-08-14"},{"lineNumber":24,"author":{"gitId":"SHEZADHASSAN22"},"content":"}","lastModifiedDate":"2021-08-14"}],"authorContributionMap":{"SHEZADHASSAN22":24}},{"path":"src/main/java/duke/Event.java","fileType":"java","lines":[{"lineNumber":1,"author":{"gitId":"SHEZADHASSAN22"},"content":"package duke;","lastModifiedDate":"2021-08-25"},{"lineNumber":2,"author":{"gitId":"SHEZADHASSAN22"},"content":"","lastModifiedDate":"2021-08-25"},{"lineNumber":3,"author":{"gitId":"SHEZADHASSAN22"},"content":"import java.time.LocalDateTime;","lastModifiedDate":"2021-08-24"},{"lineNumber":4,"author":{"gitId":"SHEZADHASSAN22"},"content":"","lastModifiedDate":"2021-08-24"},{"lineNumber":5,"author":{"gitId":"SHEZADHASSAN22"},"content":"public class Event extends Task{","lastModifiedDate":"2021-08-14"},{"lineNumber":6,"author":{"gitId":"SHEZADHASSAN22"},"content":"    private LocalDateTime date;","lastModifiedDate":"2021-08-24"},{"lineNumber":7,"author":{"gitId":"SHEZADHASSAN22"},"content":"    public Event(String event, LocalDateTime date) {","lastModifiedDate":"2021-08-24"},{"lineNumber":8,"author":{"gitId":"SHEZADHASSAN22"},"content":"        super(event, \"E\", date);","lastModifiedDate":"2021-08-23"},{"lineNumber":9,"author":{"gitId":"SHEZADHASSAN22"},"content":"        this.date \u003d date;","lastModifiedDate":"2021-08-14"},{"lineNumber":10,"author":{"gitId":"SHEZADHASSAN22"},"content":"    }","lastModifiedDate":"2021-08-14"},{"lineNumber":11,"author":{"gitId":"SHEZADHASSAN22"},"content":"","lastModifiedDate":"2021-08-14"},{"lineNumber":12,"author":{"gitId":"SHEZADHASSAN22"},"content":"    /**","lastModifiedDate":"2021-08-25"},{"lineNumber":13,"author":{"gitId":"SHEZADHASSAN22"},"content":"     * Formats details of Event task into one string.","lastModifiedDate":"2021-08-25"},{"lineNumber":14,"author":{"gitId":"SHEZADHASSAN22"},"content":"     *","lastModifiedDate":"2021-08-25"},{"lineNumber":15,"author":{"gitId":"SHEZADHASSAN22"},"content":"     * @return String representation of a deadline task.","lastModifiedDate":"2021-08-25"},{"lineNumber":16,"author":{"gitId":"SHEZADHASSAN22"},"content":"     */","lastModifiedDate":"2021-08-25"},{"lineNumber":17,"author":{"gitId":"SHEZADHASSAN22"},"content":"    @Override","lastModifiedDate":"2021-08-14"},{"lineNumber":18,"author":{"gitId":"SHEZADHASSAN22"},"content":"    public String toString() {","lastModifiedDate":"2021-08-14"},{"lineNumber":19,"author":{"gitId":"SHEZADHASSAN22"},"content":"        return String.format(\"[%s] %s (at: %s)\",","lastModifiedDate":"2021-08-24"},{"lineNumber":20,"author":{"gitId":"SHEZADHASSAN22"},"content":"                this.getTaskSymbol(), super.toString(),dateToString(this.date));","lastModifiedDate":"2021-08-24"},{"lineNumber":21,"author":{"gitId":"SHEZADHASSAN22"},"content":"    }","lastModifiedDate":"2021-08-14"},{"lineNumber":22,"author":{"gitId":"SHEZADHASSAN22"},"content":"}","lastModifiedDate":"2021-08-14"}],"authorContributionMap":{"SHEZADHASSAN22":22}},{"path":"src/main/java/duke/Parser.java","fileType":"java","lines":[{"lineNumber":1,"author":{"gitId":"SHEZADHASSAN22"},"content":"package duke;","lastModifiedDate":"2021-08-25"},{"lineNumber":2,"author":{"gitId":"SHEZADHASSAN22"},"content":"","lastModifiedDate":"2021-08-25"},{"lineNumber":3,"author":{"gitId":"SHEZADHASSAN22"},"content":"public class Parser {","lastModifiedDate":"2021-08-25"},{"lineNumber":4,"author":{"gitId":"SHEZADHASSAN22"},"content":"    Ui ui;","lastModifiedDate":"2021-08-25"},{"lineNumber":5,"author":{"gitId":"SHEZADHASSAN22"},"content":"    Storage storage;","lastModifiedDate":"2021-08-25"},{"lineNumber":6,"author":{"gitId":"SHEZADHASSAN22"},"content":"    TaskList taskList;","lastModifiedDate":"2021-08-25"},{"lineNumber":7,"author":{"gitId":"SHEZADHASSAN22"},"content":"","lastModifiedDate":"2021-08-25"},{"lineNumber":8,"author":{"gitId":"SHEZADHASSAN22"},"content":"    /**","lastModifiedDate":"2021-08-25"},{"lineNumber":9,"author":{"gitId":"SHEZADHASSAN22"},"content":"     * Constructor for parser which requires Storage and TaskList Objects.","lastModifiedDate":"2021-08-25"},{"lineNumber":10,"author":{"gitId":"SHEZADHASSAN22"},"content":"     * @param storage Storage object.","lastModifiedDate":"2021-08-25"},{"lineNumber":11,"author":{"gitId":"SHEZADHASSAN22"},"content":"     * @param tasks TaskList object.","lastModifiedDate":"2021-08-25"},{"lineNumber":12,"author":{"gitId":"SHEZADHASSAN22"},"content":"     */","lastModifiedDate":"2021-08-25"},{"lineNumber":13,"author":{"gitId":"SHEZADHASSAN22"},"content":"    public Parser(Storage storage, TaskList tasks) {","lastModifiedDate":"2021-08-25"},{"lineNumber":14,"author":{"gitId":"SHEZADHASSAN22"},"content":"        this.storage \u003d storage;","lastModifiedDate":"2021-08-25"},{"lineNumber":15,"author":{"gitId":"SHEZADHASSAN22"},"content":"        this.taskList \u003d tasks;","lastModifiedDate":"2021-08-25"},{"lineNumber":16,"author":{"gitId":"SHEZADHASSAN22"},"content":"        this.ui \u003d new Ui();","lastModifiedDate":"2021-08-25"},{"lineNumber":17,"author":{"gitId":"SHEZADHASSAN22"},"content":"    }","lastModifiedDate":"2021-08-25"},{"lineNumber":18,"author":{"gitId":"SHEZADHASSAN22"},"content":"","lastModifiedDate":"2021-08-25"},{"lineNumber":19,"author":{"gitId":"SHEZADHASSAN22"},"content":"    /**","lastModifiedDate":"2021-08-25"},{"lineNumber":20,"author":{"gitId":"SHEZADHASSAN22"},"content":"     * Parses the users input and decides acts accordingly.","lastModifiedDate":"2021-08-25"},{"lineNumber":21,"author":{"gitId":"SHEZADHASSAN22"},"content":"     *","lastModifiedDate":"2021-08-25"},{"lineNumber":22,"author":{"gitId":"SHEZADHASSAN22"},"content":"     * @param userInput Input from user.","lastModifiedDate":"2021-08-25"},{"lineNumber":23,"author":{"gitId":"SHEZADHASSAN22"},"content":"     * @return False if user wants to close the program and true otherwise.","lastModifiedDate":"2021-08-25"},{"lineNumber":24,"author":{"gitId":"SHEZADHASSAN22"},"content":"     */","lastModifiedDate":"2021-08-25"},{"lineNumber":25,"author":{"gitId":"SHEZADHASSAN22"},"content":"    public Boolean command(String userInput) {","lastModifiedDate":"2021-08-25"},{"lineNumber":26,"author":{"gitId":"SHEZADHASSAN22"},"content":"        String toReply;","lastModifiedDate":"2021-08-25"},{"lineNumber":27,"author":{"gitId":"SHEZADHASSAN22"},"content":"        if (userInput.equalsIgnoreCase(\"bye\")) {","lastModifiedDate":"2021-08-25"},{"lineNumber":28,"author":{"gitId":"SHEZADHASSAN22"},"content":"            ui.dukeReply(\"Bye. Hope to see you again soon!\");","lastModifiedDate":"2021-08-25"},{"lineNumber":29,"author":{"gitId":"SHEZADHASSAN22"},"content":"            return false;","lastModifiedDate":"2021-08-25"},{"lineNumber":30,"author":{"gitId":"SHEZADHASSAN22"},"content":"        } else if (userInput.equalsIgnoreCase(\"list\")) {","lastModifiedDate":"2021-08-25"},{"lineNumber":31,"author":{"gitId":"SHEZADHASSAN22"},"content":"            toReply \u003d taskList.showTasks(taskList.getTasks());","lastModifiedDate":"2021-08-25"},{"lineNumber":32,"author":{"gitId":"SHEZADHASSAN22"},"content":"        } else if (userInput.toLowerCase().startsWith(\"done\")) {","lastModifiedDate":"2021-08-25"},{"lineNumber":33,"author":{"gitId":"SHEZADHASSAN22"},"content":"            toReply \u003d taskList.markTaskDone(userInput);","lastModifiedDate":"2021-08-25"},{"lineNumber":34,"author":{"gitId":"SHEZADHASSAN22"},"content":"            storage.updateDataSet(taskList.getTasks());","lastModifiedDate":"2021-08-25"},{"lineNumber":35,"author":{"gitId":"SHEZADHASSAN22"},"content":"        } else if (userInput.toLowerCase().startsWith(\"delete\")) {","lastModifiedDate":"2021-08-25"},{"lineNumber":36,"author":{"gitId":"SHEZADHASSAN22"},"content":"            toReply \u003d taskList.deleteTask(userInput);","lastModifiedDate":"2021-08-25"},{"lineNumber":37,"author":{"gitId":"SHEZADHASSAN22"},"content":"            storage.updateDataSet(taskList.getTasks());","lastModifiedDate":"2021-08-25"},{"lineNumber":38,"author":{"gitId":"SHEZADHASSAN22"},"content":"        } else if (userInput.toLowerCase().startsWith(\"find\")) {","lastModifiedDate":"2021-08-25"},{"lineNumber":39,"author":{"gitId":"SHEZADHASSAN22"},"content":"            toReply \u003d taskList.findTask(taskList.getTasks(), userInput);","lastModifiedDate":"2021-08-25"},{"lineNumber":40,"author":{"gitId":"SHEZADHASSAN22"},"content":"        } else {","lastModifiedDate":"2021-08-25"},{"lineNumber":41,"author":{"gitId":"SHEZADHASSAN22"},"content":"            toReply \u003d taskList.addTask(userInput, storage.getDataPath());","lastModifiedDate":"2021-08-25"},{"lineNumber":42,"author":{"gitId":"SHEZADHASSAN22"},"content":"        }","lastModifiedDate":"2021-08-25"},{"lineNumber":43,"author":{"gitId":"SHEZADHASSAN22"},"content":"","lastModifiedDate":"2021-08-25"},{"lineNumber":44,"author":{"gitId":"SHEZADHASSAN22"},"content":"        ui.dukeReply(toReply);","lastModifiedDate":"2021-08-25"},{"lineNumber":45,"author":{"gitId":"SHEZADHASSAN22"},"content":"        return true;","lastModifiedDate":"2021-08-25"},{"lineNumber":46,"author":{"gitId":"SHEZADHASSAN22"},"content":"    }","lastModifiedDate":"2021-08-25"},{"lineNumber":47,"author":{"gitId":"SHEZADHASSAN22"},"content":"}","lastModifiedDate":"2021-08-25"},{"lineNumber":48,"author":{"gitId":"SHEZADHASSAN22"},"content":"","lastModifiedDate":"2021-08-25"},{"lineNumber":49,"author":{"gitId":"SHEZADHASSAN22"},"content":"","lastModifiedDate":"2021-08-25"}],"authorContributionMap":{"SHEZADHASSAN22":49}},{"path":"src/main/java/duke/Storage.java","fileType":"java","lines":[{"lineNumber":1,"author":{"gitId":"SHEZADHASSAN22"},"content":"package duke;","lastModifiedDate":"2021-08-25"},{"lineNumber":2,"author":{"gitId":"SHEZADHASSAN22"},"content":"","lastModifiedDate":"2021-08-25"},{"lineNumber":3,"author":{"gitId":"SHEZADHASSAN22"},"content":"import java.io.IOException;","lastModifiedDate":"2021-08-25"},{"lineNumber":4,"author":{"gitId":"SHEZADHASSAN22"},"content":"import java.nio.file.*;","lastModifiedDate":"2021-08-25"},{"lineNumber":5,"author":{"gitId":"SHEZADHASSAN22"},"content":"import java.util.ArrayList;","lastModifiedDate":"2021-08-25"},{"lineNumber":6,"author":{"gitId":"SHEZADHASSAN22"},"content":"import java.util.List;","lastModifiedDate":"2021-08-25"},{"lineNumber":7,"author":{"gitId":"SHEZADHASSAN22"},"content":"","lastModifiedDate":"2021-08-25"},{"lineNumber":8,"author":{"gitId":"SHEZADHASSAN22"},"content":"public class Storage {","lastModifiedDate":"2021-08-25"},{"lineNumber":9,"author":{"gitId":"SHEZADHASSAN22"},"content":"    private String filePath;","lastModifiedDate":"2021-08-25"},{"lineNumber":10,"author":{"gitId":"SHEZADHASSAN22"},"content":"    private Path dirPath;","lastModifiedDate":"2021-08-25"},{"lineNumber":11,"author":{"gitId":"SHEZADHASSAN22"},"content":"    private Path dataPath;","lastModifiedDate":"2021-08-25"},{"lineNumber":12,"author":{"gitId":"SHEZADHASSAN22"},"content":"    private Utility utility;","lastModifiedDate":"2021-08-25"},{"lineNumber":13,"author":{"gitId":"SHEZADHASSAN22"},"content":"","lastModifiedDate":"2021-08-25"},{"lineNumber":14,"author":{"gitId":"SHEZADHASSAN22"},"content":"    public Storage(String filePath) {","lastModifiedDate":"2021-08-25"},{"lineNumber":15,"author":{"gitId":"SHEZADHASSAN22"},"content":"        this.filePath \u003d filePath;","lastModifiedDate":"2021-08-25"},{"lineNumber":16,"author":{"gitId":"SHEZADHASSAN22"},"content":"        dataPath \u003d Paths.get(filePath);","lastModifiedDate":"2021-08-25"},{"lineNumber":17,"author":{"gitId":"SHEZADHASSAN22"},"content":"        utility \u003d new Utility();","lastModifiedDate":"2021-08-25"},{"lineNumber":18,"author":{"gitId":"SHEZADHASSAN22"},"content":"    }","lastModifiedDate":"2021-08-25"},{"lineNumber":19,"author":{"gitId":"SHEZADHASSAN22"},"content":"","lastModifiedDate":"2021-08-25"},{"lineNumber":20,"author":{"gitId":"SHEZADHASSAN22"},"content":"    /**","lastModifiedDate":"2021-08-25"},{"lineNumber":21,"author":{"gitId":"SHEZADHASSAN22"},"content":"     * Loads data stored on hard disk into local list for easy manipulation.","lastModifiedDate":"2021-08-25"},{"lineNumber":22,"author":{"gitId":"SHEZADHASSAN22"},"content":"     *","lastModifiedDate":"2021-08-25"},{"lineNumber":23,"author":{"gitId":"SHEZADHASSAN22"},"content":"     * @return ArrayList of Task objects from previous session.","lastModifiedDate":"2021-08-25"},{"lineNumber":24,"author":{"gitId":"SHEZADHASSAN22"},"content":"     */","lastModifiedDate":"2021-08-25"},{"lineNumber":25,"author":{"gitId":"SHEZADHASSAN22"},"content":"    public List\u003cTask\u003e loadData() {","lastModifiedDate":"2021-08-25"},{"lineNumber":26,"author":{"gitId":"SHEZADHASSAN22"},"content":"        List\u003cTask\u003e tasks \u003d new ArrayList\u003cTask\u003e(100);","lastModifiedDate":"2021-08-25"},{"lineNumber":27,"author":{"gitId":"SHEZADHASSAN22"},"content":"","lastModifiedDate":"2021-08-25"},{"lineNumber":28,"author":{"gitId":"SHEZADHASSAN22"},"content":"        try {","lastModifiedDate":"2021-08-25"},{"lineNumber":29,"author":{"gitId":"SHEZADHASSAN22"},"content":"            if (!Files.exists(this.dataPath)) {","lastModifiedDate":"2021-08-25"},{"lineNumber":30,"author":{"gitId":"SHEZADHASSAN22"},"content":"                Files.createFile(this.dataPath);","lastModifiedDate":"2021-08-25"},{"lineNumber":31,"author":{"gitId":"SHEZADHASSAN22"},"content":"            }","lastModifiedDate":"2021-08-25"},{"lineNumber":32,"author":{"gitId":"SHEZADHASSAN22"},"content":"","lastModifiedDate":"2021-08-25"},{"lineNumber":33,"author":{"gitId":"SHEZADHASSAN22"},"content":"            Files.lines(this.dataPath).forEach(x -\u003e {","lastModifiedDate":"2021-08-25"},{"lineNumber":34,"author":{"gitId":"SHEZADHASSAN22"},"content":"                String[] data \u003d x.split(\",\");","lastModifiedDate":"2021-08-25"},{"lineNumber":35,"author":{"gitId":"SHEZADHASSAN22"},"content":"                String taskType \u003d data[0];","lastModifiedDate":"2021-08-25"},{"lineNumber":36,"author":{"gitId":"SHEZADHASSAN22"},"content":"                Task toAdd;","lastModifiedDate":"2021-08-25"},{"lineNumber":37,"author":{"gitId":"SHEZADHASSAN22"},"content":"                if (taskType.equalsIgnoreCase(\"todo\")) {","lastModifiedDate":"2021-08-25"},{"lineNumber":38,"author":{"gitId":"SHEZADHASSAN22"},"content":"                    toAdd \u003d new ToDo(data[2]);","lastModifiedDate":"2021-08-25"},{"lineNumber":39,"author":{"gitId":"SHEZADHASSAN22"},"content":"                } else if (taskType.equalsIgnoreCase(\"deadline\")) {","lastModifiedDate":"2021-08-25"},{"lineNumber":40,"author":{"gitId":"SHEZADHASSAN22"},"content":"                    toAdd \u003d new Deadline(data[2], utility.stringToDate(data[3]));","lastModifiedDate":"2021-08-25"},{"lineNumber":41,"author":{"gitId":"SHEZADHASSAN22"},"content":"                } else if (taskType.equalsIgnoreCase(\"event\")) {","lastModifiedDate":"2021-08-25"},{"lineNumber":42,"author":{"gitId":"SHEZADHASSAN22"},"content":"                    toAdd \u003d new Event(data[2], utility.stringToDate(data[3]));","lastModifiedDate":"2021-08-25"},{"lineNumber":43,"author":{"gitId":"SHEZADHASSAN22"},"content":"                } else {","lastModifiedDate":"2021-08-25"},{"lineNumber":44,"author":{"gitId":"SHEZADHASSAN22"},"content":"                    throw new IllegalArgumentException(\"Unrecognised task type on loading\");","lastModifiedDate":"2021-08-25"},{"lineNumber":45,"author":{"gitId":"SHEZADHASSAN22"},"content":"                }","lastModifiedDate":"2021-08-25"},{"lineNumber":46,"author":{"gitId":"SHEZADHASSAN22"},"content":"","lastModifiedDate":"2021-08-25"},{"lineNumber":47,"author":{"gitId":"SHEZADHASSAN22"},"content":"                if (data[1].equals(\"1\")) {","lastModifiedDate":"2021-08-25"},{"lineNumber":48,"author":{"gitId":"SHEZADHASSAN22"},"content":"                    toAdd.setDone();","lastModifiedDate":"2021-08-25"},{"lineNumber":49,"author":{"gitId":"SHEZADHASSAN22"},"content":"                }","lastModifiedDate":"2021-08-25"},{"lineNumber":50,"author":{"gitId":"SHEZADHASSAN22"},"content":"                tasks.add(toAdd);","lastModifiedDate":"2021-08-25"},{"lineNumber":51,"author":{"gitId":"SHEZADHASSAN22"},"content":"            });","lastModifiedDate":"2021-08-25"},{"lineNumber":52,"author":{"gitId":"SHEZADHASSAN22"},"content":"","lastModifiedDate":"2021-08-25"},{"lineNumber":53,"author":{"gitId":"SHEZADHASSAN22"},"content":"        } catch (IOException e) {","lastModifiedDate":"2021-08-25"},{"lineNumber":54,"author":{"gitId":"SHEZADHASSAN22"},"content":"            System.out.println(e);","lastModifiedDate":"2021-08-25"},{"lineNumber":55,"author":{"gitId":"SHEZADHASSAN22"},"content":"        }","lastModifiedDate":"2021-08-25"},{"lineNumber":56,"author":{"gitId":"SHEZADHASSAN22"},"content":"","lastModifiedDate":"2021-08-25"},{"lineNumber":57,"author":{"gitId":"SHEZADHASSAN22"},"content":"        return tasks;","lastModifiedDate":"2021-08-25"},{"lineNumber":58,"author":{"gitId":"SHEZADHASSAN22"},"content":"    }","lastModifiedDate":"2021-08-25"},{"lineNumber":59,"author":{"gitId":"SHEZADHASSAN22"},"content":"","lastModifiedDate":"2021-08-25"},{"lineNumber":60,"author":{"gitId":"SHEZADHASSAN22"},"content":"    /**","lastModifiedDate":"2021-08-25"},{"lineNumber":61,"author":{"gitId":"SHEZADHASSAN22"},"content":"     * Rewrites content in dataset according to the ArrayList.","lastModifiedDate":"2021-08-25"},{"lineNumber":62,"author":{"gitId":"SHEZADHASSAN22"},"content":"     *","lastModifiedDate":"2021-08-25"},{"lineNumber":63,"author":{"gitId":"SHEZADHASSAN22"},"content":"     * @param list ArrayList of tasks.","lastModifiedDate":"2021-08-25"},{"lineNumber":64,"author":{"gitId":"SHEZADHASSAN22"},"content":"     */","lastModifiedDate":"2021-08-25"},{"lineNumber":65,"author":{"gitId":"SHEZADHASSAN22"},"content":"    public void updateDataSet(List\u003cTask\u003e list) {","lastModifiedDate":"2021-08-25"},{"lineNumber":66,"author":{"gitId":"SHEZADHASSAN22"},"content":"        try {","lastModifiedDate":"2021-08-25"},{"lineNumber":67,"author":{"gitId":"SHEZADHASSAN22"},"content":"            Path tempPath \u003d Paths.get(\"temp.txt\");","lastModifiedDate":"2021-08-25"},{"lineNumber":68,"author":{"gitId":"SHEZADHASSAN22"},"content":"            Files.createFile(tempPath);","lastModifiedDate":"2021-08-25"},{"lineNumber":69,"author":{"gitId":"SHEZADHASSAN22"},"content":"","lastModifiedDate":"2021-08-25"},{"lineNumber":70,"author":{"gitId":"SHEZADHASSAN22"},"content":"            for (int i \u003d 0; i \u003c list.size(); i++) {","lastModifiedDate":"2021-08-25"},{"lineNumber":71,"author":{"gitId":"SHEZADHASSAN22"},"content":"                String toAdd \u003d list.get(i).getDataRep();","lastModifiedDate":"2021-08-25"},{"lineNumber":72,"author":{"gitId":"SHEZADHASSAN22"},"content":"                Files.writeString(tempPath, toAdd + System.lineSeparator(), StandardOpenOption.APPEND);","lastModifiedDate":"2021-08-25"},{"lineNumber":73,"author":{"gitId":"SHEZADHASSAN22"},"content":"            }","lastModifiedDate":"2021-08-25"},{"lineNumber":74,"author":{"gitId":"SHEZADHASSAN22"},"content":"","lastModifiedDate":"2021-08-25"},{"lineNumber":75,"author":{"gitId":"SHEZADHASSAN22"},"content":"            Files.move(tempPath, tempPath.resolveSibling(this.filePath), StandardCopyOption.REPLACE_EXISTING);","lastModifiedDate":"2021-08-25"},{"lineNumber":76,"author":{"gitId":"SHEZADHASSAN22"},"content":"        } catch (Exception e) {","lastModifiedDate":"2021-08-25"},{"lineNumber":77,"author":{"gitId":"SHEZADHASSAN22"},"content":"            System.out.println(\"cant update dataset\");","lastModifiedDate":"2021-08-25"},{"lineNumber":78,"author":{"gitId":"SHEZADHASSAN22"},"content":"        }","lastModifiedDate":"2021-08-25"},{"lineNumber":79,"author":{"gitId":"SHEZADHASSAN22"},"content":"    }","lastModifiedDate":"2021-08-25"},{"lineNumber":80,"author":{"gitId":"SHEZADHASSAN22"},"content":"","lastModifiedDate":"2021-08-25"},{"lineNumber":81,"author":{"gitId":"SHEZADHASSAN22"},"content":"    /**","lastModifiedDate":"2021-08-25"},{"lineNumber":82,"author":{"gitId":"SHEZADHASSAN22"},"content":"     * Returns data path associated with this program.","lastModifiedDate":"2021-08-25"},{"lineNumber":83,"author":{"gitId":"SHEZADHASSAN22"},"content":"     *","lastModifiedDate":"2021-08-25"},{"lineNumber":84,"author":{"gitId":"SHEZADHASSAN22"},"content":"     * @return Path object.","lastModifiedDate":"2021-08-25"},{"lineNumber":85,"author":{"gitId":"SHEZADHASSAN22"},"content":"     */","lastModifiedDate":"2021-08-25"},{"lineNumber":86,"author":{"gitId":"SHEZADHASSAN22"},"content":"    public Path getDataPath() {","lastModifiedDate":"2021-08-25"},{"lineNumber":87,"author":{"gitId":"SHEZADHASSAN22"},"content":"        return this.dataPath;","lastModifiedDate":"2021-08-25"},{"lineNumber":88,"author":{"gitId":"SHEZADHASSAN22"},"content":"    }","lastModifiedDate":"2021-08-25"},{"lineNumber":89,"author":{"gitId":"SHEZADHASSAN22"},"content":"}","lastModifiedDate":"2021-08-25"}],"authorContributionMap":{"SHEZADHASSAN22":89}},{"path":"src/main/java/duke/Task.java","fileType":"java","lines":[{"lineNumber":1,"author":{"gitId":"SHEZADHASSAN22"},"content":"package duke;","lastModifiedDate":"2021-08-25"},{"lineNumber":2,"author":{"gitId":"SHEZADHASSAN22"},"content":"","lastModifiedDate":"2021-08-25"},{"lineNumber":3,"author":{"gitId":"SHEZADHASSAN22"},"content":"import java.time.LocalDateTime;","lastModifiedDate":"2021-08-24"},{"lineNumber":4,"author":{"gitId":"SHEZADHASSAN22"},"content":"","lastModifiedDate":"2021-08-25"},{"lineNumber":5,"author":{"gitId":"SHEZADHASSAN22"},"content":"","lastModifiedDate":"2021-08-24"},{"lineNumber":6,"author":{"gitId":"SHEZADHASSAN22"},"content":"public class Task {","lastModifiedDate":"2021-08-14"},{"lineNumber":7,"author":{"gitId":"SHEZADHASSAN22"},"content":"    private String task;","lastModifiedDate":"2021-08-14"},{"lineNumber":8,"author":{"gitId":"SHEZADHASSAN22"},"content":"    private Boolean isDone;","lastModifiedDate":"2021-08-14"},{"lineNumber":9,"author":{"gitId":"SHEZADHASSAN22"},"content":"    private String statusIcon \u003d \" \";","lastModifiedDate":"2021-08-14"},{"lineNumber":10,"author":{"gitId":"SHEZADHASSAN22"},"content":"    private String taskSymbol;","lastModifiedDate":"2021-08-23"},{"lineNumber":11,"author":{"gitId":"SHEZADHASSAN22"},"content":"    private LocalDateTime date;","lastModifiedDate":"2021-08-24"},{"lineNumber":12,"author":{"gitId":"SHEZADHASSAN22"},"content":"    private Utility utility;","lastModifiedDate":"2021-08-25"},{"lineNumber":13,"author":{"gitId":"SHEZADHASSAN22"},"content":"","lastModifiedDate":"2021-08-14"},{"lineNumber":14,"author":{"gitId":"SHEZADHASSAN22"},"content":"    /**","lastModifiedDate":"2021-08-23"},{"lineNumber":15,"author":{"gitId":"SHEZADHASSAN22"},"content":"     * Constructor for Events and Deadlines which have a date","lastModifiedDate":"2021-08-23"},{"lineNumber":16,"author":{"gitId":"SHEZADHASSAN22"},"content":"     * @param task Deadline or duke.Event.","lastModifiedDate":"2021-08-25"},{"lineNumber":17,"author":{"gitId":"SHEZADHASSAN22"},"content":"     * @param taskSymbol D or T.","lastModifiedDate":"2021-08-23"},{"lineNumber":18,"author":{"gitId":"SHEZADHASSAN22"},"content":"     * @param date Date associated with task.","lastModifiedDate":"2021-08-23"},{"lineNumber":19,"author":{"gitId":"SHEZADHASSAN22"},"content":"     */","lastModifiedDate":"2021-08-23"},{"lineNumber":20,"author":{"gitId":"SHEZADHASSAN22"},"content":"    public Task(String task, String taskSymbol, LocalDateTime date) {","lastModifiedDate":"2021-08-24"},{"lineNumber":21,"author":{"gitId":"SHEZADHASSAN22"},"content":"        this.task \u003d task;","lastModifiedDate":"2021-08-14"},{"lineNumber":22,"author":{"gitId":"SHEZADHASSAN22"},"content":"        this.isDone \u003d false;","lastModifiedDate":"2021-08-14"},{"lineNumber":23,"author":{"gitId":"SHEZADHASSAN22"},"content":"        this.taskSymbol \u003d taskSymbol;","lastModifiedDate":"2021-08-23"},{"lineNumber":24,"author":{"gitId":"SHEZADHASSAN22"},"content":"        this.date \u003d date;","lastModifiedDate":"2021-08-23"},{"lineNumber":25,"author":{"gitId":"SHEZADHASSAN22"},"content":"        this.utility \u003d new Utility();","lastModifiedDate":"2021-08-25"},{"lineNumber":26,"author":{"gitId":"SHEZADHASSAN22"},"content":"    }","lastModifiedDate":"2021-08-23"},{"lineNumber":27,"author":{"gitId":"SHEZADHASSAN22"},"content":"","lastModifiedDate":"2021-08-23"},{"lineNumber":28,"author":{"gitId":"SHEZADHASSAN22"},"content":"    /**","lastModifiedDate":"2021-08-23"},{"lineNumber":29,"author":{"gitId":"SHEZADHASSAN22"},"content":"     * Constructor for tasks of type todo which do not have a date.","lastModifiedDate":"2021-08-23"},{"lineNumber":30,"author":{"gitId":"SHEZADHASSAN22"},"content":"     *","lastModifiedDate":"2021-08-25"},{"lineNumber":31,"author":{"gitId":"SHEZADHASSAN22"},"content":"     * @param task Todo type task.","lastModifiedDate":"2021-08-23"},{"lineNumber":32,"author":{"gitId":"SHEZADHASSAN22"},"content":"     * @param taskSymbol T.","lastModifiedDate":"2021-08-23"},{"lineNumber":33,"author":{"gitId":"SHEZADHASSAN22"},"content":"     */","lastModifiedDate":"2021-08-23"},{"lineNumber":34,"author":{"gitId":"SHEZADHASSAN22"},"content":"    public Task(String task, String taskSymbol) {","lastModifiedDate":"2021-08-23"},{"lineNumber":35,"author":{"gitId":"SHEZADHASSAN22"},"content":"        this.task \u003d task;","lastModifiedDate":"2021-08-23"},{"lineNumber":36,"author":{"gitId":"SHEZADHASSAN22"},"content":"        this.isDone \u003d false;","lastModifiedDate":"2021-08-23"},{"lineNumber":37,"author":{"gitId":"SHEZADHASSAN22"},"content":"        this.taskSymbol \u003d taskSymbol;","lastModifiedDate":"2021-08-23"},{"lineNumber":38,"author":{"gitId":"SHEZADHASSAN22"},"content":"    }","lastModifiedDate":"2021-08-23"},{"lineNumber":39,"author":{"gitId":"SHEZADHASSAN22"},"content":"","lastModifiedDate":"2021-08-23"},{"lineNumber":40,"author":{"gitId":"SHEZADHASSAN22"},"content":"    /**","lastModifiedDate":"2021-08-23"},{"lineNumber":41,"author":{"gitId":"SHEZADHASSAN22"},"content":"     * Represents task in the from that it is stored in the data file.","lastModifiedDate":"2021-08-25"},{"lineNumber":42,"author":{"gitId":"SHEZADHASSAN22"},"content":"     *","lastModifiedDate":"2021-08-25"},{"lineNumber":43,"author":{"gitId":"SHEZADHASSAN22"},"content":"     * @return String of the task in the form required by teh data file.","lastModifiedDate":"2021-08-23"},{"lineNumber":44,"author":{"gitId":"SHEZADHASSAN22"},"content":"     */","lastModifiedDate":"2021-08-23"},{"lineNumber":45,"author":{"gitId":"SHEZADHASSAN22"},"content":"    public String getDataRep() {","lastModifiedDate":"2021-08-23"},{"lineNumber":46,"author":{"gitId":"SHEZADHASSAN22"},"content":"        String status;","lastModifiedDate":"2021-08-23"},{"lineNumber":47,"author":{"gitId":"SHEZADHASSAN22"},"content":"        String data;","lastModifiedDate":"2021-08-24"},{"lineNumber":48,"author":{"gitId":"SHEZADHASSAN22"},"content":"        if (this.isDone) {","lastModifiedDate":"2021-08-23"},{"lineNumber":49,"author":{"gitId":"SHEZADHASSAN22"},"content":"            status \u003d \"1\";","lastModifiedDate":"2021-08-23"},{"lineNumber":50,"author":{"gitId":"SHEZADHASSAN22"},"content":"        } else {","lastModifiedDate":"2021-08-23"},{"lineNumber":51,"author":{"gitId":"SHEZADHASSAN22"},"content":"            status \u003d \"0\";","lastModifiedDate":"2021-08-23"},{"lineNumber":52,"author":{"gitId":"SHEZADHASSAN22"},"content":"        }","lastModifiedDate":"2021-08-23"},{"lineNumber":53,"author":{"gitId":"SHEZADHASSAN22"},"content":"","lastModifiedDate":"2021-08-23"},{"lineNumber":54,"author":{"gitId":"SHEZADHASSAN22"},"content":"        if (this.taskSymbol.equals(\"T\")) {","lastModifiedDate":"2021-08-23"},{"lineNumber":55,"author":{"gitId":"SHEZADHASSAN22"},"content":"            data \u003d String.format(\"%s,%s,%s\", this.getTaskType(), status, this.task);","lastModifiedDate":"2021-08-24"},{"lineNumber":56,"author":{"gitId":"SHEZADHASSAN22"},"content":"        } else {","lastModifiedDate":"2021-08-23"},{"lineNumber":57,"author":{"gitId":"SHEZADHASSAN22"},"content":"            data \u003d String.format(\"%s,%s,%s,%s\", this.getTaskType(), status, this.task,utility.dateToInputString(this.date));","lastModifiedDate":"2021-08-25"},{"lineNumber":58,"author":{"gitId":"SHEZADHASSAN22"},"content":"        }","lastModifiedDate":"2021-08-23"},{"lineNumber":59,"author":{"gitId":"SHEZADHASSAN22"},"content":"        return data;","lastModifiedDate":"2021-08-24"},{"lineNumber":60,"author":{"gitId":"SHEZADHASSAN22"},"content":"    }","lastModifiedDate":"2021-08-23"},{"lineNumber":61,"author":{"gitId":"SHEZADHASSAN22"},"content":"","lastModifiedDate":"2021-08-23"},{"lineNumber":62,"author":{"gitId":"SHEZADHASSAN22"},"content":"    /**","lastModifiedDate":"2021-08-23"},{"lineNumber":63,"author":{"gitId":"SHEZADHASSAN22"},"content":"     * Gets the symbol of the task which is the first letter of the task type.","lastModifiedDate":"2021-08-25"},{"lineNumber":64,"author":{"gitId":"SHEZADHASSAN22"},"content":"     *","lastModifiedDate":"2021-08-25"},{"lineNumber":65,"author":{"gitId":"SHEZADHASSAN22"},"content":"     * @return Upper-case first letter of task type.","lastModifiedDate":"2021-08-23"},{"lineNumber":66,"author":{"gitId":"SHEZADHASSAN22"},"content":"     */","lastModifiedDate":"2021-08-23"},{"lineNumber":67,"author":{"gitId":"SHEZADHASSAN22"},"content":"    public String getTaskSymbol() {","lastModifiedDate":"2021-08-23"},{"lineNumber":68,"author":{"gitId":"SHEZADHASSAN22"},"content":"        return this.taskSymbol;","lastModifiedDate":"2021-08-23"},{"lineNumber":69,"author":{"gitId":"SHEZADHASSAN22"},"content":"    }","lastModifiedDate":"2021-08-23"},{"lineNumber":70,"author":{"gitId":"SHEZADHASSAN22"},"content":"","lastModifiedDate":"2021-08-23"},{"lineNumber":71,"author":{"gitId":"SHEZADHASSAN22"},"content":"    /**","lastModifiedDate":"2021-08-23"},{"lineNumber":72,"author":{"gitId":"SHEZADHASSAN22"},"content":"     * Gets the type of task - todo, event and deadline.","lastModifiedDate":"2021-08-25"},{"lineNumber":73,"author":{"gitId":"SHEZADHASSAN22"},"content":"     *","lastModifiedDate":"2021-08-25"},{"lineNumber":74,"author":{"gitId":"SHEZADHASSAN22"},"content":"     * @return String representation of task type.","lastModifiedDate":"2021-08-25"},{"lineNumber":75,"author":{"gitId":"SHEZADHASSAN22"},"content":"     */","lastModifiedDate":"2021-08-23"},{"lineNumber":76,"author":{"gitId":"SHEZADHASSAN22"},"content":"    public String getTaskType() {","lastModifiedDate":"2021-08-23"},{"lineNumber":77,"author":{"gitId":"SHEZADHASSAN22"},"content":"        if (this.taskSymbol.equals(\"T\")) {","lastModifiedDate":"2021-08-23"},{"lineNumber":78,"author":{"gitId":"SHEZADHASSAN22"},"content":"            return \"todo\";","lastModifiedDate":"2021-08-23"},{"lineNumber":79,"author":{"gitId":"SHEZADHASSAN22"},"content":"        } else if (this.taskSymbol.equals(\"D\")) {","lastModifiedDate":"2021-08-23"},{"lineNumber":80,"author":{"gitId":"SHEZADHASSAN22"},"content":"            return \"deadline\";","lastModifiedDate":"2021-08-23"},{"lineNumber":81,"author":{"gitId":"SHEZADHASSAN22"},"content":"        } else {","lastModifiedDate":"2021-08-23"},{"lineNumber":82,"author":{"gitId":"SHEZADHASSAN22"},"content":"            return \"event\";","lastModifiedDate":"2021-08-23"},{"lineNumber":83,"author":{"gitId":"SHEZADHASSAN22"},"content":"        }","lastModifiedDate":"2021-08-23"},{"lineNumber":84,"author":{"gitId":"SHEZADHASSAN22"},"content":"    }","lastModifiedDate":"2021-08-14"},{"lineNumber":85,"author":{"gitId":"SHEZADHASSAN22"},"content":"","lastModifiedDate":"2021-08-14"},{"lineNumber":86,"author":{"gitId":"SHEZADHASSAN22"},"content":"    public String dateToString(LocalDateTime dateTime) {","lastModifiedDate":"2021-08-24"},{"lineNumber":87,"author":{"gitId":"SHEZADHASSAN22"},"content":"        return utility.dateToString(dateTime);","lastModifiedDate":"2021-08-25"},{"lineNumber":88,"author":{"gitId":"SHEZADHASSAN22"},"content":"    }","lastModifiedDate":"2021-08-24"},{"lineNumber":89,"author":{"gitId":"SHEZADHASSAN22"},"content":"","lastModifiedDate":"2021-08-24"},{"lineNumber":90,"author":{"gitId":"SHEZADHASSAN22"},"content":"    /**","lastModifiedDate":"2021-08-14"},{"lineNumber":91,"author":{"gitId":"SHEZADHASSAN22"},"content":"     * Sets task to done.","lastModifiedDate":"2021-08-14"},{"lineNumber":92,"author":{"gitId":"SHEZADHASSAN22"},"content":"     */","lastModifiedDate":"2021-08-14"},{"lineNumber":93,"author":{"gitId":"SHEZADHASSAN22"},"content":"    public void setDone() {","lastModifiedDate":"2021-08-14"},{"lineNumber":94,"author":{"gitId":"SHEZADHASSAN22"},"content":"        this.isDone \u003d true;","lastModifiedDate":"2021-08-14"},{"lineNumber":95,"author":{"gitId":"SHEZADHASSAN22"},"content":"        this.statusIcon \u003d \"X\";","lastModifiedDate":"2021-08-14"},{"lineNumber":96,"author":{"gitId":"SHEZADHASSAN22"},"content":"    }","lastModifiedDate":"2021-08-14"},{"lineNumber":97,"author":{"gitId":"SHEZADHASSAN22"},"content":"","lastModifiedDate":"2021-08-14"},{"lineNumber":98,"author":{"gitId":"SHEZADHASSAN22"},"content":"    /**","lastModifiedDate":"2021-08-14"},{"lineNumber":99,"author":{"gitId":"SHEZADHASSAN22"},"content":"     * Check if task is done.","lastModifiedDate":"2021-08-14"},{"lineNumber":100,"author":{"gitId":"SHEZADHASSAN22"},"content":"     * @return True if task is done and False otherwise.","lastModifiedDate":"2021-08-14"},{"lineNumber":101,"author":{"gitId":"SHEZADHASSAN22"},"content":"     */","lastModifiedDate":"2021-08-14"},{"lineNumber":102,"author":{"gitId":"SHEZADHASSAN22"},"content":"    public Boolean checkStatus() {","lastModifiedDate":"2021-08-14"},{"lineNumber":103,"author":{"gitId":"SHEZADHASSAN22"},"content":"        return isDone;","lastModifiedDate":"2021-08-14"},{"lineNumber":104,"author":{"gitId":"SHEZADHASSAN22"},"content":"    }","lastModifiedDate":"2021-08-14"},{"lineNumber":105,"author":{"gitId":"SHEZADHASSAN22"},"content":"","lastModifiedDate":"2021-08-14"},{"lineNumber":106,"author":{"gitId":"SHEZADHASSAN22"},"content":"    /**","lastModifiedDate":"2021-08-14"},{"lineNumber":107,"author":{"gitId":"SHEZADHASSAN22"},"content":"     * Checks task status and returns String representation of the task and its status.","lastModifiedDate":"2021-08-14"},{"lineNumber":108,"author":{"gitId":"SHEZADHASSAN22"},"content":"     * @return String of the task and its status.","lastModifiedDate":"2021-08-14"},{"lineNumber":109,"author":{"gitId":"SHEZADHASSAN22"},"content":"     */","lastModifiedDate":"2021-08-14"},{"lineNumber":110,"author":{"gitId":"SHEZADHASSAN22"},"content":"    @Override","lastModifiedDate":"2021-08-14"},{"lineNumber":111,"author":{"gitId":"SHEZADHASSAN22"},"content":"    public String toString(){","lastModifiedDate":"2021-08-14"},{"lineNumber":112,"author":{"gitId":"SHEZADHASSAN22"},"content":"        return String.format(\"[%s] %s\", this.statusIcon, this.task);","lastModifiedDate":"2021-08-14"},{"lineNumber":113,"author":{"gitId":"SHEZADHASSAN22"},"content":"    }","lastModifiedDate":"2021-08-14"},{"lineNumber":114,"author":{"gitId":"SHEZADHASSAN22"},"content":"}","lastModifiedDate":"2021-08-14"}],"authorContributionMap":{"SHEZADHASSAN22":114}},{"path":"src/main/java/duke/TaskList.java","fileType":"java","lines":[{"lineNumber":1,"author":{"gitId":"SHEZADHASSAN22"},"content":"package duke;","lastModifiedDate":"2021-08-25"},{"lineNumber":2,"author":{"gitId":"SHEZADHASSAN22"},"content":"","lastModifiedDate":"2021-08-25"},{"lineNumber":3,"author":{"gitId":"SHEZADHASSAN22"},"content":"import java.io.IOException;","lastModifiedDate":"2021-08-25"},{"lineNumber":4,"author":{"gitId":"SHEZADHASSAN22"},"content":"import java.nio.file.Files;","lastModifiedDate":"2021-08-25"},{"lineNumber":5,"author":{"gitId":"SHEZADHASSAN22"},"content":"import java.nio.file.Path;","lastModifiedDate":"2021-08-25"},{"lineNumber":6,"author":{"gitId":"SHEZADHASSAN22"},"content":"import java.nio.file.StandardOpenOption;","lastModifiedDate":"2021-08-25"},{"lineNumber":7,"author":{"gitId":"SHEZADHASSAN22"},"content":"import java.time.LocalDateTime;","lastModifiedDate":"2021-08-25"},{"lineNumber":8,"author":{"gitId":"SHEZADHASSAN22"},"content":"import java.time.format.DateTimeParseException;","lastModifiedDate":"2021-08-25"},{"lineNumber":9,"author":{"gitId":"SHEZADHASSAN22"},"content":"import java.util.ArrayList;","lastModifiedDate":"2021-08-25"},{"lineNumber":10,"author":{"gitId":"SHEZADHASSAN22"},"content":"import java.util.List;","lastModifiedDate":"2021-08-25"},{"lineNumber":11,"author":{"gitId":"SHEZADHASSAN22"},"content":"","lastModifiedDate":"2021-08-25"},{"lineNumber":12,"author":{"gitId":"SHEZADHASSAN22"},"content":"public class TaskList {","lastModifiedDate":"2021-08-25"},{"lineNumber":13,"author":{"gitId":"SHEZADHASSAN22"},"content":"    List\u003cTask\u003e tasks;","lastModifiedDate":"2021-08-25"},{"lineNumber":14,"author":{"gitId":"SHEZADHASSAN22"},"content":"    Utility utility;","lastModifiedDate":"2021-08-25"},{"lineNumber":15,"author":{"gitId":"SHEZADHASSAN22"},"content":"","lastModifiedDate":"2021-08-25"},{"lineNumber":16,"author":{"gitId":"SHEZADHASSAN22"},"content":"","lastModifiedDate":"2021-08-25"},{"lineNumber":17,"author":{"gitId":"SHEZADHASSAN22"},"content":"    public TaskList(List\u003cTask\u003e tasks) {","lastModifiedDate":"2021-08-25"},{"lineNumber":18,"author":{"gitId":"SHEZADHASSAN22"},"content":"        this.tasks \u003d tasks;","lastModifiedDate":"2021-08-25"},{"lineNumber":19,"author":{"gitId":"SHEZADHASSAN22"},"content":"        utility \u003d new Utility();","lastModifiedDate":"2021-08-25"},{"lineNumber":20,"author":{"gitId":"SHEZADHASSAN22"},"content":"    }","lastModifiedDate":"2021-08-25"},{"lineNumber":21,"author":{"gitId":"SHEZADHASSAN22"},"content":"","lastModifiedDate":"2021-08-25"},{"lineNumber":22,"author":{"gitId":"SHEZADHASSAN22"},"content":"    public TaskList() {","lastModifiedDate":"2021-08-25"},{"lineNumber":23,"author":{"gitId":"SHEZADHASSAN22"},"content":"        this.tasks \u003d new ArrayList\u003cTask\u003e(100);","lastModifiedDate":"2021-08-25"},{"lineNumber":24,"author":{"gitId":"SHEZADHASSAN22"},"content":"        utility \u003d new Utility();","lastModifiedDate":"2021-08-25"},{"lineNumber":25,"author":{"gitId":"SHEZADHASSAN22"},"content":"    }","lastModifiedDate":"2021-08-25"},{"lineNumber":26,"author":{"gitId":"SHEZADHASSAN22"},"content":"","lastModifiedDate":"2021-08-25"},{"lineNumber":27,"author":{"gitId":"SHEZADHASSAN22"},"content":"    /**","lastModifiedDate":"2021-08-25"},{"lineNumber":28,"author":{"gitId":"SHEZADHASSAN22"},"content":"     * Adds a task to the List of tasks and to the data file.","lastModifiedDate":"2021-08-25"},{"lineNumber":29,"author":{"gitId":"SHEZADHASSAN22"},"content":"     *","lastModifiedDate":"2021-08-25"},{"lineNumber":30,"author":{"gitId":"SHEZADHASSAN22"},"content":"     * @param userInput String of task to add.","lastModifiedDate":"2021-08-25"},{"lineNumber":31,"author":{"gitId":"SHEZADHASSAN22"},"content":"     * @param dataPath Path to the data storage file.","lastModifiedDate":"2021-08-25"},{"lineNumber":32,"author":{"gitId":"SHEZADHASSAN22"},"content":"     */","lastModifiedDate":"2021-08-25"},{"lineNumber":33,"author":{"gitId":"SHEZADHASSAN22"},"content":"    public String addTask(String userInput, Path dataPath) {","lastModifiedDate":"2021-08-25"},{"lineNumber":34,"author":{"gitId":"SHEZADHASSAN22"},"content":"        Task taskToAdd;","lastModifiedDate":"2021-08-25"},{"lineNumber":35,"author":{"gitId":"SHEZADHASSAN22"},"content":"        String dataToStore;","lastModifiedDate":"2021-08-25"},{"lineNumber":36,"author":{"gitId":"SHEZADHASSAN22"},"content":"","lastModifiedDate":"2021-08-25"},{"lineNumber":37,"author":{"gitId":"SHEZADHASSAN22"},"content":"        try{","lastModifiedDate":"2021-08-25"},{"lineNumber":38,"author":{"gitId":"SHEZADHASSAN22"},"content":"            if (userInput.toLowerCase().startsWith(\"todo\")) {","lastModifiedDate":"2021-08-25"},{"lineNumber":39,"author":{"gitId":"SHEZADHASSAN22"},"content":"                taskToAdd \u003d new ToDo(userInput.substring(5));","lastModifiedDate":"2021-08-25"},{"lineNumber":40,"author":{"gitId":"SHEZADHASSAN22"},"content":"            } else {","lastModifiedDate":"2021-08-25"},{"lineNumber":41,"author":{"gitId":"SHEZADHASSAN22"},"content":"                String[] input \u003d userInput.split(\" \");","lastModifiedDate":"2021-08-25"},{"lineNumber":42,"author":{"gitId":"SHEZADHASSAN22"},"content":"","lastModifiedDate":"2021-08-25"},{"lineNumber":43,"author":{"gitId":"SHEZADHASSAN22"},"content":"                int taskIndex \u003d input[0].length() + 1;","lastModifiedDate":"2021-08-25"},{"lineNumber":44,"author":{"gitId":"SHEZADHASSAN22"},"content":"                int dateIndex \u003d userInput.indexOf(\"/\");","lastModifiedDate":"2021-08-25"},{"lineNumber":45,"author":{"gitId":"SHEZADHASSAN22"},"content":"                String[] dateAndTask \u003d utility.seperateDateFromTask(dateIndex,taskIndex, userInput);","lastModifiedDate":"2021-08-25"},{"lineNumber":46,"author":{"gitId":"SHEZADHASSAN22"},"content":"","lastModifiedDate":"2021-08-25"},{"lineNumber":47,"author":{"gitId":"SHEZADHASSAN22"},"content":"                String str \u003d dateAndTask[1];","lastModifiedDate":"2021-08-25"},{"lineNumber":48,"author":{"gitId":"SHEZADHASSAN22"},"content":"                LocalDateTime dateTime \u003d utility.stringToDate(str);","lastModifiedDate":"2021-08-25"},{"lineNumber":49,"author":{"gitId":"SHEZADHASSAN22"},"content":"","lastModifiedDate":"2021-08-25"},{"lineNumber":50,"author":{"gitId":"SHEZADHASSAN22"},"content":"                if (userInput.toLowerCase().startsWith(\"deadline\")){","lastModifiedDate":"2021-08-25"},{"lineNumber":51,"author":{"gitId":"SHEZADHASSAN22"},"content":"                    taskToAdd \u003d new Deadline(dateAndTask[0], dateTime);","lastModifiedDate":"2021-08-25"},{"lineNumber":52,"author":{"gitId":"SHEZADHASSAN22"},"content":"                } else if (userInput.toLowerCase().startsWith(\"event\")) {","lastModifiedDate":"2021-08-25"},{"lineNumber":53,"author":{"gitId":"SHEZADHASSAN22"},"content":"                    taskToAdd \u003d new Event(dateAndTask[0], dateTime);","lastModifiedDate":"2021-08-25"},{"lineNumber":54,"author":{"gitId":"SHEZADHASSAN22"},"content":"                } else {","lastModifiedDate":"2021-08-25"},{"lineNumber":55,"author":{"gitId":"SHEZADHASSAN22"},"content":"                    throw new IllegalArgumentException(\"Please specify type of task\");","lastModifiedDate":"2021-08-25"},{"lineNumber":56,"author":{"gitId":"SHEZADHASSAN22"},"content":"                }","lastModifiedDate":"2021-08-25"},{"lineNumber":57,"author":{"gitId":"SHEZADHASSAN22"},"content":"            }","lastModifiedDate":"2021-08-25"},{"lineNumber":58,"author":{"gitId":"SHEZADHASSAN22"},"content":"            // Add task to data file","lastModifiedDate":"2021-08-25"},{"lineNumber":59,"author":{"gitId":"SHEZADHASSAN22"},"content":"            dataToStore \u003d taskToAdd.getDataRep();","lastModifiedDate":"2021-08-25"},{"lineNumber":60,"author":{"gitId":"SHEZADHASSAN22"},"content":"            Files.writeString(dataPath, dataToStore + System.lineSeparator(), StandardOpenOption.APPEND);","lastModifiedDate":"2021-08-25"},{"lineNumber":61,"author":{"gitId":"SHEZADHASSAN22"},"content":"","lastModifiedDate":"2021-08-25"},{"lineNumber":62,"author":{"gitId":"SHEZADHASSAN22"},"content":"            // Add task To arrayList","lastModifiedDate":"2021-08-25"},{"lineNumber":63,"author":{"gitId":"SHEZADHASSAN22"},"content":"            this.tasks.add(taskToAdd);","lastModifiedDate":"2021-08-25"},{"lineNumber":64,"author":{"gitId":"SHEZADHASSAN22"},"content":"","lastModifiedDate":"2021-08-25"},{"lineNumber":65,"author":{"gitId":"SHEZADHASSAN22"},"content":"            return(String.format(\"Got it. I\u0027ve added this task:\\n\" +","lastModifiedDate":"2021-08-25"},{"lineNumber":66,"author":{"gitId":"SHEZADHASSAN22"},"content":"                    \"%s\\nNumber of tasks: %s\", taskToAdd.toString(), tasks.size()));","lastModifiedDate":"2021-08-25"},{"lineNumber":67,"author":{"gitId":"SHEZADHASSAN22"},"content":"","lastModifiedDate":"2021-08-25"},{"lineNumber":68,"author":{"gitId":"SHEZADHASSAN22"},"content":"        } catch (IllegalArgumentException e) {","lastModifiedDate":"2021-08-25"},{"lineNumber":69,"author":{"gitId":"SHEZADHASSAN22"},"content":"            return(\"OOPS!!! I\u0027m sorry, but I don\u0027t know what that means :-(\");","lastModifiedDate":"2021-08-25"},{"lineNumber":70,"author":{"gitId":"SHEZADHASSAN22"},"content":"        } catch(IOException | StringIndexOutOfBoundsException | DateTimeParseException  e) {","lastModifiedDate":"2021-08-25"},{"lineNumber":71,"author":{"gitId":"SHEZADHASSAN22"},"content":"            return(\"Invalid Input format -\u003e \u003ctaskType\u003e \u003ctask\u003e \u003c/by or /at\u003e \u003cyyyy-MM-dd HHmm\u003e\");","lastModifiedDate":"2021-08-25"},{"lineNumber":72,"author":{"gitId":"SHEZADHASSAN22"},"content":"        }","lastModifiedDate":"2021-08-25"},{"lineNumber":73,"author":{"gitId":"SHEZADHASSAN22"},"content":"    }","lastModifiedDate":"2021-08-25"},{"lineNumber":74,"author":{"gitId":"SHEZADHASSAN22"},"content":"","lastModifiedDate":"2021-08-25"},{"lineNumber":75,"author":{"gitId":"SHEZADHASSAN22"},"content":"    /**","lastModifiedDate":"2021-08-25"},{"lineNumber":76,"author":{"gitId":"SHEZADHASSAN22"},"content":"     * Deletes a task from the array of tasks.","lastModifiedDate":"2021-08-25"},{"lineNumber":77,"author":{"gitId":"SHEZADHASSAN22"},"content":"     *","lastModifiedDate":"2021-08-25"},{"lineNumber":78,"author":{"gitId":"SHEZADHASSAN22"},"content":"     * @param userInput String of task to delete.","lastModifiedDate":"2021-08-25"},{"lineNumber":79,"author":{"gitId":"SHEZADHASSAN22"},"content":"     */","lastModifiedDate":"2021-08-25"},{"lineNumber":80,"author":{"gitId":"SHEZADHASSAN22"},"content":"    public String deleteTask(String userInput) {","lastModifiedDate":"2021-08-25"},{"lineNumber":81,"author":{"gitId":"SHEZADHASSAN22"},"content":"        try {","lastModifiedDate":"2021-08-25"},{"lineNumber":82,"author":{"gitId":"SHEZADHASSAN22"},"content":"            //Delete from ArrayList","lastModifiedDate":"2021-08-25"},{"lineNumber":83,"author":{"gitId":"SHEZADHASSAN22"},"content":"            int taskToDel \u003d Integer.parseInt(userInput.substring(7)) - 1;","lastModifiedDate":"2021-08-25"},{"lineNumber":84,"author":{"gitId":"SHEZADHASSAN22"},"content":"            Task task \u003d this.tasks.get(taskToDel);","lastModifiedDate":"2021-08-25"},{"lineNumber":85,"author":{"gitId":"SHEZADHASSAN22"},"content":"            this.tasks.remove(taskToDel);","lastModifiedDate":"2021-08-25"},{"lineNumber":86,"author":{"gitId":"SHEZADHASSAN22"},"content":"            return(String.format(\"Noted. I\u0027ve removed this task:\\n%s\\nNow you have %s tasks in list\"","lastModifiedDate":"2021-08-25"},{"lineNumber":87,"author":{"gitId":"SHEZADHASSAN22"},"content":"                    , task, this.tasks.size()));","lastModifiedDate":"2021-08-25"},{"lineNumber":88,"author":{"gitId":"SHEZADHASSAN22"},"content":"        } catch (StringIndexOutOfBoundsException e) {","lastModifiedDate":"2021-08-25"},{"lineNumber":89,"author":{"gitId":"SHEZADHASSAN22"},"content":"            return(\"OOPS!!! You cannot delete nothing!\");","lastModifiedDate":"2021-08-25"},{"lineNumber":90,"author":{"gitId":"SHEZADHASSAN22"},"content":"        } catch (NumberFormatException e) {","lastModifiedDate":"2021-08-25"},{"lineNumber":91,"author":{"gitId":"SHEZADHASSAN22"},"content":"            return(\"OOPS!!! Must be a number bodoh\");","lastModifiedDate":"2021-08-25"},{"lineNumber":92,"author":{"gitId":"SHEZADHASSAN22"},"content":"        } catch (IndexOutOfBoundsException e) {","lastModifiedDate":"2021-08-25"},{"lineNumber":93,"author":{"gitId":"SHEZADHASSAN22"},"content":"            return(\"OOPS!!! Number doesnt exist\");","lastModifiedDate":"2021-08-25"},{"lineNumber":94,"author":{"gitId":"SHEZADHASSAN22"},"content":"        }","lastModifiedDate":"2021-08-25"},{"lineNumber":95,"author":{"gitId":"SHEZADHASSAN22"},"content":"    }","lastModifiedDate":"2021-08-25"},{"lineNumber":96,"author":{"gitId":"SHEZADHASSAN22"},"content":"","lastModifiedDate":"2021-08-25"},{"lineNumber":97,"author":{"gitId":"SHEZADHASSAN22"},"content":"    /**","lastModifiedDate":"2021-08-25"},{"lineNumber":98,"author":{"gitId":"SHEZADHASSAN22"},"content":"     * Marks a task as complete.","lastModifiedDate":"2021-08-25"},{"lineNumber":99,"author":{"gitId":"SHEZADHASSAN22"},"content":"     *","lastModifiedDate":"2021-08-25"},{"lineNumber":100,"author":{"gitId":"SHEZADHASSAN22"},"content":"     * @param userInput Text beginning with \u0027done\u0027 followed by a number.","lastModifiedDate":"2021-08-25"},{"lineNumber":101,"author":{"gitId":"SHEZADHASSAN22"},"content":"     */","lastModifiedDate":"2021-08-25"},{"lineNumber":102,"author":{"gitId":"SHEZADHASSAN22"},"content":"    public String markTaskDone(String userInput) {","lastModifiedDate":"2021-08-25"},{"lineNumber":103,"author":{"gitId":"SHEZADHASSAN22"},"content":"        try {","lastModifiedDate":"2021-08-25"},{"lineNumber":104,"author":{"gitId":"SHEZADHASSAN22"},"content":"            int taskIndex \u003d Integer.parseInt(userInput.substring(5)) - 1;","lastModifiedDate":"2021-08-25"},{"lineNumber":105,"author":{"gitId":"SHEZADHASSAN22"},"content":"            Task task \u003d this.tasks.get(taskIndex);","lastModifiedDate":"2021-08-25"},{"lineNumber":106,"author":{"gitId":"SHEZADHASSAN22"},"content":"            if (task.checkStatus()) {","lastModifiedDate":"2021-08-25"},{"lineNumber":107,"author":{"gitId":"SHEZADHASSAN22"},"content":"                return(\"Youve already marked this task as done!\");","lastModifiedDate":"2021-08-25"},{"lineNumber":108,"author":{"gitId":"SHEZADHASSAN22"},"content":"            } else {","lastModifiedDate":"2021-08-25"},{"lineNumber":109,"author":{"gitId":"SHEZADHASSAN22"},"content":"                task.setDone();","lastModifiedDate":"2021-08-25"},{"lineNumber":110,"author":{"gitId":"SHEZADHASSAN22"},"content":"                return(\"Nice! I\u0027ve marked this task as done:\\n\" + task.toString());","lastModifiedDate":"2021-08-25"},{"lineNumber":111,"author":{"gitId":"SHEZADHASSAN22"},"content":"            }","lastModifiedDate":"2021-08-25"},{"lineNumber":112,"author":{"gitId":"SHEZADHASSAN22"},"content":"        } catch (StringIndexOutOfBoundsException e) {","lastModifiedDate":"2021-08-25"},{"lineNumber":113,"author":{"gitId":"SHEZADHASSAN22"},"content":"            return(\"OOPS!!! You cannot mark nothing as done!\");","lastModifiedDate":"2021-08-25"},{"lineNumber":114,"author":{"gitId":"SHEZADHASSAN22"},"content":"        } catch (NumberFormatException e) {","lastModifiedDate":"2021-08-25"},{"lineNumber":115,"author":{"gitId":"SHEZADHASSAN22"},"content":"            return(\"OOPS!!! Must be a number bodoh\");","lastModifiedDate":"2021-08-25"},{"lineNumber":116,"author":{"gitId":"SHEZADHASSAN22"},"content":"        } catch (IndexOutOfBoundsException e) {","lastModifiedDate":"2021-08-25"},{"lineNumber":117,"author":{"gitId":"SHEZADHASSAN22"},"content":"            return(\"OOPS!!! NUmber doesnt exist\");","lastModifiedDate":"2021-08-25"},{"lineNumber":118,"author":{"gitId":"SHEZADHASSAN22"},"content":"        }","lastModifiedDate":"2021-08-25"},{"lineNumber":119,"author":{"gitId":"SHEZADHASSAN22"},"content":"    }","lastModifiedDate":"2021-08-25"},{"lineNumber":120,"author":{"gitId":"SHEZADHASSAN22"},"content":"","lastModifiedDate":"2021-08-25"},{"lineNumber":121,"author":{"gitId":"SHEZADHASSAN22"},"content":"    public List\u003cTask\u003e getTasks() {","lastModifiedDate":"2021-08-25"},{"lineNumber":122,"author":{"gitId":"SHEZADHASSAN22"},"content":"        return this.tasks;","lastModifiedDate":"2021-08-25"},{"lineNumber":123,"author":{"gitId":"SHEZADHASSAN22"},"content":"    }","lastModifiedDate":"2021-08-25"},{"lineNumber":124,"author":{"gitId":"SHEZADHASSAN22"},"content":"","lastModifiedDate":"2021-08-25"},{"lineNumber":125,"author":{"gitId":"SHEZADHASSAN22"},"content":"    /**","lastModifiedDate":"2021-08-25"},{"lineNumber":126,"author":{"gitId":"SHEZADHASSAN22"},"content":"     * Prints the list of todos sequentially.","lastModifiedDate":"2021-08-25"},{"lineNumber":127,"author":{"gitId":"SHEZADHASSAN22"},"content":"     *","lastModifiedDate":"2021-08-25"},{"lineNumber":128,"author":{"gitId":"SHEZADHASSAN22"},"content":"     * @param tasks List of current tasks.","lastModifiedDate":"2021-08-25"},{"lineNumber":129,"author":{"gitId":"SHEZADHASSAN22"},"content":"     */","lastModifiedDate":"2021-08-25"},{"lineNumber":130,"author":{"gitId":"SHEZADHASSAN22"},"content":"    public String showTasks(List\u003cTask\u003e tasks) {","lastModifiedDate":"2021-08-25"},{"lineNumber":131,"author":{"gitId":"SHEZADHASSAN22"},"content":"        StringBuilder str \u003d new StringBuilder().append(\"\\n\");","lastModifiedDate":"2021-08-25"},{"lineNumber":132,"author":{"gitId":"SHEZADHASSAN22"},"content":"        System.out.println(\"Here are the tasks in your list:\");","lastModifiedDate":"2021-08-25"},{"lineNumber":133,"author":{"gitId":"SHEZADHASSAN22"},"content":"        for (int i \u003d 0; i \u003c tasks.size(); i++) {","lastModifiedDate":"2021-08-25"},{"lineNumber":134,"author":{"gitId":"SHEZADHASSAN22"},"content":"            str.append(String.format(\"%d. %s\\n\", i + 1, tasks.get(i).toString()));","lastModifiedDate":"2021-08-25"},{"lineNumber":135,"author":{"gitId":"SHEZADHASSAN22"},"content":"        }","lastModifiedDate":"2021-08-25"},{"lineNumber":136,"author":{"gitId":"SHEZADHASSAN22"},"content":"        return str.toString();","lastModifiedDate":"2021-08-25"},{"lineNumber":137,"author":{"gitId":"SHEZADHASSAN22"},"content":"    }","lastModifiedDate":"2021-08-25"},{"lineNumber":138,"author":{"gitId":"SHEZADHASSAN22"},"content":"","lastModifiedDate":"2021-08-25"},{"lineNumber":139,"author":{"gitId":"SHEZADHASSAN22"},"content":"    public String findTask(List\u003cTask\u003e tasks, String userInput) {","lastModifiedDate":"2021-08-25"},{"lineNumber":140,"author":{"gitId":"SHEZADHASSAN22"},"content":"        String keyWord \u003d userInput.substring(5);","lastModifiedDate":"2021-08-25"},{"lineNumber":141,"author":{"gitId":"SHEZADHASSAN22"},"content":"        List\u003cTask\u003e tempList \u003d new ArrayList\u003c\u003e();","lastModifiedDate":"2021-08-25"},{"lineNumber":142,"author":{"gitId":"SHEZADHASSAN22"},"content":"","lastModifiedDate":"2021-08-25"},{"lineNumber":143,"author":{"gitId":"SHEZADHASSAN22"},"content":"        tasks.forEach(task -\u003e {","lastModifiedDate":"2021-08-25"},{"lineNumber":144,"author":{"gitId":"SHEZADHASSAN22"},"content":"            if(task.toString().contains(keyWord)) {","lastModifiedDate":"2021-08-25"},{"lineNumber":145,"author":{"gitId":"SHEZADHASSAN22"},"content":"                tempList.add(task);","lastModifiedDate":"2021-08-25"},{"lineNumber":146,"author":{"gitId":"SHEZADHASSAN22"},"content":"            };","lastModifiedDate":"2021-08-25"},{"lineNumber":147,"author":{"gitId":"SHEZADHASSAN22"},"content":"        });","lastModifiedDate":"2021-08-25"},{"lineNumber":148,"author":{"gitId":"SHEZADHASSAN22"},"content":"        return showTasks(tempList);","lastModifiedDate":"2021-08-25"},{"lineNumber":149,"author":{"gitId":"SHEZADHASSAN22"},"content":"    }","lastModifiedDate":"2021-08-25"},{"lineNumber":150,"author":{"gitId":"SHEZADHASSAN22"},"content":"}","lastModifiedDate":"2021-08-25"}],"authorContributionMap":{"SHEZADHASSAN22":150}},{"path":"src/main/java/duke/ToDo.java","fileType":"java","lines":[{"lineNumber":1,"author":{"gitId":"SHEZADHASSAN22"},"content":"package duke;","lastModifiedDate":"2021-08-25"},{"lineNumber":2,"author":{"gitId":"SHEZADHASSAN22"},"content":"","lastModifiedDate":"2021-08-25"},{"lineNumber":3,"author":{"gitId":"SHEZADHASSAN22"},"content":"public class ToDo extends Task{","lastModifiedDate":"2021-08-14"},{"lineNumber":4,"author":{"gitId":"SHEZADHASSAN22"},"content":"    public ToDo(String todo) {","lastModifiedDate":"2021-08-14"},{"lineNumber":5,"author":{"gitId":"SHEZADHASSAN22"},"content":"        super(todo, \"T\");","lastModifiedDate":"2021-08-23"},{"lineNumber":6,"author":{"gitId":"SHEZADHASSAN22"},"content":"    }","lastModifiedDate":"2021-08-14"},{"lineNumber":7,"author":{"gitId":"SHEZADHASSAN22"},"content":"","lastModifiedDate":"2021-08-14"},{"lineNumber":8,"author":{"gitId":"SHEZADHASSAN22"},"content":"    /**","lastModifiedDate":"2021-08-25"},{"lineNumber":9,"author":{"gitId":"SHEZADHASSAN22"},"content":"     * Formats details of todo task into one string.","lastModifiedDate":"2021-08-25"},{"lineNumber":10,"author":{"gitId":"SHEZADHASSAN22"},"content":"     *","lastModifiedDate":"2021-08-25"},{"lineNumber":11,"author":{"gitId":"SHEZADHASSAN22"},"content":"     * @return String representation of a todo task.","lastModifiedDate":"2021-08-25"},{"lineNumber":12,"author":{"gitId":"SHEZADHASSAN22"},"content":"     */","lastModifiedDate":"2021-08-25"},{"lineNumber":13,"author":{"gitId":"SHEZADHASSAN22"},"content":"    @Override","lastModifiedDate":"2021-08-14"},{"lineNumber":14,"author":{"gitId":"SHEZADHASSAN22"},"content":"    public String toString() {","lastModifiedDate":"2021-08-14"},{"lineNumber":15,"author":{"gitId":"SHEZADHASSAN22"},"content":"        return String.format(\"[%s] %s\", this.getTaskSymbol(), super.toString());","lastModifiedDate":"2021-08-23"},{"lineNumber":16,"author":{"gitId":"SHEZADHASSAN22"},"content":"    }","lastModifiedDate":"2021-08-14"},{"lineNumber":17,"author":{"gitId":"SHEZADHASSAN22"},"content":"}","lastModifiedDate":"2021-08-14"}],"authorContributionMap":{"SHEZADHASSAN22":17}},{"path":"src/main/java/duke/Ui.java","fileType":"java","lines":[{"lineNumber":1,"author":{"gitId":"SHEZADHASSAN22"},"content":"package duke;","lastModifiedDate":"2021-08-25"},{"lineNumber":2,"author":{"gitId":"SHEZADHASSAN22"},"content":"","lastModifiedDate":"2021-08-25"},{"lineNumber":3,"author":{"gitId":"SHEZADHASSAN22"},"content":"public class Ui {","lastModifiedDate":"2021-08-25"},{"lineNumber":4,"author":{"gitId":"SHEZADHASSAN22"},"content":"    /**","lastModifiedDate":"2021-08-25"},{"lineNumber":5,"author":{"gitId":"SHEZADHASSAN22"},"content":"     * Prints introduction message.","lastModifiedDate":"2021-08-25"},{"lineNumber":6,"author":{"gitId":"SHEZADHASSAN22"},"content":"     */","lastModifiedDate":"2021-08-25"},{"lineNumber":7,"author":{"gitId":"SHEZADHASSAN22"},"content":"    public void greeting() {","lastModifiedDate":"2021-08-25"},{"lineNumber":8,"author":{"gitId":"SHEZADHASSAN22"},"content":"        String logo \u003d \"______ _____ _   _ \\n\" +","lastModifiedDate":"2021-08-25"},{"lineNumber":9,"author":{"gitId":"SHEZADHASSAN22"},"content":"                \"| ___ \\\\  ___| \\\\ | |\\n\" +","lastModifiedDate":"2021-08-25"},{"lineNumber":10,"author":{"gitId":"SHEZADHASSAN22"},"content":"                \"| |_/ / |__ |  \\\\| |\\n\" +","lastModifiedDate":"2021-08-25"},{"lineNumber":11,"author":{"gitId":"SHEZADHASSAN22"},"content":"                \"| ___ \\\\  __||     |\\n\" +","lastModifiedDate":"2021-08-25"},{"lineNumber":12,"author":{"gitId":"SHEZADHASSAN22"},"content":"                \"| |_/ / |___| |\\\\  |\\n\" +","lastModifiedDate":"2021-08-25"},{"lineNumber":13,"author":{"gitId":"SHEZADHASSAN22"},"content":"                \"\\\\____/\\\\____/\\\\_| \\\\_/\\n\";","lastModifiedDate":"2021-08-25"},{"lineNumber":14,"author":{"gitId":"SHEZADHASSAN22"},"content":"        System.out.println(\"Hello from\\n\" + logo + \"\\nWhat can I do for you?\");","lastModifiedDate":"2021-08-25"},{"lineNumber":15,"author":{"gitId":"SHEZADHASSAN22"},"content":"        drawLine();","lastModifiedDate":"2021-08-25"},{"lineNumber":16,"author":{"gitId":"SHEZADHASSAN22"},"content":"    }","lastModifiedDate":"2021-08-25"},{"lineNumber":17,"author":{"gitId":"SHEZADHASSAN22"},"content":"","lastModifiedDate":"2021-08-25"},{"lineNumber":18,"author":{"gitId":"SHEZADHASSAN22"},"content":"    /**","lastModifiedDate":"2021-08-25"},{"lineNumber":19,"author":{"gitId":"SHEZADHASSAN22"},"content":"     * Prints dukes reply in between two lines.","lastModifiedDate":"2021-08-25"},{"lineNumber":20,"author":{"gitId":"SHEZADHASSAN22"},"content":"     *","lastModifiedDate":"2021-08-25"},{"lineNumber":21,"author":{"gitId":"SHEZADHASSAN22"},"content":"     * @param message Duke\u0027s reply.","lastModifiedDate":"2021-08-25"},{"lineNumber":22,"author":{"gitId":"SHEZADHASSAN22"},"content":"     */","lastModifiedDate":"2021-08-25"},{"lineNumber":23,"author":{"gitId":"SHEZADHASSAN22"},"content":"    public void dukeReply(String message) {","lastModifiedDate":"2021-08-25"},{"lineNumber":24,"author":{"gitId":"SHEZADHASSAN22"},"content":"        drawLine();","lastModifiedDate":"2021-08-25"},{"lineNumber":25,"author":{"gitId":"SHEZADHASSAN22"},"content":"        System.out.println(message);","lastModifiedDate":"2021-08-25"},{"lineNumber":26,"author":{"gitId":"SHEZADHASSAN22"},"content":"        drawLine();","lastModifiedDate":"2021-08-25"},{"lineNumber":27,"author":{"gitId":"SHEZADHASSAN22"},"content":"    }","lastModifiedDate":"2021-08-25"},{"lineNumber":28,"author":{"gitId":"SHEZADHASSAN22"},"content":"","lastModifiedDate":"2021-08-25"},{"lineNumber":29,"author":{"gitId":"SHEZADHASSAN22"},"content":"    /**","lastModifiedDate":"2021-08-25"},{"lineNumber":30,"author":{"gitId":"SHEZADHASSAN22"},"content":"     * Draws a line on the screen to separate speech.","lastModifiedDate":"2021-08-25"},{"lineNumber":31,"author":{"gitId":"SHEZADHASSAN22"},"content":"     */","lastModifiedDate":"2021-08-25"},{"lineNumber":32,"author":{"gitId":"SHEZADHASSAN22"},"content":"    public void drawLine() {","lastModifiedDate":"2021-08-25"},{"lineNumber":33,"author":{"gitId":"SHEZADHASSAN22"},"content":"        System.out.println(\"------------------------\");","lastModifiedDate":"2021-08-25"},{"lineNumber":34,"author":{"gitId":"SHEZADHASSAN22"},"content":"    }","lastModifiedDate":"2021-08-25"},{"lineNumber":35,"author":{"gitId":"SHEZADHASSAN22"},"content":"}","lastModifiedDate":"2021-08-25"}],"authorContributionMap":{"SHEZADHASSAN22":35}},{"path":"src/main/java/duke/Utility.java","fileType":"java","lines":[{"lineNumber":1,"author":{"gitId":"SHEZADHASSAN22"},"content":"package duke;","lastModifiedDate":"2021-08-25"},{"lineNumber":2,"author":{"gitId":"SHEZADHASSAN22"},"content":"","lastModifiedDate":"2021-08-25"},{"lineNumber":3,"author":{"gitId":"SHEZADHASSAN22"},"content":"import java.time.LocalDateTime;","lastModifiedDate":"2021-08-25"},{"lineNumber":4,"author":{"gitId":"SHEZADHASSAN22"},"content":"import java.time.format.DateTimeFormatter;","lastModifiedDate":"2021-08-25"},{"lineNumber":5,"author":{"gitId":"SHEZADHASSAN22"},"content":"","lastModifiedDate":"2021-08-25"},{"lineNumber":6,"author":{"gitId":"SHEZADHASSAN22"},"content":"public class Utility {","lastModifiedDate":"2021-08-25"},{"lineNumber":7,"author":{"gitId":"SHEZADHASSAN22"},"content":"    private DateTimeFormatter inputFormat;","lastModifiedDate":"2021-08-25"},{"lineNumber":8,"author":{"gitId":"SHEZADHASSAN22"},"content":"    private DateTimeFormatter outputFormat;","lastModifiedDate":"2021-08-25"},{"lineNumber":9,"author":{"gitId":"SHEZADHASSAN22"},"content":"","lastModifiedDate":"2021-08-25"},{"lineNumber":10,"author":{"gitId":"SHEZADHASSAN22"},"content":"    public Utility() {","lastModifiedDate":"2021-08-25"},{"lineNumber":11,"author":{"gitId":"SHEZADHASSAN22"},"content":"        inputFormat \u003d DateTimeFormatter.ofPattern(\"yyyy-MM-dd HHmm\");","lastModifiedDate":"2021-08-25"},{"lineNumber":12,"author":{"gitId":"SHEZADHASSAN22"},"content":"        outputFormat \u003d DateTimeFormatter.ofPattern(\"dd MM yyyy | HHmm\");","lastModifiedDate":"2021-08-25"},{"lineNumber":13,"author":{"gitId":"SHEZADHASSAN22"},"content":"    }","lastModifiedDate":"2021-08-25"},{"lineNumber":14,"author":{"gitId":"SHEZADHASSAN22"},"content":"","lastModifiedDate":"2021-08-25"},{"lineNumber":15,"author":{"gitId":"SHEZADHASSAN22"},"content":"    /**","lastModifiedDate":"2021-08-25"},{"lineNumber":16,"author":{"gitId":"SHEZADHASSAN22"},"content":"     * Converts a date from String class to LocalDateTime class.","lastModifiedDate":"2021-08-25"},{"lineNumber":17,"author":{"gitId":"SHEZADHASSAN22"},"content":"     *","lastModifiedDate":"2021-08-25"},{"lineNumber":18,"author":{"gitId":"SHEZADHASSAN22"},"content":"     * @param str The String representation of a date.","lastModifiedDate":"2021-08-25"},{"lineNumber":19,"author":{"gitId":"SHEZADHASSAN22"},"content":"     * @return LocalDateTime representation of the date.","lastModifiedDate":"2021-08-25"},{"lineNumber":20,"author":{"gitId":"SHEZADHASSAN22"},"content":"     */","lastModifiedDate":"2021-08-25"},{"lineNumber":21,"author":{"gitId":"SHEZADHASSAN22"},"content":"    public LocalDateTime stringToDate(String str) {","lastModifiedDate":"2021-08-25"},{"lineNumber":22,"author":{"gitId":"SHEZADHASSAN22"},"content":"        return (LocalDateTime.parse(str, inputFormat));","lastModifiedDate":"2021-08-25"},{"lineNumber":23,"author":{"gitId":"SHEZADHASSAN22"},"content":"    }","lastModifiedDate":"2021-08-25"},{"lineNumber":24,"author":{"gitId":"SHEZADHASSAN22"},"content":"","lastModifiedDate":"2021-08-25"},{"lineNumber":25,"author":{"gitId":"SHEZADHASSAN22"},"content":"    /**","lastModifiedDate":"2021-08-25"},{"lineNumber":26,"author":{"gitId":"SHEZADHASSAN22"},"content":"     * Converts dateTime to String representation seen by user.","lastModifiedDate":"2021-08-25"},{"lineNumber":27,"author":{"gitId":"SHEZADHASSAN22"},"content":"     * @param dateTime dateTime of Task object.","lastModifiedDate":"2021-08-25"},{"lineNumber":28,"author":{"gitId":"SHEZADHASSAN22"},"content":"     * @return String representation of the date and time.","lastModifiedDate":"2021-08-25"},{"lineNumber":29,"author":{"gitId":"SHEZADHASSAN22"},"content":"     */","lastModifiedDate":"2021-08-25"},{"lineNumber":30,"author":{"gitId":"SHEZADHASSAN22"},"content":"    public String dateToString(LocalDateTime dateTime) {","lastModifiedDate":"2021-08-25"},{"lineNumber":31,"author":{"gitId":"SHEZADHASSAN22"},"content":"        return dateTime.format(outputFormat);","lastModifiedDate":"2021-08-25"},{"lineNumber":32,"author":{"gitId":"SHEZADHASSAN22"},"content":"    }","lastModifiedDate":"2021-08-25"},{"lineNumber":33,"author":{"gitId":"SHEZADHASSAN22"},"content":"","lastModifiedDate":"2021-08-25"},{"lineNumber":34,"author":{"gitId":"SHEZADHASSAN22"},"content":"    /**","lastModifiedDate":"2021-08-25"},{"lineNumber":35,"author":{"gitId":"SHEZADHASSAN22"},"content":"     * Converts dateTime to String to be saved in storage","lastModifiedDate":"2021-08-25"},{"lineNumber":36,"author":{"gitId":"SHEZADHASSAN22"},"content":"     * @param dateTime dateTime of Task object.","lastModifiedDate":"2021-08-25"},{"lineNumber":37,"author":{"gitId":"SHEZADHASSAN22"},"content":"     * @return String representation of the date and time.","lastModifiedDate":"2021-08-25"},{"lineNumber":38,"author":{"gitId":"SHEZADHASSAN22"},"content":"     */","lastModifiedDate":"2021-08-25"},{"lineNumber":39,"author":{"gitId":"SHEZADHASSAN22"},"content":"    public String dateToInputString(LocalDateTime dateTime) {","lastModifiedDate":"2021-08-25"},{"lineNumber":40,"author":{"gitId":"SHEZADHASSAN22"},"content":"        return dateTime.format(inputFormat);","lastModifiedDate":"2021-08-25"},{"lineNumber":41,"author":{"gitId":"SHEZADHASSAN22"},"content":"    }","lastModifiedDate":"2021-08-25"},{"lineNumber":42,"author":{"gitId":"SHEZADHASSAN22"},"content":"","lastModifiedDate":"2021-08-25"},{"lineNumber":43,"author":{"gitId":"SHEZADHASSAN22"},"content":"    /**","lastModifiedDate":"2021-08-25"},{"lineNumber":44,"author":{"gitId":"SHEZADHASSAN22"},"content":"     * Seperates the date and task from the users input.","lastModifiedDate":"2021-08-25"},{"lineNumber":45,"author":{"gitId":"SHEZADHASSAN22"},"content":"     *","lastModifiedDate":"2021-08-25"},{"lineNumber":46,"author":{"gitId":"SHEZADHASSAN22"},"content":"     * @param taskIndex Beginning index of the task in the given String.","lastModifiedDate":"2021-08-25"},{"lineNumber":47,"author":{"gitId":"SHEZADHASSAN22"},"content":"     * @param dateIndex Beginning index of the date in the given String.","lastModifiedDate":"2021-08-25"},{"lineNumber":48,"author":{"gitId":"SHEZADHASSAN22"},"content":"     * @param userInput String of task containing task and date.","lastModifiedDate":"2021-08-25"},{"lineNumber":49,"author":{"gitId":"SHEZADHASSAN22"},"content":"     * @return Array with task at index 0 and date at index 1.","lastModifiedDate":"2021-08-25"},{"lineNumber":50,"author":{"gitId":"SHEZADHASSAN22"},"content":"     */","lastModifiedDate":"2021-08-25"},{"lineNumber":51,"author":{"gitId":"SHEZADHASSAN22"},"content":"    public String[] seperateDateFromTask(int dateIndex, int taskIndex, String userInput) {","lastModifiedDate":"2021-08-25"},{"lineNumber":52,"author":{"gitId":"SHEZADHASSAN22"},"content":"        String task;","lastModifiedDate":"2021-08-25"},{"lineNumber":53,"author":{"gitId":"SHEZADHASSAN22"},"content":"        String date;","lastModifiedDate":"2021-08-25"},{"lineNumber":54,"author":{"gitId":"SHEZADHASSAN22"},"content":"        if (dateIndex \u003e 0) {","lastModifiedDate":"2021-08-25"},{"lineNumber":55,"author":{"gitId":"SHEZADHASSAN22"},"content":"            task \u003d userInput.substring(taskIndex, dateIndex - 1);","lastModifiedDate":"2021-08-25"},{"lineNumber":56,"author":{"gitId":"SHEZADHASSAN22"},"content":"            date \u003d userInput.substring(dateIndex + 4);","lastModifiedDate":"2021-08-25"},{"lineNumber":57,"author":{"gitId":"SHEZADHASSAN22"},"content":"        } else {","lastModifiedDate":"2021-08-25"},{"lineNumber":58,"author":{"gitId":"SHEZADHASSAN22"},"content":"            task \u003d userInput.substring(taskIndex);","lastModifiedDate":"2021-08-25"},{"lineNumber":59,"author":{"gitId":"SHEZADHASSAN22"},"content":"            date \u003d \"?\";","lastModifiedDate":"2021-08-25"},{"lineNumber":60,"author":{"gitId":"SHEZADHASSAN22"},"content":"        }","lastModifiedDate":"2021-08-25"},{"lineNumber":61,"author":{"gitId":"SHEZADHASSAN22"},"content":"        return new String[] {task, date};","lastModifiedDate":"2021-08-25"},{"lineNumber":62,"author":{"gitId":"SHEZADHASSAN22"},"content":"    }","lastModifiedDate":"2021-08-25"},{"lineNumber":63,"author":{"gitId":"SHEZADHASSAN22"},"content":"}","lastModifiedDate":"2021-08-25"}],"authorContributionMap":{"SHEZADHASSAN22":63}},{"path":"src/test/java/duke/ToDoTest.java","fileType":"java","lines":[{"lineNumber":1,"author":{"gitId":"SHEZADHASSAN22"},"content":"package duke;","lastModifiedDate":"2021-08-25"},{"lineNumber":2,"author":{"gitId":"SHEZADHASSAN22"},"content":"import static org.junit.jupiter.api.Assertions.assertEquals;","lastModifiedDate":"2021-08-25"},{"lineNumber":3,"author":{"gitId":"SHEZADHASSAN22"},"content":"import org.junit.jupiter.api.Test;","lastModifiedDate":"2021-08-25"},{"lineNumber":4,"author":{"gitId":"SHEZADHASSAN22"},"content":"","lastModifiedDate":"2021-08-25"},{"lineNumber":5,"author":{"gitId":"SHEZADHASSAN22"},"content":"public class ToDoTest {","lastModifiedDate":"2021-08-25"},{"lineNumber":6,"author":{"gitId":"SHEZADHASSAN22"},"content":"    @Test","lastModifiedDate":"2021-08-25"},{"lineNumber":7,"author":{"gitId":"SHEZADHASSAN22"},"content":"    public void toStringTest(){","lastModifiedDate":"2021-08-25"},{"lineNumber":8,"author":{"gitId":"SHEZADHASSAN22"},"content":"        assertEquals(\"[T] [ ] run around\", new ToDo(\"run around\").toString());","lastModifiedDate":"2021-08-25"},{"lineNumber":9,"author":{"gitId":"SHEZADHASSAN22"},"content":"    }","lastModifiedDate":"2021-08-25"},{"lineNumber":10,"author":{"gitId":"SHEZADHASSAN22"},"content":"}","lastModifiedDate":"2021-08-25"}],"authorContributionMap":{"SHEZADHASSAN22":10}},{"path":"src/test/java/duke/UtilityTest.java","fileType":"java","lines":[{"lineNumber":1,"author":{"gitId":"SHEZADHASSAN22"},"content":"package duke;","lastModifiedDate":"2021-08-25"},{"lineNumber":2,"author":{"gitId":"SHEZADHASSAN22"},"content":"","lastModifiedDate":"2021-08-25"},{"lineNumber":3,"author":{"gitId":"SHEZADHASSAN22"},"content":"import org.junit.jupiter.api.Test;","lastModifiedDate":"2021-08-25"},{"lineNumber":4,"author":{"gitId":"SHEZADHASSAN22"},"content":"import static org.junit.jupiter.api.Assertions.assertEquals;","lastModifiedDate":"2021-08-25"},{"lineNumber":5,"author":{"gitId":"SHEZADHASSAN22"},"content":"import java.time.LocalDateTime;","lastModifiedDate":"2021-08-25"},{"lineNumber":6,"author":{"gitId":"SHEZADHASSAN22"},"content":"import java.time.format.DateTimeFormatter;","lastModifiedDate":"2021-08-25"},{"lineNumber":7,"author":{"gitId":"SHEZADHASSAN22"},"content":"","lastModifiedDate":"2021-08-25"},{"lineNumber":8,"author":{"gitId":"SHEZADHASSAN22"},"content":"public class UtilityTest {","lastModifiedDate":"2021-08-25"},{"lineNumber":9,"author":{"gitId":"SHEZADHASSAN22"},"content":"    String str1 \u003d \"1997-02-02 1111\";","lastModifiedDate":"2021-08-25"},{"lineNumber":10,"author":{"gitId":"SHEZADHASSAN22"},"content":"    String str2 \u003d \"02 02 1997 | 1111\";","lastModifiedDate":"2021-08-25"},{"lineNumber":11,"author":{"gitId":"SHEZADHASSAN22"},"content":"    DateTimeFormatter inputFormat \u003d DateTimeFormatter.ofPattern(\"yyyy-MM-dd HHmm\");","lastModifiedDate":"2021-08-25"},{"lineNumber":12,"author":{"gitId":"SHEZADHASSAN22"},"content":"    LocalDateTime dateTime \u003d LocalDateTime.parse(str1, inputFormat);","lastModifiedDate":"2021-08-25"},{"lineNumber":13,"author":{"gitId":"SHEZADHASSAN22"},"content":"","lastModifiedDate":"2021-08-25"},{"lineNumber":14,"author":{"gitId":"SHEZADHASSAN22"},"content":"    @Test","lastModifiedDate":"2021-08-25"},{"lineNumber":15,"author":{"gitId":"SHEZADHASSAN22"},"content":"    public void stringToDate(){","lastModifiedDate":"2021-08-25"},{"lineNumber":16,"author":{"gitId":"SHEZADHASSAN22"},"content":"        assertEquals(dateTime, new Utility().stringToDate(str1));","lastModifiedDate":"2021-08-25"},{"lineNumber":17,"author":{"gitId":"SHEZADHASSAN22"},"content":"    }","lastModifiedDate":"2021-08-25"},{"lineNumber":18,"author":{"gitId":"SHEZADHASSAN22"},"content":"","lastModifiedDate":"2021-08-25"},{"lineNumber":19,"author":{"gitId":"SHEZADHASSAN22"},"content":"    @Test","lastModifiedDate":"2021-08-25"},{"lineNumber":20,"author":{"gitId":"SHEZADHASSAN22"},"content":"    public void dateToString() {","lastModifiedDate":"2021-08-25"},{"lineNumber":21,"author":{"gitId":"SHEZADHASSAN22"},"content":"        assertEquals(str2, new Utility().dateToString(dateTime));","lastModifiedDate":"2021-08-25"},{"lineNumber":22,"author":{"gitId":"SHEZADHASSAN22"},"content":"    }","lastModifiedDate":"2021-08-25"},{"lineNumber":23,"author":{"gitId":"SHEZADHASSAN22"},"content":"","lastModifiedDate":"2021-08-25"},{"lineNumber":24,"author":{"gitId":"SHEZADHASSAN22"},"content":"    @Test","lastModifiedDate":"2021-08-25"},{"lineNumber":25,"author":{"gitId":"SHEZADHASSAN22"},"content":"    public void dateToInputString() {","lastModifiedDate":"2021-08-25"},{"lineNumber":26,"author":{"gitId":"SHEZADHASSAN22"},"content":"        assertEquals(str2, new Utility().dateToString(dateTime));","lastModifiedDate":"2021-08-25"},{"lineNumber":27,"author":{"gitId":"SHEZADHASSAN22"},"content":"    }","lastModifiedDate":"2021-08-25"},{"lineNumber":28,"author":{"gitId":"SHEZADHASSAN22"},"content":"}","lastModifiedDate":"2021-08-25"}],"authorContributionMap":{"SHEZADHASSAN22":28}},{"path":"text-ui-test/input.txt","fileType":"txt","lines":[{"lineNumber":1,"author":{"gitId":"SHEZADHASSAN22"},"content":"todo borrow book","lastModifiedDate":"2021-08-14"},{"lineNumber":2,"author":{"gitId":"SHEZADHASSAN22"},"content":"deadline return book /by Sunday","lastModifiedDate":"2021-08-14"},{"lineNumber":3,"author":{"gitId":"SHEZADHASSAN22"},"content":"event project meeting /at Mon 2-4pm","lastModifiedDate":"2021-08-14"},{"lineNumber":4,"author":{"gitId":"SHEZADHASSAN22"},"content":"list","lastModifiedDate":"2021-08-14"},{"lineNumber":5,"author":{"gitId":"SHEZADHASSAN22"},"content":"done 2","lastModifiedDate":"2021-08-14"},{"lineNumber":6,"author":{"gitId":"SHEZADHASSAN22"},"content":"list","lastModifiedDate":"2021-08-14"},{"lineNumber":7,"author":{"gitId":"SHEZADHASSAN22"},"content":"bye","lastModifiedDate":"2021-08-14"}],"authorContributionMap":{"SHEZADHASSAN22":7}}]
