{"authorDailyContributionsMap":{"SHEZADHASSAN22":[{"date":"0030-08-18","commitResults":[{"hash":"16b207d528e2a978293ae05bdf4d3737cfe29e60","messageTitle":"Added more error handling for individual function","messageBody":"","fileTypesAndContributionMap":{"java":{"insertions":60,"deletions":40}}}]},{"date":"0056-11-24","commitResults":[{"hash":"3e8aaf8572c9393c9e4d7db65433aa088e65f592","messageTitle":"Changed dates from Strings to LocalDateTime","messageBody":"Dates were represented by strings which may be inconvenient. Now they are of class LocalDateTime which are easier to work with.\n","tags":["Level-8"],"fileTypesAndContributionMap":{"java":{"insertions":2,"deletions":2}}}]},{"date":"2021-07-24","commitResults":[{"hash":"b04d3a7053fa4e57a9e944db3d2cba8d9e3d0c1a","messageTitle":"Level 2 - Add, List","messageBody":"","tags":["Level-2"],"fileTypesAndContributionMap":{"java":{"insertions":42,"deletions":9}}}]},{"date":"2021-08-14","commitResults":[{"hash":"ebb717aea0c7eec8f83f4f7ac869eaf8da19d8a4","messageTitle":"Level 3 - Mark as Done","messageBody":"","tags":["Level-3"],"fileTypesAndContributionMap":{"java":{"insertions":84,"deletions":17}}},{"hash":"cf39eb70f8a226beedcdc1ab616551dde1f67cc6","messageTitle":"Level 4 - Added ToDo, Event, Deadline","messageBody":"","tags":["Level-4"],"fileTypesAndContributionMap":{"java":{"insertions":88,"deletions":17}}},{"hash":"18b08cfa102ab4ac3f382c761c66fc6739b7b42f","messageTitle":"Level 5 - Automated Text UI Testing","messageBody":"","tags":["Level-4.5"],"fileTypesAndContributionMap":{"txt":{"insertions":7,"deletions":0}}}]},{"date":"2021-08-15","commitResults":[{"hash":"601205ae547e7ccce89f59235707fac4cdb1e779","messageTitle":"Level 5 and 6. Handled errors and added delete function","messageBody":"","tags":["Level-6"],"fileTypesAndContributionMap":{"java":{"insertions":24,"deletions":5}}}]},{"date":"2021-08-16","commitResults":[{"hash":"31f5c645ee725182c084edc66dfccb08896180b2","messageTitle":"More error handling in add and delete functions","messageBody":"","tags":["Level-5","A-TextUiTesting"],"fileTypesAndContributionMap":{"java":{"insertions":4,"deletions":4}}}]},{"date":"2021-08-19","commitResults":[{"hash":"1b216d394bc9c7f04e4bcee2b919292f33f6fa0a","messageTitle":"changed duke name in intro and cleaned up","messageBody":"","fileTypesAndContributionMap":{"java":{"insertions":7,"deletions":9}}}]},{"date":"2021-08-23","commitResults":[{"hash":"b8fc4e4f5e6642e08387f821475c0f4307ef1dd0","messageTitle":"Save data into hard disk","messageBody":"the users data was not being stored and so it would be lost on shutting down of the program.\n\nThe data is now stored on the hard disk and so the data is not lost on different sessions\n","fileTypesAndContributionMap":{"txt":{"insertions":2,"deletions":0},"java":{"insertions":174,"deletions":22}}}]},{"date":"2021-08-24","commitResults":[{"hash":"701d72ff15335f640ebeccf2322f8110e9e761c1","messageTitle":"Change date variables from Strings to java.tim.LocalDateTime class","messageBody":"Dates were being stored as Strings which is inconvenient in the long run. Fromat of the dates and times required in input is changed to be more readable when displayed\n","fileTypesAndContributionMap":{"java":{"insertions":72,"deletions":40}}}]},{"date":"2021-08-25","commitResults":[{"hash":"3061970bf3c25dd8142bfea20736e4fc19a05e7d","messageTitle":"Seperete logic into different classes for a more OOP approach","messageBody":"The logic was seperated into several classes that dealt with specific jobs.\n","tags":["A-MoreOOP"],"fileTypesAndContributionMap":{"txt":{"insertions":5,"deletions":4},"java":{"insertions":351,"deletions":252}}},{"hash":"d2f96cec8de2c0e6bec0d1c5b3313ef3c4c10a4b","messageTitle":"Divide classes into packages","messageBody":"Created packages to make it more organised and reusable.\n","tags":["A-Packages"],"fileTypesAndContributionMap":{"txt":{"insertions":2,"deletions":7},"java":{"insertions":32,"deletions":19}}},{"hash":"dd66306a4ec5f7d5635b9a2d3067e0c94928221f","messageTitle":"Add JUnit tests","messageBody":"","tags":["A-JUnit"],"fileTypesAndContributionMap":{"txt":{"insertions":4,"deletions":1},"java":{"insertions":44,"deletions":2}}},{"hash":"41cccaac60d3031d9d20236b2fa623b8822cdf78","messageTitle":"Added JavaDoc Comments","messageBody":"","fileTypesAndContributionMap":{"txt":{"insertions":2,"deletions":2},"java":{"insertions":73,"deletions":15}}},{"hash":"c24dcb2057c34993af53dbf447a4923425793f28","messageTitle":"Tweak code to comply with coding standards","messageBody":"","fileTypesAndContributionMap":{"java":{"insertions":31,"deletions":35}}},{"hash":"bb92a40b1c7c4c049712df7c4e02b8e45c673179","messageTitle":"Give users a way to find a task by searching for a keyword","messageBody":"","fileTypesAndContributionMap":{"txt":{"insertions":3,"deletions":0},"java":{"insertions":16,"deletions":7}}},{"hash":"374a631767e7b1fcb96dda0e90dd3813c128ea77","messageTitle":"Tweak the code to comply with a coding standard","messageBody":"","tags":["A-CodingStandard"],"fileTypesAndContributionMap":{"java":{"insertions":1,"deletions":1}}}]},{"date":"2021-08-26","commitResults":[{"hash":"ffc09919e2de4c2c92a191075d69e4e12d013290","messageTitle":"Package the app as a JAR File","messageBody":"","tags":["A-Jar"],"fileTypesAndContributionMap":{"java":{"insertions":2,"deletions":1}}}]},{"date":"2021-08-31","commitResults":[{"hash":"999ab1c4e6dd54862f939015c31ec2eda958a842","messageTitle":"Converted duke from CLI app to a GUI app","messageBody":"JavaFX used to implement a GUI. Previous UI class and methods removed as no longer used.\n","fileTypesAndContributionMap":{"gradle":{"insertions":15,"deletions":0},"txt":{"insertions":7,"deletions":6},"fxml":{"insertions":40,"deletions":0},"java":{"insertions":172,"deletions":71}}},{"hash":"6e629093377630e483dd9e31769af7aa686da03e","messageTitle":"Merged branch-Level-10 to change from CLI to GUI app","messageBody":"Removed UI class as no longer needed.\n","tags":["Level-10"],"fileTypesAndContributionMap":{"txt":{"insertions":1,"deletions":1}}}]},{"date":"2022-08-01","commitResults":[{"hash":"1b4e32367b1828a3358ef83f8490be0c2da5aea5","messageTitle":"Level 1 - Greet, Echo, Exit","messageBody":"","tags":["Level-1"],"fileTypesAndContributionMap":{"java":{"insertions":25,"deletions":1}}}]}]},"authorFileTypeContributionMap":{"SHEZADHASSAN22":{"java":740,"md":0,"fxml":40,"sh":0,"bat":0,"gradle":15,"txt":16}},"authorContributionVariance":{"SHEZADHASSAN22":30.650732},"authorDisplayNameMap":{"SHEZADHASSAN22":"CS2103T-T13-1 SHEZ..SSAN"}}
