[{"path":"data/duke.txt","fileType":"txt","lines":[{"lineNumber":1,"author":{"gitId":"bentanjunrong"},"content":"T | 1 | read book","lastModifiedDate":"2021-08-24"},{"lineNumber":2,"author":{"gitId":"bentanjunrong"},"content":"D | 0 | return book | 02/12/2021 1800","lastModifiedDate":"2021-08-25"},{"lineNumber":3,"author":{"gitId":"bentanjunrong"},"content":"E | 0 | project meeting | 04/06/2022 1200","lastModifiedDate":"2021-08-25"},{"lineNumber":4,"author":{"gitId":"bentanjunrong"},"content":"T | 1 | join sports club","lastModifiedDate":"2021-08-24"}],"authorContributionMap":{"bentanjunrong":4}},{"path":"src/main/java/Duke.java","fileType":"java","lines":[{"lineNumber":1,"author":{"gitId":"bentanjunrong"},"content":"import java.io.FileNotFoundException;","lastModifiedDate":"2021-08-27"},{"lineNumber":2,"author":{"gitId":"bentanjunrong"},"content":"import java.io.IOException;","lastModifiedDate":"2021-08-27"},{"lineNumber":3,"author":{"gitId":"bentanjunrong"},"content":"import java.util.Scanner;","lastModifiedDate":"2021-08-27"},{"lineNumber":4,"author":{"gitId":"bentanjunrong"},"content":"","lastModifiedDate":"2021-08-27"},{"lineNumber":5,"author":{"gitId":"bentanjunrong"},"content":"import duke.DukeException;","lastModifiedDate":"2021-08-26"},{"lineNumber":6,"author":{"gitId":"bentanjunrong"},"content":"import duke.Parser;","lastModifiedDate":"2021-08-26"},{"lineNumber":7,"author":{"gitId":"bentanjunrong"},"content":"import duke.Storage;","lastModifiedDate":"2021-08-26"},{"lineNumber":8,"author":{"gitId":"bentanjunrong"},"content":"import duke.TaskList;","lastModifiedDate":"2021-08-26"},{"lineNumber":9,"author":{"gitId":"bentanjunrong"},"content":"import duke.Ui;","lastModifiedDate":"2021-08-26"},{"lineNumber":10,"author":{"gitId":"bentanjunrong"},"content":"","lastModifiedDate":"2021-08-27"},{"lineNumber":11,"author":{"gitId":"bentanjunrong"},"content":"","lastModifiedDate":"2021-08-16"},{"lineNumber":12,"author":{"gitId":"-"},"content":"public class Duke {","lastModifiedDate":"2019-07-29"},{"lineNumber":13,"author":{"gitId":"bentanjunrong"},"content":"    private Parser parser;","lastModifiedDate":"2021-08-26"},{"lineNumber":14,"author":{"gitId":"bentanjunrong"},"content":"    private TaskList tasks;","lastModifiedDate":"2021-08-26"},{"lineNumber":15,"author":{"gitId":"bentanjunrong"},"content":"    private Ui ui;","lastModifiedDate":"2021-08-26"},{"lineNumber":16,"author":{"gitId":"bentanjunrong"},"content":"","lastModifiedDate":"2021-08-24"},{"lineNumber":17,"author":{"gitId":"bentanjunrong"},"content":"    /**","lastModifiedDate":"2021-08-27"},{"lineNumber":18,"author":{"gitId":"bentanjunrong"},"content":"     * Constructor for Duke class.","lastModifiedDate":"2021-08-27"},{"lineNumber":19,"author":{"gitId":"bentanjunrong"},"content":"     * @throws IOException If there is an input error for the commands/Tasklist.","lastModifiedDate":"2021-08-27"},{"lineNumber":20,"author":{"gitId":"bentanjunrong"},"content":"     * @throws DukeException If there is a generic Duke Exception.","lastModifiedDate":"2021-08-27"},{"lineNumber":21,"author":{"gitId":"bentanjunrong"},"content":"     */","lastModifiedDate":"2021-08-27"},{"lineNumber":22,"author":{"gitId":"bentanjunrong"},"content":"    public Duke() throws IOException, DukeException {","lastModifiedDate":"2021-08-27"},{"lineNumber":23,"author":{"gitId":"bentanjunrong"},"content":"        this.ui \u003d new Ui();","lastModifiedDate":"2021-08-26"},{"lineNumber":24,"author":{"gitId":"bentanjunrong"},"content":"        this.parser \u003d new Parser();","lastModifiedDate":"2021-08-26"},{"lineNumber":25,"author":{"gitId":"bentanjunrong"},"content":"        this.tasks \u003d new TaskList(new Storage());","lastModifiedDate":"2021-08-26"},{"lineNumber":26,"author":{"gitId":"bentanjunrong"},"content":"    }","lastModifiedDate":"2021-08-19"},{"lineNumber":27,"author":{"gitId":"bentanjunrong"},"content":"","lastModifiedDate":"2021-08-19"},{"lineNumber":28,"author":{"gitId":"bentanjunrong"},"content":"    private void serve() throws DukeException {","lastModifiedDate":"2021-08-24"},{"lineNumber":29,"author":{"gitId":"bentanjunrong"},"content":"        this.ui.greet();","lastModifiedDate":"2021-08-26"},{"lineNumber":30,"author":{"gitId":"bentanjunrong"},"content":"        Scanner input \u003d new Scanner(System.in);","lastModifiedDate":"2021-08-16"},{"lineNumber":31,"author":{"gitId":"bentanjunrong"},"content":"","lastModifiedDate":"2021-08-18"},{"lineNumber":32,"author":{"gitId":"bentanjunrong"},"content":"        while (true) {","lastModifiedDate":"2021-08-16"},{"lineNumber":33,"author":{"gitId":"bentanjunrong"},"content":"            // Extract first word as command","lastModifiedDate":"2021-08-18"},{"lineNumber":34,"author":{"gitId":"bentanjunrong"},"content":"            String inputString \u003d input.nextLine().trim();","lastModifiedDate":"2021-08-18"},{"lineNumber":35,"author":{"gitId":"bentanjunrong"},"content":"","lastModifiedDate":"2021-08-16"},{"lineNumber":36,"author":{"gitId":"bentanjunrong"},"content":"            if (inputString.equals(\"bye\")) {","lastModifiedDate":"2021-08-16"},{"lineNumber":37,"author":{"gitId":"bentanjunrong"},"content":"                this.ui.print(\" LIVE OUT YOUR PATHETIC LIFE, WEAKLING.\");","lastModifiedDate":"2021-08-26"},{"lineNumber":38,"author":{"gitId":"bentanjunrong"},"content":"                break;","lastModifiedDate":"2021-08-16"},{"lineNumber":39,"author":{"gitId":"bentanjunrong"},"content":"            } else {","lastModifiedDate":"2021-08-18"},{"lineNumber":40,"author":{"gitId":"bentanjunrong"},"content":"                this.ui.print(this.parser.dispatch(tasks, inputString));","lastModifiedDate":"2021-08-26"},{"lineNumber":41,"author":{"gitId":"bentanjunrong"},"content":"","lastModifiedDate":"2021-08-26"},{"lineNumber":42,"author":{"gitId":"bentanjunrong"},"content":"            }","lastModifiedDate":"2021-08-18"},{"lineNumber":43,"author":{"gitId":"bentanjunrong"},"content":"            System.out.print(\"WHAT ELSE DO YOU WANT, INSECT?\\n \");","lastModifiedDate":"2021-08-18"},{"lineNumber":44,"author":{"gitId":"bentanjunrong"},"content":"        }","lastModifiedDate":"2021-08-16"},{"lineNumber":45,"author":{"gitId":"bentanjunrong"},"content":"        input.close();","lastModifiedDate":"2021-08-18"},{"lineNumber":46,"author":{"gitId":"-"},"content":"    }","lastModifiedDate":"2019-07-29"},{"lineNumber":47,"author":{"gitId":"bentanjunrong"},"content":"","lastModifiedDate":"2021-08-18"},{"lineNumber":48,"author":{"gitId":"bentanjunrong"},"content":"    /**","lastModifiedDate":"2021-08-27"},{"lineNumber":49,"author":{"gitId":"bentanjunrong"},"content":"     * Executes Duke program.","lastModifiedDate":"2021-08-27"},{"lineNumber":50,"author":{"gitId":"bentanjunrong"},"content":"     * @param args Input arguments for the Duke program.","lastModifiedDate":"2021-08-27"},{"lineNumber":51,"author":{"gitId":"bentanjunrong"},"content":"     * @throws DukeException If there is a generic Duke Exception.","lastModifiedDate":"2021-08-27"},{"lineNumber":52,"author":{"gitId":"bentanjunrong"},"content":"     */","lastModifiedDate":"2021-08-27"},{"lineNumber":53,"author":{"gitId":"bentanjunrong"},"content":"    public static void main(String[] args) throws DukeException {","lastModifiedDate":"2021-08-24"},{"lineNumber":54,"author":{"gitId":"bentanjunrong"},"content":"        try {","lastModifiedDate":"2021-08-26"},{"lineNumber":55,"author":{"gitId":"bentanjunrong"},"content":"            Duke squirtle \u003d new Duke();","lastModifiedDate":"2021-08-27"},{"lineNumber":56,"author":{"gitId":"bentanjunrong"},"content":"            squirtle.serve();","lastModifiedDate":"2021-08-27"},{"lineNumber":57,"author":{"gitId":"bentanjunrong"},"content":"        } catch (FileNotFoundException e) {","lastModifiedDate":"2021-08-26"},{"lineNumber":58,"author":{"gitId":"bentanjunrong"},"content":"            throw new DukeException(\"FILE ERROR YOU FOOL\");","lastModifiedDate":"2021-08-26"},{"lineNumber":59,"author":{"gitId":"bentanjunrong"},"content":"        } catch (IOException e) {","lastModifiedDate":"2021-08-26"},{"lineNumber":60,"author":{"gitId":"bentanjunrong"},"content":"            throw new DukeException(\"YOU DID SOMETHING UNEXPECTED YOU FOOL. TRY AGAIN.\");","lastModifiedDate":"2021-08-26"},{"lineNumber":61,"author":{"gitId":"bentanjunrong"},"content":"        }","lastModifiedDate":"2021-08-26"},{"lineNumber":62,"author":{"gitId":"bentanjunrong"},"content":"    }","lastModifiedDate":"2021-08-18"},{"lineNumber":63,"author":{"gitId":"-"},"content":"}","lastModifiedDate":"2019-07-29"}],"authorContributionMap":{"bentanjunrong":60,"-":3}},{"path":"src/main/java/duke/Deadline.java","fileType":"java","lines":[{"lineNumber":1,"author":{"gitId":"bentanjunrong"},"content":"package duke;","lastModifiedDate":"2021-08-26"},{"lineNumber":2,"author":{"gitId":"bentanjunrong"},"content":"","lastModifiedDate":"2021-08-26"},{"lineNumber":3,"author":{"gitId":"bentanjunrong"},"content":"import java.time.LocalDateTime;","lastModifiedDate":"2021-08-25"},{"lineNumber":4,"author":{"gitId":"bentanjunrong"},"content":"import java.time.format.DateTimeParseException;","lastModifiedDate":"2021-08-25"},{"lineNumber":5,"author":{"gitId":"bentanjunrong"},"content":"","lastModifiedDate":"2021-08-25"},{"lineNumber":6,"author":{"gitId":"bentanjunrong"},"content":"public class Deadline extends Task {","lastModifiedDate":"2021-08-18"},{"lineNumber":7,"author":{"gitId":"bentanjunrong"},"content":"    private final LocalDateTime deadline;","lastModifiedDate":"2021-08-25"},{"lineNumber":8,"author":{"gitId":"bentanjunrong"},"content":"","lastModifiedDate":"2021-08-18"},{"lineNumber":9,"author":{"gitId":"bentanjunrong"},"content":"    /**","lastModifiedDate":"2021-08-27"},{"lineNumber":10,"author":{"gitId":"bentanjunrong"},"content":"     * Constructor for Deadline class.","lastModifiedDate":"2021-08-27"},{"lineNumber":11,"author":{"gitId":"bentanjunrong"},"content":"     * @param taskName Name of task.","lastModifiedDate":"2021-08-27"},{"lineNumber":12,"author":{"gitId":"bentanjunrong"},"content":"     * @param deadline Deadline of task.","lastModifiedDate":"2021-08-27"},{"lineNumber":13,"author":{"gitId":"bentanjunrong"},"content":"     * @throws DateTimeParseException If deadline cannot be parsed.","lastModifiedDate":"2021-08-27"},{"lineNumber":14,"author":{"gitId":"bentanjunrong"},"content":"     */","lastModifiedDate":"2021-08-27"},{"lineNumber":15,"author":{"gitId":"bentanjunrong"},"content":"    public Deadline(String taskName, String deadline) throws DateTimeParseException {","lastModifiedDate":"2021-08-27"},{"lineNumber":16,"author":{"gitId":"bentanjunrong"},"content":"        super(taskName);","lastModifiedDate":"2021-08-27"},{"lineNumber":17,"author":{"gitId":"bentanjunrong"},"content":"        this.deadline \u003d DukeDateFormatter.stringToDateTime(deadline.trim());","lastModifiedDate":"2021-08-25"},{"lineNumber":18,"author":{"gitId":"bentanjunrong"},"content":"    }","lastModifiedDate":"2021-08-18"},{"lineNumber":19,"author":{"gitId":"bentanjunrong"},"content":"","lastModifiedDate":"2021-08-18"},{"lineNumber":20,"author":{"gitId":"bentanjunrong"},"content":"    /**","lastModifiedDate":"2021-08-27"},{"lineNumber":21,"author":{"gitId":"bentanjunrong"},"content":"     * Constructor for Deadline class specifying if a Deadline is done.","lastModifiedDate":"2021-08-27"},{"lineNumber":22,"author":{"gitId":"bentanjunrong"},"content":"     * @param taskName Name of task.","lastModifiedDate":"2021-08-27"},{"lineNumber":23,"author":{"gitId":"bentanjunrong"},"content":"     * @param isDone True implies task has been done.","lastModifiedDate":"2021-08-27"},{"lineNumber":24,"author":{"gitId":"bentanjunrong"},"content":"     * @param deadline Deadline of task.","lastModifiedDate":"2021-08-27"},{"lineNumber":25,"author":{"gitId":"bentanjunrong"},"content":"     * @throws DateTimeParseException If the deadline input string cannot be parsed.","lastModifiedDate":"2021-08-27"},{"lineNumber":26,"author":{"gitId":"bentanjunrong"},"content":"     */","lastModifiedDate":"2021-08-27"},{"lineNumber":27,"author":{"gitId":"bentanjunrong"},"content":"    public Deadline(String taskName, boolean isDone, String deadline) throws DateTimeParseException {","lastModifiedDate":"2021-08-27"},{"lineNumber":28,"author":{"gitId":"bentanjunrong"},"content":"        super(taskName, isDone);","lastModifiedDate":"2021-08-27"},{"lineNumber":29,"author":{"gitId":"bentanjunrong"},"content":"        this.deadline \u003d DukeDateFormatter.stringToDateTime(deadline.trim());","lastModifiedDate":"2021-08-25"},{"lineNumber":30,"author":{"gitId":"bentanjunrong"},"content":"    }","lastModifiedDate":"2021-08-23"},{"lineNumber":31,"author":{"gitId":"bentanjunrong"},"content":"","lastModifiedDate":"2021-08-23"},{"lineNumber":32,"author":{"gitId":"bentanjunrong"},"content":"    public LocalDateTime getDeadline() {","lastModifiedDate":"2021-08-25"},{"lineNumber":33,"author":{"gitId":"bentanjunrong"},"content":"        return this.deadline;","lastModifiedDate":"2021-08-18"},{"lineNumber":34,"author":{"gitId":"bentanjunrong"},"content":"    }","lastModifiedDate":"2021-08-18"},{"lineNumber":35,"author":{"gitId":"bentanjunrong"},"content":"","lastModifiedDate":"2021-08-18"},{"lineNumber":36,"author":{"gitId":"bentanjunrong"},"content":"    @Override","lastModifiedDate":"2021-08-23"},{"lineNumber":37,"author":{"gitId":"bentanjunrong"},"content":"    public String getFileString() {","lastModifiedDate":"2021-08-23"},{"lineNumber":38,"author":{"gitId":"bentanjunrong"},"content":"        return String.format(\"D | %s | %s\", super.getFileString(), DukeDateFormatter.dateTimeToFile(this.deadline));","lastModifiedDate":"2021-08-25"},{"lineNumber":39,"author":{"gitId":"bentanjunrong"},"content":"    }","lastModifiedDate":"2021-08-23"},{"lineNumber":40,"author":{"gitId":"bentanjunrong"},"content":"","lastModifiedDate":"2021-08-23"},{"lineNumber":41,"author":{"gitId":"bentanjunrong"},"content":"    @Override","lastModifiedDate":"2021-08-18"},{"lineNumber":42,"author":{"gitId":"bentanjunrong"},"content":"    public String toString() {","lastModifiedDate":"2021-08-18"},{"lineNumber":43,"author":{"gitId":"bentanjunrong"},"content":"        return String.format(\"[D]%s (by: %s)\", super.toString(), DukeDateFormatter.dateTimeToString(this.deadline));","lastModifiedDate":"2021-08-25"},{"lineNumber":44,"author":{"gitId":"bentanjunrong"},"content":"    }","lastModifiedDate":"2021-08-18"},{"lineNumber":45,"author":{"gitId":"bentanjunrong"},"content":"}","lastModifiedDate":"2021-08-18"}],"authorContributionMap":{"bentanjunrong":45}},{"path":"src/main/java/duke/DukeDateFormatter.java","fileType":"java","lines":[{"lineNumber":1,"author":{"gitId":"bentanjunrong"},"content":"package duke;","lastModifiedDate":"2021-08-26"},{"lineNumber":2,"author":{"gitId":"bentanjunrong"},"content":"","lastModifiedDate":"2021-08-26"},{"lineNumber":3,"author":{"gitId":"bentanjunrong"},"content":"import java.time.LocalDateTime;","lastModifiedDate":"2021-08-25"},{"lineNumber":4,"author":{"gitId":"bentanjunrong"},"content":"import java.time.format.DateTimeFormatter;","lastModifiedDate":"2021-08-25"},{"lineNumber":5,"author":{"gitId":"bentanjunrong"},"content":"import java.time.format.DateTimeParseException;","lastModifiedDate":"2021-08-25"},{"lineNumber":6,"author":{"gitId":"bentanjunrong"},"content":"","lastModifiedDate":"2021-08-25"},{"lineNumber":7,"author":{"gitId":"bentanjunrong"},"content":"public class DukeDateFormatter {","lastModifiedDate":"2021-08-25"},{"lineNumber":8,"author":{"gitId":"bentanjunrong"},"content":"    // DateTimeFormatter is immutable and thread-safe, and thus the recommended","lastModifiedDate":"2021-08-26"},{"lineNumber":9,"author":{"gitId":"bentanjunrong"},"content":"    // approach is to store it in a static constant.","lastModifiedDate":"2021-08-27"},{"lineNumber":10,"author":{"gitId":"bentanjunrong"},"content":"    private static final DateTimeFormatter inputFormatter \u003d DateTimeFormatter.ofPattern(\"dd/MM/yyyy HHmm\");","lastModifiedDate":"2021-08-25"},{"lineNumber":11,"author":{"gitId":"bentanjunrong"},"content":"    private static final DateTimeFormatter outputFormatter \u003d DateTimeFormatter.ofPattern(\"MMM dd yyyy HH:mm\");","lastModifiedDate":"2021-08-25"},{"lineNumber":12,"author":{"gitId":"bentanjunrong"},"content":"","lastModifiedDate":"2021-08-25"},{"lineNumber":13,"author":{"gitId":"bentanjunrong"},"content":"    public static String dateTimeToString(LocalDateTime dateTime) {","lastModifiedDate":"2021-08-25"},{"lineNumber":14,"author":{"gitId":"bentanjunrong"},"content":"        return dateTime.format(outputFormatter);","lastModifiedDate":"2021-08-25"},{"lineNumber":15,"author":{"gitId":"bentanjunrong"},"content":"    }","lastModifiedDate":"2021-08-25"},{"lineNumber":16,"author":{"gitId":"bentanjunrong"},"content":"","lastModifiedDate":"2021-08-25"},{"lineNumber":17,"author":{"gitId":"bentanjunrong"},"content":"    public static String dateTimeToFile(LocalDateTime dateTime) {","lastModifiedDate":"2021-08-25"},{"lineNumber":18,"author":{"gitId":"bentanjunrong"},"content":"        return dateTime.format(inputFormatter);","lastModifiedDate":"2021-08-25"},{"lineNumber":19,"author":{"gitId":"bentanjunrong"},"content":"    }","lastModifiedDate":"2021-08-25"},{"lineNumber":20,"author":{"gitId":"bentanjunrong"},"content":"","lastModifiedDate":"2021-08-25"},{"lineNumber":21,"author":{"gitId":"bentanjunrong"},"content":"    public static LocalDateTime stringToDateTime(String dateTime) throws DateTimeParseException {","lastModifiedDate":"2021-08-25"},{"lineNumber":22,"author":{"gitId":"bentanjunrong"},"content":"        return LocalDateTime.parse(dateTime, inputFormatter);","lastModifiedDate":"2021-08-25"},{"lineNumber":23,"author":{"gitId":"bentanjunrong"},"content":"    }","lastModifiedDate":"2021-08-25"},{"lineNumber":24,"author":{"gitId":"bentanjunrong"},"content":"}","lastModifiedDate":"2021-08-25"}],"authorContributionMap":{"bentanjunrong":24}},{"path":"src/main/java/duke/DukeException.java","fileType":"java","lines":[{"lineNumber":1,"author":{"gitId":"bentanjunrong"},"content":"package duke;","lastModifiedDate":"2021-08-26"},{"lineNumber":2,"author":{"gitId":"bentanjunrong"},"content":"","lastModifiedDate":"2021-08-26"},{"lineNumber":3,"author":{"gitId":"bentanjunrong"},"content":"public class DukeException extends Exception {","lastModifiedDate":"2021-08-23"},{"lineNumber":4,"author":{"gitId":"bentanjunrong"},"content":"    public DukeException(String message) {","lastModifiedDate":"2021-08-26"},{"lineNumber":5,"author":{"gitId":"bentanjunrong"},"content":"        super(message);","lastModifiedDate":"2021-08-23"},{"lineNumber":6,"author":{"gitId":"bentanjunrong"},"content":"    }","lastModifiedDate":"2021-08-19"},{"lineNumber":7,"author":{"gitId":"bentanjunrong"},"content":"}","lastModifiedDate":"2021-08-19"}],"authorContributionMap":{"bentanjunrong":7}},{"path":"src/main/java/duke/Event.java","fileType":"java","lines":[{"lineNumber":1,"author":{"gitId":"bentanjunrong"},"content":"package duke;","lastModifiedDate":"2021-08-26"},{"lineNumber":2,"author":{"gitId":"bentanjunrong"},"content":"","lastModifiedDate":"2021-08-26"},{"lineNumber":3,"author":{"gitId":"bentanjunrong"},"content":"import java.time.LocalDateTime;","lastModifiedDate":"2021-08-25"},{"lineNumber":4,"author":{"gitId":"bentanjunrong"},"content":"import java.time.format.DateTimeParseException;","lastModifiedDate":"2021-08-25"},{"lineNumber":5,"author":{"gitId":"bentanjunrong"},"content":"","lastModifiedDate":"2021-08-25"},{"lineNumber":6,"author":{"gitId":"bentanjunrong"},"content":"public class Event extends Task {","lastModifiedDate":"2021-08-19"},{"lineNumber":7,"author":{"gitId":"bentanjunrong"},"content":"    private final LocalDateTime duration;","lastModifiedDate":"2021-08-25"},{"lineNumber":8,"author":{"gitId":"bentanjunrong"},"content":"","lastModifiedDate":"2021-08-18"},{"lineNumber":9,"author":{"gitId":"bentanjunrong"},"content":"    /**","lastModifiedDate":"2021-08-27"},{"lineNumber":10,"author":{"gitId":"bentanjunrong"},"content":"     * Constructor for Event class.","lastModifiedDate":"2021-08-27"},{"lineNumber":11,"author":{"gitId":"bentanjunrong"},"content":"     * @param taskName Name of task.","lastModifiedDate":"2021-08-27"},{"lineNumber":12,"author":{"gitId":"bentanjunrong"},"content":"     * @param duration Duration of task.","lastModifiedDate":"2021-08-27"},{"lineNumber":13,"author":{"gitId":"bentanjunrong"},"content":"     * @throws DateTimeParseException If deadline cannot be parsed.","lastModifiedDate":"2021-08-27"},{"lineNumber":14,"author":{"gitId":"bentanjunrong"},"content":"     */","lastModifiedDate":"2021-08-27"},{"lineNumber":15,"author":{"gitId":"bentanjunrong"},"content":"    public Event(String taskName, String duration) throws DateTimeParseException {","lastModifiedDate":"2021-08-25"},{"lineNumber":16,"author":{"gitId":"bentanjunrong"},"content":"        super(taskName);","lastModifiedDate":"2021-08-18"},{"lineNumber":17,"author":{"gitId":"bentanjunrong"},"content":"        this.duration \u003d DukeDateFormatter.stringToDateTime(duration.trim());","lastModifiedDate":"2021-08-25"},{"lineNumber":18,"author":{"gitId":"bentanjunrong"},"content":"    }","lastModifiedDate":"2021-08-18"},{"lineNumber":19,"author":{"gitId":"bentanjunrong"},"content":"    /**","lastModifiedDate":"2021-08-27"},{"lineNumber":20,"author":{"gitId":"bentanjunrong"},"content":"     * Constructor for Event class.","lastModifiedDate":"2021-08-27"},{"lineNumber":21,"author":{"gitId":"bentanjunrong"},"content":"     * @param taskName Name of task.","lastModifiedDate":"2021-08-27"},{"lineNumber":22,"author":{"gitId":"bentanjunrong"},"content":"     * @param isDone True implies task has been done.","lastModifiedDate":"2021-08-27"},{"lineNumber":23,"author":{"gitId":"bentanjunrong"},"content":"     * @param duration Duration of task.","lastModifiedDate":"2021-08-27"},{"lineNumber":24,"author":{"gitId":"bentanjunrong"},"content":"     * @throws DateTimeParseException If deadline cannot be parsed.","lastModifiedDate":"2021-08-27"},{"lineNumber":25,"author":{"gitId":"bentanjunrong"},"content":"     */","lastModifiedDate":"2021-08-27"},{"lineNumber":26,"author":{"gitId":"bentanjunrong"},"content":"    public Event(String taskName, boolean isDone, String duration) throws DateTimeParseException {","lastModifiedDate":"2021-08-25"},{"lineNumber":27,"author":{"gitId":"bentanjunrong"},"content":"        super(taskName, isDone);","lastModifiedDate":"2021-08-23"},{"lineNumber":28,"author":{"gitId":"bentanjunrong"},"content":"        this.duration \u003d DukeDateFormatter.stringToDateTime(duration.trim());","lastModifiedDate":"2021-08-25"},{"lineNumber":29,"author":{"gitId":"bentanjunrong"},"content":"    }","lastModifiedDate":"2021-08-23"},{"lineNumber":30,"author":{"gitId":"bentanjunrong"},"content":"","lastModifiedDate":"2021-08-23"},{"lineNumber":31,"author":{"gitId":"bentanjunrong"},"content":"    public LocalDateTime getDuration() {","lastModifiedDate":"2021-08-25"},{"lineNumber":32,"author":{"gitId":"bentanjunrong"},"content":"        return this.duration;","lastModifiedDate":"2021-08-18"},{"lineNumber":33,"author":{"gitId":"bentanjunrong"},"content":"    }","lastModifiedDate":"2021-08-18"},{"lineNumber":34,"author":{"gitId":"bentanjunrong"},"content":"","lastModifiedDate":"2021-08-18"},{"lineNumber":35,"author":{"gitId":"bentanjunrong"},"content":"    @Override","lastModifiedDate":"2021-08-23"},{"lineNumber":36,"author":{"gitId":"bentanjunrong"},"content":"    public String getFileString() {","lastModifiedDate":"2021-08-23"},{"lineNumber":37,"author":{"gitId":"bentanjunrong"},"content":"        return String.format(\"E | %s | %s\", super.getFileString(), DukeDateFormatter.dateTimeToFile(this.duration));","lastModifiedDate":"2021-08-25"},{"lineNumber":38,"author":{"gitId":"bentanjunrong"},"content":"    }","lastModifiedDate":"2021-08-23"},{"lineNumber":39,"author":{"gitId":"bentanjunrong"},"content":"","lastModifiedDate":"2021-08-23"},{"lineNumber":40,"author":{"gitId":"bentanjunrong"},"content":"    @Override","lastModifiedDate":"2021-08-18"},{"lineNumber":41,"author":{"gitId":"bentanjunrong"},"content":"    public String toString() {","lastModifiedDate":"2021-08-18"},{"lineNumber":42,"author":{"gitId":"bentanjunrong"},"content":"        return String.format(\"[E]%s (at: %s)\", super.toString(), DukeDateFormatter.dateTimeToString(this.duration));","lastModifiedDate":"2021-08-25"},{"lineNumber":43,"author":{"gitId":"bentanjunrong"},"content":"    }","lastModifiedDate":"2021-08-18"},{"lineNumber":44,"author":{"gitId":"bentanjunrong"},"content":"","lastModifiedDate":"2021-08-25"},{"lineNumber":45,"author":{"gitId":"bentanjunrong"},"content":"}","lastModifiedDate":"2021-08-18"}],"authorContributionMap":{"bentanjunrong":45}},{"path":"src/main/java/duke/Parser.java","fileType":"java","lines":[{"lineNumber":1,"author":{"gitId":"bentanjunrong"},"content":"package duke;","lastModifiedDate":"2021-08-26"},{"lineNumber":2,"author":{"gitId":"bentanjunrong"},"content":"","lastModifiedDate":"2021-08-26"},{"lineNumber":3,"author":{"gitId":"bentanjunrong"},"content":"import java.time.format.DateTimeParseException;","lastModifiedDate":"2021-08-26"},{"lineNumber":4,"author":{"gitId":"bentanjunrong"},"content":"import java.util.HashMap;","lastModifiedDate":"2021-08-26"},{"lineNumber":5,"author":{"gitId":"bentanjunrong"},"content":"import java.util.Map;","lastModifiedDate":"2021-08-26"},{"lineNumber":6,"author":{"gitId":"bentanjunrong"},"content":"","lastModifiedDate":"2021-08-26"},{"lineNumber":7,"author":{"gitId":"bentanjunrong"},"content":"public class Parser {","lastModifiedDate":"2021-08-26"},{"lineNumber":8,"author":{"gitId":"bentanjunrong"},"content":"    private final Map\u003cString, ThrowingBiFunction\u003cTaskList, String, String\u003e\u003e functions \u003d new HashMap\u003c\u003e() {","lastModifiedDate":"2021-08-27"},{"lineNumber":9,"author":{"gitId":"bentanjunrong"},"content":"        {","lastModifiedDate":"2021-08-26"},{"lineNumber":10,"author":{"gitId":"bentanjunrong"},"content":"            put(\"list\", (tasks, input) -\u003e list(tasks));","lastModifiedDate":"2021-08-26"},{"lineNumber":11,"author":{"gitId":"bentanjunrong"},"content":"            put(\"done\", (tasks, input) -\u003e markDone(tasks, input));","lastModifiedDate":"2021-08-26"},{"lineNumber":12,"author":{"gitId":"bentanjunrong"},"content":"            put(\"todo\", (tasks, input) -\u003e addToDo(tasks, input));","lastModifiedDate":"2021-08-26"},{"lineNumber":13,"author":{"gitId":"bentanjunrong"},"content":"            put(\"deadline\", (tasks, input) -\u003e addDeadline(tasks, input));","lastModifiedDate":"2021-08-26"},{"lineNumber":14,"author":{"gitId":"bentanjunrong"},"content":"            put(\"event\", (tasks, input) -\u003e addEvent(tasks, input));","lastModifiedDate":"2021-08-26"},{"lineNumber":15,"author":{"gitId":"bentanjunrong"},"content":"            put(\"delete\", (tasks, input) -\u003e deleteTask(tasks, input));","lastModifiedDate":"2021-08-26"},{"lineNumber":16,"author":{"gitId":"bentanjunrong"},"content":"            put(\"find\", (tasks, input) -\u003e findTasks(tasks, input));","lastModifiedDate":"2021-08-27"},{"lineNumber":17,"author":{"gitId":"bentanjunrong"},"content":"        }","lastModifiedDate":"2021-08-26"},{"lineNumber":18,"author":{"gitId":"bentanjunrong"},"content":"    };","lastModifiedDate":"2021-08-26"},{"lineNumber":19,"author":{"gitId":"bentanjunrong"},"content":"","lastModifiedDate":"2021-08-26"},{"lineNumber":20,"author":{"gitId":"bentanjunrong"},"content":"    /**","lastModifiedDate":"2021-08-26"},{"lineNumber":21,"author":{"gitId":"bentanjunrong"},"content":"     * Parse the user input string and execute the respective command given in the functions Map.","lastModifiedDate":"2021-08-27"},{"lineNumber":22,"author":{"gitId":"bentanjunrong"},"content":"     * @param tasks Current Tasklist being used by the program.","lastModifiedDate":"2021-08-27"},{"lineNumber":23,"author":{"gitId":"bentanjunrong"},"content":"     * @param input Input String for the command.","lastModifiedDate":"2021-08-27"},{"lineNumber":24,"author":{"gitId":"bentanjunrong"},"content":"     * @return String Result to be printed by the UI class.","lastModifiedDate":"2021-08-27"},{"lineNumber":25,"author":{"gitId":"bentanjunrong"},"content":"     */","lastModifiedDate":"2021-08-26"},{"lineNumber":26,"author":{"gitId":"bentanjunrong"},"content":"    public String dispatch(TaskList tasks, String input) {","lastModifiedDate":"2021-08-26"},{"lineNumber":27,"author":{"gitId":"bentanjunrong"},"content":"        String[] cmd \u003d input.split(\" \", 2);","lastModifiedDate":"2021-08-26"},{"lineNumber":28,"author":{"gitId":"bentanjunrong"},"content":"        return functions.getOrDefault(cmd[0], (a, b) -\u003e \"FOOLISH MORTAL, I CAN\u0027T EXECUTE THAT COMMAND. TRY AGAIN:\")","lastModifiedDate":"2021-08-27"},{"lineNumber":29,"author":{"gitId":"bentanjunrong"},"content":"                .apply(tasks, cmd.length \u003e 1 ? cmd[1] : \"\");","lastModifiedDate":"2021-08-26"},{"lineNumber":30,"author":{"gitId":"bentanjunrong"},"content":"    }","lastModifiedDate":"2021-08-26"},{"lineNumber":31,"author":{"gitId":"bentanjunrong"},"content":"","lastModifiedDate":"2021-08-26"},{"lineNumber":32,"author":{"gitId":"bentanjunrong"},"content":"    private String list(TaskList tasks) {","lastModifiedDate":"2021-08-26"},{"lineNumber":33,"author":{"gitId":"bentanjunrong"},"content":"        StringBuilder output \u003d new StringBuilder(\"YOU WISH FOR THESE FOOLISH THINGS:\\n\");","lastModifiedDate":"2021-08-26"},{"lineNumber":34,"author":{"gitId":"bentanjunrong"},"content":"        for (int i \u003d 0; i \u003c tasks.size(); i++) {","lastModifiedDate":"2021-08-26"},{"lineNumber":35,"author":{"gitId":"bentanjunrong"},"content":"            output.append(String.format(\" %s. %s\\n\", i + 1, tasks.get(i)));","lastModifiedDate":"2021-08-26"},{"lineNumber":36,"author":{"gitId":"bentanjunrong"},"content":"        }","lastModifiedDate":"2021-08-26"},{"lineNumber":37,"author":{"gitId":"bentanjunrong"},"content":"        return output.toString();","lastModifiedDate":"2021-08-26"},{"lineNumber":38,"author":{"gitId":"bentanjunrong"},"content":"    }","lastModifiedDate":"2021-08-26"},{"lineNumber":39,"author":{"gitId":"bentanjunrong"},"content":"","lastModifiedDate":"2021-08-26"},{"lineNumber":40,"author":{"gitId":"bentanjunrong"},"content":"    private String markDone(TaskList tasks, String input) throws DukeException {","lastModifiedDate":"2021-08-26"},{"lineNumber":41,"author":{"gitId":"bentanjunrong"},"content":"        if (tasks.isEmpty()) {","lastModifiedDate":"2021-08-26"},{"lineNumber":42,"author":{"gitId":"bentanjunrong"},"content":"            throw new DukeException(\"YOU HAVE NO TASKS YOU FOOL.\");","lastModifiedDate":"2021-08-26"},{"lineNumber":43,"author":{"gitId":"bentanjunrong"},"content":"        }","lastModifiedDate":"2021-08-26"},{"lineNumber":44,"author":{"gitId":"bentanjunrong"},"content":"        try {","lastModifiedDate":"2021-08-26"},{"lineNumber":45,"author":{"gitId":"bentanjunrong"},"content":"            int index \u003d Integer.parseInt(input);","lastModifiedDate":"2021-08-26"},{"lineNumber":46,"author":{"gitId":"bentanjunrong"},"content":"            if (index \u003c 1 || index \u003e tasks.size()) {","lastModifiedDate":"2021-08-26"},{"lineNumber":47,"author":{"gitId":"bentanjunrong"},"content":"                throw new DukeException(\"INVALID TASK NUMBER YOU FOOL.\");","lastModifiedDate":"2021-08-26"},{"lineNumber":48,"author":{"gitId":"bentanjunrong"},"content":"            }","lastModifiedDate":"2021-08-26"},{"lineNumber":49,"author":{"gitId":"bentanjunrong"},"content":"            Task currentTask \u003d tasks.get(index - 1);","lastModifiedDate":"2021-08-26"},{"lineNumber":50,"author":{"gitId":"bentanjunrong"},"content":"            if (currentTask.getIsDone()) {","lastModifiedDate":"2021-08-26"},{"lineNumber":51,"author":{"gitId":"bentanjunrong"},"content":"                return String.format(\"YOU ALREADY DID THIS YOU FOOL.\");","lastModifiedDate":"2021-08-26"},{"lineNumber":52,"author":{"gitId":"bentanjunrong"},"content":"            }","lastModifiedDate":"2021-08-26"},{"lineNumber":53,"author":{"gitId":"bentanjunrong"},"content":"            tasks.setDone(index - 1);","lastModifiedDate":"2021-08-26"},{"lineNumber":54,"author":{"gitId":"bentanjunrong"},"content":"            return String.format(\"YOU SAY YOU\u0027VE COMPLETED THIS TASK:\\n \" + currentTask);","lastModifiedDate":"2021-08-26"},{"lineNumber":55,"author":{"gitId":"bentanjunrong"},"content":"        } catch (NumberFormatException e) {","lastModifiedDate":"2021-08-26"},{"lineNumber":56,"author":{"gitId":"bentanjunrong"},"content":"            throw new DukeException(\"DO YOU NOT KNOW WHAT A NUMBER IS, FOOLISH HUMAN?\");","lastModifiedDate":"2021-08-26"},{"lineNumber":57,"author":{"gitId":"bentanjunrong"},"content":"        }","lastModifiedDate":"2021-08-26"},{"lineNumber":58,"author":{"gitId":"bentanjunrong"},"content":"    }","lastModifiedDate":"2021-08-26"},{"lineNumber":59,"author":{"gitId":"bentanjunrong"},"content":"","lastModifiedDate":"2021-08-26"},{"lineNumber":60,"author":{"gitId":"bentanjunrong"},"content":"    private String findTasks(TaskList tasks, String input) throws DukeException {","lastModifiedDate":"2021-08-27"},{"lineNumber":61,"author":{"gitId":"bentanjunrong"},"content":"        if (tasks.isEmpty()) {","lastModifiedDate":"2021-08-27"},{"lineNumber":62,"author":{"gitId":"bentanjunrong"},"content":"            throw new DukeException(\"YOU HAVE NO TASKS YOU FOOL.\");","lastModifiedDate":"2021-08-27"},{"lineNumber":63,"author":{"gitId":"bentanjunrong"},"content":"        }","lastModifiedDate":"2021-08-27"},{"lineNumber":64,"author":{"gitId":"bentanjunrong"},"content":"        return tasks.findTasks(input);","lastModifiedDate":"2021-08-27"},{"lineNumber":65,"author":{"gitId":"bentanjunrong"},"content":"    }","lastModifiedDate":"2021-08-27"},{"lineNumber":66,"author":{"gitId":"bentanjunrong"},"content":"","lastModifiedDate":"2021-08-27"},{"lineNumber":67,"author":{"gitId":"bentanjunrong"},"content":"    private String deleteTask(TaskList tasks, String input) throws DukeException {","lastModifiedDate":"2021-08-26"},{"lineNumber":68,"author":{"gitId":"bentanjunrong"},"content":"        if (tasks.isEmpty()) {","lastModifiedDate":"2021-08-26"},{"lineNumber":69,"author":{"gitId":"bentanjunrong"},"content":"            throw new DukeException(\"YOU HAVE NO TASKS YOU FOOL.\");","lastModifiedDate":"2021-08-26"},{"lineNumber":70,"author":{"gitId":"bentanjunrong"},"content":"        }","lastModifiedDate":"2021-08-26"},{"lineNumber":71,"author":{"gitId":"bentanjunrong"},"content":"        try {","lastModifiedDate":"2021-08-26"},{"lineNumber":72,"author":{"gitId":"bentanjunrong"},"content":"            int index \u003d Integer.parseInt(input);","lastModifiedDate":"2021-08-26"},{"lineNumber":73,"author":{"gitId":"bentanjunrong"},"content":"            if (index \u003c 1 || index \u003e tasks.size()) {","lastModifiedDate":"2021-08-26"},{"lineNumber":74,"author":{"gitId":"bentanjunrong"},"content":"                throw new DukeException(\"INVALID TASK NUMBER YOU FOOL.\");","lastModifiedDate":"2021-08-26"},{"lineNumber":75,"author":{"gitId":"bentanjunrong"},"content":"            }","lastModifiedDate":"2021-08-26"},{"lineNumber":76,"author":{"gitId":"bentanjunrong"},"content":"            Task currentTask \u003d tasks.get(index - 1);","lastModifiedDate":"2021-08-26"},{"lineNumber":77,"author":{"gitId":"bentanjunrong"},"content":"            tasks.remove(index - 1);","lastModifiedDate":"2021-08-26"},{"lineNumber":78,"author":{"gitId":"bentanjunrong"},"content":"            return String.format(String.format(\"YOU\u0027VE CHOSEN TO ABANDON THIS TASK:\\n %s\\n YOU HAVE %d TASKS LEFT.\",","lastModifiedDate":"2021-08-26"},{"lineNumber":79,"author":{"gitId":"bentanjunrong"},"content":"                    currentTask, tasks.size()));","lastModifiedDate":"2021-08-26"},{"lineNumber":80,"author":{"gitId":"bentanjunrong"},"content":"        } catch (NumberFormatException e) {","lastModifiedDate":"2021-08-26"},{"lineNumber":81,"author":{"gitId":"bentanjunrong"},"content":"            throw new DukeException(\"DO YOU NOT KNOW WHAT A NUMBER IS, FOOLISH HUMAN?\");","lastModifiedDate":"2021-08-26"},{"lineNumber":82,"author":{"gitId":"bentanjunrong"},"content":"        }","lastModifiedDate":"2021-08-26"},{"lineNumber":83,"author":{"gitId":"bentanjunrong"},"content":"    }","lastModifiedDate":"2021-08-26"},{"lineNumber":84,"author":{"gitId":"bentanjunrong"},"content":"","lastModifiedDate":"2021-08-26"},{"lineNumber":85,"author":{"gitId":"bentanjunrong"},"content":"    private String addToDo(TaskList tasks, String taskName) throws DukeException {","lastModifiedDate":"2021-08-26"},{"lineNumber":86,"author":{"gitId":"bentanjunrong"},"content":"        if (taskName.equals(\"\")) {","lastModifiedDate":"2021-08-26"},{"lineNumber":87,"author":{"gitId":"bentanjunrong"},"content":"            throw new DukeException(\"NAME YOUR TASK. DON\u0027T WASTE MY TIME.\");","lastModifiedDate":"2021-08-26"},{"lineNumber":88,"author":{"gitId":"bentanjunrong"},"content":"        }","lastModifiedDate":"2021-08-26"},{"lineNumber":89,"author":{"gitId":"bentanjunrong"},"content":"        Task newTask \u003d new ToDo(taskName);","lastModifiedDate":"2021-08-26"},{"lineNumber":90,"author":{"gitId":"bentanjunrong"},"content":"        tasks.add(newTask);","lastModifiedDate":"2021-08-26"},{"lineNumber":91,"author":{"gitId":"bentanjunrong"},"content":"        return String.format(String.format(\" MORTAL, YOU\u0027VE ADDED THIS TASK:\\n %s\\n YOU HAVE %d TASKS LEFT.\", newTask,","lastModifiedDate":"2021-08-26"},{"lineNumber":92,"author":{"gitId":"bentanjunrong"},"content":"                tasks.size()));","lastModifiedDate":"2021-08-26"},{"lineNumber":93,"author":{"gitId":"bentanjunrong"},"content":"    }","lastModifiedDate":"2021-08-26"},{"lineNumber":94,"author":{"gitId":"bentanjunrong"},"content":"","lastModifiedDate":"2021-08-26"},{"lineNumber":95,"author":{"gitId":"bentanjunrong"},"content":"    private String addEvent(TaskList tasks, String input) throws DukeException {","lastModifiedDate":"2021-08-26"},{"lineNumber":96,"author":{"gitId":"bentanjunrong"},"content":"        if (input.equals(\"\") || !input.contains(\" /at\")) {","lastModifiedDate":"2021-08-26"},{"lineNumber":97,"author":{"gitId":"bentanjunrong"},"content":"            throw new DukeException(\"FORMAT YOUR EVENT PROPERLY. DON\u0027T WASTE MY TIME.\");","lastModifiedDate":"2021-08-26"},{"lineNumber":98,"author":{"gitId":"bentanjunrong"},"content":"        }","lastModifiedDate":"2021-08-26"},{"lineNumber":99,"author":{"gitId":"bentanjunrong"},"content":"        try {","lastModifiedDate":"2021-08-26"},{"lineNumber":100,"author":{"gitId":"bentanjunrong"},"content":"            String[] args \u003d input.split(\"/at\", 2);","lastModifiedDate":"2021-08-26"},{"lineNumber":101,"author":{"gitId":"bentanjunrong"},"content":"            Task newEvent \u003d new Event(args[0].trim(), args[1].trim());","lastModifiedDate":"2021-08-26"},{"lineNumber":102,"author":{"gitId":"bentanjunrong"},"content":"            tasks.add(newEvent);","lastModifiedDate":"2021-08-26"},{"lineNumber":103,"author":{"gitId":"bentanjunrong"},"content":"            return String.format(String.format(\" MORTAL, YOU\u0027VE ADDED THIS EVENT:\\n %s\\n YOU HAVE %d TASKS LEFT.\",","lastModifiedDate":"2021-08-26"},{"lineNumber":104,"author":{"gitId":"bentanjunrong"},"content":"                    newEvent, tasks.size()));","lastModifiedDate":"2021-08-26"},{"lineNumber":105,"author":{"gitId":"bentanjunrong"},"content":"        } catch (DateTimeParseException e) {","lastModifiedDate":"2021-08-26"},{"lineNumber":106,"author":{"gitId":"bentanjunrong"},"content":"            throw new DukeException(\"FORMAT YOUR DATETIME PROPERLY YOU FOOL\");","lastModifiedDate":"2021-08-26"},{"lineNumber":107,"author":{"gitId":"bentanjunrong"},"content":"        }","lastModifiedDate":"2021-08-26"},{"lineNumber":108,"author":{"gitId":"bentanjunrong"},"content":"    }","lastModifiedDate":"2021-08-26"},{"lineNumber":109,"author":{"gitId":"bentanjunrong"},"content":"","lastModifiedDate":"2021-08-26"},{"lineNumber":110,"author":{"gitId":"bentanjunrong"},"content":"    private String addDeadline(TaskList tasks, String input) throws DukeException {","lastModifiedDate":"2021-08-26"},{"lineNumber":111,"author":{"gitId":"bentanjunrong"},"content":"        if (input.equals(\"\") || !input.contains(\" /by\")) {","lastModifiedDate":"2021-08-26"},{"lineNumber":112,"author":{"gitId":"bentanjunrong"},"content":"            throw new DukeException(\"FORMAT YOUR DEADLINE PROPERLY. DON\u0027T WASTE MY TIME.\");","lastModifiedDate":"2021-08-26"},{"lineNumber":113,"author":{"gitId":"bentanjunrong"},"content":"        }","lastModifiedDate":"2021-08-26"},{"lineNumber":114,"author":{"gitId":"bentanjunrong"},"content":"        try {","lastModifiedDate":"2021-08-26"},{"lineNumber":115,"author":{"gitId":"bentanjunrong"},"content":"            String[] args \u003d input.split(\"/by\", 2);","lastModifiedDate":"2021-08-26"},{"lineNumber":116,"author":{"gitId":"bentanjunrong"},"content":"            Task newDeadline \u003d new Deadline(args[0].trim(), args[1].trim());","lastModifiedDate":"2021-08-26"},{"lineNumber":117,"author":{"gitId":"bentanjunrong"},"content":"            tasks.add(newDeadline);","lastModifiedDate":"2021-08-26"},{"lineNumber":118,"author":{"gitId":"bentanjunrong"},"content":"            return String.format(String.format(\" MORTAL, YOU\u0027VE ADDED THIS DEADLINE:\\n %s\\n YOU NOW HAVE %d TASKS.\",","lastModifiedDate":"2021-08-26"},{"lineNumber":119,"author":{"gitId":"bentanjunrong"},"content":"                    newDeadline, tasks.size()));","lastModifiedDate":"2021-08-26"},{"lineNumber":120,"author":{"gitId":"bentanjunrong"},"content":"        } catch (DateTimeParseException e) {","lastModifiedDate":"2021-08-26"},{"lineNumber":121,"author":{"gitId":"bentanjunrong"},"content":"            throw new DukeException(\"FORMAT YOUR DATETIME PROPERLY YOU FOOL\");","lastModifiedDate":"2021-08-26"},{"lineNumber":122,"author":{"gitId":"bentanjunrong"},"content":"        }","lastModifiedDate":"2021-08-26"},{"lineNumber":123,"author":{"gitId":"bentanjunrong"},"content":"    }","lastModifiedDate":"2021-08-26"},{"lineNumber":124,"author":{"gitId":"bentanjunrong"},"content":"}","lastModifiedDate":"2021-08-26"}],"authorContributionMap":{"bentanjunrong":124}},{"path":"src/main/java/duke/Storage.java","fileType":"java","lines":[{"lineNumber":1,"author":{"gitId":"bentanjunrong"},"content":"package duke;","lastModifiedDate":"2021-08-26"},{"lineNumber":2,"author":{"gitId":"bentanjunrong"},"content":"","lastModifiedDate":"2021-08-26"},{"lineNumber":3,"author":{"gitId":"bentanjunrong"},"content":"import java.io.File;","lastModifiedDate":"2021-08-26"},{"lineNumber":4,"author":{"gitId":"bentanjunrong"},"content":"import java.io.FileNotFoundException;","lastModifiedDate":"2021-08-26"},{"lineNumber":5,"author":{"gitId":"bentanjunrong"},"content":"import java.io.FileWriter;","lastModifiedDate":"2021-08-26"},{"lineNumber":6,"author":{"gitId":"bentanjunrong"},"content":"import java.io.IOException;","lastModifiedDate":"2021-08-26"},{"lineNumber":7,"author":{"gitId":"bentanjunrong"},"content":"import java.time.format.DateTimeParseException;","lastModifiedDate":"2021-08-26"},{"lineNumber":8,"author":{"gitId":"bentanjunrong"},"content":"import java.util.ArrayList;","lastModifiedDate":"2021-08-26"},{"lineNumber":9,"author":{"gitId":"bentanjunrong"},"content":"import java.util.List;","lastModifiedDate":"2021-08-26"},{"lineNumber":10,"author":{"gitId":"bentanjunrong"},"content":"import java.util.Scanner;","lastModifiedDate":"2021-08-26"},{"lineNumber":11,"author":{"gitId":"bentanjunrong"},"content":"import java.util.regex.Pattern;","lastModifiedDate":"2021-08-26"},{"lineNumber":12,"author":{"gitId":"bentanjunrong"},"content":"","lastModifiedDate":"2021-08-26"},{"lineNumber":13,"author":{"gitId":"bentanjunrong"},"content":"public class Storage {","lastModifiedDate":"2021-08-26"},{"lineNumber":14,"author":{"gitId":"bentanjunrong"},"content":"    /**","lastModifiedDate":"2021-08-27"},{"lineNumber":15,"author":{"gitId":"bentanjunrong"},"content":"     * Loads List of tasks from the file in [project_root]/data/duke.txt","lastModifiedDate":"2021-08-27"},{"lineNumber":16,"author":{"gitId":"bentanjunrong"},"content":"     * @return List of Tasks to be processed by the TaskList class.","lastModifiedDate":"2021-08-27"},{"lineNumber":17,"author":{"gitId":"bentanjunrong"},"content":"     * @throws DukeException If there is a FileNotFoundException, DateTimeParseException or generic Exception.","lastModifiedDate":"2021-08-27"},{"lineNumber":18,"author":{"gitId":"bentanjunrong"},"content":"     */","lastModifiedDate":"2021-08-27"},{"lineNumber":19,"author":{"gitId":"bentanjunrong"},"content":"    public List\u003cTask\u003e getTasksFromFile() throws DukeException {","lastModifiedDate":"2021-08-26"},{"lineNumber":20,"author":{"gitId":"bentanjunrong"},"content":"        List\u003cTask\u003e tasks \u003d new ArrayList\u003c\u003e();","lastModifiedDate":"2021-08-26"},{"lineNumber":21,"author":{"gitId":"bentanjunrong"},"content":"        try {","lastModifiedDate":"2021-08-26"},{"lineNumber":22,"author":{"gitId":"bentanjunrong"},"content":"            File taskFile \u003d new File(\"../../../data\", \"duke.txt\");","lastModifiedDate":"2021-08-26"},{"lineNumber":23,"author":{"gitId":"bentanjunrong"},"content":"            Scanner myReader \u003d new Scanner(taskFile);","lastModifiedDate":"2021-08-26"},{"lineNumber":24,"author":{"gitId":"bentanjunrong"},"content":"            while (myReader.hasNextLine()) {","lastModifiedDate":"2021-08-26"},{"lineNumber":25,"author":{"gitId":"bentanjunrong"},"content":"                String data \u003d myReader.nextLine();","lastModifiedDate":"2021-08-26"},{"lineNumber":26,"author":{"gitId":"bentanjunrong"},"content":"                String[] args \u003d data.split(Pattern.quote(\"|\"));","lastModifiedDate":"2021-08-26"},{"lineNumber":27,"author":{"gitId":"bentanjunrong"},"content":"                boolean isDone \u003d args[1].trim().equals(\"1\");","lastModifiedDate":"2021-08-26"},{"lineNumber":28,"author":{"gitId":"bentanjunrong"},"content":"                switch (args[0].trim()) {","lastModifiedDate":"2021-08-26"},{"lineNumber":29,"author":{"gitId":"bentanjunrong"},"content":"                case \"T\":","lastModifiedDate":"2021-08-26"},{"lineNumber":30,"author":{"gitId":"bentanjunrong"},"content":"                    tasks.add(new ToDo(args[2], isDone));","lastModifiedDate":"2021-08-26"},{"lineNumber":31,"author":{"gitId":"bentanjunrong"},"content":"                    break;","lastModifiedDate":"2021-08-26"},{"lineNumber":32,"author":{"gitId":"bentanjunrong"},"content":"                case \"E\":","lastModifiedDate":"2021-08-26"},{"lineNumber":33,"author":{"gitId":"bentanjunrong"},"content":"                    tasks.add(new Event(args[2], isDone, args[3]));","lastModifiedDate":"2021-08-26"},{"lineNumber":34,"author":{"gitId":"bentanjunrong"},"content":"                    break;","lastModifiedDate":"2021-08-26"},{"lineNumber":35,"author":{"gitId":"bentanjunrong"},"content":"                case \"D\":","lastModifiedDate":"2021-08-26"},{"lineNumber":36,"author":{"gitId":"bentanjunrong"},"content":"                    tasks.add(new Deadline(args[2], isDone, args[3]));","lastModifiedDate":"2021-08-26"},{"lineNumber":37,"author":{"gitId":"bentanjunrong"},"content":"                    break;","lastModifiedDate":"2021-08-26"},{"lineNumber":38,"author":{"gitId":"bentanjunrong"},"content":"                default:","lastModifiedDate":"2021-08-26"},{"lineNumber":39,"author":{"gitId":"bentanjunrong"},"content":"                    myReader.close();","lastModifiedDate":"2021-08-26"},{"lineNumber":40,"author":{"gitId":"bentanjunrong"},"content":"                    throw new IllegalArgumentException(","lastModifiedDate":"2021-08-26"},{"lineNumber":41,"author":{"gitId":"bentanjunrong"},"content":"                            \"COULDN\u0027T PARSE YOUR STUPID FILE. FORMAT THE INPUT PROPERLY.\");","lastModifiedDate":"2021-08-26"},{"lineNumber":42,"author":{"gitId":"bentanjunrong"},"content":"                }","lastModifiedDate":"2021-08-26"},{"lineNumber":43,"author":{"gitId":"bentanjunrong"},"content":"            }","lastModifiedDate":"2021-08-26"},{"lineNumber":44,"author":{"gitId":"bentanjunrong"},"content":"            myReader.close();","lastModifiedDate":"2021-08-26"},{"lineNumber":45,"author":{"gitId":"bentanjunrong"},"content":"        } catch (FileNotFoundException e) {","lastModifiedDate":"2021-08-26"},{"lineNumber":46,"author":{"gitId":"bentanjunrong"},"content":"            // Initialise file and directory if they do not exist","lastModifiedDate":"2021-08-27"},{"lineNumber":47,"author":{"gitId":"bentanjunrong"},"content":"            saveToFile(tasks);","lastModifiedDate":"2021-08-26"},{"lineNumber":48,"author":{"gitId":"bentanjunrong"},"content":"        } catch (DateTimeParseException e) {","lastModifiedDate":"2021-08-26"},{"lineNumber":49,"author":{"gitId":"bentanjunrong"},"content":"            throw new RuntimeException(\"FORMAT YOUR FILE DATETIMES PROPERLY YOU FOOL.\");","lastModifiedDate":"2021-08-27"},{"lineNumber":50,"author":{"gitId":"bentanjunrong"},"content":"        } catch (Exception e) {","lastModifiedDate":"2021-08-26"},{"lineNumber":51,"author":{"gitId":"bentanjunrong"},"content":"            System.out.println(e.getMessage());","lastModifiedDate":"2021-08-26"},{"lineNumber":52,"author":{"gitId":"bentanjunrong"},"content":"            throw new DukeException(\"COULDN\u0027T GET YOUR MISERABLE FILE. TRY AGAIN.\");","lastModifiedDate":"2021-08-26"},{"lineNumber":53,"author":{"gitId":"bentanjunrong"},"content":"        }","lastModifiedDate":"2021-08-26"},{"lineNumber":54,"author":{"gitId":"bentanjunrong"},"content":"        return tasks;","lastModifiedDate":"2021-08-26"},{"lineNumber":55,"author":{"gitId":"bentanjunrong"},"content":"    }","lastModifiedDate":"2021-08-26"},{"lineNumber":56,"author":{"gitId":"bentanjunrong"},"content":"","lastModifiedDate":"2021-08-26"},{"lineNumber":57,"author":{"gitId":"bentanjunrong"},"content":"    /**","lastModifiedDate":"2021-08-27"},{"lineNumber":58,"author":{"gitId":"bentanjunrong"},"content":"     * Saves List of tasks from the file in [project_root]/data/duke.txt","lastModifiedDate":"2021-08-27"},{"lineNumber":59,"author":{"gitId":"bentanjunrong"},"content":"     * @param tasks List of Tasks to be saved.","lastModifiedDate":"2021-08-27"},{"lineNumber":60,"author":{"gitId":"bentanjunrong"},"content":"     * @throws DukeException If there is a generic Duke Exception.","lastModifiedDate":"2021-08-27"},{"lineNumber":61,"author":{"gitId":"bentanjunrong"},"content":"     */","lastModifiedDate":"2021-08-27"},{"lineNumber":62,"author":{"gitId":"bentanjunrong"},"content":"    public void saveToFile(List\u003cTask\u003e tasks) throws DukeException {","lastModifiedDate":"2021-08-26"},{"lineNumber":63,"author":{"gitId":"bentanjunrong"},"content":"        try {","lastModifiedDate":"2021-08-26"},{"lineNumber":64,"author":{"gitId":"bentanjunrong"},"content":"            // create directory if it does not exist","lastModifiedDate":"2021-08-26"},{"lineNumber":65,"author":{"gitId":"bentanjunrong"},"content":"            File directory \u003d new File(\"../../../data\");","lastModifiedDate":"2021-08-26"},{"lineNumber":66,"author":{"gitId":"bentanjunrong"},"content":"            directory.mkdirs();","lastModifiedDate":"2021-08-26"},{"lineNumber":67,"author":{"gitId":"bentanjunrong"},"content":"","lastModifiedDate":"2021-08-26"},{"lineNumber":68,"author":{"gitId":"bentanjunrong"},"content":"            File myFile \u003d new File(\"../../../data\", \"duke.txt\");","lastModifiedDate":"2021-08-26"},{"lineNumber":69,"author":{"gitId":"bentanjunrong"},"content":"            FileWriter dukeWriter \u003d new FileWriter(myFile);","lastModifiedDate":"2021-08-27"},{"lineNumber":70,"author":{"gitId":"bentanjunrong"},"content":"            for (Task task : tasks) {","lastModifiedDate":"2021-08-26"},{"lineNumber":71,"author":{"gitId":"bentanjunrong"},"content":"                dukeWriter.write(String.format(\"%s\\n\", task.getFileString()));","lastModifiedDate":"2021-08-27"},{"lineNumber":72,"author":{"gitId":"bentanjunrong"},"content":"            }","lastModifiedDate":"2021-08-26"},{"lineNumber":73,"author":{"gitId":"bentanjunrong"},"content":"            dukeWriter.close();","lastModifiedDate":"2021-08-27"},{"lineNumber":74,"author":{"gitId":"bentanjunrong"},"content":"        } catch (IOException e) {","lastModifiedDate":"2021-08-26"},{"lineNumber":75,"author":{"gitId":"bentanjunrong"},"content":"            throw new DukeException(\"SAVING THE FILE FAILED YOU IDIOT. JUST GIVE UP.\");","lastModifiedDate":"2021-08-26"},{"lineNumber":76,"author":{"gitId":"bentanjunrong"},"content":"        }","lastModifiedDate":"2021-08-26"},{"lineNumber":77,"author":{"gitId":"bentanjunrong"},"content":"","lastModifiedDate":"2021-08-26"},{"lineNumber":78,"author":{"gitId":"bentanjunrong"},"content":"    }","lastModifiedDate":"2021-08-26"},{"lineNumber":79,"author":{"gitId":"bentanjunrong"},"content":"}","lastModifiedDate":"2021-08-26"}],"authorContributionMap":{"bentanjunrong":79}},{"path":"src/main/java/duke/Task.java","fileType":"java","lines":[{"lineNumber":1,"author":{"gitId":"bentanjunrong"},"content":"package duke;","lastModifiedDate":"2021-08-26"},{"lineNumber":2,"author":{"gitId":"bentanjunrong"},"content":"","lastModifiedDate":"2021-08-26"},{"lineNumber":3,"author":{"gitId":"bentanjunrong"},"content":"public class Task {","lastModifiedDate":"2021-08-18"},{"lineNumber":4,"author":{"gitId":"bentanjunrong"},"content":"    private final String taskName;","lastModifiedDate":"2021-08-18"},{"lineNumber":5,"author":{"gitId":"bentanjunrong"},"content":"    private boolean isDone;","lastModifiedDate":"2021-08-18"},{"lineNumber":6,"author":{"gitId":"bentanjunrong"},"content":"","lastModifiedDate":"2021-08-18"},{"lineNumber":7,"author":{"gitId":"bentanjunrong"},"content":"    /**","lastModifiedDate":"2021-08-27"},{"lineNumber":8,"author":{"gitId":"bentanjunrong"},"content":"     * Constructor for Task class.","lastModifiedDate":"2021-08-27"},{"lineNumber":9,"author":{"gitId":"bentanjunrong"},"content":"     * @param taskName Name of task.","lastModifiedDate":"2021-08-27"},{"lineNumber":10,"author":{"gitId":"bentanjunrong"},"content":"     */","lastModifiedDate":"2021-08-27"},{"lineNumber":11,"author":{"gitId":"bentanjunrong"},"content":"    public Task(String taskName) {","lastModifiedDate":"2021-08-18"},{"lineNumber":12,"author":{"gitId":"bentanjunrong"},"content":"        this.taskName \u003d taskName.trim();","lastModifiedDate":"2021-08-18"},{"lineNumber":13,"author":{"gitId":"bentanjunrong"},"content":"        this.isDone \u003d false;","lastModifiedDate":"2021-08-18"},{"lineNumber":14,"author":{"gitId":"bentanjunrong"},"content":"    }","lastModifiedDate":"2021-08-18"},{"lineNumber":15,"author":{"gitId":"bentanjunrong"},"content":"","lastModifiedDate":"2021-08-18"},{"lineNumber":16,"author":{"gitId":"bentanjunrong"},"content":"    /**","lastModifiedDate":"2021-08-27"},{"lineNumber":17,"author":{"gitId":"bentanjunrong"},"content":"     * Constructor for Task class.","lastModifiedDate":"2021-08-27"},{"lineNumber":18,"author":{"gitId":"bentanjunrong"},"content":"     * @param taskName Name of task.","lastModifiedDate":"2021-08-27"},{"lineNumber":19,"author":{"gitId":"bentanjunrong"},"content":"     * @param isDone True implies task has been done.","lastModifiedDate":"2021-08-27"},{"lineNumber":20,"author":{"gitId":"bentanjunrong"},"content":"     */","lastModifiedDate":"2021-08-27"},{"lineNumber":21,"author":{"gitId":"bentanjunrong"},"content":"    public Task(String taskName, boolean isDone) {","lastModifiedDate":"2021-08-23"},{"lineNumber":22,"author":{"gitId":"bentanjunrong"},"content":"        this.taskName \u003d taskName.trim();","lastModifiedDate":"2021-08-23"},{"lineNumber":23,"author":{"gitId":"bentanjunrong"},"content":"        this.isDone \u003d isDone;","lastModifiedDate":"2021-08-23"},{"lineNumber":24,"author":{"gitId":"bentanjunrong"},"content":"    }","lastModifiedDate":"2021-08-23"},{"lineNumber":25,"author":{"gitId":"bentanjunrong"},"content":"","lastModifiedDate":"2021-08-23"},{"lineNumber":26,"author":{"gitId":"bentanjunrong"},"content":"    public String getTaskName() {","lastModifiedDate":"2021-08-18"},{"lineNumber":27,"author":{"gitId":"bentanjunrong"},"content":"        return this.taskName;","lastModifiedDate":"2021-08-18"},{"lineNumber":28,"author":{"gitId":"bentanjunrong"},"content":"    }","lastModifiedDate":"2021-08-18"},{"lineNumber":29,"author":{"gitId":"bentanjunrong"},"content":"","lastModifiedDate":"2021-08-18"},{"lineNumber":30,"author":{"gitId":"bentanjunrong"},"content":"    public boolean getIsDone() {","lastModifiedDate":"2021-08-18"},{"lineNumber":31,"author":{"gitId":"bentanjunrong"},"content":"        return this.isDone;","lastModifiedDate":"2021-08-18"},{"lineNumber":32,"author":{"gitId":"bentanjunrong"},"content":"    }","lastModifiedDate":"2021-08-18"},{"lineNumber":33,"author":{"gitId":"bentanjunrong"},"content":"","lastModifiedDate":"2021-08-18"},{"lineNumber":34,"author":{"gitId":"bentanjunrong"},"content":"    public void setDone(boolean isDone) {","lastModifiedDate":"2021-08-26"},{"lineNumber":35,"author":{"gitId":"bentanjunrong"},"content":"        this.isDone \u003d isDone;","lastModifiedDate":"2021-08-18"},{"lineNumber":36,"author":{"gitId":"bentanjunrong"},"content":"    }","lastModifiedDate":"2021-08-18"},{"lineNumber":37,"author":{"gitId":"bentanjunrong"},"content":"","lastModifiedDate":"2021-08-18"},{"lineNumber":38,"author":{"gitId":"bentanjunrong"},"content":"    public String getFileString() {","lastModifiedDate":"2021-08-23"},{"lineNumber":39,"author":{"gitId":"bentanjunrong"},"content":"        return String.format(\"%d | %s\", isDone ? 1 : 0, this.taskName);","lastModifiedDate":"2021-08-23"},{"lineNumber":40,"author":{"gitId":"bentanjunrong"},"content":"    }","lastModifiedDate":"2021-08-23"},{"lineNumber":41,"author":{"gitId":"bentanjunrong"},"content":"","lastModifiedDate":"2021-08-23"},{"lineNumber":42,"author":{"gitId":"bentanjunrong"},"content":"    @Override","lastModifiedDate":"2021-08-18"},{"lineNumber":43,"author":{"gitId":"bentanjunrong"},"content":"    public String toString() {","lastModifiedDate":"2021-08-18"},{"lineNumber":44,"author":{"gitId":"bentanjunrong"},"content":"        return String.format(\"[%s] %s\", isDone ? \"X\" : \" \", this.taskName);","lastModifiedDate":"2021-08-23"},{"lineNumber":45,"author":{"gitId":"bentanjunrong"},"content":"    }","lastModifiedDate":"2021-08-18"},{"lineNumber":46,"author":{"gitId":"bentanjunrong"},"content":"}","lastModifiedDate":"2021-08-18"}],"authorContributionMap":{"bentanjunrong":46}},{"path":"src/main/java/duke/TaskList.java","fileType":"java","lines":[{"lineNumber":1,"author":{"gitId":"bentanjunrong"},"content":"package duke;","lastModifiedDate":"2021-08-26"},{"lineNumber":2,"author":{"gitId":"bentanjunrong"},"content":"","lastModifiedDate":"2021-08-26"},{"lineNumber":3,"author":{"gitId":"bentanjunrong"},"content":"import java.util.List;","lastModifiedDate":"2021-08-27"},{"lineNumber":4,"author":{"gitId":"bentanjunrong"},"content":"import java.util.stream.Collectors;","lastModifiedDate":"2021-08-27"},{"lineNumber":5,"author":{"gitId":"bentanjunrong"},"content":"import java.io.IOException;","lastModifiedDate":"2021-08-26"},{"lineNumber":6,"author":{"gitId":"bentanjunrong"},"content":"import java.io.FileNotFoundException;","lastModifiedDate":"2021-08-26"},{"lineNumber":7,"author":{"gitId":"bentanjunrong"},"content":"","lastModifiedDate":"2021-08-26"},{"lineNumber":8,"author":{"gitId":"bentanjunrong"},"content":"public class TaskList {","lastModifiedDate":"2021-08-26"},{"lineNumber":9,"author":{"gitId":"bentanjunrong"},"content":"    private List\u003cTask\u003e tasks;","lastModifiedDate":"2021-08-26"},{"lineNumber":10,"author":{"gitId":"bentanjunrong"},"content":"    private Storage storage;","lastModifiedDate":"2021-08-26"},{"lineNumber":11,"author":{"gitId":"bentanjunrong"},"content":"","lastModifiedDate":"2021-08-26"},{"lineNumber":12,"author":{"gitId":"bentanjunrong"},"content":"    /**","lastModifiedDate":"2021-08-27"},{"lineNumber":13,"author":{"gitId":"bentanjunrong"},"content":"     * Constructor for TaskList class.","lastModifiedDate":"2021-08-27"},{"lineNumber":14,"author":{"gitId":"bentanjunrong"},"content":"     * @param storage","lastModifiedDate":"2021-08-27"},{"lineNumber":15,"author":{"gitId":"bentanjunrong"},"content":"     * @throws FileNotFoundException","lastModifiedDate":"2021-08-27"},{"lineNumber":16,"author":{"gitId":"bentanjunrong"},"content":"     * @throws IOException","lastModifiedDate":"2021-08-27"},{"lineNumber":17,"author":{"gitId":"bentanjunrong"},"content":"     * @throws DukeException","lastModifiedDate":"2021-08-27"},{"lineNumber":18,"author":{"gitId":"bentanjunrong"},"content":"     */","lastModifiedDate":"2021-08-27"},{"lineNumber":19,"author":{"gitId":"bentanjunrong"},"content":"    public TaskList(Storage storage) throws DukeException {","lastModifiedDate":"2021-08-27"},{"lineNumber":20,"author":{"gitId":"bentanjunrong"},"content":"        this.storage \u003d storage;","lastModifiedDate":"2021-08-26"},{"lineNumber":21,"author":{"gitId":"bentanjunrong"},"content":"        this.tasks \u003d this.storage.getTasksFromFile();","lastModifiedDate":"2021-08-26"},{"lineNumber":22,"author":{"gitId":"bentanjunrong"},"content":"    }","lastModifiedDate":"2021-08-26"},{"lineNumber":23,"author":{"gitId":"bentanjunrong"},"content":"","lastModifiedDate":"2021-08-26"},{"lineNumber":24,"author":{"gitId":"bentanjunrong"},"content":"    /**","lastModifiedDate":"2021-08-26"},{"lineNumber":25,"author":{"gitId":"bentanjunrong"},"content":"     * Append Task to the list of tasks, and saves file to storage.","lastModifiedDate":"2021-08-27"},{"lineNumber":26,"author":{"gitId":"bentanjunrong"},"content":"     * @param task Task to be added.","lastModifiedDate":"2021-08-27"},{"lineNumber":27,"author":{"gitId":"bentanjunrong"},"content":"     * @throws DukeException If there is a generic Duke Exception.","lastModifiedDate":"2021-08-27"},{"lineNumber":28,"author":{"gitId":"bentanjunrong"},"content":"     */","lastModifiedDate":"2021-08-26"},{"lineNumber":29,"author":{"gitId":"bentanjunrong"},"content":"    public void add(Task task) throws DukeException {","lastModifiedDate":"2021-08-26"},{"lineNumber":30,"author":{"gitId":"bentanjunrong"},"content":"        this.tasks.add(task);","lastModifiedDate":"2021-08-26"},{"lineNumber":31,"author":{"gitId":"bentanjunrong"},"content":"        this.storage.saveToFile(tasks);","lastModifiedDate":"2021-08-26"},{"lineNumber":32,"author":{"gitId":"bentanjunrong"},"content":"    }","lastModifiedDate":"2021-08-26"},{"lineNumber":33,"author":{"gitId":"bentanjunrong"},"content":"","lastModifiedDate":"2021-08-26"},{"lineNumber":34,"author":{"gitId":"bentanjunrong"},"content":"    public Task get(int idx) {","lastModifiedDate":"2021-08-26"},{"lineNumber":35,"author":{"gitId":"bentanjunrong"},"content":"        return this.tasks.get(idx);","lastModifiedDate":"2021-08-26"},{"lineNumber":36,"author":{"gitId":"bentanjunrong"},"content":"    }","lastModifiedDate":"2021-08-26"},{"lineNumber":37,"author":{"gitId":"bentanjunrong"},"content":"","lastModifiedDate":"2021-08-26"},{"lineNumber":38,"author":{"gitId":"bentanjunrong"},"content":"    public int size() {","lastModifiedDate":"2021-08-26"},{"lineNumber":39,"author":{"gitId":"bentanjunrong"},"content":"        return this.tasks.size();","lastModifiedDate":"2021-08-26"},{"lineNumber":40,"author":{"gitId":"bentanjunrong"},"content":"    }","lastModifiedDate":"2021-08-26"},{"lineNumber":41,"author":{"gitId":"bentanjunrong"},"content":"","lastModifiedDate":"2021-08-26"},{"lineNumber":42,"author":{"gitId":"bentanjunrong"},"content":"    public boolean isEmpty() {","lastModifiedDate":"2021-08-26"},{"lineNumber":43,"author":{"gitId":"bentanjunrong"},"content":"        return this.tasks.size() \u003d\u003d 0;","lastModifiedDate":"2021-08-26"},{"lineNumber":44,"author":{"gitId":"bentanjunrong"},"content":"    }","lastModifiedDate":"2021-08-26"},{"lineNumber":45,"author":{"gitId":"bentanjunrong"},"content":"","lastModifiedDate":"2021-08-26"},{"lineNumber":46,"author":{"gitId":"bentanjunrong"},"content":"    /**","lastModifiedDate":"2021-08-26"},{"lineNumber":47,"author":{"gitId":"bentanjunrong"},"content":"     * Sets a task as done for a given index.","lastModifiedDate":"2021-08-27"},{"lineNumber":48,"author":{"gitId":"bentanjunrong"},"content":"     * @param idx Index of task to be marked as done.","lastModifiedDate":"2021-08-27"},{"lineNumber":49,"author":{"gitId":"bentanjunrong"},"content":"     */","lastModifiedDate":"2021-08-26"},{"lineNumber":50,"author":{"gitId":"bentanjunrong"},"content":"    public void setDone(int idx) throws DukeException {","lastModifiedDate":"2021-08-26"},{"lineNumber":51,"author":{"gitId":"bentanjunrong"},"content":"        tasks.get(idx).setDone(true);","lastModifiedDate":"2021-08-26"},{"lineNumber":52,"author":{"gitId":"bentanjunrong"},"content":"        storage.saveToFile(tasks);","lastModifiedDate":"2021-08-26"},{"lineNumber":53,"author":{"gitId":"bentanjunrong"},"content":"    }","lastModifiedDate":"2021-08-26"},{"lineNumber":54,"author":{"gitId":"bentanjunrong"},"content":"","lastModifiedDate":"2021-08-26"},{"lineNumber":55,"author":{"gitId":"bentanjunrong"},"content":"    /**","lastModifiedDate":"2021-08-26"},{"lineNumber":56,"author":{"gitId":"bentanjunrong"},"content":"     * Remove a task for a given index.","lastModifiedDate":"2021-08-27"},{"lineNumber":57,"author":{"gitId":"bentanjunrong"},"content":"     * @param idx Index of task to be removed.","lastModifiedDate":"2021-08-27"},{"lineNumber":58,"author":{"gitId":"bentanjunrong"},"content":"     * @throws DukeException If there is a generic Duke Exception.","lastModifiedDate":"2021-08-27"},{"lineNumber":59,"author":{"gitId":"bentanjunrong"},"content":"     */","lastModifiedDate":"2021-08-26"},{"lineNumber":60,"author":{"gitId":"bentanjunrong"},"content":"    public void remove(int idx) throws DukeException {","lastModifiedDate":"2021-08-26"},{"lineNumber":61,"author":{"gitId":"bentanjunrong"},"content":"        this.tasks.remove(idx);","lastModifiedDate":"2021-08-26"},{"lineNumber":62,"author":{"gitId":"bentanjunrong"},"content":"        this.storage.saveToFile(tasks);","lastModifiedDate":"2021-08-26"},{"lineNumber":63,"author":{"gitId":"bentanjunrong"},"content":"    }","lastModifiedDate":"2021-08-26"},{"lineNumber":64,"author":{"gitId":"bentanjunrong"},"content":"","lastModifiedDate":"2021-08-27"},{"lineNumber":65,"author":{"gitId":"bentanjunrong"},"content":"    /**","lastModifiedDate":"2021-08-27"},{"lineNumber":66,"author":{"gitId":"bentanjunrong"},"content":"     * Returns String of filtered tasks that match the input query.","lastModifiedDate":"2021-08-27"},{"lineNumber":67,"author":{"gitId":"bentanjunrong"},"content":"     * @param input Query to be searched.","lastModifiedDate":"2021-08-27"},{"lineNumber":68,"author":{"gitId":"bentanjunrong"},"content":"     * @return String result of filtered tasks to be printed.","lastModifiedDate":"2021-08-27"},{"lineNumber":69,"author":{"gitId":"bentanjunrong"},"content":"     * @throws DukeException If the input string is empty.","lastModifiedDate":"2021-08-27"},{"lineNumber":70,"author":{"gitId":"bentanjunrong"},"content":"     */","lastModifiedDate":"2021-08-27"},{"lineNumber":71,"author":{"gitId":"bentanjunrong"},"content":"    public String findTasks(String input) throws DukeException {","lastModifiedDate":"2021-08-27"},{"lineNumber":72,"author":{"gitId":"bentanjunrong"},"content":"        if (input.equals(\"\")) {","lastModifiedDate":"2021-08-27"},{"lineNumber":73,"author":{"gitId":"bentanjunrong"},"content":"            throw new DukeException(\"HOW AM I SUPPOSED TO FIND AN EMPTY STRING YOU FOOL.\");","lastModifiedDate":"2021-08-27"},{"lineNumber":74,"author":{"gitId":"bentanjunrong"},"content":"        }","lastModifiedDate":"2021-08-27"},{"lineNumber":75,"author":{"gitId":"bentanjunrong"},"content":"        List\u003cTask\u003e filteredTasks \u003d this.tasks.stream().filter(task -\u003e task.toString().contains(input.trim()))","lastModifiedDate":"2021-08-27"},{"lineNumber":76,"author":{"gitId":"bentanjunrong"},"content":"                .collect(Collectors.toList());","lastModifiedDate":"2021-08-27"},{"lineNumber":77,"author":{"gitId":"bentanjunrong"},"content":"        if (filteredTasks.isEmpty()) {","lastModifiedDate":"2021-08-27"},{"lineNumber":78,"author":{"gitId":"bentanjunrong"},"content":"            throw new DukeException(\"THERE ARE NO MATCHES\");","lastModifiedDate":"2021-08-27"},{"lineNumber":79,"author":{"gitId":"bentanjunrong"},"content":"        }","lastModifiedDate":"2021-08-27"},{"lineNumber":80,"author":{"gitId":"bentanjunrong"},"content":"","lastModifiedDate":"2021-08-27"},{"lineNumber":81,"author":{"gitId":"bentanjunrong"},"content":"        StringBuilder output \u003d new StringBuilder(\"THESE ARE THE TASKS THAT MATCH YOUR PLEA:\\n\");","lastModifiedDate":"2021-08-27"},{"lineNumber":82,"author":{"gitId":"bentanjunrong"},"content":"        for (int i \u003d 0; i \u003c filteredTasks.size(); i++) {","lastModifiedDate":"2021-08-27"},{"lineNumber":83,"author":{"gitId":"bentanjunrong"},"content":"            output.append(String.format(\" %s. %s\\n\", i + 1, filteredTasks.get(i)));","lastModifiedDate":"2021-08-27"},{"lineNumber":84,"author":{"gitId":"bentanjunrong"},"content":"        }","lastModifiedDate":"2021-08-27"},{"lineNumber":85,"author":{"gitId":"bentanjunrong"},"content":"        return output.toString();","lastModifiedDate":"2021-08-27"},{"lineNumber":86,"author":{"gitId":"bentanjunrong"},"content":"    }","lastModifiedDate":"2021-08-27"},{"lineNumber":87,"author":{"gitId":"bentanjunrong"},"content":"}","lastModifiedDate":"2021-08-26"}],"authorContributionMap":{"bentanjunrong":87}},{"path":"src/main/java/duke/ThrowingBiFunction.java","fileType":"java","lines":[{"lineNumber":1,"author":{"gitId":"bentanjunrong"},"content":"package duke;","lastModifiedDate":"2021-08-26"},{"lineNumber":2,"author":{"gitId":"bentanjunrong"},"content":"","lastModifiedDate":"2021-08-26"},{"lineNumber":3,"author":{"gitId":"bentanjunrong"},"content":"import java.util.function.BiFunction;","lastModifiedDate":"2021-08-26"},{"lineNumber":4,"author":{"gitId":"bentanjunrong"},"content":"","lastModifiedDate":"2021-08-26"},{"lineNumber":5,"author":{"gitId":"bentanjunrong"},"content":"@FunctionalInterface","lastModifiedDate":"2021-08-26"},{"lineNumber":6,"author":{"gitId":"bentanjunrong"},"content":"public interface ThrowingBiFunction\u003cT, U, R\u003e extends BiFunction\u003cT, U, R\u003e {","lastModifiedDate":"2021-08-26"},{"lineNumber":7,"author":{"gitId":"bentanjunrong"},"content":"    static final String LINEBREAK \u003d \"____________________________________________________________\";","lastModifiedDate":"2021-08-26"},{"lineNumber":8,"author":{"gitId":"bentanjunrong"},"content":"","lastModifiedDate":"2021-08-26"},{"lineNumber":9,"author":{"gitId":"bentanjunrong"},"content":"    @Override","lastModifiedDate":"2021-08-26"},{"lineNumber":10,"author":{"gitId":"bentanjunrong"},"content":"    default R apply(final T t, final U u) {","lastModifiedDate":"2021-08-26"},{"lineNumber":11,"author":{"gitId":"bentanjunrong"},"content":"        try {","lastModifiedDate":"2021-08-26"},{"lineNumber":12,"author":{"gitId":"bentanjunrong"},"content":"            return applyThrows(t, u);","lastModifiedDate":"2021-08-26"},{"lineNumber":13,"author":{"gitId":"bentanjunrong"},"content":"        } catch (final Exception e) {","lastModifiedDate":"2021-08-26"},{"lineNumber":14,"author":{"gitId":"bentanjunrong"},"content":"            System.out.printf(\"%s\\n%s\\n%s\\n\", LINEBREAK, e.getMessage(), LINEBREAK);","lastModifiedDate":"2021-08-26"},{"lineNumber":15,"author":{"gitId":"bentanjunrong"},"content":"        }","lastModifiedDate":"2021-08-26"},{"lineNumber":16,"author":{"gitId":"bentanjunrong"},"content":"        return null;","lastModifiedDate":"2021-08-26"},{"lineNumber":17,"author":{"gitId":"bentanjunrong"},"content":"    }","lastModifiedDate":"2021-08-26"},{"lineNumber":18,"author":{"gitId":"bentanjunrong"},"content":"","lastModifiedDate":"2021-08-26"},{"lineNumber":19,"author":{"gitId":"bentanjunrong"},"content":"    R applyThrows(T t, U u) throws Exception;","lastModifiedDate":"2021-08-26"},{"lineNumber":20,"author":{"gitId":"bentanjunrong"},"content":"}","lastModifiedDate":"2021-08-26"}],"authorContributionMap":{"bentanjunrong":20}},{"path":"src/main/java/duke/ToDo.java","fileType":"java","lines":[{"lineNumber":1,"author":{"gitId":"bentanjunrong"},"content":"package duke;","lastModifiedDate":"2021-08-26"},{"lineNumber":2,"author":{"gitId":"bentanjunrong"},"content":"","lastModifiedDate":"2021-08-26"},{"lineNumber":3,"author":{"gitId":"bentanjunrong"},"content":"public class ToDo extends Task {","lastModifiedDate":"2021-08-18"},{"lineNumber":4,"author":{"gitId":"bentanjunrong"},"content":"    public ToDo(String name) {","lastModifiedDate":"2021-08-18"},{"lineNumber":5,"author":{"gitId":"bentanjunrong"},"content":"        super(name);","lastModifiedDate":"2021-08-18"},{"lineNumber":6,"author":{"gitId":"bentanjunrong"},"content":"    }","lastModifiedDate":"2021-08-18"},{"lineNumber":7,"author":{"gitId":"bentanjunrong"},"content":"","lastModifiedDate":"2021-08-18"},{"lineNumber":8,"author":{"gitId":"bentanjunrong"},"content":"    public ToDo(String name, boolean isDone) {","lastModifiedDate":"2021-08-23"},{"lineNumber":9,"author":{"gitId":"bentanjunrong"},"content":"        super(name, isDone);","lastModifiedDate":"2021-08-23"},{"lineNumber":10,"author":{"gitId":"bentanjunrong"},"content":"    }","lastModifiedDate":"2021-08-23"},{"lineNumber":11,"author":{"gitId":"bentanjunrong"},"content":"","lastModifiedDate":"2021-08-23"},{"lineNumber":12,"author":{"gitId":"bentanjunrong"},"content":"    @Override","lastModifiedDate":"2021-08-23"},{"lineNumber":13,"author":{"gitId":"bentanjunrong"},"content":"    public String getFileString() {","lastModifiedDate":"2021-08-23"},{"lineNumber":14,"author":{"gitId":"bentanjunrong"},"content":"        return String.format(\"T | %s\", super.getFileString());","lastModifiedDate":"2021-08-23"},{"lineNumber":15,"author":{"gitId":"bentanjunrong"},"content":"    }","lastModifiedDate":"2021-08-23"},{"lineNumber":16,"author":{"gitId":"bentanjunrong"},"content":"","lastModifiedDate":"2021-08-23"},{"lineNumber":17,"author":{"gitId":"bentanjunrong"},"content":"    @Override","lastModifiedDate":"2021-08-18"},{"lineNumber":18,"author":{"gitId":"bentanjunrong"},"content":"    public String toString() {","lastModifiedDate":"2021-08-18"},{"lineNumber":19,"author":{"gitId":"bentanjunrong"},"content":"        return String.format(\"[T]%s\", super.toString());","lastModifiedDate":"2021-08-18"},{"lineNumber":20,"author":{"gitId":"bentanjunrong"},"content":"    }","lastModifiedDate":"2021-08-18"},{"lineNumber":21,"author":{"gitId":"bentanjunrong"},"content":"}","lastModifiedDate":"2021-08-18"}],"authorContributionMap":{"bentanjunrong":21}},{"path":"src/main/java/duke/Ui.java","fileType":"java","lines":[{"lineNumber":1,"author":{"gitId":"bentanjunrong"},"content":"package duke;","lastModifiedDate":"2021-08-26"},{"lineNumber":2,"author":{"gitId":"bentanjunrong"},"content":"","lastModifiedDate":"2021-08-26"},{"lineNumber":3,"author":{"gitId":"bentanjunrong"},"content":"public class Ui {","lastModifiedDate":"2021-08-26"},{"lineNumber":4,"author":{"gitId":"bentanjunrong"},"content":"    private static final String LINEBREAK \u003d \"____________________________________________________________\";","lastModifiedDate":"2021-08-26"},{"lineNumber":5,"author":{"gitId":"bentanjunrong"},"content":"","lastModifiedDate":"2021-08-26"},{"lineNumber":6,"author":{"gitId":"bentanjunrong"},"content":"    public void print(String s) {","lastModifiedDate":"2021-08-26"},{"lineNumber":7,"author":{"gitId":"bentanjunrong"},"content":"        System.out.printf(\"%s\\n%s\\n%s\\n\", LINEBREAK, s, LINEBREAK);","lastModifiedDate":"2021-08-26"},{"lineNumber":8,"author":{"gitId":"bentanjunrong"},"content":"    }","lastModifiedDate":"2021-08-26"},{"lineNumber":9,"author":{"gitId":"bentanjunrong"},"content":"","lastModifiedDate":"2021-08-26"},{"lineNumber":10,"author":{"gitId":"bentanjunrong"},"content":"    /**","lastModifiedDate":"2021-08-27"},{"lineNumber":11,"author":{"gitId":"bentanjunrong"},"content":"     * Prints greeting message for the Duke program.","lastModifiedDate":"2021-08-27"},{"lineNumber":12,"author":{"gitId":"bentanjunrong"},"content":"     */","lastModifiedDate":"2021-08-27"},{"lineNumber":13,"author":{"gitId":"bentanjunrong"},"content":"    public void greet() {","lastModifiedDate":"2021-08-26"},{"lineNumber":14,"author":{"gitId":"bentanjunrong"},"content":"        System.out.print(\"               _,........__\\n\");","lastModifiedDate":"2021-08-26"},{"lineNumber":15,"author":{"gitId":"bentanjunrong"},"content":"        System.out.print(\"            ,-\u0027            \\\"`-.\\n\");","lastModifiedDate":"2021-08-26"},{"lineNumber":16,"author":{"gitId":"bentanjunrong"},"content":"        System.out.print(\"          ,\u0027                   `-.\\n\");","lastModifiedDate":"2021-08-26"},{"lineNumber":17,"author":{"gitId":"bentanjunrong"},"content":"        System.out.print(\"        ,\u0027                        \\\\\\n\");","lastModifiedDate":"2021-08-26"},{"lineNumber":18,"author":{"gitId":"bentanjunrong"},"content":"        System.out.print(\"      ,\u0027                           .\\n\");","lastModifiedDate":"2021-08-26"},{"lineNumber":19,"author":{"gitId":"bentanjunrong"},"content":"        System.out.print(\"      .\u0027\\\\               ,\\\"\\\".       `\\n\");","lastModifiedDate":"2021-08-26"},{"lineNumber":20,"author":{"gitId":"bentanjunrong"},"content":"        System.out.print(\"     ._.\u0027|             / |  `       \\\\\\n\");","lastModifiedDate":"2021-08-26"},{"lineNumber":21,"author":{"gitId":"bentanjunrong"},"content":"        System.out.print(\"     |   |            `-.\u0027  ||       `.\\n\");","lastModifiedDate":"2021-08-26"},{"lineNumber":22,"author":{"gitId":"bentanjunrong"},"content":"        System.out.print(\"     |   |            \u0027-._,\u0027||       | \\\\\\n\");","lastModifiedDate":"2021-08-26"},{"lineNumber":23,"author":{"gitId":"bentanjunrong"},"content":"        System.out.print(\"     .`.,\u0027             `..,\u0027.\u0027       , |`-.\\n\");","lastModifiedDate":"2021-08-26"},{"lineNumber":24,"author":{"gitId":"bentanjunrong"},"content":"        System.out.print(\"     l                       .\u0027`.  _/  |   `.\\n\");","lastModifiedDate":"2021-08-26"},{"lineNumber":25,"author":{"gitId":"bentanjunrong"},"content":"        System.out.print(\"     `-.._\u0027-   ,          _ _\u0027   -\\\" \\\\  .     `\\n\");","lastModifiedDate":"2021-08-26"},{"lineNumber":26,"author":{"gitId":"bentanjunrong"},"content":"        System.out.print(\"`.\\\"\\\"\\\"\\\"\\\"\u0027-.`-...,---------\u0027,\u0027         `. `....__.\\n\");","lastModifiedDate":"2021-08-26"},{"lineNumber":27,"author":{"gitId":"bentanjunrong"},"content":"        System.out.print(\".\u0027        `\\\"-..___      __,\u0027\\\\          \\\\  \\\\     \\\\\\n\");","lastModifiedDate":"2021-08-26"},{"lineNumber":28,"author":{"gitId":"bentanjunrong"},"content":"        System.out.print(\"\\\\_ .          |   `\\\"\\\"\\\"\\\"\u0027    `.           . \\\\     \\\\\\n\");","lastModifiedDate":"2021-08-26"},{"lineNumber":29,"author":{"gitId":"bentanjunrong"},"content":"        System.out.print(\"  `.          |              `.          |  .     L\\n\");","lastModifiedDate":"2021-08-26"},{"lineNumber":30,"author":{"gitId":"bentanjunrong"},"content":"        System.out.print(\"    `.        |`--...________.\u0027.        j   |     |\\n\");","lastModifiedDate":"2021-08-26"},{"lineNumber":31,"author":{"gitId":"bentanjunrong"},"content":"        System.out.print(\"      `._    .\u0027      |          `.     .|   ,     |\\n\");","lastModifiedDate":"2021-08-26"},{"lineNumber":32,"author":{"gitId":"bentanjunrong"},"content":"        System.out.print(\"         `--,\\\\       .            `7\\\"\\\"\u0027 |  ,      |\\n\");","lastModifiedDate":"2021-08-26"},{"lineNumber":33,"author":{"gitId":"bentanjunrong"},"content":"        System.out.print(\"            ` `      `            /     |  |      |    _,-\u0027\\\"\\\"\\\"`-.\\n\");","lastModifiedDate":"2021-08-26"},{"lineNumber":34,"author":{"gitId":"bentanjunrong"},"content":"        System.out.print(\"             \\\\ `.     .          /      |  \u0027      |  ,\u0027          `.\\n\");","lastModifiedDate":"2021-08-26"},{"lineNumber":35,"author":{"gitId":"bentanjunrong"},"content":"        System.out.print(\"              \\\\  v.__  .        \u0027       .   \\\\    /| /              \\\\\\n\");","lastModifiedDate":"2021-08-26"},{"lineNumber":36,"author":{"gitId":"bentanjunrong"},"content":"        System.out.print(\"               \\\\/    `\\\"\\\"\\\\\\\"\\\"\\\"\\\"\\\"\\\"\\\"`.       \\\\   \\\\  /.\u0027\u0027                |\\n\");","lastModifiedDate":"2021-08-26"},{"lineNumber":37,"author":{"gitId":"bentanjunrong"},"content":"        System.out.print(\"                `        .        `._ ___,j.  `/ .-       ,---.     |\\n\");","lastModifiedDate":"2021-08-26"},{"lineNumber":38,"author":{"gitId":"bentanjunrong"},"content":"        System.out.print(\"                ,`-.      \\\\         .\\\"     `.  |/        j     `    |\\n\");","lastModifiedDate":"2021-08-26"},{"lineNumber":39,"author":{"gitId":"bentanjunrong"},"content":"        System.out.print(\"               /    `.     \\\\       /         \\\\ /         |     /    j\\n\");","lastModifiedDate":"2021-08-26"},{"lineNumber":40,"author":{"gitId":"bentanjunrong"},"content":"        System.out.print(\"              |       `-.   7-.._ .          |\\\"          \u0027         /\\n\");","lastModifiedDate":"2021-08-26"},{"lineNumber":41,"author":{"gitId":"bentanjunrong"},"content":"        System.out.print(\"              |          `./_    `|          |            .     _,\u0027\\n\");","lastModifiedDate":"2021-08-26"},{"lineNumber":42,"author":{"gitId":"bentanjunrong"},"content":"        System.out.print(\"              `.           / `----|          |-............`---\u0027\\n\");","lastModifiedDate":"2021-08-26"},{"lineNumber":43,"author":{"gitId":"bentanjunrong"},"content":"        System.out.print(\"                \\\\          \\\\      |          |\\n\");","lastModifiedDate":"2021-08-26"},{"lineNumber":44,"author":{"gitId":"bentanjunrong"},"content":"        System.out.print(\"               ,\u0027           )     `.         |\\n\");","lastModifiedDate":"2021-08-26"},{"lineNumber":45,"author":{"gitId":"bentanjunrong"},"content":"        System.out.print(\"                7____,,..--\u0027      /          |\\n\");","lastModifiedDate":"2021-08-26"},{"lineNumber":46,"author":{"gitId":"bentanjunrong"},"content":"        System.out.print(\"                                  `---.__,--.\u0027\\n\");","lastModifiedDate":"2021-08-26"},{"lineNumber":47,"author":{"gitId":"bentanjunrong"},"content":"        System.out.println(","lastModifiedDate":"2021-08-26"},{"lineNumber":48,"author":{"gitId":"bentanjunrong"},"content":"                \" BOW BEFORE ME, FOR I AM SQUIRTLE, DESTROYER OF MEN, TAKER OF LIVES.\\n THE GODS FEARED MY EXISTENCE,\"","lastModifiedDate":"2021-08-27"},{"lineNumber":49,"author":{"gitId":"bentanjunrong"},"content":"                        + \" SO THEY BANISHED ME TO YOUR MORTAL REALM TO SAVE YOUR MISERABLE LIFE.\");","lastModifiedDate":"2021-08-27"},{"lineNumber":50,"author":{"gitId":"bentanjunrong"},"content":"        System.out.println(LINEBREAK);","lastModifiedDate":"2021-08-26"},{"lineNumber":51,"author":{"gitId":"bentanjunrong"},"content":"        System.out.print(\"SO WHAT DO YOU WANT DO, INSECT?\\n \");","lastModifiedDate":"2021-08-26"},{"lineNumber":52,"author":{"gitId":"bentanjunrong"},"content":"    }","lastModifiedDate":"2021-08-26"},{"lineNumber":53,"author":{"gitId":"bentanjunrong"},"content":"}","lastModifiedDate":"2021-08-26"}],"authorContributionMap":{"bentanjunrong":53}},{"path":"src/test/java/duke/EventTest.java","fileType":"java","lines":[{"lineNumber":1,"author":{"gitId":"bentanjunrong"},"content":"package duke;","lastModifiedDate":"2021-08-27"},{"lineNumber":2,"author":{"gitId":"bentanjunrong"},"content":"","lastModifiedDate":"2021-08-27"},{"lineNumber":3,"author":{"gitId":"bentanjunrong"},"content":"import static org.junit.jupiter.api.Assertions.assertEquals;","lastModifiedDate":"2021-08-27"},{"lineNumber":4,"author":{"gitId":"bentanjunrong"},"content":"","lastModifiedDate":"2021-08-27"},{"lineNumber":5,"author":{"gitId":"bentanjunrong"},"content":"import org.junit.jupiter.api.Test;","lastModifiedDate":"2021-08-27"},{"lineNumber":6,"author":{"gitId":"bentanjunrong"},"content":"","lastModifiedDate":"2021-08-27"},{"lineNumber":7,"author":{"gitId":"bentanjunrong"},"content":"public class EventTest {","lastModifiedDate":"2021-08-27"},{"lineNumber":8,"author":{"gitId":"bentanjunrong"},"content":"    /**","lastModifiedDate":"2021-08-27"},{"lineNumber":9,"author":{"gitId":"bentanjunrong"},"content":"     * Test the Event constructor and toString methods.","lastModifiedDate":"2021-08-27"},{"lineNumber":10,"author":{"gitId":"bentanjunrong"},"content":"     */","lastModifiedDate":"2021-08-27"},{"lineNumber":11,"author":{"gitId":"bentanjunrong"},"content":"    @Test","lastModifiedDate":"2021-08-27"},{"lineNumber":12,"author":{"gitId":"bentanjunrong"},"content":"    public void toStringTest() {","lastModifiedDate":"2021-08-27"},{"lineNumber":13,"author":{"gitId":"bentanjunrong"},"content":"        assertEquals(\"[E][ ] sample event (at: Dec 02 2019 18:00)\",","lastModifiedDate":"2021-08-27"},{"lineNumber":14,"author":{"gitId":"bentanjunrong"},"content":"                new Event(\"sample event /at 02/12/2019 1800\").toString());","lastModifiedDate":"2021-08-27"},{"lineNumber":15,"author":{"gitId":"bentanjunrong"},"content":"    }","lastModifiedDate":"2021-08-27"},{"lineNumber":16,"author":{"gitId":"bentanjunrong"},"content":"}","lastModifiedDate":"2021-08-27"}],"authorContributionMap":{"bentanjunrong":16}},{"path":"src/test/java/duke/ToDoTest.java","fileType":"java","lines":[{"lineNumber":1,"author":{"gitId":"bentanjunrong"},"content":"package duke;","lastModifiedDate":"2021-08-27"},{"lineNumber":2,"author":{"gitId":"bentanjunrong"},"content":"","lastModifiedDate":"2021-08-27"},{"lineNumber":3,"author":{"gitId":"bentanjunrong"},"content":"import static org.junit.jupiter.api.Assertions.assertEquals;","lastModifiedDate":"2021-08-27"},{"lineNumber":4,"author":{"gitId":"bentanjunrong"},"content":"","lastModifiedDate":"2021-08-27"},{"lineNumber":5,"author":{"gitId":"bentanjunrong"},"content":"import org.junit.jupiter.api.Test;","lastModifiedDate":"2021-08-27"},{"lineNumber":6,"author":{"gitId":"bentanjunrong"},"content":"","lastModifiedDate":"2021-08-27"},{"lineNumber":7,"author":{"gitId":"bentanjunrong"},"content":"public class ToDoTest {","lastModifiedDate":"2021-08-27"},{"lineNumber":8,"author":{"gitId":"bentanjunrong"},"content":"    /**","lastModifiedDate":"2021-08-27"},{"lineNumber":9,"author":{"gitId":"bentanjunrong"},"content":"     * Test the ToDo constructor and toString methods.","lastModifiedDate":"2021-08-27"},{"lineNumber":10,"author":{"gitId":"bentanjunrong"},"content":"     */","lastModifiedDate":"2021-08-27"},{"lineNumber":11,"author":{"gitId":"bentanjunrong"},"content":"    @Test","lastModifiedDate":"2021-08-27"},{"lineNumber":12,"author":{"gitId":"bentanjunrong"},"content":"    public void toStringTest() {","lastModifiedDate":"2021-08-27"},{"lineNumber":13,"author":{"gitId":"bentanjunrong"},"content":"        assertEquals(\"[T][ ] sample todo\", new ToDo(\"sample todo\").toString());","lastModifiedDate":"2021-08-27"},{"lineNumber":14,"author":{"gitId":"bentanjunrong"},"content":"    }","lastModifiedDate":"2021-08-27"},{"lineNumber":15,"author":{"gitId":"bentanjunrong"},"content":"","lastModifiedDate":"2021-08-27"},{"lineNumber":16,"author":{"gitId":"bentanjunrong"},"content":"    /**","lastModifiedDate":"2021-08-27"},{"lineNumber":17,"author":{"gitId":"bentanjunrong"},"content":"     * Test the ToDo constructor with the isDone boolean and getFileString methods.","lastModifiedDate":"2021-08-27"},{"lineNumber":18,"author":{"gitId":"bentanjunrong"},"content":"     */","lastModifiedDate":"2021-08-27"},{"lineNumber":19,"author":{"gitId":"bentanjunrong"},"content":"    @Test","lastModifiedDate":"2021-08-27"},{"lineNumber":20,"author":{"gitId":"bentanjunrong"},"content":"    public void getFileStringTest() {","lastModifiedDate":"2021-08-27"},{"lineNumber":21,"author":{"gitId":"bentanjunrong"},"content":"        assertEquals(\"T | 1 | sample todo\", new ToDo(\"sample todo\", true).getFileString());","lastModifiedDate":"2021-08-27"},{"lineNumber":22,"author":{"gitId":"bentanjunrong"},"content":"    }","lastModifiedDate":"2021-08-27"},{"lineNumber":23,"author":{"gitId":"bentanjunrong"},"content":"}","lastModifiedDate":"2021-08-27"}],"authorContributionMap":{"bentanjunrong":23}},{"path":"text-ui-test/input.txt","fileType":"txt","lines":[{"lineNumber":1,"author":{"gitId":"bentanjunrong"},"content":"todo Pray to lord Squirtle","lastModifiedDate":"2021-08-19"},{"lineNumber":2,"author":{"gitId":"bentanjunrong"},"content":"list","lastModifiedDate":"2021-08-19"},{"lineNumber":3,"author":{"gitId":"bentanjunrong"},"content":"deadline Prepare an offering /by 10pm Tonight","lastModifiedDate":"2021-08-19"},{"lineNumber":4,"author":{"gitId":"bentanjunrong"},"content":"list","lastModifiedDate":"2021-08-19"},{"lineNumber":5,"author":{"gitId":"bentanjunrong"},"content":"event Beg for forgiveness /at 10pm-11pm ","lastModifiedDate":"2021-08-19"},{"lineNumber":6,"author":{"gitId":"bentanjunrong"},"content":"list","lastModifiedDate":"2021-08-19"},{"lineNumber":7,"author":{"gitId":"bentanjunrong"},"content":"done 1","lastModifiedDate":"2021-08-19"},{"lineNumber":8,"author":{"gitId":"bentanjunrong"},"content":"list","lastModifiedDate":"2021-08-19"},{"lineNumber":9,"author":{"gitId":"bentanjunrong"},"content":"done 2","lastModifiedDate":"2021-08-19"},{"lineNumber":10,"author":{"gitId":"bentanjunrong"},"content":"list","lastModifiedDate":"2021-08-19"},{"lineNumber":11,"author":{"gitId":"bentanjunrong"},"content":"delete 3","lastModifiedDate":"2021-08-19"},{"lineNumber":12,"author":{"gitId":"bentanjunrong"},"content":"list","lastModifiedDate":"2021-08-19"},{"lineNumber":13,"author":{"gitId":"bentanjunrong"},"content":"bye","lastModifiedDate":"2021-08-19"}],"authorContributionMap":{"bentanjunrong":13}}]
