{"authorDailyContributionsMap":{"bentanjunrong":[{"date":"2021-08-16","commitResults":[{"hash":"b5958b183b23546f8456f215e35075d33aa878e3","messageTitle":"Added Level-1","messageBody":"","tags":["Level-1","A-Collections"],"fileTypesAndContributionMap":{"java":{"insertions":57,"deletions":6}}}]},{"date":"2021-08-18","commitResults":[{"hash":"d77ade1dd5210300963ca0313801a0a6ab9dbf89","messageTitle":"Add functionality to store and list commands","messageBody":"","tags":["Level-2"],"fileTypesAndContributionMap":{"java":{"insertions":17,"deletions":4}}},{"hash":"8a392d9ca9e77c2c4fa2c1f49b81df19c6b9dcd1","messageTitle":"Refactored code","messageBody":"","fileTypesAndContributionMap":{"java":{"insertions":23,"deletions":17}}},{"hash":"3ad3f3995712c0e7c1ba39face58ee267c6be5ec","messageTitle":"Modified Duke\u0027s texts","messageBody":"","fileTypesAndContributionMap":{"java":{"insertions":8,"deletions":5}}},{"hash":"d2b01938162e8a1e9404705da9557223203188d9","messageTitle":"Add Task class","messageBody":"","tags":["A-Classes"],"fileTypesAndContributionMap":{"java":{"insertions":26,"deletions":0}}},{"hash":"ba538b747aeb5b8e3eab1f5b8c7021076ab87006","messageTitle":"Refactor to dispact function using Map","messageBody":"","fileTypesAndContributionMap":{"java":{"insertions":25,"deletions":10}}},{"hash":"ef96b7a1a23904a0acd8e78e774540ea8122f3f8","messageTitle":"Add function to mark as done","messageBody":"","fileTypesAndContributionMap":{"java":{"insertions":21,"deletions":8}}},{"hash":"6a80d027dab9317fde6b50e325e6c3f6cc662fce","messageTitle":"Add ToDo, Deadline and Event classes","messageBody":"","tags":["Level-3","A-Inheritance"],"fileTypesAndContributionMap":{"java":{"insertions":44,"deletions":0}}}]},{"date":"2021-08-19","commitResults":[{"hash":"42cfcd83cb848c7379d6f99ceb7638ddf64e0557","messageTitle":"Add functionality to add Events, Todo and Deadline","messageBody":"","tags":["Level-4"],"fileTypesAndContributionMap":{"java":{"insertions":27,"deletions":9}}},{"hash":"fc167aac1ba49eff0f94368f4c16f234231d360f","messageTitle":"Added TextUiTesting","messageBody":"","tags":["A-TextUiTesting"],"fileTypesAndContributionMap":{"txt":{"insertions":13,"deletions":0}}},{"hash":"e3b8b5243c1fbc1ae67c475d622114c46732e503","messageTitle":"Added error handling through DukeException","messageBody":"","tags":["Level-5","A-Exceptions"],"fileTypesAndContributionMap":{"java":{"insertions":164,"deletions":129}}},{"hash":"6001e03007219f40565a8c616dead24b381b9f0a","messageTitle":"Add delete function","messageBody":"","tags":["Level-6"],"fileTypesAndContributionMap":{"java":{"insertions":30,"deletions":6}}},{"hash":"a890861e793969dfb1179b5b36e964a7a98492dd","messageTitle":"Update tests for delete function","messageBody":"","fileTypesAndContributionMap":{"txt":{"insertions":1,"deletions":1}}}]}]},"authorFileTypeContributionMap":{"bentanjunrong":{"java":255,"md":0,"fxml":0,"sh":0,"bat":0,"gradle":0,"txt":13}},"authorContributionVariance":{"bentanjunrong":13918.694},"authorDisplayNameMap":{"bentanjunrong":"TAN ..AMIN"}}
