{"authorDailyContributionsMap":{"rohit0718":[{"date":"2021-08-13","commitResults":[{"hash":"de1c16e0643da94049e9727661f41331e4e85d2e","messageTitle":"added basic greet, echo, and exit functionality","messageBody":"","tags":["Level-1"],"fileTypesAndContributionMap":{"java":{"insertions":32,"deletions":7}}}]},{"date":"2021-08-14","commitResults":[{"hash":"68fde7637fe3ad914003906c22d9281c3d05d04e","messageTitle":"added \u0027add\u0027 and \u0027list\u0027 methods","messageBody":"","tags":["Level-2"],"fileTypesAndContributionMap":{"java":{"insertions":31,"deletions":5}}},{"hash":"331ca4b5d7bb4a94e2b321fa6c0e497f6a8caece","messageTitle":"added Task class","messageBody":"","tags":["A-Classes"],"fileTypesAndContributionMap":{"java":{"insertions":28,"deletions":2}}},{"hash":"4dc4acf5923b247052780963967278402dac4af2","messageTitle":"added complete task method","messageBody":"","tags":["Level-3"],"fileTypesAndContributionMap":{"java":{"insertions":41,"deletions":6}}},{"hash":"7e9d8654cb982a8b17adb420612d52e65f5004a4","messageTitle":"added event task and todo classes","messageBody":"","tags":["A-Inheritance"],"fileTypesAndContributionMap":{"java":{"insertions":37,"deletions":1}}},{"hash":"320beaef6a84e0ccdac602f74bf46ef882b6c712","messageTitle":"added \u0027addTodo\u0027 method","messageBody":"","fileTypesAndContributionMap":{"java":{"insertions":24,"deletions":7}}},{"hash":"e533c941b58d172ddb073ca6b744a44ca141a712","messageTitle":"added \u0027addDeadline\u0027 method","messageBody":"","fileTypesAndContributionMap":{"java":{"insertions":25,"deletions":10}}},{"hash":"65d353193133e84da06d8c6a2288d5654e8c7ced","messageTitle":"added \u0027addEvent\u0027 method","messageBody":"","tags":["Level-4"],"fileTypesAndContributionMap":{"java":{"insertions":13,"deletions":1}}}]},{"date":"2021-08-15","commitResults":[{"hash":"608b66f00581f982c81cf274a9f1b337235d2214","messageTitle":"added tests","messageBody":"","tags":["A-TextUiTesting"],"fileTypesAndContributionMap":{"txt":{"insertions":12,"deletions":0},"sh":{"insertions":0,"deletions":0}}},{"hash":"df1c49353dbdc01a80a6be94e157169358d65bc9","messageTitle":"added error handling for no tasks","messageBody":"","tags":["Level-5","A-Exceptions"],"fileTypesAndContributionMap":{"java":{"insertions":4,"deletions":0}}},{"hash":"852cfcb7610c0ee9c6b41618e2afd195ea1d94b9","messageTitle":"added delete method","messageBody":"","tags":["Level-6","A-Collections"],"fileTypesAndContributionMap":{"java":{"insertions":32,"deletions":5}}}]},{"date":"2021-08-21","commitResults":[{"hash":"b5f16900745277eaf2f0a13e0b67d6e7e549ed2f","messageTitle":"add functionality to read tasks from file","messageBody":"","fileTypesAndContributionMap":{"java":{"insertions":146,"deletions":4}}},{"hash":"70bf7bd51bb8bb248e1b672df48848f8b87717cd","messageTitle":"add functionality to save to file","messageBody":"","tags":["Level-7"],"fileTypesAndContributionMap":{"java":{"insertions":44,"deletions":3}}},{"hash":"6792386437d26fcebb0618cbc660193825d64d72","messageTitle":"change events to store dates as date objects instead of strings","messageBody":"","fileTypesAndContributionMap":{"java":{"insertions":50,"deletions":18}}},{"hash":"808880dec71780c219f6864e8e5190a9b29a3e4a","messageTitle":"fix file io to work with datetime objects","messageBody":"","tags":["Level-8"],"fileTypesAndContributionMap":{"java":{"insertions":12,"deletions":6}}},{"hash":"2380ca7c512aece18934ebbc83e8b7ce2388cf7f","messageTitle":"update tests with new date format","messageBody":"","fileTypesAndContributionMap":{"txt":{"insertions":2,"deletions":2}}}]},{"date":"2021-08-22","commitResults":[{"hash":"cab2fc564bb2913c5e9cd3d5b84cc4d814222b34","messageTitle":"add storage class","messageBody":"","fileTypesAndContributionMap":{"java":{"insertions":90,"deletions":66}}}]},{"date":"2021-08-23","commitResults":[{"hash":"1585e0864cd8c5f416f686b45b5715fdc07376af","messageTitle":"add parser and ui classes","messageBody":"","tags":["A-MoreOOP"],"fileTypesAndContributionMap":{"java":{"insertions":163,"deletions":161}}}]},{"date":"2021-08-25","commitResults":[{"hash":"df2e331fd0131d534d31142e89d172b8efd456aa","messageTitle":"add duke package","messageBody":"","tags":["A-Packages"],"fileTypesAndContributionMap":{"java":{"insertions":22,"deletions":0}}}]}]},"authorFileTypeContributionMap":{"rohit0718":{"java":499,"md":0,"fxml":0,"sh":0,"bat":0,"gradle":0,"txt":12}},"authorContributionVariance":{"rohit0718":11595.183},"authorDisplayNameMap":{"rohit0718":"CS2103T-T13-1 ROHI..BHAT"}}
