{"authorDailyContributionsMap":{"NUSmhk":[{"date":"2021-08-14","commitResults":[{"hash":"aaf995d62f081b8920b312525705182ac81640da","messageTitle":"Level 1. Greet, Echo, Exit","messageBody":"","tags":["Level-1"],"fileTypesAndContributionMap":{"java":{"insertions":22,"deletions":6}}},{"hash":"b336486dbd98810008fbf149f10592c16bad0b51","messageTitle":"Level 2. Add, List","messageBody":"","tags":["Level-2"],"fileTypesAndContributionMap":{"java":{"insertions":41,"deletions":5}}},{"hash":"006d2bf9498c7725f134a2549d1c4e352fcf8b12","messageTitle":"Level 3. Mark as Done","messageBody":"","tags":["Level-3"],"fileTypesAndContributionMap":{"java":{"insertions":35,"deletions":6}}},{"hash":"896b00c07969e021c3f4266a3989e9cb1f5d2ae0","messageTitle":"Implemented multiple classes Todo, Deadline and Event that inherit from Task class.","messageBody":"","tags":["A-Inheritance"],"fileTypesAndContributionMap":{"java":{"insertions":58,"deletions":12}}},{"hash":"80255a5d3df9ae9ad1db475597c678f2a2648dfd","messageTitle":"Level 4. ToDos, Events, Deadlines","messageBody":"","tags":["Level-4"],"fileTypesAndContributionMap":{"java":{"insertions":26,"deletions":1}}},{"hash":"391dd2e9e000a0091c78d40340bd24ccb42aac32","messageTitle":"Set up semi-automated testing of Duke","messageBody":"","tags":["A-TextUiTesting"],"fileTypesAndContributionMap":{"txt":{"insertions":9,"deletions":0}}}]},{"date":"2021-08-15","commitResults":[{"hash":"e4c231f47866413f30d9447a90a63d5281695fa2","messageTitle":"Added error handling for invalid text input and empty descriptions","messageBody":"","tags":["A-Exception"],"fileTypesAndContributionMap":{"java":{"insertions":59,"deletions":17}}},{"hash":"a47c091b745eb08029c47cea5e33d371a3b26b6a","messageTitle":"Added error handling for empty deadline of deadlines and empty duration of events. Updated input.txt.","messageBody":"","tags":["Level-5"],"fileTypesAndContributionMap":{"txt":{"insertions":1,"deletions":1},"java":{"insertions":40,"deletions":33}}},{"hash":"6e73911e02df240df6c178cf83d122f67e3e4e26","messageTitle":"Modified List class to use  ArrayList\u003cTask\u003e to store tasks instead.","messageBody":"","tags":["A-Collections"],"fileTypesAndContributionMap":{"java":{"insertions":41,"deletions":40}}}]},{"date":"2021-08-18","commitResults":[{"hash":"f61e6dc0227ecce0f9df46dd2bd8c069036fdc6b","messageTitle":"Add support for deleting tasks from the list.","messageBody":"","tags":["Level-6"],"fileTypesAndContributionMap":{"java":{"insertions":16,"deletions":2}}}]},{"date":"2021-08-21","commitResults":[{"hash":"c1d59183d778452d60e051612aeba45fba5946ce","messageTitle":"Add saving task to text file in hard disk and loading from there","messageBody":"","fileTypesAndContributionMap":{"java":{"insertions":91,"deletions":2}}},{"hash":"4f25b9d25a56a5950708f37544e61196cfe3cbf3","messageTitle":"Fix bug in file path","messageBody":"","fileTypesAndContributionMap":{"java":{"insertions":1,"deletions":1}}}]},{"date":"2021-08-22","commitResults":[{"hash":"40e78311a45637358a83cae755342b381002d04d","messageTitle":"Add allowing Duke to detect dates and times and print them out in different format","messageBody":"","fileTypesAndContributionMap":{"java":{"insertions":150,"deletions":6}}},{"hash":"7b6a17e818a9696cbbcfa9c738683cb163bc2db1","messageTitle":"Revert \"Add allowing Duke to detect dates and times and print them out in different format\"","messageBody":"This reverts commit 40e78311a45637358a83cae755342b381002d04d.\n","fileTypesAndContributionMap":{"java":{"insertions":6,"deletions":150}}},{"hash":"a48792d886f68a78c553cf8583d31c754c66c056","messageTitle":"Add allowing Duke to detect dates and times and print them out in different format\"","messageBody":"","fileTypesAndContributionMap":{"java":{"insertions":154,"deletions":6}}}]},{"date":"2021-08-23","commitResults":[{"hash":"254c0c8212175d79440ebbc855ede1fd217a134a","messageTitle":"Fix bugs to let Duke read from text file and also detect Dates/Times","messageBody":"","fileTypesAndContributionMap":{"java":{"insertions":88,"deletions":68}}},{"hash":"0635673dee573b526c9e90f02a02cc7e9110f6a9","messageTitle":"Add working TaskList and Storage as refactoring for OOP","messageBody":"","fileTypesAndContributionMap":{"java":{"insertions":63,"deletions":47}}},{"hash":"78aba9f5e8c51dc717b9561efe69347c6b58a37b","messageTitle":"Add working Parser and Ui as refactoring for OOP","messageBody":"","fileTypesAndContributionMap":{"java":{"insertions":106,"deletions":62}}}]},{"date":"2021-08-24","commitResults":[{"hash":"fb33f92f67f70220dc532f2d186efcd1c8eac864","messageTitle":"Refactor into different Command classes and change main logic of Duke","messageBody":"","tags":["A-MoreOOP"],"fileTypesAndContributionMap":{"java":{"insertions":389,"deletions":262}}}]}]},"authorFileTypeContributionMap":{"NUSmhk":{"java":667,"md":0,"fxml":0,"sh":0,"bat":0,"gradle":0,"txt":9}},"authorContributionVariance":{"NUSmhk":41578.715},"authorDisplayNameMap":{"NUSmhk":"CS2103T-W15-2 MYAT..KYAW"}}
