{"authorDailyContributionsMap":{"YeluriKetan":[{"date":"2021-08-19","commitResults":[{"hash":"db172d0e4f508e4bf45211de03708fc73a45423a","messageTitle":"greet, echo, exit","messageBody":"","tags":["Level-1"],"fileTypesAndContributionMap":{"java":{"insertions":27,"deletions":1}}},{"hash":"15ba0b754f17dfcdea50b3c2330db57a5fa7d64d","messageTitle":"add, list, restructure","messageBody":"","tags":["Level-2"],"fileTypesAndContributionMap":{"java":{"insertions":78,"deletions":28}}},{"hash":"e332bcc73e61485b7f72c20488d9cc504eb81d46","messageTitle":"added mark done","messageBody":"","tags":["Level-3"],"fileTypesAndContributionMap":{"java":{"insertions":45,"deletions":6}}},{"hash":"afc284aa7355f19bafa3501c9122318bab8ccadb","messageTitle":"todo, event, deadline","messageBody":"","tags":["Level-4"],"fileTypesAndContributionMap":{"java":{"insertions":92,"deletions":28}}},{"hash":"52cb1c3db8fc3c3dda882913353b54f19cde3bfa","messageTitle":"automated text ui testing","messageBody":"","tags":["A-TextUiTesting"],"fileTypesAndContributionMap":{"txt":{"insertions":21,"deletions":0},"java":{"insertions":1,"deletions":1}}},{"hash":"af772be95a129f2ac36ed4dca403342c07e9ae9d","messageTitle":"handle errors","messageBody":"","tags":["A-Exceptions"],"fileTypesAndContributionMap":{"java":{"insertions":37,"deletions":21}}}]},{"date":"2021-08-21","commitResults":[{"hash":"9b540daa4e1bb6dd6351a21624227a66ac2673ee","messageTitle":"handle command errors","messageBody":"","tags":["Level-5"],"fileTypesAndContributionMap":{"java":{"insertions":137,"deletions":105}}},{"hash":"1673b619bf29618759e5f41741a8a80fa7d82e4b","messageTitle":"Add delete command","messageBody":"","tags":["Level-6"],"fileTypesAndContributionMap":{"java":{"insertions":30,"deletions":5}}}]},{"date":"2021-08-24","commitResults":[{"hash":"69e6a9f737f210bac74f51810df7f1c13849d1ff","messageTitle":"Add load and quick save abilities","messageBody":"","fileTypesAndContributionMap":{"java":{"insertions":138,"deletions":24}}},{"hash":"16d874f29c35d462a8f2b4d8535bd3cebd1b461a","messageTitle":"Add date and time functionality","messageBody":"","fileTypesAndContributionMap":{"java":{"insertions":59,"deletions":15}}}]}]},"authorFileTypeContributionMap":{"YeluriKetan":{"java":416,"md":0,"fxml":0,"sh":0,"bat":0,"gradle":0,"txt":21}},"authorContributionVariance":{"YeluriKetan":14431.776},"authorDisplayNameMap":{"YeluriKetan":"CS2103T-W13-4 YELU..ETAN"}}
