{"authorDailyContributionsMap":{"idgrr":[{"date":"2021-08-14","commitResults":[{"hash":"1a534eb130ef7f20054ff7ab58b9b92ce8598047","messageTitle":"Added basic response functionality","messageBody":"","fileTypesAndContributionMap":{"java":{"insertions":53,"deletions":6}}},{"hash":"f7f53a1e3380ff6e374207f76b4520e825513ccb","messageTitle":"Updated level-1 using oop principles","messageBody":"","tags":["level-1_v2","Level-1"],"fileTypesAndContributionMap":{"java":{"insertions":76,"deletions":41}}},{"hash":"b83ff5093e38d88129c67a3890fe641055202c11","messageTitle":"Added Add/ list functionality","messageBody":"","fileTypesAndContributionMap":{"java":{"insertions":42,"deletions":8}}}]},{"date":"2021-08-15","commitResults":[{"hash":"5423cd3b9b9149558d97f87ffd0cb2e52d9bb404","messageTitle":"Changed storage data structure ( array to linked hashmap, Task class)","messageBody":"","tags":["Level-2_v2","Level-2"],"fileTypesAndContributionMap":{"java":{"insertions":47,"deletions":11}}},{"hash":"3e686db2f9bc6f228d9f59428c95c3728c1436d3","messageTitle":"Added Done feature","messageBody":"","tags":["Level-3"],"fileTypesAndContributionMap":{"java":{"insertions":36,"deletions":5}}},{"hash":"b9e3dcd3d31e6d57bb505e2badd33bd3d48cdc18","messageTitle":"Added Todo, Event deadline functionality","messageBody":"","tags":["Level-4"],"fileTypesAndContributionMap":{"java":{"insertions":159,"deletions":40}}}]},{"date":"2021-08-17","commitResults":[{"hash":"5db8176c2fa92fde13f17481dbcf0b2d069e3f3c","messageTitle":"Cleaned up the program as well as added JavaDocs","messageBody":"","fileTypesAndContributionMap":{"java":{"insertions":207,"deletions":99}}},{"hash":"8297cbe4d83e2dd055dd4fd50c43de7bf05ef704","messageTitle":"added a simple output format option","messageBody":"","fileTypesAndContributionMap":{"java":{"insertions":20,"deletions":3}}},{"hash":"de8883417cf2034213d4614f7c96ea0d8122a567","messageTitle":"Cleaned up the speech bubble","messageBody":"","fileTypesAndContributionMap":{"java":{"insertions":151,"deletions":100}}}]},{"date":"2021-08-18","commitResults":[{"hash":"1f34d4fb6b411cc19580d5592b2f32af2f91db83","messageTitle":"Completed Ui testing","messageBody":"","tags":["A-TextUiTesting"],"fileTypesAndContributionMap":{"txt":{"insertions":26,"deletions":0},"java":{"insertions":67,"deletions":41}}},{"hash":"f1b00413dde6fae30dfccbbd05f9042a1fc3aea1","messageTitle":"Added custom exceptions","messageBody":"","tags":["Level-5"],"fileTypesAndContributionMap":{"java":{"insertions":88,"deletions":30}}},{"hash":"f709700ac6e21e3b64d4b857b723da555f0ffae0","messageTitle":"Added Delete Functionality","messageBody":"","tags":["Level-6"],"fileTypesAndContributionMap":{"java":{"insertions":50,"deletions":4}}}]},{"date":"2021-08-20","commitResults":[{"hash":"6ec1ad9c8bf0089006e2bdbc560db674fba7a101","messageTitle":"Updated minor styling","messageBody":"","fileTypesAndContributionMap":{"java":{"insertions":51,"deletions":52}}}]},{"date":"2021-08-22","commitResults":[{"hash":"5536a3c8a53eb84e98a1e6080ba0a37dbf5ce011","messageTitle":"Added Saving functionality","messageBody":"Current State :\nPreviously did not save output messages\n\nProblem with current state:\nSInce did not save any of session\u0027s code, could not access history of current session\n\nHow commit changes:\nAdded a writer function to keep track of the CURRENT session\u0027s output messages.\nPrevious sessions\u0027s output could be obtained BEFORE initialising WRITER ( due to Writer resetting file )\n","fileTypesAndContributionMap":{"txt":{"insertions":6,"deletions":0},"java":{"insertions":50,"deletions":5}}},{"hash":"5946fc97ef7759bb3917d864f39d43c86907ce44","messageTitle":"Updated Task oop","messageBody":"Currently state:\nTask\u0027s subclasses seperately have common variables such as time and eventtype\n\nProblems with current state:\nSeperatting common variables makes it hard to change formating for task in genera;\n\nCommit changes:\nHave common variables such as time and eventtype to be stored in task class\n","fileTypesAndContributionMap":{"java":{"insertions":41,"deletions":20}}}]},{"date":"2021-08-24","commitResults":[{"hash":"b4de86cc59d436d1ac0e552b9491869c0448185a","messageTitle":"Add date and time functionality","messageBody":"Previously captured date inputted as a string. Was not able to\nuse date to compare tasks.\n\nThis commit allows time (formatted in YYYY MM DD) to be stored as\na LocalDate so that two task can be compared as to which task\nis more urgent\n","fileTypesAndContributionMap":{"java":{"insertions":44,"deletions":17}}}]},{"date":"2021-08-26","commitResults":[{"hash":"b5cd52adcbec20aa5c710051687f557899df819d","messageTitle":"Organize program to incorporate more OOP","messageBody":"","tags":["A-MoreOOP"],"fileTypesAndContributionMap":{"txt":{"insertions":0,"deletions":6},"java":{"insertions":36,"deletions":4}}},{"hash":"7cbcf29b099e73d97819747a03697c00323a7b98","messageTitle":"Fix Storage functionality","messageBody":"Previously did not automatically restore the past messages\n","fileTypesAndContributionMap":{"txt":{"insertions":2,"deletions":0},"java":{"insertions":414,"deletions":213}}},{"hash":"e6307c247270750202962c20603915e1f0811897","messageTitle":"Package classes into various components","messageBody":"","tags":["A-Packages"],"fileTypesAndContributionMap":{"java":{"insertions":0,"deletions":0}}},{"hash":"58538df4b3f130fb9ba0b288a2a1347c8b63aee1","messageTitle":"Fix output message","messageBody":"","fileTypesAndContributionMap":{"java":{"insertions":8,"deletions":11}}},{"hash":"6c77a23ef1867a8399318f68dc41860d18ee97bb","messageTitle":"Fix branching problems","messageBody":"","fileTypesAndContributionMap":{"java":{"insertions":5,"deletions":5}}},{"hash":"7b585def36467311191bcbce93ce5260b1d68e68","messageTitle":"Fix time display format","messageBody":"Currently does not fultil requirement of of changed date format\n\nCommit includes getFormatDate() to get a formatted version of input\ndate\n","fileTypesAndContributionMap":{"txt":{"insertions":0,"deletions":2},"java":{"insertions":8,"deletions":6}}},{"hash":"aec412ac26232c0844616d2e5e66667309632a59","messageTitle":"Fix filepath definition to be outside of storage class","messageBody":"","fileTypesAndContributionMap":{"java":{"insertions":6,"deletions":6}}}]},{"date":"2021-08-27","commitResults":[{"hash":"d3785ec61d8dbb29a241c69446b42d5ec6ad6b82","messageTitle":"Add more exceptions","messageBody":"Currently exception name does not provide useful information\n\nAdded exceptions that describes the error occurred better\n","fileTypesAndContributionMap":{"txt":{"insertions":0,"deletions":0},"java":{"insertions":99,"deletions":70}}},{"hash":"9b0600b4a3b73c982e49fbc7506d2425c6b3a0df","messageTitle":"Add JUnit test for Deadline.java","messageBody":"Currently no JUnit test for Deadline\n\nJUnit test added test for exceptions and method outputs\n","tags":["A-JUnit"],"fileTypesAndContributionMap":{"java":{"insertions":85,"deletions":34}}},{"hash":"bf178a0698c6f19060ad92835f3d7de614488d2b","messageTitle":"Adds JavaDoc for classes under the util package","messageBody":"","fileTypesAndContributionMap":{"java":{"insertions":119,"deletions":30}}},{"hash":"1bcea58ac64318a817ff9f6b9fa1c4d0877dee25","messageTitle":"Adds JavaDocs for classes in tasktypes package","messageBody":"","fileTypesAndContributionMap":{"java":{"insertions":38,"deletions":33}}},{"hash":"7240f8b5807effb8e32ce0fbb4cbc3b565ab4291","messageTitle":"Update all the javadocs","messageBody":"","fileTypesAndContributionMap":{"java":{"insertions":201,"deletions":17}}},{"hash":"9f08b3219a75eff468445907b0c159daebbb44da","messageTitle":"Fix minor coding standard violations","messageBody":"","fileTypesAndContributionMap":{"java":{"insertions":35,"deletions":29}}},{"hash":"facc5ef8304645205e56abe3d6321ffe3048da3b","messageTitle":"Add find functionality","messageBody":"","fileTypesAndContributionMap":{"java":{"insertions":65,"deletions":0}}}]},{"date":"2021-09-01","commitResults":[{"hash":"0f3dbb9896dcc445a821b3d7fda8507d13852e3a","messageTitle":"Adds Gradle Dependencies","messageBody":"","fileTypesAndContributionMap":{"gradle":{"insertions":15,"deletions":0}}},{"hash":"6e9721ba516c33012b7343cdb391e045a7475d5b","messageTitle":"Fix minor exceptions","messageBody":"","fileTypesAndContributionMap":{"txt":{"insertions":2,"deletions":0},"java":{"insertions":26,"deletions":26}}},{"hash":"44b40dcc3e773245c0440e2f757f148e7e26f42c","messageTitle":"Add Gradle files","messageBody":"","fileTypesAndContributionMap":{"gradle":{"insertions":61,"deletions":0},"java":{"insertions":26,"deletions":26},"bat":{"insertions":103,"deletions":0}}},{"hash":"0991f8735023fc84d626ceaaf623a1747049452f","messageTitle":"Get latest from Master","messageBody":"","fileTypesAndContributionMap":{"txt":{"insertions":0,"deletions":2}}},{"hash":"a1e46b479654a3dd89ff29321d94faff75c253cb","messageTitle":"Remove UI class to keep duke output simple","messageBody":"Previously duke\u0027s output had a lot of additional formatting to\nincorporate \"personality\"\n\nUsing javaFX, a formatted output seems counter productive and\na simpler output would allow more styling flexibility.\n\nThis commit will return duke\u0027s response without additional\nformatting\n","fileTypesAndContributionMap":{"txt":{"insertions":0,"deletions":2},"java":{"insertions":113,"deletions":299}}},{"hash":"1439de23efb34f26c5d5b8359a6f0cc879b564d0","messageTitle":"Add gui functionality","messageBody":"","fileTypesAndContributionMap":{"txt":{"insertions":0,"deletions":0},"fxml":{"insertions":84,"deletions":0},"java":{"insertions":217,"deletions":30},"bat":{"insertions":1,"deletions":1},"md":{"insertions":2,"deletions":2}}}]},{"date":"2021-09-02","commitResults":[{"hash":"e1d1fed9cafead018aaf0c33c3297884584f239d","messageTitle":"Update GUI","messageBody":"","fileTypesAndContributionMap":{"txt":{"insertions":2,"deletions":0},"fxml":{"insertions":70,"deletions":58},"java":{"insertions":53,"deletions":0}}}]},{"date":"2021-09-03","commitResults":[{"hash":"da93ad742fd4b4fd05660a7b82c6bf983fd3c1aa","messageTitle":"Minor Styling changes","messageBody":"","fileTypesAndContributionMap":{"java":{"insertions":96,"deletions":31}}}]}]},"authorFileTypeContributionMap":{"idgrr":{"java":1491,"md":2,"fxml":96,"sh":0,"bat":1,"gradle":15,"txt":28}},"authorContributionVariance":{"idgrr":83391.875},"authorDisplayNameMap":{"idgrr":"CS2103T-T13-4 IRFA..HMAT"}}
